,date,PM1,PM2.5,PM10,TSP
0,2016-01-01,,,,
1,2016-01-02,,,,
2,2016-01-03,,,,
3,2016-01-04,,,,
4,2016-01-05,,,,
5,2016-01-06,,,,
6,2016-01-07,,,,
7,2016-01-08,,,,
8,2016-01-09,,,,
9,2016-01-10,,,,
10,2016-01-11,,,,
11,2016-01-12,,,,
12,2016-01-13,,,,
13,2016-01-14,,,,
14,2016-01-15,,,,
15,2016-01-16,,,,
16,2016-01-17,,,,
17,2016-01-18,,,,
18,2016-01-19,,,,
19,2016-01-20,,,,
20,2016-01-21,,,,
21,2016-01-22,,,,
22,2016-01-23,,,,
23,2016-01-24,,,,
24,2016-01-25,,,,
25,2016-01-26,,,,
26,2016-01-27,,,,
27,2016-01-28,,,,
28,2016-01-29,,,,
29,2016-01-30,,,,
30,2016-01-31,,,,
31,2016-02-01,,,,
32,2016-02-02,,,,
33,2016-02-03,,,,
34,2016-02-04,,,,
35,2016-02-05,,,,
36,2016-02-06,,,,
37,2016-02-07,,,,
38,2016-02-08,,,,
39,2016-02-09,,,,
40,2016-02-10,,,,
41,2016-02-11,,,,
42,2016-02-12,,,,
43,2016-02-13,,,,
44,2016-02-14,,,,
45,2016-02-15,,,,
46,2016-02-16,,,,
47,2016-02-17,,,,
48,2016-02-18,,,,
49,2016-02-19,,,,
50,2016-02-20,,,,
51,2016-02-21,,,,
52,2016-02-22,,,,
53,2016-02-23,,,,
54,2016-02-24,,,,
55,2016-02-25,,,,
56,2016-02-26,,,,
57,2016-02-27,,,,
58,2016-02-28,,,,
59,2016-02-29,,,,
60,2016-03-01,,,,
61,2016-03-02,,,,
62,2016-03-03,,,,
63,2016-03-04,,,,
64,2016-03-05,,,,
65,2016-03-06,,,,
66,2016-03-07,,,,
67,2016-03-08,,,,
68,2016-03-09,,,,
69,2016-03-10,,,,
70,2016-03-11,,,,
71,2016-03-12,,,,
72,2016-03-13,,,,
73,2016-03-14,,,,
74,2016-03-15,,,,
75,2016-03-16,,,,
76,2016-03-17,,,,
77,2016-03-18,,,,
78,2016-03-19,,,,
79,2016-03-20,,,,
80,2016-03-21,,,,
81,2016-03-22,,,,
82,2016-03-23,,,,
83,2016-03-24,,,,
84,2016-03-25,,,,
85,2016-03-26,,,,
86,2016-03-27,,,,
87,2016-03-28,,,,
88,2016-03-29,,,,
89,2016-03-30,,,,
90,2016-03-31,,,,
91,2016-04-01,,,,
92,2016-04-02,,,,
93,2016-04-03,,,,
94,2016-04-04,,,,
95,2016-04-05,,,,
96,2016-04-06,,,,
97,2016-04-07,,,,
98,2016-04-08,,,,
99,2016-04-09,,,,
100,2016-04-10,,,,
101,2016-04-11,,,,
102,2016-04-12,,,,
103,2016-04-13,,,,
104,2016-04-14,,,,
105,2016-04-15,,,,
106,2016-04-16,,,,
107,2016-04-17,,,,
108,2016-04-18,,,,
109,2016-04-19,,,,
110,2016-04-20,,,,
111,2016-04-21,,,,
112,2016-04-22,,,,
113,2016-04-23,,,,
114,2016-04-24,,,,
115,2016-04-25,,,,
116,2016-04-26,,,,
117,2016-04-27,,,,
118,2016-04-28,,,,
119,2016-04-29,,,,
120,2016-04-30,,,,
121,2016-05-01,,,,
122,2016-05-02,,,,
123,2016-05-03,,,,
124,2016-05-04,,,,
125,2016-05-05,,,,
126,2016-05-06,,,,
127,2016-05-07,,,,
128,2016-05-08,,,,
129,2016-05-09,,,,
130,2016-05-10,,,,
131,2016-05-11,,,,
132,2016-05-12,,,,
133,2016-05-13,,,,
134,2016-05-14,,,,
135,2016-05-15,,,,
136,2016-05-16,,,,
137,2016-05-17,,,,
138,2016-05-18,,,,
139,2016-05-19,,,,
140,2016-05-20,,,,
141,2016-05-21,,,,
142,2016-05-22,,,,
143,2016-05-23,,,,
144,2016-05-24,,,,
145,2016-05-25,,,,
146,2016-05-26,,,,
147,2016-05-27,,,,
148,2016-05-28,,,,
149,2016-05-29,,,,
150,2016-05-30,,,,
151,2016-05-31,,,,
152,2016-06-01,,,,
153,2016-06-02,,,,
154,2016-06-03,,,,
155,2016-06-04,,,,
156,2016-06-05,,,,
157,2016-06-06,,,,
158,2016-06-07,,,,
159,2016-06-08,,,,
160,2016-06-09,,,,
161,2016-06-10,,,,
162,2016-06-11,,,,
163,2016-06-12,,,,
164,2016-06-13,,,,
165,2016-06-14,,,,
166,2016-06-15,,,,
167,2016-06-16,,,,
168,2016-06-17,,,,
169,2016-06-18,,,,
170,2016-06-19,,,,
171,2016-06-20,,,,
172,2016-06-21,,,,
173,2016-06-22,,,,
174,2016-06-23,,,,
175,2016-06-24,,,,
176,2016-06-25,,,,
177,2016-06-26,,,,
178,2016-06-27,,,,
179,2016-06-28,,,,
180,2016-06-29,,,,
181,2016-06-30,,,,
182,2016-07-01,,,,
183,2016-07-02,,,,
184,2016-07-03,,,,
185,2016-07-04,,,,
186,2016-07-05,,,,
187,2016-07-06,,,,
188,2016-07-07,,,,
189,2016-07-08,,,,
190,2016-07-09,,,,
191,2016-07-10,,,,
192,2016-07-11,,,,
193,2016-07-12,,,,
194,2016-07-13,,,,
195,2016-07-14,,,,
196,2016-07-15,,,,
197,2016-07-16,,,,
198,2016-07-17,,,,
199,2016-07-18,,,,
200,2016-07-19,,,,
201,2016-07-20,,,,
202,2016-07-21,,,,
203,2016-07-22,,,,
204,2016-07-23,,,,
205,2016-07-24,,,,
206,2016-07-25,,,,
207,2016-07-26,,,,
208,2016-07-27,,,,
209,2016-07-28,,,,
210,2016-07-29,,,,
211,2016-07-30,,,,
212,2016-07-31,,,,
213,2016-08-01,,,,
214,2016-08-02,,,,
215,2016-08-03,,,,
216,2016-08-04,,,,
217,2016-08-05,,,,
218,2016-08-06,,,,
219,2016-08-07,,,,
220,2016-08-08,,,,
221,2016-08-09,,,,
222,2016-08-10,,,,
223,2016-08-11,,,,
224,2016-08-12,,,,
225,2016-08-13,,,,
226,2016-08-14,,,,
227,2016-08-15,,,,
228,2016-08-16,,,,
229,2016-08-17,,,,
230,2016-08-18,,,,
231,2016-08-19,,,,
232,2016-08-20,,,,
233,2016-08-21,,,,
234,2016-08-22,,,,
235,2016-08-23,,,,
236,2016-08-24,,,,
237,2016-08-25,13.30482,24.10691,131.6083,407.0843
238,2016-08-26,,,,
239,2016-08-27,8.9137,16.66168,90.49318,371.4577
240,2016-08-28,18.6973,31.36519,86.59778,256.1266
241,2016-08-29,24.58918,35.66162,54.45818,101.6261
242,2016-08-30,,,,
243,2016-08-31,,,,
244,2016-09-01,,,,
245,2016-09-02,,,,
246,2016-09-03,,,,
247,2016-09-04,,,,
248,2016-09-05,,,,
249,2016-09-06,,,,
250,2016-09-07,6.282394,14.33394,87.87461,403.2973
251,2016-09-08,,,,
252,2016-09-09,,,,
253,2016-09-10,16.27282,22.71852,52.173,114.8675
254,2016-09-11,18.31406,21.1299,27.67284,38.32601
255,2016-09-12,22.11325,33.13915,100.2217,264.9948
256,2016-09-13,,,,
257,2016-09-14,,,,
258,2016-09-15,,,,
259,2016-09-16,,,,
260,2016-09-17,,,,
261,2016-09-18,13.89639,23.86199,77.33945,256.4444
262,2016-09-19,18.49881,28.11697,68.84859,191.9433
263,2016-09-20,9.035187,18.82584,79.23426,215.0461
264,2016-09-21,14.78662,27.90647,73.38735,218.1931
265,2016-09-22,21.2319,33.85928,81.47073,194.4983
266,2016-09-23,21.91133,30.05894,43.7561,80.65267
267,2016-09-24,19.20332,34.9552,70.48679,165.5636
268,2016-09-25,17.09336,29.88276,81.10115,211.8583
269,2016-09-26,15.51006,20.74891,47.89908,130.8661
270,2016-09-27,,,,
271,2016-09-28,26.8128,46.31749,72.73775,157.2604
272,2016-09-29,31.07147,47.42246,85.46181,197.9568
273,2016-09-30,20.57435,29.51485,51.65114,108.4692
274,2016-10-01,26.05178,37.57621,57.17214,105.3997
275,2016-10-02,14.99062,23.2537,78.19403,254.4348
276,2016-10-03,18.92992,31.01882,82.37053,256.4547
277,2016-10-04,28.47502,42.06206,95.02801,259.2679
278,2016-10-05,24.62392,35.66872,87.38766,223.6729
279,2016-10-06,22.67727,35.14873,69.18163,182.1927
280,2016-10-07,22.45282,33.42438,76.69577,208.8088
281,2016-10-08,18.17201,24.17813,45.11865,113.1842
282,2016-10-09,10.16749,13.22004,26.44468,73.59686
283,2016-10-10,11.64771,15.2459,29.70006,83.67779
284,2016-10-11,14.47675,19.1497,37.20291,100.3459
285,2016-10-12,23.6141,29.62764,54.04653,126.3961
286,2016-10-13,34.23354,44.71611,80.57236,196.0735
287,2016-10-14,45.31847,57.50813,95.71019,179.5046
288,2016-10-15,39.83521,52.15009,98.54488,210.1628
289,2016-10-16,33.92424,46.53243,98.79306,242.3979
290,2016-10-17,29.56285,41.73176,94.95128,235.4072
291,2016-10-18,25.08417,36.51968,87.933,224.0897
292,2016-10-19,23.98278,37.20813,111.5092,296.093
293,2016-10-20,26.45069,40.975,108.7358,281.2708
294,2016-10-21,37.49562,51.31868,102.3358,245.3349
295,2016-10-22,45.29667,62.03903,122.5808,293.3101
296,2016-10-23,47.48646,61.49201,115.2517,280.2351
297,2016-10-24,39.11111,56.39514,151.5757,363.1361
298,2016-10-25,29.3075,46.95458,125.4911,310.1908
299,2016-10-26,28.56861,43.61819,105.4082,276.1324
300,2016-10-27,31.39375,49.42486,138.1887,384.8954
301,2016-10-28,42.35799,60.39653,141.8205,322.7864
302,2016-10-29,43.18264,57.42118,121.6118,256.0156
303,2016-10-30,37.85076,48.80222,101.7853,218.2778
304,2016-10-31,29.37472,39.67944,92.69694,206.0669
305,2016-11-01,21.58681,30.53889,77.47847,179.6427
306,2016-11-02,25.75986,38.77639,99.64375,221.7614
307,2016-11-03,28.09792,42.88736,130.8163,292.441
308,2016-11-04,29.73264,43.58333,101.2444,237.4722
309,2016-11-05,30.51181,41.67708,104.3326,248.7931
310,2016-11-06,36.92639,51.84653,113.0264,284.9056
311,2016-11-07,35.79444,51.37083,122.2451,291.3989
312,2016-11-08,36.15556,50.09167,113.0868,281.5104
313,2016-11-09,35.17083,48.44722,99.98056,226.5042
314,2016-11-10,34.12639,47.64792,104.1458,220.7528
315,2016-11-11,37.06389,50.75208,102.4854,223.3688
316,2016-11-12,39.31285,49.18528,89.62618,181.784
317,2016-11-13,45.91514,63.62361,139.2296,291.0315
318,2016-11-14,46.88542,65.97875,145.8532,307.5079
319,2016-11-15,54.55619,72.95848,139.3559,260.3921
320,2016-11-16,49.08917,65.26778,125.825,243.9175
321,2016-11-17,51.15486,67.07639,123.0889,235.3069
322,2016-11-18,52.19444,67.20694,118.4778,223.8951
323,2016-11-19,47.16111,62.45278,119.8519,267.7061
324,2016-11-20,44.07917,60.37472,135.8201,347.6347
325,2016-11-21,53.59306,72.48611,153.2203,330.1868
326,2016-11-22,61.34375,81.09236,149.7979,312.7833
327,2016-11-23,62.17292,82.55555,157.6465,357.5799
328,2016-11-24,66.56667,87.18056,157.7847,334.3035
329,2016-11-25,67.19861,86.25764,149.7038,281.2854
330,2016-11-26,58.61042,76.07153,139.1528,300.5403
331,2016-11-27,54.24861,75.81389,159.4708,353.6062
332,2016-11-28,54.18028,72.94861,145.6012,332.2514
333,2016-11-29,51.41939,71.65803,121.5395,239.1341
334,2016-11-30,49.85789,67.4025,129.2798,276.8628
335,2016-12-01,48.72354,62.39514,113.344,243.0035
336,2016-12-02,57.37576,76.03549,140.3372,283.8654
337,2016-12-03,64.54306,87.92776,178.7509,333.7478
338,2016-12-04,54.92558,69.35566,121.3257,222.3294
339,2016-12-05,57.78017,70.69587,108.4286,198.8351
340,2016-12-06,62.59757,77.20333,125.1116,235.2323
341,2016-12-07,56.49965,71.82194,124.83,249.6925
342,2016-12-08,58.73687,72.97063,129.5884,272.2802
343,2016-12-09,58.46965,69.03917,111.5468,222.7555
344,2016-12-10,54.91959,63.23575,95.51342,195.8196
345,2016-12-11,52.76082,61.15226,98.18876,233.5805
346,2016-12-12,52.28674,57.90562,85.36208,175.57
347,2016-12-13,51.02972,55.1184,72.15458,141.1573
348,2016-12-14,35.75743,40.32868,62.57257,151.5881
349,2016-12-15,50.89771,56.98257,88.30681,183.9265
350,2016-12-16,43.29222,46.66896,60.61036,131.2444
351,2016-12-17,41.87618,46.17694,64.35542,119.5214
352,2016-12-18,34.9816,38.4266,51.18778,96.72584
353,2016-12-19,41.74881,45.51918,62.67908,134.7537
354,2016-12-20,38.19951,41.97812,64.22507,149.4494
355,2016-12-21,31.81564,35.0136,56.47114,154.6451
356,2016-12-22,42.04549,52.81362,93.30583,173.0963
357,2016-12-23,56.73295,70.64273,100.5177,120.3381
358,2016-12-24,53.66814,64.80366,89.06806,103.1416
359,2016-12-25,63.62208,73.84956,93.95391,112.9301
360,2016-12-26,73.07524,86.0955,116.1477,135.5646
361,2016-12-27,73.5967,87.44857,117.1481,138.8218
362,2016-12-28,82.69387,95.22875,114.2053,132.0032
363,2016-12-29,87.13867,100.4684,125.88,143.445
364,2016-12-30,78.89799,89.82937,110.1397,
365,2016-12-31,,,125.8133,
366,2017-01-01,,112.3165,136.9809,156.3615
367,2017-01-02,62.48094,69.93915,82.12454,94.96596
368,2017-01-03,49.25158,60.08881,81.83328,98.83542
369,2017-01-04,67.20934,81.10813,108.641,137.5397
370,2017-01-05,65.95841,78.80734,104.2893,144.6577
371,2017-01-06,55.75542,67.86272,91.41531,112.7208
372,2017-01-07,66.98951,80.29445,104.8176,130.1564
373,2017-01-08,63.17286,75.80206,98.61687,123.4153
374,2017-01-09,79.00074,94.87385,124.2011,148.599
375,2017-01-10,68.26511,79.71797,99.35989,110.9231
376,2017-01-11,68.19241,78.70619,97.90379,106.5112
377,2017-01-12,73.97734,84.99516,105.674,118.8893
378,2017-01-13,81.93369,92.19536,108.5129,112.5188
379,2017-01-14,,,,
380,2017-01-15,,,,
381,2017-01-16,,,,
382,2017-01-17,,,,
383,2017-01-18,66.57454,85.54409,133.205,164.9445
384,2017-01-19,75.24493,92.52403,127.5533,156.6578
385,2017-01-20,82.15375,103.2476,148.2249,206.0029
386,2017-01-21,78.95648,95.13744,129.5517,173.9873
387,2017-01-22,79.55919,92.92035,118.6607,141.8298
388,2017-01-23,83.8765,95.57682,117.6536,143.1682
389,2017-01-24,80.25528,92.8978,118.1117,142.1958
390,2017-01-25,79.34507,96.36016,131.744,164.1847
391,2017-01-26,73.40672,90.14366,128.9626,175.588
392,2017-01-27,54.08923,63.18297,80.87891,93.82781
393,2017-01-28,44.18187,59.05847,93.66056,121.7624
394,2017-01-29,60.76847,76.65894,111.7027,144.3554
395,2017-01-30,71.60456,84.25112,111.6643,129.3957
396,2017-01-31,63.2929,73.02067,96.20483,111.9941
397,2017-02-01,65.79514,77.21906,104.3184,122.4975
398,2017-02-02,68.85469,79.33011,103.665,114.519
399,2017-02-03,70.69285,82.72201,112.6626,130.3659
400,2017-02-04,76.64521,91.39715,128.5076,149.0041
401,2017-02-05,68.62639,83.46236,120.7113,145.898
402,2017-02-06,80.84643,100.9423,139.3979,162.5131
403,2017-02-07,54.82424,65.09568,95.14377,109.6398
404,2017-02-08,58.40005,69.12106,97.9512,124.5514
405,2017-02-09,62.78319,74.09549,105.7435,136.1368
406,2017-02-10,55.48319,69.60111,114.6408,158.7523
407,2017-02-11,67.54368,81.63771,122.0412,165.0173
408,2017-02-12,63.57729,78.84417,120.59,157.8105
409,2017-02-13,64.14403,82.49,125.9741,156.8178
410,2017-02-14,63.33142,79.27148,118.3049,148.6352
411,2017-02-15,72.83611,86.36042,119.331,145.6569
412,2017-02-16,81.59035,97.33257,136.9284,167.6785
413,2017-02-17,72.06694,84.59935,119.2244,150.4841
414,2017-02-18,70.59639,84.285,121.691,159.3852
415,2017-02-19,73.26021,85.07451,115.4432,137.7217
416,2017-02-20,75.56028,87.18146,112.9669,132.5183
417,2017-02-21,63.72132,77.94764,107.4205,126.9041
418,2017-02-22,60.18313,77.03146,115.2175,148.2736
419,2017-02-23,52.07633,62.06919,82.87183,106.874
420,2017-02-24,42.91292,46.90903,53.66868,63.48236
421,2017-02-25,49.68812,52.42813,56.04896,62.03451
422,2017-02-26,47.78515,50.40498,54.05857,62.89231
423,2017-02-27,,,,
424,2017-02-28,,,,
425,2017-03-01,,,,
426,2017-03-02,,,,
427,2017-03-03,,,,
428,2017-03-04,,,,
429,2017-03-05,,,,
430,2017-03-06,,,,
431,2017-03-07,,,,
432,2017-03-08,,,,
433,2017-03-09,,,,
434,2017-03-10,18.78041,20.42265,22.96899,27.03548
435,2017-03-11,18.76472,22.78775,25.60948,33.08379
436,2017-03-12,17.95208,21.18069,29.05535,33.92611
437,2017-03-13,40.04552,50.91175,81.97009,135.6011
438,2017-03-14,27.55583,30.5391,35.27104,41.1666
439,2017-03-15,24.15382,25.57188,27.30312,29.37271
440,2017-03-16,26.87472,27.99549,29.1009,30.93556
441,2017-03-17,19.37774,20.7809,24.08141,34.10703
442,2017-03-18,16.8225,17.985,19.13806,21.75049
443,2017-03-19,29.54575,32.11422,35.4384,39.32992
444,2017-03-20,42.75999,53.0404,83.92058,160.5565
445,2017-03-21,54.05674,68.62662,118.8219,230.8954
446,2017-03-22,47.89804,62.82729,117.1705,254.0613
447,2017-03-23,39.73522,51.44796,98.04446,209.2441
448,2017-03-24,40.41945,52.28473,103.7551,262.6857
449,2017-03-25,33.43655,46.56268,121.5961,313.6789
450,2017-03-26,46.42797,65.14625,150.0057,403.4426
451,2017-03-27,42.27194,59.85556,153.2015,428.1047
452,2017-03-28,53.00056,71.62319,160.2966,375.834
453,2017-03-29,49.65396,60.79014,82.87285,124.9607
454,2017-03-30,42.92576,59.47458,121.7428,327.1253
455,2017-03-31,35.59299,54.45306,168.0338,552.3706
456,2017-04-01,29.46326,43.78833,120.0755,406.7606
457,2017-04-02,24.15708,40.72139,174.7399,574.3801
458,2017-04-03,29.49514,55.56109,223.5408,644.3935
459,2017-04-04,35.67387,57.93535,191.8986,564.3029
460,2017-04-05,,,,
461,2017-04-06,27.5024,54.6061,299.9994,827.6158
462,2017-04-07,32.2667,69.47858,315.2801,864.9938
463,2017-04-08,20.4925,45.8791,235.1303,608.3038
464,2017-04-09,30.99872,72.45164,381.2031,946.374
465,2017-04-10,50.06264,93.90847,474.6198,1240.336
466,2017-04-11,71.9668,115.3727,504.0275,1212.018
467,2017-04-12,83.07656,125.6709,522.2948,1180.239
468,2017-04-13,83.4755,135.8306,605.2194,1324.353
469,2017-04-14,74.1855,110.9211,423.7349,930.0953
470,2017-04-15,34.25961,47.98053,170.3905,448.1068
471,2017-04-16,36.34793,59.52261,244.2086,723.3722
472,2017-04-17,37.72961,60.78299,206.593,636.1407
473,2017-04-18,41.62431,69.71903,254.8906,716.2907
474,2017-04-19,44.85944,70.66896,213.9308,548.177
475,2017-04-20,40.17151,54.69691,140.9897,341.3905
476,2017-04-21,30.32128,43.74906,128.2096,354.3511
477,2017-04-22,31.47276,41.71007,59.70766,98.28846
478,2017-04-23,22.37488,35.66467,78.64856,203.717
479,2017-04-24,22.99127,44.8977,190.6131,624.3525
480,2017-04-25,29.87154,62.38852,297.8119,871.7273
481,2017-04-26,31.82567,66.86766,382.0137,968.141
482,2017-04-27,30.22837,59.45043,320.5683,870.8891
483,2017-04-28,44.0488,72.24835,314.9011,780.364
484,2017-04-29,45.04555,68.6902,241.2377,565.037
485,2017-04-30,32.64018,53.36932,192.7987,544.4675
486,2017-05-01,31.91164,53.84572,108.8943,260.3103
487,2017-05-02,29.5676,49.88436,164.3354,486.2226
488,2017-05-03,32.25236,54.84537,177.8419,512.9016
489,2017-05-04,31.79125,46.36257,117.1426,334.4994
490,2017-05-05,26.19063,45.58174,179.8068,518.3571
491,2017-05-06,39.00978,58.73276,146.1511,454.986
492,2017-05-07,42.25896,62.03376,152.7422,401.1231
493,2017-05-08,38.49397,55.89984,143.9762,372.7172
494,2017-05-09,21.3992,29.93542,89.21418,241.3801
495,2017-05-10,26.75199,44.46067,141.0212,395.9144
496,2017-05-11,31.64214,52.69233,126.8184,336.2382
497,2017-05-12,27.06503,41.6664,99.83246,294.6941
498,2017-05-13,21.01442,32.34551,88.42535,272.9846
499,2017-05-14,20.64092,26.46594,49.51826,121.5876
500,2017-05-15,24.30114,30.84685,60.73785,144.6347
501,2017-05-16,26.84278,36.31128,81.68945,207.6262
502,2017-05-17,20.68422,38.03847,119.2121,394.1311
503,2017-05-18,22.45636,36.56405,105.0238,339.2473
504,2017-05-19,19.78802,34.62637,107.9227,351.3802
505,2017-05-20,24.30596,42.00258,129.0949,391.1483
506,2017-05-21,28.59477,48.41478,160.322,468.5426
507,2017-05-22,18.49061,32.58002,105.8927,317.873
508,2017-05-23,21.62542,42.61119,144.2186,404.1529
509,2017-05-24,25.03534,48.72146,187.0315,519.924
510,2017-05-25,26.73985,48.00276,153.4301,444.817
511,2017-05-26,29.14725,46.06333,112.3321,339.427
512,2017-05-27,,,,
513,2017-05-28,21.55323,38.94743,123.3249,346.8911
514,2017-05-29,25.55769,43.92357,116.3117,333.6088
515,2017-05-30,22.12095,36.82849,65.75572,171.2315
516,2017-05-31,17.04326,31.20016,103.7216,345.9342
517,2017-06-01,15.86313,29.73519,102.6591,323.0862
518,2017-06-02,15.33418,26.94406,93.97755,315.5287
519,2017-06-03,20.73201,34.59561,126.5307,328.6378
520,2017-06-04,22.61213,38.32656,133.6143,360.7772
521,2017-06-05,27.58887,41.49526,87.54576,231.2122
522,2017-06-06,19.71658,35.09453,120.1081,349.8908
523,2017-06-07,25.14829,42.99931,141.9257,403.5861
524,2017-06-08,24.89146,42.60575,99.26535,270.7158
525,2017-06-09,25.37924,38.37217,110.9429,279.7101
526,2017-06-10,21.04148,37.59115,117.1968,349.2104
527,2017-06-11,21.33881,38.60764,127.1875,394.3674
528,2017-06-12,17.31399,32.63391,108.7462,367.717
529,2017-06-13,15.3911,28.61587,115.8617,366.7147
530,2017-06-14,18.8548,33.45445,122.8453,365.5372
531,2017-06-15,20.10136,33.79209,122.9325,363.9143
532,2017-06-16,18.07596,31.8043,107.3864,350.9363
533,2017-06-17,14.01597,24.26998,77.33647,258.976
534,2017-06-18,15.55179,31.43043,117.1641,369.1079
535,2017-06-19,19.36371,38.64472,135.2319,384.5049
536,2017-06-20,23.44938,36.60275,63.42258,134.67
537,2017-06-21,14.18627,23.5119,72.19756,220.4852
538,2017-06-22,10.5165,21.48634,87.98868,301.2497
539,2017-06-23,12.29944,23.2234,82.85469,280.9955
540,2017-06-24,9.807541,14.39456,43.40544,151.8137
541,2017-06-25,10.08662,25.70331,137.8946,488.9474
542,2017-06-26,7.538958,15.15458,55.28319,197.3206
543,2017-06-27,8.573472,15.68819,52.44715,176.1814
544,2017-06-28,8.368311,15.07031,47.29667,152.7275
545,2017-06-29,7.357866,16.90065,73.00338,247.6957
546,2017-06-30,8.701736,19.94826,89.7609,306.2294
547,2017-07-01,9.930837,19.18339,59.1373,203.1243
548,2017-07-02,9.332708,16.2309,49.32931,160.7119
549,2017-07-03,9.88928,19.68813,63.04045,219.778
550,2017-07-04,7.348837,16.27939,37.13005,109.2681
551,2017-07-05,10.64569,18.48376,42.99377,115.2083
552,2017-07-06,11.96954,25.98973,69.04041,212.9986
553,2017-07-07,8.559306,23.48965,104.2692,433.4102
554,2017-07-08,9.368498,20.03383,67.70634,261.7284
555,2017-07-09,11.53326,17.72028,61.02167,214.6706
556,2017-07-10,10.7534,21.79888,54.5816,158.5167
557,2017-07-11,8.91382,21.20931,46.90326,127.5165
558,2017-07-12,8.52298,23.10224,93.78142,302.1446
559,2017-07-13,9.949996,24.68224,100.424,378.4619
560,2017-07-14,9.348815,20.03667,63.53724,218.1216
561,2017-07-15,9.022105,13.81941,41.14166,131.7112
562,2017-07-16,9.748585,18.37437,54.06424,192.2382
563,2017-07-17,8.074414,15.84846,77.19823,276.7771
564,2017-07-18,8.624046,17.13284,59.71707,192.4742
565,2017-07-19,10.88584,18.70383,62.16286,201.465
566,2017-07-20,9.664852,16.91339,43.675,137.2728
567,2017-07-21,8.495587,20.04887,71.91408,256.8481
568,2017-07-22,6.654346,12.55606,44.21497,153.8547
569,2017-07-23,6.528472,11.96708,45.6639,163.7169
570,2017-07-24,4.428611,9.971042,36.52917,141.899
571,2017-07-25,7.119631,11.20747,36.39701,127.0321
572,2017-07-26,9.380139,22.33819,71.40521,261.8785
573,2017-07-27,9.308001,22.46583,85.23179,335.3164
574,2017-07-28,11.04586,21.14402,63.06388,224.4595
575,2017-07-29,10.82304,14.4339,32.52329,101.1793
576,2017-07-30,9.372906,16.83743,39.40979,122.7871
577,2017-07-31,9.886591,20.17919,61.89434,212.8443
578,2017-08-01,8.546202,13.46828,37.90676,127.3568
579,2017-08-02,7.009135,11.26966,31.24337,106.8676
580,2017-08-03,7.320212,14.0624,36.13321,136.4069
581,2017-08-04,6.679781,15.21644,51.53693,214.8346
582,2017-08-05,7.912992,11.51415,30.52153,113.993
583,2017-08-06,10.62518,17.25398,39.33619,124.5417
584,2017-08-07,8.691958,17.04542,57.51306,248.7998
585,2017-08-08,10.10681,16.75941,46.2282,154.108
586,2017-08-09,11.65888,16.64029,35.6141,93.3249
587,2017-08-10,11.08828,16.87289,31.59347,83.26233
588,2017-08-11,10.34316,15.35698,25.55729,53.63724
589,2017-08-12,8.038733,10.67563,19.51387,56.24804
590,2017-08-13,7.63662,14.21891,33.75201,122.6988
591,2017-08-14,9.634517,16.57759,43.14084,156.0103
592,2017-08-15,7.840861,15.93417,47.84717,165.242
593,2017-08-16,8.566579,17.53761,47.42359,180.0284
594,2017-08-17,8.516731,15.5177,46.40382,183.2937
595,2017-08-18,9.476199,15.39528,48.08519,209.5857
596,2017-08-19,8.994863,14.488,28.31791,71.67727
597,2017-08-20,9.206719,15.97896,33.49892,90.42885
598,2017-08-21,10.18291,17.69772,43.00523,122.6347
599,2017-08-22,9.967586,14.35298,30.32369,81.15403
600,2017-08-23,12.87715,21.51057,44.85074,136.1476
601,2017-08-24,12.3153,18.53931,40.15753,121.6501
602,2017-08-25,10.58808,19.28554,56.48505,181.1214
603,2017-08-26,6.169022,12.1709,41.89637,163.9453
604,2017-08-27,8.02887,15.3681,36.38796,107.2005
605,2017-08-28,9.034268,18.98287,50.73609,161.6948
606,2017-08-29,9.274056,19.59123,69.83235,265.1746
607,2017-08-30,8.58731,16.87056,55.70159,190.1283
608,2017-08-31,9.425553,16.84419,38.92375,113.978
609,2017-09-01,9.146748,17.77191,55.4245,172.421
610,2017-09-02,8.469361,14.40841,43.28434,141.7872
611,2017-09-03,8.62403,15.08356,40.83107,125.0653
612,2017-09-04,11.62501,21.83665,58.79769,182.3682
613,2017-09-05,16.03321,28.80258,65.22159,183.721
614,2017-09-06,17.94871,31.01104,88.57676,288.9373
615,2017-09-07,16.01061,26.33392,61.21929,180.6769
616,2017-09-08,17.99151,29.97578,72.61124,226.7186
617,2017-09-09,15.93765,26.65552,61.26915,186.6249
618,2017-09-10,18.27757,32.0101,87.97675,285.3968
619,2017-09-11,12.80586,21.65386,59.40878,197.1469
620,2017-09-12,12.35357,19.7086,48.29302,150.1666
621,2017-09-13,11.83301,20.0133,51.70209,157.3107
622,2017-09-14,19.6234,33.81812,86.58119,257.6526
623,2017-09-15,21.89322,37.6383,97.08128,266.2264
624,2017-09-16,21.53786,36.24914,104.4978,308.3447
625,2017-09-17,16.11726,26.56063,89.06374,310.5059
626,2017-09-18,7.207722,14.22828,44.23447,158.9692
627,2017-09-19,10.55798,19.00444,53.10354,168.1668
628,2017-09-20,10.87324,24.14051,50.90245,141.7261
629,2017-09-21,8.519055,15.17852,42.57245,142.6842
630,2017-09-22,12.12476,26.11966,74.80577,239.992
631,2017-09-23,11.61854,20.63243,58.8632,222.5525
632,2017-09-24,14.00027,24.33201,68.70339,227.5571
633,2017-09-25,17.66956,28.56473,74.98505,241.5349
634,2017-09-26,20.54008,31.02607,77.64605,236.2629
635,2017-09-27,19.34869,28.54534,67.60324,202.4377
636,2017-09-28,21.13591,28.53742,59.86584,153.3815
637,2017-09-29,17.95728,22.36492,40.07657,114.5776
638,2017-09-30,9.796587,12.45865,22.16905,60.10956
639,2017-10-01,6.069282,8.952801,20.90011,78.24937
640,2017-10-02,7.43364,10.48817,24.38445,86.38485
641,2017-10-03,9.607861,13.75331,33.48594,104.3093
642,2017-10-04,10.43286,15.90079,38.48263,124.1721
643,2017-10-05,10.11702,14.90172,35.27365,113.3811
644,2017-10-06,9.835603,14.99207,37.13896,121.8288
645,2017-10-07,10.60653,15.91973,38.48081,121.7309
646,2017-10-08,15.09311,26.59079,67.17238,189.5752
647,2017-10-09,16.59126,28.57917,70.30282,193.4508
648,2017-10-10,16.71213,27.79995,72.83429,222.1828
649,2017-10-11,17.33326,30.16299,77.84702,219.3723
650,2017-10-12,13.55144,23.29685,68.41338,203.7478
651,2017-10-13,14.73706,21.82356,56.07266,162.5381
652,2017-10-14,19.82036,25.70106,55.07447,129.8876
653,2017-10-15,35.59234,40.2265,65.37895,137.9405
654,2017-10-16,33.39717,38.66181,66.52045,162.8258
655,2017-10-17,29.85086,37.09295,76.62068,180.04
656,2017-10-18,22.34161,30.84295,76.15825,186.4365
657,2017-10-19,21.07564,26.6428,57.16882,145.6235
658,2017-10-20,14.5536,17.26539,33.86779,102.1297
659,2017-10-21,14.06099,16.28706,27.58252,79.71902
660,2017-10-22,16.54992,18.71101,32.3369,93.55217
661,2017-10-23,26.61406,30.57277,55.9511,139.1935
662,2017-10-24,25.35765,31.20343,63.48404,144.9796
663,2017-10-25,29.57805,34.681,60.84572,122.4836
664,2017-10-26,34.63431,37.72147,52.39736,101.4913
665,2017-10-27,32.6969,35.53905,49.73009,101.7738
666,2017-10-28,26.60896,28.69933,37.69955,71.91652
667,2017-10-29,14.47167,16.80843,27.84441,83.29729
668,2017-10-30,16.91553,20.97959,39.3769,109.6874
669,2017-10-31,23.91412,26.9371,34.82751,51.86378
670,2017-11-01,22.58813,25.9423,40.17789,92.09381
671,2017-11-02,20.77255,25.87161,48.78711,115.5065
672,2017-11-03,20.8902,25.65203,43.48741,97.15483
673,2017-11-04,21.04248,24.34304,38.32125,88.42621
674,2017-11-05,16.06825,19.14293,31.79148,88.30956
675,2017-11-06,18.84736,22.69334,41.8931,114.7915
676,2017-11-07,22.22018,27.65068,50.23182,123.0117
677,2017-11-08,20.97251,25.65678,46.54531,113.5434
678,2017-11-09,19.82317,25.69589,53.27046,131.4578
679,2017-11-10,19.96869,25.85194,54.36847,147.0393
680,2017-11-11,19.25557,24.07001,48.10209,123.3206
681,2017-11-12,22.47961,26.5391,44.53616,104.1554
682,2017-11-13,27.96931,32.50215,56.89056,126.5716
683,2017-11-14,28.32639,31.50526,48.02638,106.8702
684,2017-11-15,36.70595,38.39152,46.08905,86.30453
685,2017-11-16,28.6337,31.15281,45.71847,96.85577
686,2017-11-17,29.66286,32.17503,56.89528,146.7276
687,2017-11-18,,,,
688,2017-11-19,,,,
689,2017-11-20,,,,
690,2017-11-21,,,,
691,2017-11-22,,,,
692,2017-11-23,,,,
693,2017-11-24,,,,
694,2017-11-25,,,,
695,2017-11-26,,,,
696,2017-11-27,,,,
697,2017-11-28,,,,
698,2017-11-29,73.61698,79.84881,88.61689,93.01548
699,2017-11-30,69.17917,75.17785,83.23778,88.4834
700,2017-12-01,62.97042,69.64132,79.12111,91.32215
701,2017-12-02,51.30021,58.29326,68.71986,80.0838
702,2017-12-03,48.02271,56.48743,69.28903,81.39299
703,2017-12-04,45.3209,53.15014,64.74521,72.60896
704,2017-12-05,40.45028,47.77,58.62798,66.92965
705,2017-12-06,38.63528,43.87639,51.45715,59.85854
706,2017-12-07,38.22403,41.41021,45.25118,49.5291
707,2017-12-08,43.66841,49.27924,57.51479,64.29045
708,2017-12-09,40.50479,48.57826,59.63521,72.19903
709,2017-12-10,46.46646,55.01028,67.65528,79.39299
710,2017-12-11,46.19125,54.60521,66.76417,77.60444
711,2017-12-12,42.07028,49.23618,59.29566,71.89528
712,2017-12-13,35.77354,41.58896,50.23458,61.20089
713,2017-12-14,27.7053,29.96275,32.11394,34.62317
714,2017-12-15,27.70993,29.9941,32.22514,33.88424
715,2017-12-16,32.94854,35.18215,37.13625,41.56701
716,2017-12-17,32.78056,34.21326,35.44167,38.23813
717,2017-12-18,33.53111,34.8941,36.01618,39.98965
718,2017-12-19,29.14646,30.34347,31.3334,32.92694
719,2017-12-20,30.74818,32.35311,33.80625,34.83926
720,2017-12-21,28.44565,29.71255,30.82515,34.53571
721,2017-12-22,26.31937,27.53542,28.53722,29.27021
722,2017-12-23,28.45272,29.46606,30.17051,30.98988
723,2017-12-24,29.33076,30.49174,31.39569,33.38514
724,2017-12-25,30.57799,31.70486,32.51451,33.17354
725,2017-12-26,30.53847,31.90431,33.03285,34.29854
726,2017-12-27,35.19309,38.36383,41.41346,52.12864
727,2017-12-28,,,,
728,2017-12-29,28.51154,31.52216,36.10238,40.99977
729,2017-12-30,33.23021,35.49951,38.12535,38.80486
730,2017-12-31,34.83319,36.94979,39.78847,
731,2018-01-01,,28.70553,30.39118,31.23165
732,2018-01-02,23.61963,25.74533,28.69325,31.74159
733,2018-01-03,48.05714,64.96362,179.3961,391.541
734,2018-01-04,76.49229,104.8293,234.5786,465.7669
735,2018-01-05,80.80868,107.1581,228.733,459.7415
736,2018-01-06,81.55038,106.0259,233.4574,439.0323
737,2018-01-07,73.0141,98.58674,234.9072,441.7074
738,2018-01-08,70.08246,96.94241,214.7575,435.9278
739,2018-01-09,99.00326,126.4814,245.4107,447.7871
740,2018-01-10,100.7614,126.2913,230.4776,392.0346
741,2018-01-11,96.73576,119.9962,215.4174,366.3121
742,2018-01-12,94.31097,115.3758,197.6686,352.5764
743,2018-01-13,87.07329,104.4968,158.0787,271.1304
744,2018-01-14,83.08831,94.28447,130.141,230.7189
745,2018-01-15,88.76278,100.4752,135.7433,242.6842
746,2018-01-16,72.2717,81.52078,111.9987,181.9341
747,2018-01-17,72.96042,82.68942,115.1056,186.2617
748,2018-01-18,78.29611,87.65044,115.2282,179.4583
749,2018-01-19,82.20803,90.96761,115.5677,178.2358
750,2018-01-20,76.96656,83.83708,103.0573,146.2181
751,2018-01-21,58.27071,64.24589,87.54192,158.107
752,2018-01-22,76.36522,84.99301,113.5425,199.7164
753,2018-01-23,75.22854,83.04249,105.5561,164.0285
754,2018-01-24,61.60939,68.75439,86.99676,137.1208
755,2018-01-25,69.51784,77.46783,102.0339,163.9052
756,2018-01-26,68.8384,75.31888,95.52081,154.3642
757,2018-01-27,69.2543,74.45087,97.67709,168.3116
758,2018-01-28,74.73188,81.28759,107.641,176.3667
759,2018-01-29,83.31526,89.32445,110.4268,178.952
760,2018-01-30,78.65212,81.58105,94.04269,163.0358
761,2018-01-31,75.68492,77.84262,88.63747,148.1314
762,2018-02-01,75.30007,77.54931,89.07966,152.5786
763,2018-02-02,81.2735,83.93549,95.06729,154.7086
764,2018-02-03,66.29729,68.69671,81.24252,164.2076
765,2018-02-04,67.19619,72.23182,107.55,317.7586
766,2018-02-05,67.37028,72.98667,103.739,215.8259
767,2018-02-06,68.4719,75.80317,126.6667,265.1729
768,2018-02-07,72.13007,79.03537,115.3626,199.5939
769,2018-02-08,53.65603,65.34884,120.3554,265.1445
770,2018-02-09,44.74491,59.70892,131.2996,273.0648
771,2018-02-10,55.05544,66.46451,128.8144,258.9177
772,2018-02-11,54.9481,69.67566,150.5004,287.7347
773,2018-02-12,79.53816,94.84128,178.3423,322.6537
774,2018-02-13,81.3223,84.80274,103.8503,205.5727
775,2018-02-14,73.30318,77.82112,102.0692,224.3124
776,2018-02-15,56.43778,61.16615,92.77602,225.738
777,2018-02-16,64.15583,67.47753,92.45481,231.4486
778,2018-02-17,64.50778,67.91364,97.97814,251.1659
779,2018-02-18,58.20719,63.1091,103.992,267.3902
780,2018-02-19,62.93371,67.24386,100.0059,246.4796
781,2018-02-20,71.57882,75.89728,109.0464,264.3525
782,2018-02-21,70.93271,76.2116,117.6102,295.4491
783,2018-02-22,68.75864,75.45152,138.685,363.9086
784,2018-02-23,74.02732,77.13248,100.4384,205.5741
785,2018-02-24,65.99333,69.1,93.85597,209.3587
786,2018-02-25,57.86763,63.6202,113.6632,362.6018
787,2018-02-26,42.23767,49.45816,94.01531,257.9407
788,2018-02-27,52.49911,57.71129,99.89504,262.6466
789,2018-02-28,43.67716,48.35097,84.62972,213.5139
790,2018-03-01,45.61806,51.45729,44.12333,317.274
791,2018-03-02,44.99792,50.42722,,276.8365
792,2018-03-03,37.03461,43.1571,,233.3502
793,2018-03-04,47.56224,56.70845,,291.7429
794,2018-03-05,36.87859,52.35705,,359.5898
795,2018-03-06,33.22944,45.85833,,322.0903
796,2018-03-07,45.90666,63.02299,,456.5294
797,2018-03-08,52.8737,62.65358,,326.4248
798,2018-03-09,47.08443,58.12503,,320.1283
799,2018-03-10,48.32535,62.37861,,380.6112
800,2018-03-11,48.19009,56.96187,,275.6285
801,2018-03-12,44.3032,46.52397,,165.167
802,2018-03-13,43.73006,47.67961,99.68497,279.9141
803,2018-03-14,35.32532,40.05335,82.38493,222.724
804,2018-03-15,29.25319,36.3331,97.02738,245.6702
805,2018-03-16,14.49809,20.45127,67.84031,193.3809
806,2018-03-17,28.74507,44.71806,148.9456,422.5232
807,2018-03-18,42.53031,56.84096,149.6037,356.8724
808,2018-03-19,46.03743,63.85358,175.1094,356.6177
809,2018-03-20,81.65405,94.53103,172.5935,414.8289
810,2018-03-21,84.57409,96.82428,169.1763,381.2322
811,2018-03-22,68.12516,81.31148,161.5552,368.6367
812,2018-03-23,71.60286,84.39702,146.8173,277.5424
813,2018-03-24,,,,
814,2018-03-25,,,,
815,2018-03-26,,,,
816,2018-03-27,87.49471,113.7628,322.0159,816.7104
817,2018-03-28,90.12735,104.5896,221.3217,556.4482
818,2018-03-29,42.52198,54.17935,133.3842,303.3808
819,2018-03-30,28.6548,38.30804,105.4988,300.1182
820,2018-03-31,31.98669,44.02682,128.5382,367.0785
821,2018-04-01,44.21124,57.42856,150.3211,354.2662
822,2018-04-02,46.83339,60.83129,155.9857,394.5671
823,2018-04-03,41.056,44.74909,71.41637,161.8388
824,2018-04-04,37.17735,38.60843,46.42821,71.59066
825,2018-04-05,32.69123,39.96084,91.01893,280.6958
826,2018-04-06,33.94845,42.08489,104.9103,302.7927
827,2018-04-07,29.84021,35.00151,59.49412,147.5302
828,2018-04-08,33.73368,46.35007,119.6074,325.4507
829,2018-04-09,30.32979,38.03778,85.27083,273.991
830,2018-04-10,23.82563,34.76479,107.4428,345.6509
831,2018-04-11,18.42555,28.9466,78.03219,224.7998
832,2018-04-12,18.10064,23.72331,55.7007,144.3531
833,2018-04-13,,,,
834,2018-04-14,,,,
835,2018-04-15,,,,
836,2018-04-16,,,,
837,2018-04-17,,,,
838,2018-04-18,,,,
839,2018-04-19,,,,
840,2018-04-20,,,,
841,2018-04-21,,,,
842,2018-04-22,,,,
843,2018-04-23,,,,
844,2018-04-24,,,,
845,2018-04-25,,,,
846,2018-04-26,,,,
847,2018-04-27,,,,
848,2018-04-28,,,,
849,2018-04-29,,,,
850,2018-04-30,,,,
851,2018-05-01,,,,
852,2018-05-02,,,,
853,2018-05-03,,,,
854,2018-05-04,,,,
855,2018-05-05,,,,
856,2018-05-06,,,,
857,2018-05-07,,,,
858,2018-05-08,,,,
859,2018-05-09,,,,
860,2018-05-10,,,,
861,2018-05-11,,,,
862,2018-05-12,,,,
863,2018-05-13,,,,
864,2018-05-14,,,,
865,2018-05-15,,,,
866,2018-05-16,,,,
867,2018-05-17,,,,
868,2018-05-18,,,,
869,2018-05-19,,,,
870,2018-05-20,,,,
871,2018-05-21,,,,
872,2018-05-22,,,,
873,2018-05-23,9.683227,11.79742,16.15253,18.24622
874,2018-05-24,8.608031,10.14818,12.79488,13.22728
875,2018-05-25,13.08785,15.54318,20.41396,21.23708
876,2018-05-26,15.91062,18.10825,22.12008,22.80642
877,2018-05-27,17.97427,20.20635,24.50142,25.2927
878,2018-05-28,14.0762,16.30632,20.60893,21.30183
879,2018-05-29,14.39855,16.45315,20.02603,20.54585
880,2018-05-30,13.27325,14.77171,17.34739,17.84613
881,2018-05-31,16.12615,17.87375,20.84702,21.24306
882,2018-06-01,12.49201,14.39634,17.82031,18.46546
883,2018-06-02,10.04185,11.55515,14.08027,14.464
884,2018-06-03,12.79472,14.9214,18.651,19.46175
885,2018-06-04,13.58946,15.53524,18.85765,19.38756
886,2018-06-05,8.1688,9.574393,11.82555,12.29656
887,2018-06-06,7.586862,9.059643,11.60243,11.99562
888,2018-06-07,7.552802,8.573058,9.947196,10.18851
889,2018-06-08,9.516413,10.93318,13.25558,13.65574
890,2018-06-09,10.37864,12.11985,14.86485,15.45929
891,2018-06-10,5.132217,6.348914,8.64763,9.118445
892,2018-06-11,6.501996,8.205262,11.65701,12.33238
893,2018-06-12,7.783224,9.35301,11.92454,12.37355
894,2018-06-13,11.68885,14.12679,17.82638,18.59274
895,2018-06-14,9.477994,12.18298,15.60615,16.1121
896,2018-06-15,9.518819,14.47362,18.62332,19.19052
897,2018-06-16,10.28761,15.33328,19.9798,21.14295
898,2018-06-17,9.317124,15.09039,20.7083,21.85956
899,2018-06-18,10.78121,17.02698,24.28531,25.49536
900,2018-06-19,9.548209,15.46158,22.97005,24.42735
901,2018-06-20,11.01205,15.96907,22.49637,23.65948
902,2018-06-21,10.43658,13.88589,18.76488,19.52701
903,2018-06-22,13.12829,16.66697,21.81065,22.67238
904,2018-06-23,13.95608,16.23178,19.4097,19.87241
905,2018-06-24,12.01042,14.09285,17.4343,18.00451
906,2018-06-25,10.07995,11.87674,14.80705,15.28519
907,2018-06-26,9.93259,11.52469,14.02941,14.64106
908,2018-06-27,6.568106,8.211267,11.30776,11.99648
909,2018-06-28,5.049146,6.909637,10.36709,11.16687
910,2018-06-29,7.110045,8.684648,11.44868,12.16733
911,2018-06-30,4.551321,5.620247,7.333447,7.871421
912,2018-07-01,7.059888,8.027258,9.513142,9.942755
913,2018-07-02,6.49076,6.833688,7.128278,7.163769
914,2018-07-03,5.743508,6.753236,8.330367,8.740312
915,2018-07-04,5.314513,6.618521,8.809827,9.412613
916,2018-07-05,7.26862,9.237057,12.39348,13.27132
917,2018-07-06,7.735718,9.664987,12.89152,13.5648
918,2018-07-07,6.579068,8.005973,10.19341,10.5973
919,2018-07-08,7.222175,8.586159,10.95255,11.53121
920,2018-07-09,5.906957,6.923947,8.527902,8.955378
921,2018-07-10,5.436669,6.470297,8.005703,8.671778
922,2018-07-11,5.117225,6.003715,7.246541,7.516332
923,2018-07-12,4.478906,5.323861,6.54036,6.86888
924,2018-07-13,4.689675,5.747906,7.530098,7.854448
925,2018-07-14,4.77799,5.825002,7.262161,7.640728
926,2018-07-15,5.329961,6.661333,9.159605,9.778935
927,2018-07-16,4.911095,5.965979,7.743649,8.186946
928,2018-07-17,4.993402,6.469257,9.017416,9.507965
929,2018-07-18,4.453051,5.604104,7.104055,7.661357
930,2018-07-19,3.269706,3.964698,4.872921,5.429788
931,2018-07-20,,,,
932,2018-07-21,,,,
933,2018-07-22,,,,
934,2018-07-23,,,,
935,2018-07-24,,,,
936,2018-07-25,11.94967,22.4381,32.51963,59.1722
937,2018-07-26,11.13054,17.12809,45.66653,156.0946
938,2018-07-27,11.38829,17.70165,43.7998,130.1429
939,2018-07-28,8.873503,16.51338,42.80626,134.4275
940,2018-07-29,11.51089,21.4093,48.33885,126.2203
941,2018-07-30,13.5658,26.08019,64.12474,196.1503
942,2018-07-31,11.00681,18.22204,60.02271,204.6274
943,2018-08-01,14.43997,21.16957,34.77091,75.46221
944,2018-08-02,13.63149,22.6671,51.07694,135.3158
945,2018-08-03,14.92182,19.69034,34.43521,74.53748
946,2018-08-04,14.5666,18.94438,26.49451,42.39931
947,2018-08-05,16.28035,25.37126,45.36972,98.69744
948,2018-08-06,15.02042,19.20037,31.98625,61.16728
949,2018-08-07,15.29035,21.43525,51.28069,140.6606
950,2018-08-08,12.01497,21.42081,62.07143,186.9203
951,2018-08-09,13.78234,26.90475,75.72762,209.88
952,2018-08-10,14.46966,28.13526,70.89836,194.1207
953,2018-08-11,11.18821,18.03584,49.74966,138.6364
954,2018-08-12,16.3568,24.9838,53.51903,125.1232
955,2018-08-13,13.01609,20.33433,44.92642,125.1636
956,2018-08-14,14.35683,22.91236,65.65597,193.0644
957,2018-08-15,10.15257,15.69001,51.53924,156.2736
958,2018-08-16,13.21525,23.69219,76.22724,235.6728
959,2018-08-17,12.09827,21.73848,59.56239,169.2408
960,2018-08-18,8.875468,17.40573,60.96813,192.3135
961,2018-08-19,10.68972,19.48469,77.66708,230.1916
962,2018-08-20,13.08425,23.84982,78.61426,237.6019
963,2018-08-21,11.93868,22.52899,69.18035,190.8496
964,2018-08-22,9.649139,17.38594,64.90069,179.1976
965,2018-08-23,9.516517,16.33956,45.35408,124.9277
966,2018-08-24,10.29983,16.14374,50.23937,152.9927
967,2018-08-25,12.33674,17.36866,38.92972,105.4088
968,2018-08-26,14.03812,22.84504,67.20774,188.0623
969,2018-08-27,9.799507,13.91951,37.34694,105.564
970,2018-08-28,12.87674,19.13165,39.37092,94.73192
971,2018-08-29,10.78146,17.20503,39.30514,102.5085
972,2018-08-30,11.67847,17.4701,39.10819,98.65991
973,2018-08-31,11.01511,17.2874,47.74946,138.0256
974,2018-09-01,11.91146,18.68369,48.5216,177.5324
975,2018-09-02,12.725,21.88698,81.76063,250.6972
976,2018-09-03,13.3727,28.50519,76.11543,203.607
977,2018-09-04,13.77882,25.22776,81.80636,278.3475
978,2018-09-05,16.18222,25.49493,72.76824,212.6186
979,2018-09-06,15.02169,23.43119,53.53166,142.8353
980,2018-09-07,10.20578,21.72991,66.81231,202.6604
981,2018-09-08,10.71249,21.41977,60.55807,192.7784
982,2018-09-09,12.29462,22.05545,60.52278,183.4185
983,2018-09-10,13.32325,18.96489,43.46794,111.5975
984,2018-09-11,15.51343,25.32993,53.36171,131.9347
985,2018-09-12,16.13818,27.81605,70.52958,197.2075
986,2018-09-13,15.86897,28.10039,77.19576,236.8473
987,2018-09-14,19.6509,34.83514,83.97651,230.8449
988,2018-09-15,19.24699,34.60135,79.51378,222.046
989,2018-09-16,19.04077,30.5753,73.42975,200.7791
990,2018-09-17,18.33649,29.43463,72.84185,208.7806
991,2018-09-18,17.74145,29.93027,79.12284,225.5799
992,2018-09-19,19.03184,30.46289,76.64983,224.4468
993,2018-09-20,19.27629,29.53534,77.51346,217.0705
994,2018-09-21,14.87087,22.90047,47.92495,115.2328
995,2018-09-22,15.03571,28.30243,69.88946,195.9476
996,2018-09-23,14.84151,27.58687,75.49309,238.2206
997,2018-09-24,19.57391,33.28163,83.94421,250.9338
998,2018-09-25,23.75025,39.72266,106.375,297.4422
999,2018-09-26,23.06254,39.15943,96.60066,270.8093
1000,2018-09-27,20.50678,34.73872,93.98013,259.9183
1001,2018-09-28,22.87251,42.19398,109.1114,320.2286
1002,2018-09-29,26.75013,46.17263,101.0963,273.0179
1003,2018-09-30,29.7887,46.17238,106.5797,301.0208
1004,2018-10-01,32.41289,51.51074,137.8526,365.8087
1005,2018-10-02,31.97854,50.03374,121.1063,338.4522
1006,2018-10-03,34.54076,50.76278,114.7891,304.3372
1007,2018-10-04,39.97134,62.12694,129.0905,330.1179
1008,2018-10-05,35.16777,56.96689,130.8662,355.6406
1009,2018-10-06,35.26316,55.60889,136.0983,367.4409
1010,2018-10-07,33.56198,53.72569,142.2071,368.328
1011,2018-10-08,33.92433,55.90225,154.0076,395.058
1012,2018-10-09,38.20941,60.43956,132.6009,328.8676
1013,2018-10-10,40.3879,63.14741,135.1008,329.4985
1014,2018-10-11,32.74295,50.77654,135.999,388.2398
1015,2018-10-12,26.71519,42.62847,132.787,389.4556
1016,2018-10-13,20.2845,34.38058,102.0517,345.1863
1017,2018-10-14,27.83581,50.72104,159.4698,444.5825
1018,2018-10-15,36.50904,57.32479,142.8129,397.1498
1019,2018-10-16,42.31786,59.8058,132.1251,332.1801
1020,2018-10-17,51.08556,68.85358,102.911,166.2292
1021,2018-10-18,43.29325,57.50095,115.4735,247.0437
1022,2018-10-19,37.97121,50.78144,102.4908,235.9721
1023,2018-10-20,37.6041,51.90299,107.7707,238.0401
1024,2018-10-21,39.47649,52.86124,105.8315,231.5813
1025,2018-10-22,35.3165,50.20492,137.7693,352.5692
1026,2018-10-23,42.50794,63.5545,158.6808,346.6635
1027,2018-10-24,47.02881,68.31275,182.1389,457.7303
1028,2018-10-25,51.8996,75.82432,169.9796,419.484
1029,2018-10-26,50.84667,81.3745,223.5399,494.713
1030,2018-10-27,47.54179,75.8749,219.2021,471.1715
1031,2018-10-28,38.97,64.06432,193.6786,454.7785
1032,2018-10-29,40.38368,64.58535,168.53,395.1707
1033,2018-10-30,44.9625,71.74286,211.1653,455.92
1034,2018-10-31,46.11788,83.54139,274.8557,591.8806
1035,2018-11-01,43.47461,76.79833,206.8698,513.2277
1036,2018-11-02,39.76751,66.4606,181.5885,460.8986
1037,2018-11-03,44.35307,72.19011,173.7991,418.4224
1038,2018-11-04,55.98518,86.14446,226.3334,543.3161
1039,2018-11-05,56.11274,86.36945,245.1663,544.7559
1040,2018-11-06,51.5099,77.8015,200.4689,454.5857
1041,2018-11-07,57.30369,78.12527,158.04,370.5804
1042,2018-11-08,58.38034,73.87847,143.9106,300.2072
1043,2018-11-09,53.92725,68.17222,123.7019,268.7046
1044,2018-11-10,42.39437,55.78189,106.9289,240.3328
1045,2018-11-11,43.52485,59.6694,129.2523,280.4726
1046,2018-11-12,50.99481,69.4816,145.5394,325.9058
1047,2018-11-13,60.68223,77.90912,148.084,327.5583
1048,2018-11-14,65.72874,88.73667,173.806,361.8956
1049,2018-11-15,66.37544,94.41243,209.6353,444.9575
1050,2018-11-16,65.04054,92.54729,233.2841,505.5905
1051,2018-11-17,64.22416,86.65646,179.9188,417.3981
1052,2018-11-18,69.52856,91.19049,176.4553,382.8591
1053,2018-11-19,87.51446,108.951,190.2535,361.1731
1054,2018-11-20,102.2931,126.3503,213.7365,391.5624
1055,2018-11-21,100.516,121.5381,207.5341,387.3137
1056,2018-11-22,85.27863,114.4485,234.6478,497.0145
1057,2018-11-23,76.22285,103.3058,199.1547,415.7641
1058,2018-11-24,73.89413,100.667,190.8979,388.4342
1059,2018-11-25,75.67265,111.0995,260.4305,532.2123
1060,2018-11-26,62.87821,91.26772,193.1837,423.0028
1061,2018-11-27,66.34018,94.95541,194.4693,423.4912
1062,2018-11-28,69.07073,98.21092,211.4397,437.6519
1063,2018-11-29,65.90029,94.81558,187.0584,401.3057
1064,2018-11-30,58.1784,78.43593,142.2139,269.0601
1065,2018-12-01,58.22655,75.04664,122.4974,192.7996
1066,2018-12-02,55.76048,71.89091,126.0745,200.4004
1067,2018-12-03,66.97752,85.60081,137.4626,206.5833
1068,2018-12-04,70.35019,87.78757,138.0224,197.3985
1069,2018-12-05,80.44412,97.84105,143.9106,187.8209
1070,2018-12-06,64.88398,78.67869,117.1744,159.45
1071,2018-12-07,56.44217,67.86073,101.4675,147.2279
1072,2018-12-08,63.33935,76.04045,107.1945,141.5745
1073,2018-12-09,60.66503,72.75816,105.2724,141.6886
1074,2018-12-10,44.77693,53.18145,75.80977,112.3677
1075,2018-12-11,45.193,55.07688,83.55761,127.3813
1076,2018-12-12,42.50931,49.43085,70.44291,103.6233
1077,2018-12-13,56.84668,68.25269,99.93176,150.365
1078,2018-12-14,58.89427,69.5486,98.57978,146.3542
1079,2018-12-15,59.11904,66.86208,89.20828,126.5253
1080,2018-12-16,58.34411,67.46029,92.1774,130.6035
1081,2018-12-17,87.53447,96.12037,122.9052,176.8413
1082,2018-12-18,61.35184,69.02425,95.34667,151.849
1083,2018-12-19,66.73108,72.07257,93.37063,146.4957
1084,2018-12-20,67.70587,70.28318,79.58851,106.479
1085,2018-12-21,47.18365,49.11824,56.53555,77.83058
1086,2018-12-22,65.17834,68.64751,83.29784,128.4778
1087,2018-12-23,69.33691,72.89078,84.01076,108.7952
1088,2018-12-24,63.07012,66.88735,78.79307,99.94143
1089,2018-12-25,50.54384,52.84675,60.44187,81.41977
1090,2018-12-26,41.1939,43.0912,52.20712,80.46392
1091,2018-12-27,34.51529,37.51298,56.15694,126.2139
1092,2018-12-28,39.7537,41.71995,51.80462,80.88939
1093,2018-12-29,79.34322,83.18113,93.05858,123.1221
1094,2018-12-30,92.84081,97.26412,107.5242,145.0081
1095,2018-12-31,83.69726,86.95337,96.64533,
1096,2019-01-01,,75.96276,90.99522,125.0769
1097,2019-01-02,61.5855,65.42153,80.12208,121.4495
1098,2019-01-03,54.71633,60.49214,84.16574,122.829
1099,2019-01-04,52.00488,55.66871,70.16807,99.06475
1100,2019-01-05,49.57294,53.47411,70.62092,97.44466
1101,2019-01-06,42.61649,47.23922,68.88042,111.4679
1102,2019-01-07,79.70293,87.71626,111.4265,159.717
1103,2019-01-08,67.82428,73.25228,93.81277,141.2182
1104,2019-01-09,72.77287,81.15338,113.9154,156.9195
1105,2019-01-10,73.74003,76.88662,87.75489,114.5806
1106,2019-01-11,61.62553,63.90839,74.20539,108.1596
1107,2019-01-12,45.12295,46.81794,54.6739,75.85507
1108,2019-01-13,38.23746,41.50689,56.17749,89.37054
1109,2019-01-14,30.85918,35.085,55.61469,102.6077
1110,2019-01-15,67.96752,73.78983,88.38872,125.838
1111,2019-01-16,82.29599,87.69553,99.13837,125.0184
1112,2019-01-17,81.69198,87.77257,101.5657,129.7599
1113,2019-01-18,68.43285,72.49081,84.59827,112.3334
1114,2019-01-19,49.64155,51.63531,59.87598,82.40649
1115,2019-01-20,37.67608,40.26748,53.15528,77.45647
1116,2019-01-21,31.78227,34.80891,49.12239,74.8092
1117,2019-01-22,28.14141,33.4567,57.6347,96.6132
1118,2019-01-23,21.75079,22.41654,24.29024,27.42183
1119,2019-01-24,34.19208,38.36459,58.49063,97.77282
1120,2019-01-25,27.6305,32.69626,56.67304,99.5505
1121,2019-01-26,19.11119,19.95104,24.83606,35.52567
1122,2019-01-27,31.95132,41.50766,74.56455,132.5805
1123,2019-01-28,19.52028,25.3735,46.88541,81.10978
1124,2019-01-29,43.42515,51.8591,81.72044,147.6435
1125,2019-01-30,62.09637,70.19603,100.8602,157.7396
1126,2019-01-31,69.89806,75.80505,102.5461,154.3405
1127,2019-02-01,73.93242,83.58668,125.3578,192.4825
1128,2019-02-02,62.77139,72.01028,111.8172,184.5603
1129,2019-02-03,56.93559,68.07014,115.5902,191.2316
1130,2019-02-04,46.75982,51.31145,78.52327,143.9422
1131,2019-02-05,40.3565,45.43047,70.33218,122.1838
1132,2019-02-06,31.86508,35.01587,51.41448,88.88977
1133,2019-02-07,9.810305,10.16386,11.06561,11.56926
1134,2019-02-08,17.30337,20.59657,32.06727,68.75384
1135,2019-02-09,11.90747,12.21059,12.44177,12.5633
1136,2019-02-10,,,,
1137,2019-02-11,,,,
1138,2019-02-12,44.10889,51.7567,94.7752,202.3341
1139,2019-02-13,49.40689,55.10109,84.22089,143.1725
1140,2019-02-14,62.1099,67.32793,94.85448,146.5245
1141,2019-02-15,45.60074,50.55987,77.24188,130.2679
1142,2019-02-16,29.01645,30.36096,37.61238,57.08607
1143,2019-02-17,21.99128,24.98378,42.96799,90.40503
1144,2019-02-18,25.97764,31.99425,60.37941,125.872
1145,2019-02-19,27.24231,30.41749,43.92585,77.89819
1146,2019-02-20,32.10017,38.03523,65.86963,120.4109
1147,2019-02-21,37.72596,44.24293,73.35346,122.9164
1148,2019-02-22,30.78042,37.9443,66.50372,103.3417
1149,2019-02-23,27.4571,33.43206,53.65791,80.53473
1150,2019-02-24,27.99091,34.42834,55.90438,87.56398
1151,2019-02-25,15.54512,21.78514,39.1684,65.18826
1152,2019-02-26,19.37783,28.64206,52.60775,85.92163
1153,2019-02-27,14.50287,20.17307,35.43435,63.73965
1154,2019-02-28,13.06621,14.45265,19.88337,43.17243
1155,2019-03-01,26.08881,29.13628,40.8523,68.58938
1156,2019-03-02,34.00245,38.11354,51.93743,78.97048
1157,2019-03-03,34.86043,37.81708,46.84074,63.28373
1158,2019-03-04,37.90385,42.77215,57.49388,82.38673
1159,2019-03-05,27.51192,32.9966,48.6772,77.45953
1160,2019-03-06,24.28088,30.93085,49.73796,80.5552
1161,2019-03-07,30.63823,36.77039,56.46466,94.36535
1162,2019-03-08,33.89956,39.28432,56.40148,87.14412
1163,2019-03-09,33.71384,38.47787,52.41934,76.07606
1164,2019-03-10,30.43694,38.13417,61.74318,95.79637
1165,2019-03-11,27.46282,35.58868,58.75066,90.32184
1166,2019-03-12,28.61248,42.65812,80.5418,130.3406
1167,2019-03-13,29.13037,49.89682,91.22721,129.9989
1168,2019-03-14,25.25266,37.86544,67.81692,95.57528
1169,2019-03-15,24.7462,40.10194,71.52461,102.0278
1170,2019-03-16,29.35217,42.38421,70.11082,99.33906
1171,2019-03-17,33.28936,46.21405,76.3802,110.0718
1172,2019-03-18,31.61093,44.82338,79.71615,131.7545
1173,2019-03-19,35.16487,41.30026,61.91215,103.0484
1174,2019-03-20,28.36468,36.5945,66.12016,134.1117
1175,2019-03-21,25.12626,35.95021,64.12838,98.97897
1176,2019-03-22,27.25163,43.73703,79.94156,117.745
1177,2019-03-23,37.49684,54.37518,90.24561,129.6616
1178,2019-03-24,47.45609,60.6389,92.35364,131.6898
1179,2019-03-25,28.78128,41.25777,73.01793,117.2013
1180,2019-03-26,4.508496,6.971779,12.60324,21.35443
1181,2019-03-27,5.125231,12.46203,26.44141,51.46672
1182,2019-03-28,7.406002,19.88052,47.58356,89.40727
1183,2019-03-29,5.643422,11.24831,27.92495,52.92594
1184,2019-03-30,4.690636,9.471533,13.87452,22.24422
1185,2019-03-31,4.953244,16.38571,39.30902,65.09758
1186,2019-04-01,2.95114,12.32195,37.95909,66.70949
1187,2019-04-02,4.940252,12.2542,46.60712,82.78534
1188,2019-04-03,,,,
1189,2019-04-04,4.316486,17.71697,43.95064,74.66555
1190,2019-04-05,,,,
1191,2019-04-06,0.566906,1.578535,2.543793,3.657623
1192,2019-04-07,17.65669,34.19151,89.03094,202.7916
1193,2019-04-08,27.91041,44.50512,91.88023,189.5178
1194,2019-04-09,34.31277,54.27618,103.836,194.899
1195,2019-04-10,28.57728,45.30752,97.77605,190.2067
1196,2019-04-11,27.54073,44.534,94.73742,199.4671
1197,2019-04-12,33.89855,52.34261,101.2263,196.0284
1198,2019-04-13,34.54663,47.40037,80.49952,129.1464
1199,2019-04-14,38.82742,51.26613,74.92903,97.75806
1200,2019-04-15,,,,
1201,2019-04-16,,,,
1202,2019-04-17,,,,
1203,2019-04-18,,,,
1204,2019-04-19,23.18251,36.46781,78.2829,174.8093
1205,2019-04-20,33.36395,54.08985,126.7054,227.614
1206,2019-04-21,48.03146,67.3083,113.8776,203.873
1207,2019-04-22,50.18928,66.11098,106.1847,171.7863
1208,2019-04-23,47.27106,70.87636,124.3336,210.43
1209,2019-04-24,45.77664,71.99305,134.5313,235.0499
1210,2019-04-25,40.63058,58.53045,101.6337,173.6123
1211,2019-04-26,42.54187,61.14175,96.01418,153.2152
1212,2019-04-27,46.21805,63.61803,102.814,168.5193
1213,2019-04-28,38.90848,58.49122,99.95783,161.9803
1214,2019-04-29,49.97177,72.13489,105.1152,139.0163
1215,2019-04-30,,,,
1216,2019-05-01,,,,
1217,2019-05-02,,,,
1218,2019-05-03,38.03031,61.35543,110.8171,202.5333
1219,2019-05-04,24.08333,36.11361,60.53604,103.2563
1220,2019-05-05,26.91944,43.52667,89.04618,147.4871
1221,2019-05-06,40.33486,68.20153,153.5489,236.6922
1222,2019-05-07,50.50361,77.59604,160.7926,236.2697
1223,2019-05-08,56.71187,82.84937,156.7628,230.6889
1224,2019-05-09,62.18299,90.13139,158.8267,235.7001
1225,2019-05-10,53.88473,80.79465,156.0188,225.6661
1226,2019-05-11,45.93747,69.90105,126.4892,195.967
1227,2019-05-12,31.53938,49.95431,98.15083,154.4102
1228,2019-05-13,41.36118,60.82521,97.00924,131.8485
1229,2019-05-14,36.35132,55.24312,93.53535,138.3717
1230,2019-05-15,27.7987,38.46384,61.91457,83.46609
1231,2019-05-16,,,,
1232,2019-05-17,,,,
1233,2019-05-18,,,,
1234,2019-05-19,,,,
1235,2019-05-20,,,,
1236,2019-05-21,20.372,29.932,54.882,98.276
1237,2019-05-22,,,,
1238,2019-05-23,,,,
1239,2019-05-24,23.05967,32.67583,47.87767,70.105
1240,2019-05-25,21.64927,31.57847,48.85,65.54165
1241,2019-05-26,15.26,24.19978,42.58689,57.38907
1242,2019-05-27,19.31083,28.42597,48.49021,60.62778
1243,2019-05-28,16.115,23.6934,44.45653,56.97035
1244,2019-05-29,16.89514,21.68111,34.47083,43.75542
1245,2019-05-30,18.13938,21.00417,29.08194,35.03125
1246,2019-05-31,14.05103,16.80368,26.60449,34.56716
1247,2019-06-01,6.315278,7.209444,9.823889,12.21917
1248,2019-06-02,5.348551,6.01912,8.559958,10.60907
1249,2019-06-03,4.683113,5.011552,6.641916,8.192476
1250,2019-06-04,3.358333,3.593889,4.859514,6.000833
1251,2019-06-05,1.148354,1.192305,1.375336,1.565802
1252,2019-06-06,0.344687,0.361978,0.451996,0.57047
1253,2019-06-07,0.249081,0.26774,0.416572,0.543171
1254,2019-06-08,0.286131,0.304978,0.412553,0.502635
1255,2019-06-09,0.217761,0.229066,0.293158,0.33148
1256,2019-06-10,0.23236,0.240582,0.318197,0.40871
1257,2019-06-11,0.197786,0.205345,0.248809,0.285461
1258,2019-06-12,0.142721,0.148387,0.169403,0.189509
1259,2019-06-13,0.193166,0.199519,0.231351,0.244391
1260,2019-06-14,0.180565,0.187117,0.225205,0.330004
1261,2019-06-15,0.172289,0.175035,0.183296,0.183885
1262,2019-06-16,0.275659,0.283592,0.349507,0.361544
1263,2019-06-17,,,,
1264,2019-06-18,,,,
1265,2019-06-19,,,,
1266,2019-06-20,3.608832,5.056932,8.596048,12.31225
1267,2019-06-21,4.130793,5.204198,7.370268,8.744572
1268,2019-06-22,2.658919,3.055894,3.469731,3.671201
1269,2019-06-23,3.044738,3.651509,4.667179,5.20688
1270,2019-06-24,3.347861,4.082946,5.437045,6.28729
1271,2019-06-25,3.603362,4.275603,5.517158,6.44083
1272,2019-06-26,4.992869,5.876106,7.648188,8.753035
1273,2019-06-27,3.693297,4.364094,5.581595,6.221702
1274,2019-06-28,5.041121,5.917751,7.61469,8.373016
1275,2019-06-29,5.273051,6.221373,8.053248,9.27042
1276,2019-06-30,5.67379,6.565378,8.308536,9.263645
1277,2019-07-01,9.11463,13.69623,17.09166,18.15614
1278,2019-07-02,3.003916,3.672116,4.914761,5.674234
1279,2019-07-03,2.071854,2.694489,3.840082,4.498096
1280,2019-07-04,2.645817,3.372095,4.693408,5.500355
1281,2019-07-05,3.57169,6.996997,22.6359,37.0351
1282,2019-07-06,1.488314,1.874036,2.455853,2.754688
1283,2019-07-07,1.712285,2.026253,2.351434,2.531747
1284,2019-07-08,1.971128,2.392698,2.957466,3.337357
1285,2019-07-09,1.466147,1.797827,2.180936,2.423735
1286,2019-07-10,1.957594,2.214365,2.428119,2.551751
1287,2019-07-11,1.045065,1.349271,1.737628,2.03651
1288,2019-07-12,0.288793,0.406897,0.440517,0.448276
1289,2019-07-13,,,,
1290,2019-07-14,,,,
1291,2019-07-15,,,,
1292,2019-07-16,,,,
1293,2019-07-17,,,,
1294,2019-07-18,,,,
1295,2019-07-19,,,,
1296,2019-07-20,,,,
1297,2019-07-21,,,,
1298,2019-07-22,,,,
1299,2019-07-23,,,,
1300,2019-07-24,,,,
1301,2019-07-25,,,,
1302,2019-07-26,,,,
1303,2019-07-27,,,,
1304,2019-07-28,,,,
1305,2019-07-29,,,,
1306,2019-07-30,,,,
1307,2019-07-31,,,,
1308,2019-08-01,2.854457,4.628961,11.58967,19.72769
1309,2019-08-02,2.597851,3.117156,3.867916,4.438373
1310,2019-08-03,2.307292,2.747062,3.259731,3.518028
1311,2019-08-04,2.101972,2.583913,3.272511,3.711853
1312,2019-08-05,1.801994,2.186548,2.912099,3.336754
1313,2019-08-06,1.653499,2.212675,3.256258,3.918287
1314,2019-08-07,1.707647,2.118007,2.681734,2.926715
1315,2019-08-08,1.43755,1.870461,2.618944,3.131608
1316,2019-08-09,1.758871,2.496929,4.175942,5.841652
1317,2019-08-10,2.070537,2.620588,3.434042,3.974625
1318,2019-08-11,1.97099,2.459489,3.243699,3.66279
1319,2019-08-12,2.415142,2.986933,3.951057,4.507709
1320,2019-08-13,1.979812,2.415435,3.051998,3.455123
1321,2019-08-14,2.027947,2.519202,3.291435,3.76823
1322,2019-08-15,1.938482,2.440307,3.143004,3.556305
1323,2019-08-16,2.393059,3.091142,4.989261,6.42792
1324,2019-08-17,1.836237,2.178301,2.581715,2.744935
1325,2019-08-18,2.375251,2.743474,3.224381,3.463854
1326,2019-08-19,2.180282,2.577215,3.119456,3.454892
1327,2019-08-20,2.569792,2.992715,3.517802,3.792189
1328,2019-08-21,3.331587,3.866893,4.807734,5.305817
1329,2019-08-22,2.613081,3.102717,3.858667,4.264905
1330,2019-08-23,4.511923,5.534786,6.708776,7.223345
1331,2019-08-24,1.601517,1.900842,2.320391,2.658741
1332,2019-08-25,1.995573,2.403417,2.932663,3.325174
1333,2019-08-26,2.983936,3.425835,4.021535,4.32524
1334,2019-08-27,2.690487,3.130602,3.727702,4.02653
1335,2019-08-28,2.828879,3.301615,3.894326,4.168336
1336,2019-08-29,2.657622,3.051735,3.524864,3.816261
1337,2019-08-30,2.397865,2.872212,3.571795,3.993696
1338,2019-08-31,1.866302,2.11296,2.33564,2.463779
1339,2019-09-01,2.082032,2.364316,2.659526,2.803023
1340,2019-09-02,2.621814,3.08274,3.659778,4.035569
1341,2019-09-03,2.370072,2.733546,3.319095,3.561825
1342,2019-09-04,1.768068,2.124617,2.570561,2.830814
1343,2019-09-05,1.982426,2.373133,2.870264,3.163056
1344,2019-09-06,1.775362,2.085646,2.430256,2.59845
1345,2019-09-07,1.589397,1.926967,2.304585,2.516753
1346,2019-09-08,1.88836,2.285133,2.769987,3.01689
1347,2019-09-09,2.065689,2.562504,3.197899,3.616057
1348,2019-09-10,2.12745,2.49898,2.940785,3.139116
1349,2019-09-11,3.271511,3.702509,4.301015,4.618659
1350,2019-09-12,2.343656,2.749455,3.290708,3.554702
1351,2019-09-13,1.586221,1.912224,2.239259,2.399643
1352,2019-09-14,2.21724,2.569284,2.897145,3.046169
1353,2019-09-15,2.601916,2.916948,3.221566,3.347112
1354,2019-09-16,3.065323,3.485564,4.023589,4.297264
1355,2019-09-17,2.932863,3.108431,3.200261,3.21998
1356,2019-09-18,2.02305,2.140594,2.194363,2.200373
1357,2019-09-19,2.970096,3.26931,3.646944,3.854228
1358,2019-09-20,3.731769,4.362859,5.546566,6.177641
1359,2019-09-21,2.710568,3.221154,4.00765,4.368046
1360,2019-09-22,2.83383,3.262651,3.784309,3.994302
1361,2019-09-23,2.768947,3.167015,3.768431,4.053107
1362,2019-09-24,3.907281,4.372289,5.096029,5.594045
1363,2019-09-25,2.122302,2.401905,2.824803,3.047392
1364,2019-09-26,1.74547,2.165773,2.734717,3.173156
1365,2019-09-27,1.971372,2.391397,2.963859,3.384173
1366,2019-09-28,1.560256,1.848175,2.146315,2.302439
1367,2019-09-29,1.7469,2.136995,2.750733,3.077615
1368,2019-09-30,2.69975,3.252779,4.130523,4.531005
1369,2019-10-01,1.469337,1.838774,2.347161,2.712096
1370,2019-10-02,2.680341,3.233112,4.051478,4.47992
1371,2019-10-03,3.473469,4.073158,4.951447,5.494678
1372,2019-10-04,3.536022,4.113382,4.952721,5.422461
1373,2019-10-05,3.185487,3.628023,4.421128,5.333987
1374,2019-10-06,4.208344,4.662372,5.207333,5.535253
1375,2019-10-07,5.132232,5.627091,6.183148,6.461969
1376,2019-10-08,4.970064,5.362906,5.792869,6.042671
1377,2019-10-09,3.005948,3.276849,3.513122,3.568152
1378,2019-10-10,3.406957,3.763071,4.154173,4.30689
1379,2019-10-11,4.560073,5.017911,5.549689,5.811003
1380,2019-10-12,5.647389,6.165523,6.817564,7.125693
1381,2019-10-13,6.586642,7.134072,7.810905,8.052163
1382,2019-10-14,8.390239,9.150078,10.19541,10.65098
1383,2019-10-15,7.80822,8.520185,9.59159,10.1442
1384,2019-10-16,6.42064,7.039094,7.934436,8.306133
1385,2019-10-17,6.122398,6.718767,7.661225,7.986878
1386,2019-10-18,,,,
1387,2019-10-19,,,,
1388,2019-10-20,,,,
1389,2019-10-21,,,,
1390,2019-10-22,,,,
1391,2019-10-23,52.13816,70.14276,175.6161,421.1094
1392,2019-10-24,46.53038,60.76708,124.8051,300.5625
1393,2019-10-25,58.16431,72.97544,141.4147,304.2095
1394,2019-10-26,46.01647,56.43471,104.1831,233.0057
1395,2019-10-27,42.9157,53.06312,94.65951,206.0127
1396,2019-10-28,41.36196,49.04139,86.10717,175.1909
1397,2019-10-29,38.40859,45.65837,79.7776,162.5809
1398,2019-10-30,35.97044,43.98356,81.45322,181.4954
1399,2019-10-31,35.54728,43.98502,83.36842,179.402
1400,2019-11-01,47.62509,58.03766,100.6141,207.3977
1401,2019-11-02,50.71696,60.44642,100.2054,199.8273
1402,2019-11-03,47.61606,59.01357,105.9107,233.6422
1403,2019-11-04,38.66229,48.9728,89.53701,209.8854
1404,2019-11-05,41.55371,50.27204,88.24993,193.0157
1405,2019-11-06,57.99744,70.63659,120.6807,243.8835
1406,2019-11-07,54.09067,67.24419,122.4486,271.5673
1407,2019-11-08,55.81057,71.27513,128.5141,252.6854
1408,2019-11-09,52.11159,65.86279,117.6214,245.0577
1409,2019-11-10,37.08013,49.44594,96.44348,225.862
1410,2019-11-11,39.68722,51.59877,99.63274,235.0019
1411,2019-11-12,52.58389,65.64451,114.4025,212.9341
1412,2019-11-13,51.2509,64.37751,111.9437,218.1368
1413,2019-11-14,49.91613,65.30368,119.2952,231.4537
1414,2019-11-15,48.42126,66.18626,128.8331,281.7014
1415,2019-11-16,46.15017,60.68623,109.9728,238.8911
1416,2019-11-17,46.77482,58.41474,105.7931,218.1177
1417,2019-11-18,54.67659,67.12714,118.3901,239.6137
1418,2019-11-19,73.20591,86.85524,145.3361,258.6405
1419,2019-11-20,73.38784,84.96813,136.6794,242.6847
1420,2019-11-21,72.85054,84.67921,139.226,249.5371
1421,2019-11-22,66.4128,79.59781,134.8447,270.149
1422,2019-11-23,70.2645,85.33072,147.2368,260.9027
1423,2019-11-24,73.19388,89.46936,148.6815,257.4252
1424,2019-11-25,65.4177,77.14873,129.1139,225.0858
1425,2019-11-26,75.25792,89.77693,144.6286,247.3951
1426,2019-11-27,81.10022,97.84074,161.213,295.1053
1427,2019-11-28,60.95584,80.54972,145.4218,282.0512
1428,2019-11-29,65.63558,89.62521,186.6047,321.9979
1429,2019-11-30,58.75177,74.78498,139.9157,296.8152
1430,2019-12-01,54.72612,70.03913,124.9733,239.733
1431,2019-12-02,56.54888,66.90573,104.9943,168.0819
1432,2019-12-03,62.0074,72.02865,110.0076,174.5324
1433,2019-12-04,71.75268,82.76439,119.9974,196.152
1434,2019-12-05,81.41774,97.50592,146.8011,222.3506
1435,2019-12-06,81.65222,97.89364,147.3031,225.2226
1436,2019-12-07,69.56583,84.33663,134.6319,218.4657
1437,2019-12-08,66.78593,86.36007,163.0282,320.1328
1438,2019-12-09,62.4667,75.0024,130.24,243.1778
1439,2019-12-10,62.29723,70.74201,108.0963,176.0681
1440,2019-12-11,54.15502,60.56964,88.27911,161.2621
1441,2019-12-12,72.57575,80.0806,101.816,141.3022
1442,2019-12-13,64.65661,68.65964,75.58095,78.1871
1443,2019-12-14,28.43403,31.94374,42.17307,72.64913
1444,2019-12-15,52.80915,59.02693,77.61254,113.8807
1445,2019-12-16,52.17156,58.8047,80.25435,128.6105
1446,2019-12-17,54.29626,61.50036,82.22517,122.8893
1447,2019-12-18,59.08479,65.83894,87.05571,132.6619
1448,2019-12-19,59.73706,65.97871,83.71536,114.6251
1449,2019-12-20,75.78087,88.42539,134.7989,226.2064
1450,2019-12-21,92.94355,103.502,136.1353,196.807
1451,2019-12-22,72.98406,83.03039,118.7387,234.1227
1452,2019-12-23,70.42551,80.80534,114.0852,191.9783
1453,2019-12-24,64.10474,73.58855,107.9545,187.0592
1454,2019-12-25,71.56872,82.46411,118.7994,209.1052
1455,2019-12-26,72.0113,82.9093,120.6315,198.8308
1456,2019-12-27,70.66814,80.16911,111.7883,213.4818
1457,2019-12-28,95.61083,104.82,134.7128,203.1288
1458,2019-12-29,107.042,117.0423,151.3344,225.2334
1459,2019-12-30,104.1537,116.0365,158.866,255.4157
1460,2019-12-31,122.0459,139.5653,196.9312,
1461,2020-01-01,,137.2214,178.6197,228.3831
1462,2020-01-02,120.7333,133.6891,160.4747,190.4052
1463,2020-01-03,110.9993,117.3546,125.154,127.2202
1464,2020-01-04,63.29489,66.22839,71.84955,85.9844
1465,2020-01-05,46.52233,52.30509,68.0739,112.7043
1466,2020-01-06,67.77793,75.45167,94.20998,134.3484
1467,2020-01-07,75.86428,81.27001,94.36108,126.225
1468,2020-01-08,95.42768,98.97469,103.6597,111.6383
1469,2020-01-09,65.16736,67.8364,72.31882,76.66586
1470,2020-01-10,61.53369,66.57103,81.47934,125.0448
1471,2020-01-11,73.96535,79.40425,97.32533,146.6619
1472,2020-01-12,82.28211,89.27517,111.0058,175.7241
1473,2020-01-13,87.46289,94.75287,116.1454,166.2091
1474,2020-01-14,90.64315,98.46233,127.4733,207.0436
1475,2020-01-15,80.15771,85.04601,101.8726,134.9947
1476,2020-01-16,79.83267,84.15689,101.3273,127.9974
1477,2020-01-17,46.47102,47.55358,48.33337,49.10722
1478,2020-01-18,73.91226,85.25247,119.2243,206.6357
1479,2020-01-19,69.25612,80.05741,113.0657,229.2507
1480,2020-01-20,71.80748,83.94928,123.2228,217.4166
1481,2020-01-21,117.857,137.484,194.2185,281.3361
1482,2020-01-22,94.88725,110.6249,161.5139,247.0368
1483,2020-01-23,68.63331,79.76374,116.0683,177.0421
1484,2020-01-24,69.26903,78.19467,110.619,203.7791
1485,2020-01-25,87.67994,96.17504,124.4999,199.4057
1486,2020-01-26,87.97602,96.12997,120.4747,180.5904
1487,2020-01-27,88.74189,98.35847,134.3763,219.7666
1488,2020-01-28,100.3174,113.553,155.5553,252.4788
1489,2020-01-29,71.60349,80.33364,109.5357,195.7287
1490,2020-01-30,73.4748,82.37316,118.659,210.2277
1491,2020-01-31,68.48643,75.70938,106.6049,181.397
1492,2020-02-01,62.45117,70.9367,124.2059,281.2823
1493,2020-02-02,62.097,68.91687,102.4727,194.6208
1494,2020-02-03,76.28356,85.28758,118.506,196.9593
1495,2020-02-04,76.92597,84.28388,116.1141,216.2955
1496,2020-02-05,76.46587,84.58427,122.9353,251.0806
1497,2020-02-06,75.54061,84.05397,137.5798,314.1439
1498,2020-02-07,73.66449,80.92965,125.6309,277.3268
1499,2020-02-08,65.70009,74.4595,148.5369,388.5389
1500,2020-02-09,70.82326,79.8831,135.756,277.2183
1501,2020-02-10,71.33021,77.20728,107.9383,223.0832
1502,2020-02-11,77.86284,85.18531,110.3593,224.9001
1503,2020-02-12,76.47181,83.64704,112.4854,231.7366
1504,2020-02-13,77.00746,84.56376,119.3592,233.9861
1505,2020-02-14,77.1453,82.94429,107.7009,208.6938
1506,2020-02-15,83.941,88.95834,111.3894,200.0509
1507,2020-02-16,98.44723,104.0931,128.7336,220.2423
1508,2020-02-17,97.43217,102.9535,128.9711,234.7935
1509,2020-02-18,88.46054,94.07912,121.9897,243.3347
1510,2020-02-19,83.51582,88.28112,113.8975,211.6399
1511,2020-02-20,90.20204,94.97252,119.6095,219.9774
1512,2020-02-21,86.25571,88.32046,97.23692,134.2861
1513,2020-02-22,45.23523,48.2191,66.78693,153.265
1514,2020-02-23,55.25457,61.68678,112.9176,304.8487
1515,2020-02-24,37.87742,44.48763,91.04041,246.1793
1516,2020-02-25,28.9206,34.37078,69.96737,197.1332
1517,2020-02-26,17.07685,19.66966,32.0027,76.62313
1518,2020-02-27,23.34481,29.0442,58.96433,160.1588
1519,2020-02-28,31.39077,37.93062,77.68022,192.6514
1520,2020-02-29,34.99878,40.54257,72.41721,163.9278
1521,2020-03-01,33.14942,39.13406,36.14983,235.5546
1522,2020-03-02,35.55324,40.71115,,205.3269
1523,2020-03-03,28.86829,33.9678,,191.7967
1524,2020-03-04,31.6959,35.38186,,161.8298
1525,2020-03-05,35.66435,40.44466,,208.5455
1526,2020-03-06,30.33569,35.66541,,219.3315
1527,2020-03-07,26.79989,29.15717,,113.4749
1528,2020-03-08,25.75159,28.59333,,152.1388
1529,2020-03-09,27.94646,31.13153,,118.5083
1530,2020-03-10,28.08027,33.27005,,162.9951
1531,2020-03-11,33.16292,37.81845,,171.1984
1532,2020-03-12,28.62827,35.72331,,234.4022
1533,2020-03-13,36.55085,41.15294,75.41139,192.8354
1534,2020-03-14,24.35862,27.53958,47.08789,118.7559
1535,2020-03-15,21.19832,29.52633,91.37177,302.1441
1536,2020-03-16,25.59359,31.34536,67.93475,180.9621
1537,2020-03-17,32.53559,38.03766,85.55189,205.3551
1538,2020-03-18,,,,
1539,2020-03-19,,,,
1540,2020-03-20,,,,
1541,2020-03-21,,,,
1542,2020-03-22,,,,
1543,2020-03-23,,,,
1544,2020-03-24,,,,
1545,2020-03-25,,,,
1546,2020-03-26,,,,
1547,2020-03-27,,,,
1548,2020-03-28,,,,
1549,2020-03-29,16.8359,18.30328,,
1550,2020-03-30,25.47132,27.034,,
1551,2020-03-31,32.11663,33.64566,37.19255,71.8063
1552,2020-04-01,30.57393,32.26859,39.01197,80.04696
1553,2020-04-02,20.54832,22.14651,27.5442,54.13519
1554,2020-04-03,27.67455,30.15352,36.95864,63.72464
1555,2020-04-04,35.84171,37.42298,41.51527,57.09408
1556,2020-04-05,46.18967,47.59879,53.52052,80.38436
1557,2020-04-06,52.57554,54.33964,60.96831,93.22112
1558,2020-04-07,45.18271,47.29448,57.38969,97.59687
1559,2020-04-08,48.46508,50.98586,62.778,101.3632
1560,2020-04-09,34.62434,37.51783,50.60566,106.7408
1561,2020-04-10,45.8907,47.63451,54.40954,75.71375
1562,2020-04-11,73.98799,75.2878,80.8916,105.7014
1563,2020-04-12,62.96294,63.74528,67.39158,91.09253
1564,2020-04-13,55.61458,56.5796,60.26368,81.63095
1565,2020-04-14,37.11828,38.31603,41.18198,53.5048
1566,2020-04-15,20.89312,21.95072,23.96041,33.72046
1567,2020-04-16,30.05974,31.72342,34.98528,57.11439
1568,2020-04-17,32.77572,34.04761,35.93354,45.19681
1569,2020-04-18,18.73346,20.00018,22.5932,38.99861
1570,2020-04-19,17.59182,19.198,22.34503,35.53658
1571,2020-04-20,17.19159,18.55693,21.17258,32.998
1572,2020-04-21,9.103144,9.659475,10.37066,16.84163
1573,2020-04-22,13.37692,13.85106,14.38051,15.43266
1574,2020-04-23,23.60151,24.18947,24.96809,29.7358
1575,2020-04-24,27.81494,28.48257,29.32965,32.05808
1576,2020-04-25,24.94096,25.412,25.77926,26.93347
1577,2020-04-26,28.41048,28.97069,29.52201,31.7833
1578,2020-04-27,21.37068,21.89253,22.36229,23.13604
1579,2020-04-28,19.41061,19.87513,20.38563,21.99084
1580,2020-04-29,19.19082,19.60391,20.01567,22.24589
1581,2020-04-30,18.61987,19.03461,19.54717,23.07041
1582,2020-05-01,20.30717,20.72341,21.17423,22.08522
1583,2020-05-02,19.48364,19.97618,20.48415,22.53115
1584,2020-05-03,22.94825,23.55346,24.45068,27.09266
1585,2020-05-04,14.90473,15.33579,15.8992,16.78505
1586,2020-05-05,14.39072,14.86821,15.90637,18.97757
1587,2020-05-06,9.194703,9.663459,10.3877,14.81725
1588,2020-05-07,13.95319,14.40192,14.99817,15.54814
1589,2020-05-08,16.63951,17.12354,18.03121,23.49766
1590,2020-05-09,18.31215,18.87685,20.05822,23.65287
1591,2020-05-10,22.02598,22.75632,24.89477,34.07584
1592,2020-05-11,31.00157,31.84663,34.35665,46.11684
1593,2020-05-12,22.83647,23.34893,24.68101,31.00799
1594,2020-05-13,18.9363,19.82399,22.24156,33.87506
1595,2020-05-14,24.1373,24.98642,26.87785,35.89697
1596,2020-05-15,24.7888,25.22014,25.90282,31.82186
1597,2020-05-16,26.21771,26.83702,28.34125,36.50246
1598,2020-05-17,20.11264,20.99861,24.09268,43.63931
1599,2020-05-18,20.85511,21.57585,24.09728,35.5904
1600,2020-05-19,17.62567,18.09914,19.26693,26.64534
1601,2020-05-20,18.23882,18.72136,20.38817,26.97154
1602,2020-05-21,15.57339,15.85918,16.35379,20.43271
1603,2020-05-22,16.96065,17.3156,18.11927,21.71314
1604,2020-05-23,13.04184,13.3923,14.38405,18.09813
1605,2020-05-24,14.33972,14.98512,17.16719,29.74324
1606,2020-05-25,16.53145,17.3127,21.54254,42.86643
1607,2020-05-26,17.95551,18.4713,20.27618,35.93512
1608,2020-05-27,19.60739,21.1058,26.16666,39.37233
1609,2020-05-28,16.21001,17.51751,21.81097,35.26707
1610,2020-05-29,9.980898,11.00244,14.18647,22.35322
1611,2020-05-30,14.67334,16.00674,19.48265,32.15512
1612,2020-05-31,15.93988,17.39376,21.48282,29.81
1613,2020-06-01,14.64947,16.17385,20.52806,31.25722
1614,2020-06-02,13.02472,14.64929,21.26434,49.54976
1615,2020-06-03,17.29878,18.94118,25.1252,46.52693
1616,2020-06-04,25.15417,26.72777,31.87396,45.80261
1617,2020-06-05,13.22352,13.58063,14.14076,15.41507
1618,2020-06-06,7.818189,8.347654,9.817395,15.43872
1619,2020-06-07,8.244639,9.243173,13.18368,22.97817
1620,2020-06-08,10.56201,12.02386,16.61372,35.73433
1621,2020-06-09,16.6802,19.31655,26.97794,48.72383
1622,2020-06-10,16.51673,18.84783,26.39997,48.3838
1623,2020-06-11,15.70126,17.61394,23.6883,41.13678
1624,2020-06-12,10.49074,11.91699,16.86507,36.72784
1625,2020-06-13,8.372185,9.575957,12.69438,23.20125
1626,2020-06-14,5.207988,6.275631,9.075815,18.3963
1627,2020-06-15,7.027758,8.183179,10.12611,14.33798
1628,2020-06-16,4.915326,5.88078,8.163831,18.65864
1629,2020-06-17,6.791631,7.956863,11.69362,24.28432
1630,2020-06-18,6.328345,7.240655,9.751724,19.80885
1631,2020-06-19,9.716786,11.00087,13.67928,17.9817
1632,2020-06-20,15.07303,16.65977,19.79593,26.51289
1633,2020-06-21,14.11857,16.54731,21.5058,30.37118
1634,2020-06-22,7.599785,8.619591,10.57775,15.1806
1635,2020-06-23,10.61907,13.7614,22.64285,59.09264
1636,2020-06-24,10.17852,12.89105,19.48005,47.0665
1637,2020-06-25,12.86138,14.44771,18.02588,22.20771
1638,2020-06-26,6.485334,7.893257,11.40295,26.20291
1639,2020-06-27,9.413025,10.92556,15.87233,35.05072
1640,2020-06-28,10.36848,11.84247,15.28094,21.38202
1641,2020-06-29,8.953347,11.30245,18.02957,42.30435
1642,2020-06-30,14.40708,18.02207,26.34789,57.22458
1643,2020-07-01,16.10059,19.48183,28.51758,57.08512
1644,2020-07-02,14.56624,17.66793,27.25626,61.35816
1645,2020-07-03,13.73741,15.91625,21.43113,36.66316
1646,2020-07-04,12.49478,14.41573,18.48015,23.81818
1647,2020-07-05,8.895716,10.78637,17.19212,40.45086
1648,2020-07-06,5.76225,6.68109,9.545991,22.21833
1649,2020-07-07,7.137105,8.584123,12.13112,26.34722
1650,2020-07-08,5.458054,6.749465,10.42235,24.57187
1651,2020-07-09,9.227744,9.991151,11.59081,16.22519
1652,2020-07-10,7.304316,8.340984,10.57571,14.38729
1653,2020-07-11,6.249057,7.218529,10.09622,18.36109
1654,2020-07-12,10.70655,12.47597,16.31267,23.09922
1655,2020-07-13,8.43397,9.853923,14.1045,30.353
1656,2020-07-14,8.49654,10.22458,16.12998,33.07876
1657,2020-07-15,9.472985,11.95862,21.31236,55.3807
1658,2020-07-16,7.919982,9.405402,16.01633,41.16779
1659,2020-07-17,7.467905,8.979005,15.43761,44.17401
1660,2020-07-18,8.723439,9.484535,11.15595,15.05057
1661,2020-07-19,8.052506,8.616349,9.378824,10.14788
1662,2020-07-20,9.367147,9.858085,10.2234,10.2556
1663,2020-07-21,9.404918,10.70497,13.29076,20.06629
1664,2020-07-22,7.084519,8.426484,12.63943,28.62448
1665,2020-07-23,8.44555,9.477531,12.08256,20.16389
1666,2020-07-24,7.969954,9.388458,13.85408,36.82622
1667,2020-07-25,8.051178,10.01967,16.54719,51.74946
1668,2020-07-26,12.4399,15.1666,23.3175,52.05765
1669,2020-07-27,11.09462,13.57986,21.84281,56.78819
1670,2020-07-28,9.547257,11.60907,16.46355,28.50546
1671,2020-07-29,9.519587,11.94435,19.74961,47.9779
1672,2020-07-30,8.972896,11.5532,18.20554,35.80003
1673,2020-07-31,8.671135,10.59894,17.96807,43.62524
1674,2020-08-01,7.767463,9.205313,13.56164,31.86684
1675,2020-08-02,8.237224,10.3049,17.09272,47.36263
1676,2020-08-03,9.557452,11.15436,15.74872,29.32668
1677,2020-08-04,8.693196,10.83007,19.73128,62.61606
1678,2020-08-05,4.936758,6.10353,10.7547,32.02575
1679,2020-08-06,4.18247,5.374397,8.855447,35.79647
1680,2020-08-07,6.429996,7.763193,12.07101,29.17865
1681,2020-08-08,7.46752,8.298801,10.15397,17.12317
1682,2020-08-09,7.307363,8.147045,11.05381,22.78334
1683,2020-08-10,8.93967,10.50907,15.44267,32.25605
1684,2020-08-11,5.472196,6.197622,8.57943,17.98151
1685,2020-08-12,5.977443,7.67531,12.98508,37.02368
1686,2020-08-13,8.041911,9.460509,13.99855,30.18283
1687,2020-08-14,6.815221,7.640657,9.77715,22.65925
1688,2020-08-15,7.607468,8.79114,11.98929,28.95853
1689,2020-08-16,6.247163,7.492453,11.17771,26.33261
1690,2020-08-17,6.485046,6.866911,7.075336,7.075336
1691,2020-08-18,,,,
1692,2020-08-19,,,,
1693,2020-08-20,,,,
1694,2020-08-21,,,,
1695,2020-08-22,,,,
1696,2020-08-23,,,,
1697,2020-08-24,,,,
1698,2020-08-25,,,,
1699,2020-08-26,,,,
1700,2020-08-27,,,,
1701,2020-08-28,,,,
1702,2020-08-29,,,,
1703,2020-08-30,,,,
1704,2020-08-31,,,,
1705,2020-09-01,,,,
1706,2020-09-02,,,,
1707,2020-09-03,,,,
1708,2020-09-04,,,,
1709,2020-09-05,,,,
1710,2020-09-06,,,,
1711,2020-09-07,,,,
1712,2020-09-08,,,,
1713,2020-09-09,,,,
1714,2020-09-10,,,,
1715,2020-09-11,,,,
1716,2020-09-12,,,,
1717,2020-09-13,,,,
1718,2020-09-14,,,,
1719,2020-09-15,,,,
1720,2020-09-16,,,,
1721,2020-09-17,,,,
1722,2020-09-18,,,,
1723,2020-09-19,,,,
1724,2020-09-20,,,,
1725,2020-09-21,,,,
1726,2020-09-22,,,,
1727,2020-09-23,,,,
1728,2020-09-24,,,,
1729,2020-09-25,,,,
1730,2020-09-26,,,,
1731,2020-09-27,,,,
1732,2020-09-28,,,,
1733,2020-09-29,,,,
1734,2020-09-30,,,,
1735,2020-10-01,,,,
1736,2020-10-02,,,,
1737,2020-10-03,,,,
1738,2020-10-04,,,,
1739,2020-10-05,,,,
1740,2020-10-06,,,,
1741,2020-10-07,,,,
1742,2020-10-08,,,,
1743,2020-10-09,,,,
1744,2020-10-10,,,,
1745,2020-10-11,,,,
1746,2020-10-12,,,,
1747,2020-10-13,,,,
1748,2020-10-14,,,,
1749,2020-10-15,,,,
1750,2020-10-16,,,,
1751,2020-10-17,,,,
1752,2020-10-18,,,,
1753,2020-10-19,,,,
1754,2020-10-20,,,,
1755,2020-10-21,,,,
1756,2020-10-22,,,,
1757,2020-10-23,,,,
1758,2020-10-24,,,,
1759,2020-10-25,,,,
1760,2020-10-26,,,,
1761,2020-10-27,,,,
1762,2020-10-28,,,,
1763,2020-10-29,,,,
1764,2020-10-30,,,,
1765,2020-10-31,,,,
1766,2020-11-01,,,,
1767,2020-11-02,,,,
1768,2020-11-03,,,,
1769,2020-11-04,,,,
1770,2020-11-05,,,,
1771,2020-11-06,,,,
1772,2020-11-07,,,,
1773,2020-11-08,,,,
1774,2020-11-09,,,,
1775,2020-11-10,,,,
1776,2020-11-11,,,,
1777,2020-11-12,,,,
1778,2020-11-13,,,,
1779,2020-11-14,,,,
1780,2020-11-15,,,,
1781,2020-11-16,,,,
1782,2020-11-17,,,,
1783,2020-11-18,,,,
1784,2020-11-19,,,,
1785,2020-11-20,,,,
1786,2020-11-21,,,,
1787,2020-11-22,,,,
1788,2020-11-23,,,,
1789,2020-11-24,,,,
1790,2020-11-25,,,,
1791,2020-11-26,,,,
1792,2020-11-27,,,,
1793,2020-11-28,,,,
1794,2020-11-29,,,,
1795,2020-11-30,,,,
1796,2020-12-01,,,,
1797,2020-12-02,,,,
1798,2020-12-03,,,,
1799,2020-12-04,,,,
1800,2020-12-05,,,,
1801,2020-12-06,,,,
1802,2020-12-07,,,,
1803,2020-12-08,,,,
1804,2020-12-09,,,,
1805,2020-12-10,,,,
1806,2020-12-11,,,,
1807,2020-12-12,,,,
1808,2020-12-13,,,,
1809,2020-12-14,,,,
1810,2020-12-15,,,,
1811,2020-12-16,,,,
1812,2020-12-17,,,,
1813,2020-12-18,,,,
1814,2020-12-19,,,,
1815,2020-12-20,78.46663,93.13543,147.609,255.2984
1816,2020-12-21,90.20275,104.0632,154.2989,241.5392
1817,2020-12-22,77.6665,90.92822,151.7836,249.3437
1818,2020-12-23,88.74611,105.2378,180.6469,286.7129
1819,2020-12-24,91.48299,108.0169,181.3098,304.7368
1820,2020-12-25,92.36439,108.0606,167.0514,267.3784
1821,2020-12-26,88.60143,100.8836,146.1724,221.6572
1822,2020-12-27,92.23431,104.4739,153.2559,256.0477
1823,2020-12-28,82.35541,92.4216,133.046,215.3997
1824,2020-12-29,85.38355,96.24055,145.6364,249.4246
1825,2020-12-30,96.02012,108.909,160.2203,
1826,2021-01-01,,119.399307608916,176.0,268.2
1827,2021-01-02,,127.075724135043,186.8,277.6
1828,2021-01-03,,124.49171839956,201.9,318.9
1829,2021-01-04,,206.031379168893,286.7,371.0
1830,2021-01-06,,138.939875990363,214.7,319.0
1831,2021-01-07,,95.8394748837682,199.1,352.5
1832,2021-01-08,,93.6489414088778,192.8,344.1
1833,2021-01-09,,112.925580368635,189.1,289.9
1834,2021-01-10,,106.61199116249,182.0,290.4
1835,2021-01-11,,99.509510991158,158.7,260.9
1836,2021-01-12,,96.4406415154639,139.5,229.5
1837,2021-01-13,,95.0839768436107,128.2,199.5
1838,2021-01-14,,83.9642905928514,111.4,176.5
1839,2021-01-15,,93.4695371432669,130.2,244.4
1840,2021-01-16,,72.6329304630945,97.8,172.4
1841,2021-01-17,,68.5928833199209,100.4,172.7
1842,2021-01-18,,73.5982753074313,105.4,189.3
1843,2021-01-19,,60.327972739412,92.8,201.2
1844,2021-01-20,,64.9410005346742,93.6,180.0
1845,2021-01-21,,66.3666235672712,112.8,254.4
1846,2021-01-22,,98.6115343551035,149.7,257.5
1847,2021-01-23,,97.8578899587143,125.7,202.0
1848,2021-01-24,,85.8039980492226,115.1,209.7
1849,2021-01-25,,79.4651226615349,108.4,196.0
1850,2021-01-26,,84.3527658415053,115.0,200.2
1851,2021-01-27,,94.27775246124,136.0,260.6
1852,2021-01-28,,87.3384997809321,132.8,263.7
1853,2021-01-29,,78.3328744018087,116.7,245.2
1854,2021-01-30,,71.0468735374472,110.9,219.4
1855,2021-01-31,,76.8865729455005,135.0,277.5
1856,2021-02-01,,85.7516219889804,138.6,267.6
1857,2021-02-02,,84.7159191075171,140.3,266.9
1858,2021-02-03,,87.3753629757677,133.8,252.8
1859,2021-02-04,,79.0623293845428,114.5,220.9
1860,2021-02-05,,85.9732306552902,150.6,331.9
1861,2021-02-06,,62.7126173896626,90.2,176.9
1862,2021-02-07,,57.5886880275722,94.3,198.0
1863,2021-02-08,,88.9456218250711,155.9,288.7
1864,2021-02-09,,81.000754888276,130.6,242.4
1865,2021-02-10,,85.7941367933792,121.6,220.6
1866,2021-02-11,,76.9769361717478,104.0,196.2
1867,2021-02-12,,75.4502083913236,101.0,181.3
1868,2021-02-13,,63.2306669162736,94.9,196.8
1869,2021-02-14,,53.0953209854402,83.6,185.7
1870,2021-02-15,,44.4265118593376,75.3,212.4
1871,2021-02-16,,63.4872806331511,123.6,367.8
1872,2021-02-17,,50.9141235399212,85.7,211.5
1873,2021-02-18,,41.2508468823486,68.2,184.8
1874,2021-02-19,,36.7567258392145,63.4,154.3
1875,2021-02-20,,37.6236489829581,64.4,156.5
1876,2021-02-21,,42.6369122042394,77.4,182.4
1877,2021-02-22,,45.8799886020476,76.0,167.2
1878,2021-02-23,,68.1242621089132,97.3,199.7
1879,2021-02-24,,80.8099803318076,106.1,211.1
1880,2021-02-25,,86.7091683765552,103.6,176.4
1881,2021-02-26,,82.4107354377888,97.5,209.2
1882,2021-02-27,,69.7553789929021,87.0,188.7
1883,2021-02-28,,60.5464323038368,82.0,191.5
1884,2021-03-01,,53.9842444391374,104.8,296.2
1885,2021-03-02,,51.7757692096858,156.0,473.0
1886,2021-03-03,,66.3469556032803,134.1,362.0
1887,2021-03-04,,63.1469975377004,103.0,240.9
1888,2021-03-05,,51.868279473832,82.1,194.8
1889,2021-03-06,,39.4288252343204,55.7,151.4
1890,2021-03-07,,44.5892601137938,60.1,121.1
1891,2021-03-08,,33.364784690329,52.9,135.8
1892,2021-03-09,,28.9244984610593,59.1,152.9
1893,2021-03-10,,26.7132882762858,46.2,106.1
1894,2021-03-11,,27.0299798107132,45.4,114.3
1895,2021-03-12,,28.3779427938027,46.5,117.9
1896,2021-03-13,,21.7643592068761,37.2,98.0
1897,2021-03-14,,36.5497753788103,105.7,297.0
1898,2021-03-15,,39.8346162269259,105.0,282.8
1899,2021-03-16,,42.950286093903,89.5,249.3
1900,2021-03-17,,50.5269074855873,125.5,304.8
1901,2021-03-18,,63.2106168597446,117.0,210.6
1902,2021-03-19,,59.2190884673508,134.0,278.8
1903,2021-03-20,,55.0446694312767,140.1,269.7
1904,2021-03-21,,51.4716730756455,111.3,237.8
1905,2021-03-24,,64.0969687643218,121.8,243.7
1906,2021-03-25,,78.4717246515032,153.1,295.5
1907,2021-03-26,,121.662977347217,188.0,335.7
1908,2021-03-27,,119.137361128209,159.8,265.9
1909,2021-03-28,,80.7962910140479,124.6,242.5
1910,2021-03-29,,113.446454278618,200.1,362.1
1911,2021-03-30,,161.199891185019,250.0,478.8
1912,2021-03-31,,128.764949893384,197.8,387.7
1913,2021-04-01,,,,
1914,2021-04-02,,79.7528543063352,166.4,410.9
1915,2021-04-03,,111.304209729846,210.3,436.6
1916,2021-04-04,,158.033378044852,263.5,488.6
1917,2021-04-05,,193.069170750325,299.5,521.9
1918,2021-04-06,,192.130102322316,295.2,509.3
1919,2021-04-07,,160.086814903487,252.2,443.2
1920,2021-04-08,,100.587396429878,170.0,374.5
1921,2021-04-09,,59.0498013789777,122.8,315.9
1922,2021-04-10,,57.7828267853564,116.9,254.0
1923,2021-04-11,,92.217569769471,183.9,383.0
1924,2021-04-12,,131.366796436339,239.6,456.8
1925,2021-04-13,,123.479068309171,236.2,495.2
1926,2021-04-14,,118.612465968724,211.0,434.5
1927,2021-04-15,,96.0215760431566,200.7,435.1
1928,2021-04-16,,58.4864396430939,103.9,261.1
1929,2021-04-17,,54.991892652929,90.8,219.2
1930,2021-04-18,,39.1667608948918,71.9,162.1
1931,2021-04-19,,47.2679643240354,101.7,265.8
1932,2021-04-20,,70.5216423318109,153.0,369.2
1933,2021-04-21,,82.9447373008825,148.7,311.0
1934,2021-04-22,,33.5745628438374,61.2,150.6
1935,2021-04-23,,35.4049203663342,95.6,267.6
1936,2021-04-24,,49.4489786506667,122.1,307.4
1937,2021-04-25,,56.0954690817159,137.6,331.5
1938,2021-04-26,,60.9189814399106,152.9,393.8
1939,2021-04-27,,75.1552696038218,197.4,482.5
1940,2021-04-28,,83.6451007066676,201.1,420.6
1941,2021-04-29,,63.9866876895866,116.3,222.3
1942,2021-04-30,,43.908502590453,64.8,141.7
1943,2021-05-01,,46.8754252426726,64.4,109.9
1944,2021-05-02,,53.9477561870086,69.9,93.0
1945,2021-05-03,,55.6089183638395,77.0,121.9
1946,2021-05-04,,49.9430194714084,66.3,88.4
1947,2021-05-05,,29.4475670859225,39.4,65.0
1948,2021-05-06,,35.7559914072044,51.0,83.0
1949,2021-05-07,,45.7500850875407,61.4,85.6
1950,2021-05-08,,34.8831058787641,54.1,105.6
1951,2021-05-09,,32.3695033514957,59.6,139.0
1952,2021-05-10,,51.0654165695398,72.9,120.1
1953,2021-05-11,,53.2362952144728,75.1,135.2
1954,2021-05-12,,50.0745716043873,63.7,90.3
1955,2021-05-13,,42.0921147050966,53.9,78.9
1956,2021-05-14,,44.266072072677,63.2,113.6
1957,2021-05-15,,41.6429952916309,63.1,124.5
1958,2021-05-16,,43.1405171486861,75.9,142.0
1959,2021-05-17,,48.491872298844,83.4,167.3
1960,2021-05-18,,58.1854389773471,89.3,172.9
1961,2021-05-19,,65.4909203690562,81.9,107.9
1962,2021-05-20,,28.0646310967817,33.2,39.9
1963,2021-05-21,,18.0776990098662,32.2,107.8
1964,2021-05-22,,15.6741497163918,28.8,83.7
1965,2021-05-23,,18.8796220190307,38.0,107.0
1966,2021-05-24,,21.8188769103469,43.4,130.6
1967,2021-05-25,,23.6881258165222,36.5,69.8
1968,2021-05-26,,7.65808374406642,9.1,10.3
1969,2021-05-27,,9.92781441875284,12.2,14.1
1970,2021-05-28,,20.3115450458966,22.8,23.4
1971,2021-05-29,,29.7649436751845,36.4,57.6
1972,2021-05-30,,37.463274672852,48.9,79.9
1973,2021-05-31,,29.4190239902499,38.2,59.0
1974,2021-06-01,,28.9626219983874,40.5,76.1
1975,2021-06-02,,33.4647039617732,48.0,89.7
1976,2021-06-03,,31.4874683180954,45.2,78.0
1977,2021-06-04,,32.5059172739865,53.7,116.0
1978,2021-06-05,,34.3874592399464,57.7,112.3
1979,2021-06-06,,29.9553783510544,47.8,104.7
1980,2021-06-07,,36.6444541489648,56.5,102.3
1981,2021-06-08,,39.0307788928705,63.8,124.3
1982,2021-06-09,,33.9370268532665,52.8,100.4
1983,2021-06-10,,32.1111331957226,41.3,61.3
1984,2021-06-11,,32.2580403311285,43.5,63.0
1985,2021-06-12,,27.3926602279211,31.4,41.9
1986,2021-06-13,,30.5499779445354,36.6,47.6
1987,2021-06-14,,12.5544190154304,17.3,27.4
1988,2021-06-15,,12.2376913775567,14.7,16.5
1989,2021-06-16,,9.72338896425638,11.7,13.9
1990,2021-06-17,,12.7211433608139,19.6,36.6
1991,2021-06-18,,12.1573381890411,21.3,45.0
1992,2021-06-19,,8.88004828037414,15.9,36.2
1993,2021-06-20,,12.6173793287098,21.3,42.3
1994,2021-06-21,,11.0532552602409,22.3,75.2
1995,2021-06-22,,14.415293263911,32.2,94.8
1996,2021-06-23,,13.781521257722,23.1,58.9
1997,2021-06-24,,14.7398756567028,26.6,66.0
1998,2021-06-25,,17.1841935264866,28.5,59.8
1999,2021-06-26,,14.5121094283464,19.9,27.4
2000,2021-06-27,,18.0859632720257,28.2,55.4
2001,2021-06-28,,16.7800871727195,29.9,76.6
2002,2021-06-29,,17.1491564171026,29.3,63.5
2003,2021-06-30,,27.5653018526679,40.0,61.2
2004,2021-07-01,,31.8023034396198,39.5,45.1
2005,2021-07-02,,19.0551830993091,22.0,23.9
2006,2021-07-03,,14.4756537742584,19.8,34.9
2007,2021-07-04,,18.5884591859203,31.4,69.8
2008,2021-07-05,,18.0898899091974,29.0,71.2
2009,2021-07-06,,18.7500299011766,31.4,71.2
2010,2021-07-07,,21.8860148590302,36.8,74.8
2011,2021-07-08,,15.7117906352717,20.9,31.4
2012,2021-07-09,,13.4580848333404,23.9,67.9
2013,2021-07-10,,13.5018265200035,20.5,47.6
2014,2021-07-11,,13.6250801617397,21.4,51.6
2015,2021-07-12,,15.0803482194347,26.8,69.3
2016,2021-07-13,,12.1401865057216,23.3,66.7
2017,2021-07-14,,13.4889720575159,19.2,36.4
2018,2021-07-15,,14.0242718330452,20.3,36.2
2019,2021-07-16,,22.6880433841184,33.0,50.0
2020,2021-07-17,,19.7987761980853,26.6,45.1
2021,2021-07-18,,15.3042332871942,30.0,102.3
2022,2021-07-19,,16.9464447216418,28.2,79.1
2023,2021-07-20,,19.7361514802966,27.7,50.5
2024,2021-07-21,,13.7485346866879,22.9,58.6
2025,2021-07-22,,15.9040906830239,24.3,53.9
2026,2021-07-23,,11.854913995183,25.3,78.1
2027,2021-07-24,,11.1873515641319,28.9,126.8
2028,2021-07-25,,10.8858211579334,20.2,67.7
2029,2021-07-30,,9.60056563535004,20.7,62.4
2030,2021-07-31,,9.34482405059726,22.1,85.0
2031,2021-08-01,,11.8757046420197,32.5,111.4
2032,2021-08-02,,10.3437477076643,24.7,93.1
2033,2021-08-03,,11.0215408959781,25.2,88.9
2034,2021-08-04,,14.6349005328875,21.8,37.3
2035,2021-08-05,,19.7387262591358,43.5,130.8
2036,2021-08-06,,22.1652746449971,49.6,143.9
2037,2021-08-07,,18.7857492763164,35.7,90.2
2038,2021-08-08,,14.481392091997,28.2,104.2
2039,2021-08-09,,12.2281946918343,28.5,98.9
2040,2021-08-10,,16.0773430054777,37.9,104.8
2041,2021-08-11,,21.0738731102428,59.3,147.0
2042,2021-08-12,,17.3855712256504,31.0,78.3
2043,2021-08-13,,16.7539598529753,38.3,148.0
2044,2021-08-14,,13.0463966169041,22.9,53.8
2045,2021-08-15,,10.2860586693643,19.3,43.6
2046,2021-08-16,,16.3808290072822,34.2,91.1
2047,2021-08-17,,30.1673067550262,53.3,127.5
2048,2021-08-18,,16.5222371797739,28.0,65.9
2049,2021-08-19,,11.6125156196797,28.3,80.4
2050,2021-08-20,,13.6757349196838,32.0,99.0
2051,2021-08-21,,14.0607473959286,35.7,88.1
2052,2021-08-22,,11.6900289316461,21.1,53.2
2053,2021-08-23,,16.6362394423036,21.5,30.2
2054,2021-08-24,,18.4362811427588,27.1,45.2
2055,2021-08-25,,14.2842608783912,24.5,52.3
2056,2021-08-26,,11.629174686102,25.6,66.5
2057,2021-08-27,,20.9549669363508,28.4,42.2
2058,2021-08-28,,17.4331405240197,23.2,37.9
2059,2021-08-29,,10.9700857459967,11.4,11.5
2060,2021-08-30,,14.8564500499999,20.5,36.0
2061,2021-08-31,,11.63619888081,20.1,50.2
2062,2021-09-01,,10.0309926585081,19.6,54.1
2063,2021-09-02,,14.1040951932703,24.7,57.2
2064,2021-09-03,,16.5006091189594,24.1,49.6
2065,2021-09-04,,14.7677550839155,27.8,80.3
2066,2021-09-05,,16.6759503228452,33.1,91.9
2067,2021-09-06,,11.8116351419131,20.5,50.2
2068,2021-09-07,,12.7033945292123,21.9,57.8
2069,2021-09-08,,15.0556830643702,30.7,92.0
2070,2021-09-09,,16.3474653444495,23.7,39.6
2071,2021-09-10,,19.248840976584,37.6,103.3
2072,2021-09-11,,16.034350153868,32.1,85.4
2073,2021-09-12,,17.3939564882546,40.0,105.5
2074,2021-09-13,,18.8780657385023,39.2,108.7
2075,2021-09-14,,20.323509384382,47.8,135.6
2076,2021-09-15,,16.977719037171,33.7,82.4
2077,2021-09-16,,22.6338995562383,40.5,87.7
2078,2021-09-17,,21.5751513670546,27.6,39.5
2079,2021-09-18,,18.5023551278951,35.1,94.7
2080,2021-09-19,,18.0310410650897,39.0,106.6
2081,2021-09-20,,16.4025103663465,29.8,70.7
2082,2021-09-21,,11.9181019600222,23.2,64.7
2083,2021-09-22,,15.672440211654,26.6,74.3
2084,2021-09-23,,16.3956452269991,28.7,81.5
2085,2021-09-24,,15.5163899885195,33.5,93.7
2086,2021-09-25,,17.8594731387399,33.2,86.1
2087,2021-09-26,,26.2763091753497,43.7,95.1
2088,2021-09-27,,21.1241727075239,45.9,123.0
2089,2021-09-28,,20.2980941440614,31.6,68.3
2090,2021-09-29,,18.391076640192,31.0,73.0
2091,2021-09-30,,18.9129431860652,34.6,80.2
2092,2021-10-01,,20.3283037206857,37.9,87.4
2093,2021-10-02,,14.1468028785296,30.5,86.0
2094,2021-10-04,,18.1894095178207,32.6,78.8
2095,2021-11-20,,62.4888467089606,122.2,245.9
2096,2021-11-21,,54.201669933761,104.6,228.8
2097,2021-11-22,,46.3806497858364,84.0,179.9
2098,2021-11-23,,66.2319121090416,101.2,175.9
2099,2021-11-24,,77.3473884458744,109.9,194.1
2100,2021-11-25,,71.2344563588598,97.1,172.4
2101,2021-11-26,,67.0846161577774,91.5,152.3
2102,2021-11-27,,69.3291949411507,100.3,189.9
2103,2021-11-28,,58.2664426004694,87.1,175.2
2104,2021-11-29,,56.9442524794811,93.9,175.4
2105,2021-11-30,,50.0707233680526,82.8,169.1
2106,2021-12-01,,69.1431177966371,118.3,222.7
2107,2021-12-02,,71.8967851260429,129.8,240.4
2108,2021-12-03,,57.0626774858946,85.1,145.8
2109,2021-12-04,,55.3260908222716,77.8,144.5
2110,2021-12-05,,39.3929004101071,70.3,144.4
2111,2021-12-06,,47.9503488485054,74.7,136.3
2112,2021-12-07,,47.5420599583641,79.1,169.6
2113,2021-12-08,,48.0808750416857,81.4,169.8
2114,2021-12-09,,44.3457785624185,78.8,173.9
2115,2021-12-10,,52.961044522234,95.6,191.3
2116,2021-12-11,,60.2977091660054,100.7,204.3
2117,2021-12-12,,66.7803280629541,105.4,197.2
2118,2021-12-13,,83.6571105460375,118.5,206.0
2119,2021-12-14,,93.2743843470379,119.2,192.0
2120,2021-12-15,,116.930974602475,155.8,244.5
2121,2021-12-17,,51.2121777162969,74.4,159.7
2122,2021-12-18,,43.8510606831843,60.1,113.4
2123,2021-12-19,,29.741861638136,43.8,86.7
2124,2021-12-20,,35.3321436415394,46.7,88.0
2125,2021-12-21,,57.8834331835909,88.1,172.0
2126,2021-12-22,,54.7823747017245,83.5,144.8
2127,2021-12-23,,56.8836252777176,85.7,156.5
2128,2021-12-24,,56.4477417440382,71.4,100.0
2129,2021-12-25,,49.2076243801419,60.4,89.0
2130,2021-12-26,,46.5536063647292,60.9,89.1
2131,2021-12-27,,44.4476228275499,69.1,132.7
2132,2021-12-29,,28.2143224119987,28.7,29.1
2133,2021-12-30,,53.0404146837352,63.5,88.1
2134,2021-12-31,,58.5437081929031,71.3,111.0
2135,2022-01-01,,52.1479636843694,61.07165880158,81.9788959423197
2136,2022-01-02,,42.362751750294,57.8949373701763,89.7850301016429
2137,2022-01-03,,41.8433115109885,60.2557098366574,95.9758806002246
2138,2022-01-04,,42.5192409923374,59.6870878269033,88.5323640450119
2139,2022-01-05,,35.8786734645117,50.2663987690022,81.0171407860895
2140,2022-01-06,,22.7095669270485,36.1970031184858,74.2072515937025
2141,2022-01-07,,20.937337504616,35.6057055653752,62.558061234516
2142,2022-01-08,,12.9376900142909,25.8779407534398,54.1738147968948
2143,2022-01-09,,22.904681042379,39.2237278910749,74.9764713783821
2144,2022-01-10,,15.459303069195,27.6317800784324,62.7237506031906
2145,2022-01-11,,12.4774102348272,22.1269148223682,46.7125067881795
2146,2022-01-12,,10.6199026138663,17.3037451880165,37.8884555988019
2147,2022-01-13,,7.18523450839069,11.2022357836093,26.7537866019151
2148,2022-01-14,,9.00564536939891,16.1789785489567,28.7528901474633
2149,2022-01-15,,10.9750276270341,17.598964538666,26.0168482890678
2150,2022-01-16,,11.7215312323711,19.8753567023715,37.9184860676565
2151,2022-01-17,,,,
2152,2022-01-18,,,,
2153,2022-01-19,,,,
2154,2022-01-20,,,,
2155,2022-01-21,,,,
2156,2022-01-22,,,,
2157,2022-01-23,,,,
2158,2022-01-24,,,,
2159,2022-01-25,,,,
2160,2022-01-26,,,,
2161,2022-01-27,,,,
2162,2022-01-28,,,,
2163,2022-01-29,,,,
2164,2022-01-30,,,,
2165,2022-01-31,,,,
2166,2022-02-01,,,,
2167,2022-02-02,,,,
2168,2022-02-03,,,,
2169,2022-02-04,,,,
2170,2022-02-05,,11.919539143961,14.3060822859951,20.8292322849144
2171,2022-02-06,,15.5328768489524,22.2785121033291,34.9086269078111
2172,2022-02-07,,15.5471276619876,21.6546010990833,34.1207583199844
2173,2022-02-08,,12.5264756737084,17.8712396682696,37.3799256295176
2174,2022-02-09,,12.3566285207822,20.566360718465,40.8303991950405
2175,2022-02-10,,9.73278251712496,15.3891384965233,36.8348265946803
2176,2022-02-11,,9.19330046504411,14.9906947018953,36.9507765537449
2177,2022-02-12,,9.10389190965361,16.8892010379968,36.5776567643846
2178,2022-02-13,,9.57837580236185,16.2420937400853,38.5465805365308
2179,2022-02-14,,,,
2180,2022-02-15,,,,
2181,2022-02-16,,,,
2182,2022-02-17,,,,
2183,2022-02-18,,,,
2184,2022-02-19,,,,
2185,2022-02-20,,,,
2186,2022-02-21,,,,
2187,2022-02-22,,,,
2188,2022-02-23,,,,
2189,2022-02-24,,,,
2190,2022-02-25,,,,
2191,2022-02-26,,,,
2192,2022-02-27,,,,
2193,2022-02-28,,,,
2194,2022-03-01,,,,
2195,2022-03-02,,,,
2196,2022-03-03,,,,
2197,2022-03-04,,,,
2198,2022-03-05,,,,
2199,2022-03-06,,,,
2200,2022-03-07,,,,
2201,2022-03-08,,,,
2202,2022-03-09,,,,
2203,2022-03-10,,,,
2204,2022-03-11,,,,
2205,2022-03-12,,,,
2206,2022-03-13,,,,
2207,2022-03-14,,,,
2208,2022-03-15,,,,
2209,2022-03-16,,,,
2210,2022-03-17,,,,
2211,2022-03-18,,,,
2212,2022-03-19,,,,
2213,2022-03-20,,,,
2214,2022-03-21,,,,
2215,2022-03-22,,,,
2216,2022-03-23,,,,
2217,2022-03-24,,,,
2218,2022-03-25,,,,
2219,2022-03-26,,,,
2220,2022-03-27,,,,
2221,2022-03-28,,,,
2222,2022-03-29,,,,
2223,2022-03-30,,,,
2224,2022-03-31,,,,
2225,2022-04-01,,,,
2226,2022-04-02,,,,
2227,2022-04-03,,,,
2228,2022-04-04,,,,
2229,2022-04-05,,,,
2230,2022-04-06,,,,
2231,2022-04-07,,,,
2232,2022-04-08,,,,
2233,2022-04-09,,,,
2234,2022-04-10,,,,
2235,2022-04-11,,,,
2236,2022-04-12,,,,
2237,2022-04-13,,,,
2238,2022-04-14,,,,
2239,2022-04-15,,,,
2240,2022-04-16,,,,
2241,2022-04-17,,,,
2242,2022-04-18,,,,
2243,2022-04-19,,,,
2244,2022-04-20,,,,
2245,2022-04-21,,,,
2246,2022-04-22,,45.455885092907,86.7704869985254,188.224418068866
2247,2022-04-23,,50.5914730151555,111.273374147601,217.420640733724
2248,2022-04-24,,84.4802431858189,184.288939251628,337.064064657804
2249,2022-04-25,,95.7604942009092,208.236749921998,384.031524214867
2250,2022-04-26,,98.2089645585122,211.304911846964,378.781874085162
2251,2022-04-27,,71.5214226493363,152.103777949477,314.865979950762
2252,2022-04-28,,81.017738432687,147.85459575439,260.647245551431
2253,2022-04-29,,70.4830328675307,114.615499276955,196.236700930226
2254,2022-04-30,,51.4049381205046,70.2965817977766,101.373723959763
2255,2022-05-01,,44.5638051805321,76.1842755995579,148.373900650339
2256,2022-05-02,,50.0697411115268,65.1838302735993,97.3280526307364
2257,2022-05-03,,39.2409726934625,63.4586279091444,117.359940541934
2258,2022-05-04,,36.2689346626138,57.5061676382103,99.7948886342579
2259,2022-05-05,,21.2599376176224,41.2655833653971,90.2268800348722
2260,2022-05-06,,30.5375954842748,55.8185633681013,111.017738481346
2261,2022-05-07,,32.3321355815179,58.4189674375673,125.559019521565
2262,2022-05-08,,27.0792413103017,47.5001989579507,97.9892976315347
2263,2022-05-09,,36.7943170864859,65.8403682001656,114.63160949924
2264,2022-05-10,,40.8904910877432,70.3766799974358,127.319632481883
2265,2022-05-11,,27.4100812837224,45.8452969235659,88.7973885146171
2266,2022-05-12,,37.3849955381841,57.3235086420172,97.3978217687997
2267,2022-05-13,,32.5312518730411,47.3140727097279,75.7988760186833
2268,2022-05-14,,43.4691784799587,62.0954834727051,93.1015733011307
2269,2022-05-15,,63.1765358481318,86.2541581548592,106.006174744681
2270,2022-05-16,,44.8201507467643,63.6757313435763,88.178816877186
2271,2022-05-17,,45.8023092734176,96.6196509678726,178.931003199103
2272,2022-05-18,,41.0052007688878,88.7809820609584,182.066441828392
2273,2022-05-19,,47.6929122849864,86.6677377426183,156.971572963223
2274,2022-05-20,,32.8701141421281,56.7999788155422,107.62847176826
2275,2022-05-21,,39.2061157046321,72.8483379714381,150.703173411366
2276,2022-05-22,,29.6937788605104,55.6661208087378,106.889836011662
2277,2022-05-23,,32.686198568748,56.7321782901087,112.521398670268
2278,2022-05-24,,42.218656028172,77.3900733115606,145.651299502872
2279,2022-05-25,,42.6092480973499,69.7660431132384,119.551176998028
2280,2022-05-26,,32.2234490810803,55.3641266452131,105.002070040338
2281,2022-05-27,,38.3144151469786,66.9006259162865,121.315521491633
2282,2022-05-28,,45.6053431670594,66.2885238950983,97.9524536311128
2283,2022-05-29,,50.4720583110865,83.6977448184057,146.916278184078
2284,2022-05-30,,48.3946339170583,76.4578198929727,127.060689397426
2285,2022-05-31,,47.1643548965007,73.9475138022366,120.545556014382
2286,2022-06-01,,51.7094376799604,88.3685560419785,154.879159142853
2287,2022-06-02,,45.013964435843,78.0377706166909,133.152330975262
2288,2022-06-03,,41.6474518167768,71.8846402681318,131.628136306197
2289,2022-06-04,,51.5025084226501,78.7961895923453,119.213506298113
2290,2022-06-05,,56.4204929190342,78.176863819296,105.767276002755
2291,2022-06-06,,62.6704490926794,95.4474091653765,148.88453772695
2292,2022-06-07,,53.3875141305571,81.662298131593,123.676529035175
2293,2022-06-08,,46.3453233646812,68.5913311966514,105.979608791172
2294,2022-06-09,,43.3438563363025,61.5873308471614,82.3935040260674
2295,2022-06-10,,50.9908466822156,87.1281398249473,135.784678869369
2296,2022-06-11,,46.3237180811484,77.6080678135357,123.697480742927
2297,2022-06-12,,41.8257558372893,78.3960127535582,137.046093415025
2298,2022-06-13,,46.0679117070294,75.6047393370011,123.6434744237
2299,2022-06-14,,43.2929174758715,70.5377666134335,111.424158924422
2300,2022-06-15,,47.999716249755,74.4190449876269,110.18944613835
2301,2022-06-16,,44.2324774084791,74.8705295630556,135.978898591934
2302,2022-06-17,,25.6363630890939,46.2880175900222,90.0600168208831
2303,2022-06-18,,26.3857127884948,42.6829335861756,78.2194826040182
2304,2022-06-19,,22.3603818161318,40.8199246586256,85.938402603622
2305,2022-06-20,,28.8293687540535,51.6466677610825,100.195616894043
2306,2022-06-21,,,,
2307,2022-06-22,,,,
2308,2022-06-23,,,,
2309,2022-06-24,,,,
2310,2022-06-25,,,,
2311,2022-06-26,,,,
2312,2022-06-27,,,,
2313,2022-06-28,,,,
2314,2022-06-29,,,,
2315,2022-06-30,,,,
2316,2022-07-01,,22.865559082961,43.4528181266392,92.3122767962065
2317,2022-07-02,,19.3902044445829,32.6890474304883,70.2905117591603
2318,2022-07-03,,21.0712474506756,39.8793995003677,79.4527695287456
2319,2022-07-04,,21.5621989979728,39.1519554764819,79.1904180136133
2320,2022-07-05,,20.3560643061065,34.8110860559333,76.797879743751
2321,2022-07-06,,27.3755963674521,42.8229799771402,72.1774190237785
2322,2022-07-07,,18.6192405711083,29.8831988236122,58.3873930339742
2323,2022-07-08,,21.2162367324385,30.6290597495613,46.9892222044034
2324,2022-07-09,,16.2849367606746,23.8213338591541,39.1098564600354
2325,2022-07-10,,13.7604342681906,27.6687794769209,70.7057171992143
2326,2022-07-11,,21.1906601715337,34.5127412652078,65.3811263719897
2327,2022-07-12,,15.8599265101153,26.0242844269307,54.5279372710927
2328,2022-07-13,,17.1286268992373,30.0871221205914,61.5537522420414
2329,2022-07-14,,20.0265562381932,35.4791643440466,74.995139339096
2330,2022-07-15,,18.6756800331168,39.0453811073622,99.1647411630901
2331,2022-07-16,,16.798660901201,33.150169947737,77.1470115866775
2332,2022-07-17,,16.6927589656617,33.4186528138404,78.6724600794871
2333,2022-07-18,,16.604742447189,26.8934391048549,54.0018627950953
2334,2022-07-19,,13.639648698753,24.0200098578541,48.4347470666012
2335,2022-07-20,,18.1327425790086,25.6549794191609,36.3243666995897
2336,2022-07-21,,19.7516404847374,28.002717363503,45.4385572539715
2337,2022-07-22,,17.2824813518453,25.0286795415722,38.7180763184871
2338,2022-07-23,,9.64258038031433,17.7886448522773,42.0020487057001
2339,2022-07-24,,11.0167216745498,20.0417706529386,48.3739853384326
2340,2022-07-25,,10.9288039423586,21.2042741380009,53.6042618299546
2341,2022-07-26,,11.9148852322305,18.9540139287161,36.0054488355609
2342,2022-07-27,,15.3017958874588,22.5707227826115,39.1631923084966
2343,2022-07-28,,11.7102205325605,20.2866879973499,46.5251890646485
2344,2022-07-29,,16.7451682193662,27.3268404886444,48.003838866606
2345,2022-07-30,,15.4674892541267,24.1354466836998,41.332591101351
2346,2022-07-31,,14.3540065743185,18.1953796041324,21.1086747665091
2347,2022-08-01,,12.5587701356329,15.5562274303919,19.0888653253333
2348,2022-08-02,,14.8939706397752,22.0950127652354,34.6320570849404
2349,2022-08-03,,14.3718991659756,21.0237191512135,34.0174458591193
2350,2022-08-04,,21.8584316086382,31.5357224505813,45.446404449628
2351,2022-08-05,,20.9551097756441,35.8783825924846,74.2128728978752
2352,2022-08-06,,16.987592204893,25.1630425135017,42.4292703165898
2353,2022-08-07,,17.0964128298064,27.4182131010531,52.2973529050822
2354,2022-08-08,,13.9736899830738,24.3944399460269,50.9320988349913
2355,2022-08-09,,12.2304228406,24.668350547407,59.411552513787
2356,2022-08-10,,13.3258429086023,23.5294297607123,50.9369324935722
2357,2022-08-11,,14.3268319815897,28.9238345526322,74.104042126015
2358,2022-08-12,,15.9077777610884,31.098611100182,65.9287501285533
2359,2022-08-13,,17.8725968807045,28.8400154763659,58.8014501515409
2360,2022-08-14,,15.9344205354689,25.8196152225386,49.2947927727168
2361,2022-08-15,,15.2167361141909,31.239791664481,76.8261112593997
2362,2022-08-16,,17.8705555319794,32.3913194345106,65.4998610860767
2363,2022-08-17,,19.6384969565267,35.2255956023524,75.7938241311739
2364,2022-08-18,,17.9850056973878,32.0379856976747,70.1387568191574
2365,2022-08-19,,10.1661805601583,17.1691666837365,36.8207637780205
2366,2022-08-20,,11.8158333281683,19.7545833458488,41.2889583163812
2367,2022-08-21,,12.6238194459018,23.8135416520967,55.1337499962911
2368,2022-08-22,,19.7531944400728,34.5795833349226,74.9289582954488
2369,2022-08-23,,18.2282638900808,29.1225000109945,53.7958332988981
2370,2022-08-24,,13.5872222234816,24.8851388653136,61.9773612767524
2371,2022-08-25,,12.9182638830618,24.5874999688724,56.2693749725835
2372,2022-08-26,,16.8242509186801,27.6841746345696,53.4698531238
2373,2022-08-27,,18.6142349550159,28.7079143239728,51.1330626710266
2374,2022-08-28,,13.4211640698394,19.5335993264183,31.2177142223986
2375,2022-08-29,,13.7490516784957,26.1128688555163,61.6086645937748
2376,2022-08-30,,13.2114583449248,22.1744444608677,46.8746527817532
2377,2022-08-31,,19.1487818747545,28.7259016333913,44.1313012954907
2378,2022-09-01,,24.9591666453406,36.5397916886528,53.5900694131833
2379,2022-09-02,,20.2375956224491,32.022333756931,58.3654405488318
2380,2022-09-03,,22.7920833647241,35.1143055710526,61.0976389030598
2381,2022-09-04,,19.2948834779457,30.0334957648682,56.7725023181959
2382,2022-09-05,,25.2461111035608,39.5683333297556,69.2911805762217
2383,2022-09-06,,22.4248611370708,35.5411805517142,65.0126388781557
2384,2022-09-07,,21.4620139029275,29.5238888611386,43.1875693907308
2385,2022-09-08,,30.428333335834,40.8827518646203,47.1058992444686
2386,2022-09-09,,24.8151388976299,34.626666645872,46.8220832698882
2387,2022-09-10,,22.4007838892728,31.2688253326704,45.1259840311188
2388,2022-09-11,,26.9733333547906,39.9748611225022,62.5932638857123
2389,2022-09-12,,20.4109369215096,34.9902177038446,75.1734133858142
2390,2022-09-13,,14.3814266099435,23.307195769764,41.9461750446209
2391,2022-09-14,,13.0114583265452,22.5279166658716,47.0078472480167
2392,2022-09-15,,17.2009722154992,25.9375694514981,41.0736805139326
2393,2022-09-16,,18.6135416653411,29.1297916783235,50.2481249868876
2394,2022-09-17,,24.2605555633703,34.2201389034578,47.1375695553117
2395,2022-09-18,,,,
2396,2022-09-19,,21.7373546650346,34.6600715932545,66.4732898447452
2397,2022-09-20,,24.4658377406722,42.4667066964262,79.3713956817877
2398,2022-09-21,,24.26282959467,43.5907454591903,90.7249428060233
2399,2022-09-22,,19.4817239529957,33.9940169174828,69.0043398154256
2400,2022-09-23,,20.8636108827179,35.1125914152885,65.4584542524569
2401,2022-09-24,,20.7401909755108,33.8988677217404,59.5689200691644
2402,2022-09-25,,21.3377174620093,33.3535543238308,56.7146088392079
2403,2022-09-26,,23.5003786771257,38.125771713416,64.2151289319819
2404,2022-09-27,,21.9032070495534,39.4790996725278,78.2650473829172
2405,2022-09-28,,24.2313382957022,41.1947895459874,74.7644096720679
2406,2022-09-29,,25.1947979283714,44.5425170828754,82.6730796916739
2407,2022-09-30,,28.0367308374432,44.5184134378307,74.4443279806593
2408,2022-10-01,,31.314788627471,46.7967551214325,69.1769231119553
2409,2022-10-02,,25.3500511800232,41.3783988444214,74.0739514720336
2410,2022-10-03,,18.3284114926863,28.5643621907724,52.1837953527735
2411,2022-10-04,,15.1616624562932,18.8766311749664,21.849226627624
2412,2022-10-05,,7.40579852078722,9.30007191947329,11.3823846134921
2413,2022-10-06,,9.48282813939472,10.2253790329001,10.3268825759313
2414,2022-10-07,,17.441268757965,20.4646308670416,27.3697821764628
2415,2022-10-08,,13.3894160620224,19.5498370421313,34.7428642253126
2416,2022-10-09,,14.1630354861929,22.4363782209432,39.9065826701658
2417,2022-10-10,,,,
2418,2022-10-11,,,,
2419,2022-10-12,,16.9281376696347,26.2674457596441,44.4815629142821
2420,2022-10-13,,16.5604205238187,26.1308629223807,46.5120503332684
2421,2022-10-14,,17.06378706751,26.7894921668768,46.7597634436322
2422,2022-10-15,,22.8223811566316,34.3936900588078,56.5022070272421
2423,2022-10-16,,27.1851090589378,42.7547522136376,72.9019574301764
2424,2022-10-17,,26.689587249575,50.457980959332,94.356616436806
2425,2022-10-18,,31.1680246649139,50.5502366484606,86.7262500267661
2426,2022-10-19,,33.8623732326345,50.948326994424,80.9238517217904
2427,2022-10-20,,,,
2428,2022-10-21,,,,
2429,2022-10-22,,,,
2430,2022-10-23,,,,
2431,2022-10-24,,,,
2432,2022-10-25,,,,
2433,2022-10-26,,,,
2434,2022-10-27,,,,
2435,2022-10-28,,,,
2436,2022-10-29,,,,
2437,2022-10-30,,,,
2438,2022-10-31,,,,
2439,2022-11-01,,,,
2440,2022-11-02,,,,
2441,2022-11-03,,,,
2442,2022-11-04,,,,
2443,2022-11-05,,48.1003088179713,67.9304839665984,93.1937104785478
2444,2022-11-06,,45.0847831637109,62.0103703530512,95.7590775141255
2445,2022-11-07,,41.3565833344725,52.3892323502952,71.6247813872486
2446,2022-11-08,,47.3159937539175,60.2393975330016,82.562921803484
2447,2022-11-09,,44.2841695223518,57.449981180318,79.6597601732579
2448,2022-11-10,,43.1374659735689,56.1015608978766,85.1906982529817
2449,2022-11-11,,46.261632487454,58.6507137036539,82.4114033195459
2450,2022-11-12,,47.5580748142696,59.3417154079756,81.3989617291992
2451,2022-11-13,,49.0259583905551,61.9736866721805,83.3568834598454
2452,2022-11-14,,59.0981110880331,70.7899999618595,88.7996794305361
2453,2022-11-15,,58.1605075561864,67.5821366133299,84.2015630168459
2454,2022-11-16,,55.1443392407721,63.0141478439897,76.3784421305312
2455,2022-11-17,,53.2540869759508,61.3353301794385,71.7681625540784
2456,2022-11-18,,61.9540300226397,69.4194911858207,81.1927789720675
2457,2022-11-19,,59.2870655180585,65.9706962717907,77.7738838473285
2458,2022-11-20,,47.4708457433264,52.1808184943968,62.8834043412241
2459,2022-11-21,,45.7264082692144,51.7319592017076,66.4525159486232
2460,2022-11-22,,48.5391746182906,56.1347210216372,72.6740926861313
2461,2022-11-23,,55.248101136485,61.9820856081771,77.7129371947963
2462,2022-11-24,,46.0497616655019,51.3839169732542,63.7194209807538
2463,2022-11-25,,50.7483959072271,57.6242486223065,72.8738900010514
2464,2022-11-26,,47.4870139258377,52.5130134018508,67.7510473319022
2465,2022-11-27,,43.1159961324142,47.102828994832,57.1387511776332
2466,2022-11-28,,46.3244168016343,49.8666878073818,58.6564061466406
2467,2022-11-29,,51.5726388772323,55.4088194012635,65.1713888896825
2468,2022-11-30,,54.478808548226,60.3310818531363,77.6178508866602
2469,2022-12-01,,49.173958337308,53.9180555780724,67.5240278270509
2470,2022-12-02,,46.3882638355078,50.4021527581718,61.8168750630489
2471,2022-12-03,,47.5661788870703,51.2568538011995,60.9046697926598
2472,2022-12-04,,50.2718749946994,55.0976388639865,67.9855555693301
2473,2022-12-05,,45.4370582895198,49.5724203263691,60.4001002121298
2474,2022-12-06,,45.0467494891956,49.1894354820673,59.4404234041862
2475,2022-12-07,,48.4364151096085,51.8904941001005,61.0265220852703
2476,2022-12-08,,49.6221428264196,53.1404780425522,62.6880205958519
2477,2022-12-09,,49.6898781983361,56.023563364687,75.5144637124393
2478,2022-12-10,,53.9688194327885,58.0124305420447,68.4079861124354
2479,2022-12-11,,55.5309507168787,62.0604141931408,78.4515132774725
2480,2022-12-12,,61.219163219221,67.5208241649972,78.5262659534074
2481,2022-12-13,,74.5144492329286,85.3652513688513,130.347225803605
2482,2022-12-14,,66.8292101129749,72.4247063870043,87.4167270103461
2483,2022-12-15,,66.6291352136262,72.4822913840775,86.5992741372748
2484,2022-12-16,,66.8087682439558,71.9394262766797,85.7451356153919
2485,2022-12-17,,68.7597939599403,72.7985917877861,85.2888046839227
2486,2022-12-18,,69.8644400777381,75.119523875373,96.8348908074601
2487,2022-12-19,,57.4139309642972,62.5768681553974,79.7292337537395
2488,2022-12-20,,52.0654166115649,55.6479166176587,70.4907639622754
2489,2022-12-21,,58.0160416695794,61.081458312935,72.064513889951
2490,2022-12-22,,57.4725694802078,60.2988194240459,70.4622916248114
2491,2022-12-23,,54.5272221710949,59.4352777176433,72.9279166645493
2492,2022-12-24,,65.2560416499754,69.4148610830292,79.1901388088824
2493,2022-12-25,,61.2268125933185,68.001481786597,88.4808414892075
2494,2022-12-26,,53.9755305691731,60.2309471813936,80.1736349393134
2495,2022-12-27,,55.4250717304097,62.6855772082721,90.6583344263352
2496,2022-12-28,,56.2442360613079,61.4504861182631,77.2953472150655
2497,2022-12-29,,73.6792349556529,78.0609004744191,91.3026104380303
2498,2022-12-30,,75.6041301879075,79.6577925827138,94.6793978097711
2499,2022-12-31,,68.3301648356781,72.7802182091606,87.4280402729598
2500,2023-01-01,,,,
2501,2023-01-02,,,,
2502,2023-01-03,,52.8375,57.1875,68.9097916390486
2503,2023-01-04,,46.225,51.2583333333333,66.1470833279444
2504,2023-01-05,,42.4583333333333,48.6708333333333,67.1617360654722
2505,2023-01-06,,66.65,80.3208333333333,110.733938280798
2506,2023-01-07,,67.3041666666667,85.9583333333333,154.753679423632
2507,2023-01-08,,53.3875,64.2333333333333,91.4936041180905
2508,2023-01-09,,47.8375,61.7791666666667,92.1162687314836
2509,2023-01-10,,59.9708333333333,84.775,143.819904847614
2510,2023-01-11,,58.0083333333333,79.7375,131.259423293744
2511,2023-01-12,,52.3625,69.7041666666667,106.233911216968
2512,2023-01-13,,44.9,58.85,92.4298611608819
2513,2023-01-14,,40.9291666666667,59.1791666666667,101.532218658512
2514,2023-01-15,,47.9583333333333,59.8208333333333,91.3575002756528
2515,2023-01-16,,64.2375,68.2291666666667,81.8942166890616
2516,2023-01-17,,61.95,67.0083333333333,82.6574305582569
2517,2023-01-18,,58.3916666666667,66.0666666666667,87.8943147231919
2518,2023-01-19,,59.9791666666667,66.3666666666667,84.2098901574413
2519,2023-01-20,,73.0416666666667,79.9708333333333,103.453194424507
2520,2023-01-21,,58.6708333333333,70.9958333333333,111.280501517998
2521,2023-01-22,,54.3291666666667,78.2166666666667,134.749305476215
2522,2023-01-23,,46.3041666666667,62.3666666666667,101.769589057598
2523,2023-01-24,,38.85,49.5458333333333,73.1484289158703
2524,2023-01-25,,41.8083333333333,53.4416666666667,80.7300000776875
2525,2023-01-26,,50.3041666666667,59.5666666666667,82.4372234780873
2526,2023-01-27,,40.7583333333333,61.4916666666667,105.979429569623
2527,2023-01-28,,35.9916666666667,49.7791666666667,76.6879861134514
2528,2023-01-29,,41.0375,51.3583333333333,75.255244869003
2529,2023-01-30,,66.0375,79.8916666666667,108.429776172918
2530,2023-01-31,,90.3875,140.666666666667,278.394971949346
2531,2023-02-01,,59.6,81.625,137.70012884771
2532,2023-02-02,,62.4416666666667,80.0166666666667,120.020245869344
2533,2023-02-03,,59.9291666666667,75.0458333333333,111.493864051971
2534,2023-02-04,,65.775,78.9166666666667,116.452513717299
2535,2023-02-05,,60.55,78.4125,118.899097238896
2536,2023-02-06,,66.7208333333333,82.6,126.779216650612
2537,2023-02-07,,56.2875,72.3041666666667,111.476736193646
2538,2023-02-08,,53.4625,72.9541666666667,125.449305397111
2539,2023-02-09,,58.7708333333333,69.0541666666667,97.8338059431773
2540,2023-02-10,,58.6916666666667,75.65,136.179207440214
2541,2023-02-11,,52.3125,71.65,132.565902892751
2542,2023-02-12,,41.525,83.3541666666667,195.859223534799
2543,2023-02-13,,44.4791666666667,78.55,154.151356950464
2544,2023-02-14,,43.3125,77.7333333333333,148.417572919224
2545,2023-02-15,,34.2916666666667,83.725,165.009791788049
2546,2023-02-16,,34.8416666666667,70.4208333333333,142.944266404278
2547,2023-02-17,,,,
2548,2023-02-18,,,,
2549,2023-02-19,,,,
2550,2023-02-20,,,,
2551,2023-02-21,,,,
2552,2023-02-22,,,,
2553,2023-02-23,,,,
2554,2023-02-24,,,,
2555,2023-02-25,,,,
2556,2023-02-26,,,,
2557,2023-02-27,,,,
2558,2023-02-28,,97.9708333333333,137.325,169.654083327918
2559,2023-03-01,,107.320833333333,147.0875,180.037029674534
2560,2023-03-02,,96.3083333333333,133.958333333333,165.868249012584
2561,2023-03-03,,94.8666666666667,131.666666666667,162.563958311236
2562,2023-03-04,,99.7916666666667,137.479166666667,168.387094703462
2563,2023-03-05,,95.1458333333333,131.520833333333,162.333178582242
2564,2023-03-06,,89.5958333333333,119.55,147.122500186931
2565,2023-03-07,,79.2708333333333,110.629166666667,148.273353697358
2566,2023-03-08,,112.475,151.375,176.632395209454
2567,2023-03-09,,74.7291666666667,104.308333333333,139.299314682733
2568,2023-03-10,,73.4,106.079166666667,148.292810870488
2569,2023-03-11,,78.8625,113.65,145.673958245722
2570,2023-03-12,,88.9458333333333,125.4,156.211036463966
2571,2023-03-13,,99.95,128.070833333333,147.422026432404
2572,2023-03-14,,90.4,122.5875,148.063857993512
2573,2023-03-15,,,,
2574,2023-03-16,,,,
2575,2023-03-17,,92.5125,118.904166666667,136.218062939724
2576,2023-03-18,,63.2875,87.2166666666667,105.22827813445
2577,2023-03-19,,39.0541666666667,54.0416666666667,67.1310722033987
2578,2023-03-20,,25.5916666666667,32.3,38.791199976011
2579,2023-03-21,,18.8833333333333,23.6583333333333,33.6280307973473
2580,2023-03-22,,20.7125,28.3416666666667,42.3031906582435
2581,2023-03-23,,43.2375,62.25,82.953723995708
2582,2023-03-24,,50.6583333333333,71.6125,89.9973448576112
2583,2023-03-25,,60.0666666666667,85.4208333333333,107.628778361648
2584,2023-03-26,,54.4791666666667,76.9083333333333,101.76607595151
2585,2023-03-27,,49.4875,71.4291666666667,95.8786918779669
2586,2023-03-28,,63.0916666666667,91.3666666666667,124.260537138724
2587,2023-03-29,,83.7791666666667,121.395833333333,153.16338267414
2588,2023-03-30,,91.55,131.4125,165.772596735572
2589,2023-03-31,,90.0541666666667,121.941666666667,141.479794577534
2590,2023-04-01,,37.4416666666667,47.6291666666667,56.4871527753333
2591,2023-04-02,,31.4833333333333,41.95,52.4408652209405
2592,2023-04-03,,36.0291666666667,48.0708333333333,66.5041760707894
2593,2023-04-04,,44.4625,62.1416666666667,81.3261640258465
2594,2023-04-05,,46.9166666666667,66.9875,93.3384721707708
2595,2023-04-06,,62.0333333333333,90.1166666666667,122.479305571076
2596,2023-04-07,,86.7083333333333,124.7375,159.1080556195
2597,2023-04-08,,94.8208333333333,133.870833333333,167.45749994034
2598,2023-04-09,,88.725,122.95,158.431041650778
2599,2023-04-10,,75.3875,109.85,145.86687502525
2600,2023-04-11,,102.5125,147.329166666667,180.819378438656
2601,2023-04-12,,113.4625,162.2875,198.678749902354
2602,2023-04-13,,98.0041666666667,139.533333333333,185.640989265255
2603,2023-04-14,,83.1041666666667,120.591666666667,155.822361189472
2604,2023-04-15,,107.308333333333,149.370833333333,179.286458173292
2605,2023-04-16,,97.8625,135.0375,175.347916719549
2606,2023-04-17,,92.6041666666667,134.025,190.270624906882
2607,2023-04-18,,104.595833333333,150.1625,213.167270012474
2608,2023-04-19,,96.25,139.083333333333,198.127676576937
2609,2023-04-20,,80.5583333333333,115.958333333333,163.068333560028
2610,2023-04-21,,68.3708333333333,97.1958333333333,147.704359338636
2611,2023-04-22,,67.25,97.15,135.138333096174
2612,2023-04-23,,80.4208333333333,112.5125,149.909166783785
2613,2023-04-24,,57.5041666666667,73.7041666666667,87.9970139015278
2614,2023-04-25,,58.3,81.0666666666667,104.457291729438
2615,2023-04-26,,58.7958333333333,83.9083333333333,110.278402754694
2616,2023-04-27,,81.4875,114.95,142.88592430162
2617,2023-04-28,,86.5666666666667,118.920833333333,148.250138864931
2618,2023-04-29,,73.425,96.0,110.849863368331
2619,2023-04-30,,80.0166666666667,97.8041666666667,108.240277821931
2620,2023-05-01,,,,
2621,2023-05-02,,,,
2622,2023-05-03,,38.8291666666667,49.7708333333333,56.7319558454824
2623,2023-05-04,,39.4208333333333,49.05,57.0685417044028
2624,2023-05-05,,37.2541666666667,48.6416666666667,64.4074305359792
2625,2023-05-06,,35.5,49.2791666666667,64.6784027242917
2626,2023-05-07,,40.3791666666667,56.7333333333333,74.7663888827639
2627,2023-05-08,,44.0166666666667,61.3416666666667,87.148402778257
2628,2023-05-09,,41.9458333333333,57.5833333333333,88.9072916712847
2629,2023-05-10,,37.4333333333333,50.4416666666667,82.8243704087326
2630,2023-05-11,,45.2208333333333,60.9,101.99520838291
2631,2023-05-12,,64.3375,92.8833333333333,130.387500000368
2632,2023-05-13,,68.5375,97.0833333333333,125.198023665579
2633,2023-05-14,,53.9208333333333,73.1666666666667,92.0426673659868
2634,2023-05-15,,36.4916666666667,50.7333333333333,72.9737723245672
2635,2023-05-16,,47.4125,66.975,90.8454860372639
2636,2023-05-17,,52.9416666666667,67.775,83.13868054675
2637,2023-05-18,,45.55,57.6958333333333,73.9579827302305
2638,2023-05-19,,37.6833333333333,47.5916666666667,62.3736679975243
2639,2023-05-20,,30.5333333333333,42.3291666666667,57.6873610390069
2640,2023-05-21,,43.2541666666667,61.5416666666667,81.1257639131042
2641,2023-05-22,,55.3666666666667,76.4541666666667,93.6830555940139
2642,2023-05-23,,49.1791666666667,66.2916666666667,80.4950000473264
2643,2023-05-24,,33.2333333333333,45.125,54.8173314807174
2644,2023-05-25,,27.1333333333333,36.3666666666667,42.2184028533681
2645,2023-05-26,,20.5041666666667,26.6625,33.7070378231507
2646,2023-05-27,,17.4375,22.2833333333333,27.0113194591875
2647,2023-05-28,,28.0458333333333,37.625,44.8946298198981
2648,2023-05-29,,33.7583333333333,46.1208333333333,55.9365278111806
2649,2023-05-30,,33.7375,45.9583333333333,57.1700588603954
2650,2023-05-31,,31.0666666666667,42.775,56.101757948798
2651,2023-06-01,,28.9666666666667,39.4625,55.1973367249641
2652,2023-06-02,,25.4041666666667,33.925,54.4866667112014
2653,2023-06-03,,26.5875,36.0375,55.8076389315
2654,2023-06-04,,28.9625,40.2875,58.5262499304514
2655,2023-06-05,,32.3625,45.5166666666667,59.7851946454594
2656,2023-06-06,,35.0083333333333,48.9583333333333,61.9764981009598
2657,2023-06-07,,35.1166666666667,48.875,60.6733333587361
2658,2023-06-08,,34.6416666666667,47.9958333333333,59.8550762103751
2659,2023-06-09,,33.9291666666667,47.5333333333333,62.5589776873887
2660,2023-06-10,,33.5375,46.5333333333333,61.5748907749429
2661,2023-06-11,,33.4708333333333,46.2,58.5241688964299
2662,2023-06-12,,31.8875,42.1791666666667,53.5142394815468
2663,2023-06-13,,26.1333333333333,33.7,40.6221496824791
2664,2023-06-14,,20.2708333333333,25.8166666666667,31.2751124345073
2665,2023-06-15,,25.425,32.5541666666667,47.667032913712
2666,2023-06-16,,32.2041666666667,43.8875,68.9506049001458
2667,2023-06-17,,31.2125,42.7458333333333,63.9640972029028
2668,2023-06-18,,26.775,33.4541666666667,40.0911691337986
2669,2023-06-19,,18.1625,23.6125,28.9270207053913
2670,2023-06-20,,23.7,32.2333333333333,42.0586805375208
2671,2023-06-21,,25.9416666666667,35.8041666666667,43.1849176115054
2672,2023-06-22,,20.5,26.5041666666667,31.0223392013632
2673,2023-06-23,,16.6708333333333,21.425,26.2747916572354
2674,2023-06-24,,11.6333333333333,14.325,17.7618749988937
2675,2023-06-25,,14.0208333333333,19.3375,24.8702345237958
2676,2023-06-26,,17.3125,23.4958333333333,30.2605568601808
2677,2023-06-27,,12.4458333333333,16.0083333333333,18.998155534373
2678,2023-06-28,,11.075,15.1083333333333,19.5392872476808
2679,2023-06-29,,10.6041666666667,14.3,19.1556249936326
2680,2023-06-30,,10.0875,12.0541666666667,14.8975902039521
2681,2023-07-01,,13.0666666666667,16.35,19.5177686856367
2682,2023-07-02,,13.9833333333333,18.1875,22.4960416462326
2683,2023-07-03,,11.55,14.6625,18.012788064043
2684,2023-07-04,,14.2208333333333,16.0375,17.3447222246146
2685,2023-07-05,,15.375,18.1916666666667,21.8270833395944
2686,2023-07-06,,16.8208333333333,21.8833333333333,25.3600694476736
2687,2023-07-07,,12.5333333333333,16.3375,20.1088194450201
2688,2023-07-08,,11.4,15.4416666666667,18.825208328134
2689,2023-07-09,,13.0208333333333,17.1666666666667,20.7100387186919
2690,2023-07-10,,15.3875,19.3291666666667,22.5601388921306
2691,2023-07-11,,19.35,23.3208333333333,25.899236102791
2692,2023-07-12,,22.0375,25.7875,28.4727083417639
2693,2023-07-13,,14.6666666666667,16.1291666666667,16.8706249958937
2694,2023-07-14,,18.6916666666667,20.8833333333333,22.0859565696459
2695,2023-07-15,,12.6333333333333,14.9125,16.2698611143389
2696,2023-07-16,,15.1958333333333,17.4,18.9593749954
2697,2023-07-17,,10.3083333333333,11.925,13.1160416646451
2698,2023-07-18,,11.75,14.125,16.4356249974944
2699,2023-07-19,,11.3375,13.8541666666667,15.7444444532917
2700,2023-07-20,,20.0291666666667,24.3125,27.7468055535653
2701,2023-07-21,,16.8125,18.85,20.4924305445542
2702,2023-07-22,,12.0708333333333,13.3791666666667,14.5420138905076
2703,2023-07-23,,12.1083333333333,13.55,14.6342361158438
2704,2023-07-24,,14.6791666666667,16.3875,17.7233333339306
2705,2023-07-25,,11.2541666666667,12.5458333333333,13.4190277811208
2706,2023-07-26,,13.1875,15.6708333333333,17.65131944415
2707,2023-07-27,,14.2583333333333,15.9625,17.180069437975
2708,2023-07-28,,13.3458333333333,15.0333333333333,16.2468749900979
2709,2023-07-29,,11.1166666666667,11.7625,12.1254166679208
2710,2023-07-30,,14.7625,16.4583333333333,17.6222222109049
2711,2023-07-31,,12.4583333333333,14.0375,15.1324305521104
2712,2023-08-01,,9.03333333333333,10.6333333333333,11.8204861092986
2713,2023-08-02,,10.7541666666667,12.8416666666667,14.1600564755245
2714,2023-08-03,,11.0458333333333,13.7958333333333,15.5364583395708
2715,2023-08-04,,9.94166666666667,12.5041666666667,14.5742361141424
2716,2023-08-05,,11.275,13.075,14.2528472109118
2717,2023-08-06,,14.0625,14.95,15.2713888863799
2718,2023-08-07,,12.4333333333333,13.4541666666667,14.0768460989659
2719,2023-08-08,,12.0083333333333,13.3208333333333,14.09498226607
2720,2023-08-09,,17.775,19.8041666666667,21.0592646680968
2721,2023-08-10,,9.4875,11.625,13.3685207375475
2722,2023-08-11,,14.1916666666667,15.9166666666667,17.0423129615172
2723,2023-08-12,,10.5291666666667,10.8041666666667,10.913277210231
2724,2023-08-13,,10.7625,10.8083333333333,10.8080941262609
2725,2023-08-14,,19.5,21.7166666666667,23.2724681037653
2726,2023-08-15,,17.8791666666667,20.2708333333333,22.1093237744662
2727,2023-08-16,,14.7541666666667,16.8208333333333,18.2324305560569
2728,2023-08-17,,12.675,14.8958333333333,16.6786246164407
2729,2023-08-18,,11.4833333333333,13.3958333333333,14.7250694328326
2730,2023-08-19,,9.95833333333333,11.5458333333333,12.7336111263444
2731,2023-08-20,,8.77916666666667,9.7375,10.4639583408576
2732,2023-08-21,,10.6,10.6833333333333,10.6893169384232
2733,2023-08-22,,8.52916666666667,9.12083333333333,9.57409722177431
2734,2023-08-23,,8.39583333333333,8.41666666666667,8.42795551107076
2735,2023-08-24,,7.89166666666667,8.2875,8.55040598297708
2736,2023-08-25,,4.77272727272727,5.05,5.31333334065909
2737,2023-08-26,,5.88333333333333,6.19166666666667,6.37937500460208
2738,2023-08-27,,9.42916666666667,10.475,11.3382638794215
2739,2023-08-28,,12.1833333333333,14.2083333333333,15.6441407681255
2740,2023-08-29,,12.2791666666667,13.6,14.510138879216
2741,2023-08-30,,15.6875,17.5875,19.0008003000596
2742,2023-08-31,,12.5583333333333,13.7916666666667,14.5843750065979
2743,2023-09-01,,11.5208333333333,12.4041666666667,13.0669444424875
2744,2023-09-02,,12.45,13.2583333333333,13.955138910066
2745,2023-09-03,,9.975,10.9333333333333,11.7636805620361
2746,2023-09-04,,6.54583333333333,7.5125,8.35173611060625
2747,2023-09-05,,13.4,14.7125,15.6516479687084
2748,2023-09-06,,12.4291666666667,13.425,14.2376765229866
2749,2023-09-07,,7.35,7.9125,8.35777778382986
2750,2023-09-08,,13.5416666666667,16.8041666666667,19.5005669361349
2751,2023-09-09,,10.4875,12.5291666666667,14.200069431459
2752,2023-09-10,,11.5916666666667,14.1041666666667,16.5616666704222
2753,2023-09-11,,14.1208333333333,16.5541666666667,18.7079610911193
2754,2023-09-12,,18.7166666666667,20.7916666666667,22.7272916615139
2755,2023-09-13,,13.8208333333333,16.3291666666667,18.8948611133812
2756,2023-09-14,,12.275,14.2125,15.8244690029167
2757,2023-09-15,,13.9833333333333,17.15,20.0468750043014
2758,2023-09-16,,13.3041666666667,16.1875,18.7176343386145
2759,2023-09-17,,12.8458333333333,15.325,17.3643499761501
2760,2023-09-18,,11.9333333333333,15.3291666666667,18.2132511010406
2761,2023-09-19,,15.975,19.675,22.7368324375067
2762,2023-09-20,,12.7291666666667,15.8666666666667,19.0772916714042
2763,2023-09-21,,10.725,13.2916666666667,15.8331944336444
2764,2023-09-22,,9.68333333333333,11.7375,13.734999998916
2765,2023-09-23,,10.8625,12.8,14.4746527711542
2766,2023-09-24,,7.225,8.99166666666667,10.6599305566639
2767,2023-09-25,,10.7708333333333,13.1458333333333,15.2542361029715
2768,2023-09-26,,13.6875,16.1125,18.3767201568069
2769,2023-09-27,,13.3291666666667,15.3708333333333,17.0066241628908
2770,2023-09-28,,16.3875,18.95,21.1304861213882
2771,2023-09-29,,19.3541666666667,22.5041666666667,25.0046528041056
2772,2023-09-30,,21.4375,24.05,25.8722222328535
2773,2023-10-01,,21.4041666666667,24.375,26.3815425987812
2774,2023-10-02,,13.7583333333333,14.5,14.9811805621986
2775,2023-10-03,,12.4291666666667,13.2708333333333,14.0292361085861
2776,2023-10-04,,7.69166666666667,7.73333333333333,7.73881944739792
2777,2023-10-05,,6.79166666666667,7.25416666666667,7.60868056181875
2778,2023-10-06,,8.5625,9.31666666666667,9.97833333197917
2779,2023-10-07,,9.40416666666667,10.0666666666667,10.6605555435521
2780,2023-10-08,,19.6666666666667,21.0125,22.2080680901111
2781,2023-10-09,,31.1833333333333,32.6416666666667,33.7879701756167
2782,2023-10-10,,37.2833333333333,38.6583333333333,39.8798656589871
2783,2023-10-11,,,,
2784,2023-10-12,,,,
2785,2023-10-13,,,,
2786,2023-10-14,,,,
2787,2023-10-15,,,,
2788,2023-10-16,,,,
2789,2023-10-17,,,,
2790,2023-10-18,,29.6458333333333,37.1125,42.4905555128681
2791,2023-10-19,,32.05,38.3458333333333,42.8250694539722
2792,2023-10-20,,31.4083333333333,37.7958333333333,42.2878859687123
2793,2023-10-21,,31.6166666666667,37.9291666666667,42.2967736645927
2794,2023-10-22,,32.8166666666667,38.225,41.8277083144306
2795,2023-10-23,,29.3916666666667,33.3041666666667,35.9061805141583
2796,2023-10-24,,24.1625,27.0875,29.2769444398854
2797,2023-10-25,,17.1958333333333,19.1875,20.5790437041412
2798,2023-10-26,,14.8541666666667,15.9875,16.9920138877062
2799,2023-10-27,,12.2625,12.8958333333333,13.4749305642576
2800,2023-10-28,,11.4333333333333,11.8333333333333,12.1697916600417
2801,2023-10-29,,11.2875,11.8916666666667,12.4592361147326
2802,2023-10-30,,,,
2803,2023-10-31,,,,
2804,2023-11-01,,,,
2805,2023-11-02,,,,
2806,2023-11-03,,,,
2807,2023-11-04,,,,
2808,2023-11-05,,,,
2809,2023-11-06,,,,
2810,2023-11-07,,,,
2811,2023-11-08,,38.4875,46.0416666666667,
2812,2023-11-09,,40.2458333333333,48.8875,
2813,2023-11-10,,47.7041666666667,55.9375,
2814,2023-11-11,,53.6958333333333,63.2916666666667,
2815,2023-11-12,,43.9583333333333,49.2583333333333,
2816,2023-11-13,,38.5875,42.6166666666667,
2817,2023-11-14,,32.5416666666667,36.3,
2818,2023-11-15,,27.5291666666667,30.4375,
2819,2023-11-16,,24.9125,27.85,
2820,2023-11-17,,24.6652173913043,27.0304347826087,
2821,2023-11-18,,18.9083333333333,20.8375,
2822,2023-11-19,,22.8375,24.8166666666667,
2823,2023-11-20,,26.1,28.3125,
2824,2023-11-21,,27.0416666666667,28.9083333333333,
2825,2023-11-22,,26.7541666666667,28.4625,
2826,2023-11-23,,31.8791666666667,33.0083333333333,
2827,2023-11-24,,30.1458333333333,31.1083333333333,
2828,2023-11-25,,28.9,29.8583333333333,
2829,2023-11-26,,29.8041666666667,32.1625,
2830,2023-11-27,,32.8333333333333,34.8291666666667,
2831,2023-11-28,,28.8416666666667,30.325,
2832,2023-11-29,,,27.4416666666667,29.0698611358264
2833,2023-11-30,,,41.8625,46.5248816182286
2834,2023-12-01,,,33.2916666666667,36.3499305672757
2835,2023-12-02,,,31.4458333333333,33.6557639215342
2836,2023-12-03,,,27.3416666666667,29.7921527962792
2837,2023-12-04,,,44.1916666666667,49.7672339655609
2838,2023-12-05,,,40.5,
2839,2023-12-06,,33.5208333333333,35.1666666666667,
2840,2023-12-07,,57.1166666666667,58.375,
2841,2023-12-08,,41.6208333333333,42.4166666666667,
2842,2023-12-09,,27.975,28.8333333333333,
2843,2023-12-10,,29.9333333333333,31.4,
2844,2023-12-11,,34.2333333333333,35.4375,
2845,2023-12-12,,31.0541666666667,31.925,
2846,2023-12-13,,26.6166666666667,27.1166666666667,
2847,2023-12-14,,31.0958333333333,31.5416666666667,
2848,2023-12-15,,33.2833333333333,33.7291666666667,
2849,2023-12-16,,38.3,38.6,
2850,2023-12-17,,54.2913043478261,85.9347826086957,
2851,2023-12-18,,71.6916666666667,122.683333333333,
2852,2023-12-19,,75.0375,129.095833333333,
2853,2023-12-20,,95.9,182.545833333333,
2854,2023-12-21,,102.041666666667,184.7375,
2855,2023-12-22,,86.3,163.675,
2856,2023-12-23,,100.966666666667,184.6875,
2857,2023-12-24,,88.7666666666667,155.066666666667,
2858,2023-12-25,,78.5416666666667,133.804166666667,
2859,2023-12-26,,83.7083333333333,136.041666666667,
2860,2023-12-27,,72.6833333333333,122.9375,
2861,2023-12-28,,63.1,115.4375,
2862,2023-12-29,,71.4166666666667,128.545833333333,
2863,2023-12-30,,83.9041666666667,145.329166666667,
2864,2023-12-31,,93.3291666666667,155.070833333333,
2865,2024-01-01,,90.7754759515827,143.765235706916,
2866,2024-01-02,,67.5636805666812,115.420000033908,
2867,2024-01-03,,75.8856509109475,124.428043746811,
2868,2024-01-04,,71.9300000733811,124.660416706403,
2869,2024-01-05,,71.6166454272155,120.349613925001,
2870,2024-01-06,,80.6041474757528,135.564893147342,
2871,2024-01-07,,87.6671527332709,140.181111086734,
2872,2024-01-08,,97.8982806662736,155.714991025653,
2873,2024-01-09,,95.093267443266,147.48355012274,
2874,2024-01-10,,82.5951077436597,137.113709296124,
2875,2024-01-11,,69.7643643909013,111.592502372458,
2876,2024-01-12,,91.6338889095531,146.945347179308,
2877,2024-01-13,,99.1060740724641,154.351847707646,
2878,2024-01-14,,88.431736101042,146.709882250838,
2879,2024-01-15,,94.9744774434331,167.479283111373,
2880,2024-01-16,,76.1214148042103,121.422873156809,
2881,2024-01-17,,68.1701388239849,109.769583317968,
2882,2024-01-18,,66.6822916918346,103.086458301539,
2883,2024-01-19,,77.3616667085278,114.940555599004,
2884,2024-01-20,,84.1434722185162,119.526597155457,
2885,2024-01-21,,81.3175057016643,126.87415403016,
2886,2024-01-22,,79.8596869909941,127.877148052377,
2887,2024-01-23,,80.991388863989,132.333541674083,
2888,2024-01-24,,85.2602776818763,130.817361116412,
2889,2024-01-25,,84.0657638655777,137.29645837148,
2890,2024-01-26,,92.5873610854162,150.073749987279,
2891,2024-01-27,,77.5454859998465,144.967708391616,
2892,2024-01-28,,95.338819384569,170.119999890846,
2893,2024-01-29,,101.25187500635,171.706608631356,
2894,2024-01-30,,110.43861099878,170.140694570551,
2895,2024-01-31,,109.195902887986,165.79104162852,
2896,2024-02-01,,111.326221698282,161.814486733481,
2897,2024-02-02,,68.4784721970524,112.929375141207,
2898,2024-02-03,,77.5513888133842,125.260416719644,
2899,2024-02-04,,102.024236069785,152.589652702536,
2900,2024-02-05,,114.635315398826,171.357291578059,
2901,2024-02-06,,75.2159840135911,133.560397835194,
2902,2024-02-07,,71.6449305362166,126.930764028768,
2903,2024-02-08,,77.5382638851797,128.1239582618,
2904,2024-02-09,,95.9162500434419,147.327152734329,
2905,2024-02-10,,115.798745567606,208.081835067101,
2906,2024-02-11,,94.4120832456413,167.800694529221,
2907,2024-02-12,,83.2985758287646,155.573932318578,
2908,2024-02-13,,,,
2909,2024-02-14,,,,
2910,2024-02-15,,91.1520834048656,154.850764028238,
2911,2024-02-16,,86.4779225906245,142.351231590487,
2912,2024-02-17,,88.1707639296885,139.533472336674,
2913,2024-02-18,,86.7524999750984,152.61020836565,
2914,2024-02-19,,104.850548717365,168.550314344615,
2915,2024-02-20,,98.931357101959,172.816596035861,
2916,2024-02-21,,76.7622813238639,151.226872735991,
2917,2024-02-22,,60.9920833614169,122.35083327823,
2918,2024-02-23,,57.009652785459,101.604791657129,
2919,2024-02-24,,64.1751388894177,107.626875027022,
2920,2024-02-25,,65.8512500206628,118.026805493563,
2921,2024-02-26,,75.3800695061683,142.271458352935,
2922,2024-02-27,,83.8102083802258,163.444236003023,
2923,2024-02-28,,78.7596527245297,146.778819515973,
2924,2024-02-29,,,133.017158659272,
2925,2024-03-01,,86.0592361662167,139.329305564034,
2926,2024-03-02,,84.9059028943436,130.546458453613,
2927,2024-03-03,,53.4053402404331,74.4599741224508,
2928,2024-03-04,,37.6739583061795,64.2750694486817,
2929,2024-03-05,,42.5861111458803,82.8038194073548,
2930,2024-03-06,,49.1041561159146,104.164683518778,
2931,2024-03-07,,59.6524161469638,113.834669574423,
2932,2024-03-08,,62.0608357316609,107.410959303762,
2933,2024-03-09,,83.334583306311,127.532013887828,
2934,2024-03-10,,83.0027084032694,148.593611065541,
2935,2024-03-11,,90.5187500106017,150.301527791553,
2936,2024-03-12,,80.2087753647383,138.19813806391,
2937,2024-03-13,,62.2810462204281,127.310984860446,
2938,2024-03-14,,64.0952778564566,134.294583280873,
2939,2024-03-15,,57.7201377017022,135.972897281196,
2940,2024-03-16,,60.2867391517201,145.604057961617,
2941,2024-03-17,,,,
2942,2024-03-18,,90.1076991711767,184.123993576408,
2943,2024-03-19,,91.9008662336038,174.147025596634,
2944,2024-03-20,,98.8102083789017,139.959860965934,
2945,2024-03-21,,90.1859722296385,121.318263904252,
2946,2024-03-22,,60.2829804479109,89.0570889707495,
2947,2024-03-23,,48.3129166470636,67.6978472299062,
2948,2024-03-24,,66.5534722778542,97.2188194248424,
2949,2024-03-25,,58.1026138481543,85.1105304228136,
2950,2024-03-26,,58.32306921139,86.5099225352116,
2951,2024-03-27,,70.4088768961766,93.9107041485971,
2952,2024-03-28,,52.311319512791,67.2420833004812,
2953,2024-03-29,,58.674722178776,95.4968054665429,
2954,2024-03-30,,47.8237499647668,78.5730556527838,
2955,2024-03-31,,39.2005555497277,71.5492360512399,
2956,2024-04-01,,47.2749305619126,96.8082497316111,
2957,2024-04-02,,69.154722163411,141.715624867534,
2958,2024-04-03,,86.1140972746753,156.156388825837,
2959,2024-04-04,,83.5680555230997,159.737916511953,
2960,2024-04-05,,85.963333267631,165.22868039607,
2961,2024-04-06,,84.5709722028825,159.7587499645,
2962,2024-04-07,,90.8334027859883,159.097986062366,
2963,2024-04-08,,86.5118749274109,182.519826907357,
2964,2024-04-09,,115.447569455042,203.589583216773,
2965,2024-04-10,,111.057361080909,197.691736178925,
2966,2024-04-11,,97.5210418277442,166.190985090977,
2967,2024-04-12,,82.451048487827,132.477342777296,
2968,2024-04-13,,87.5147222810336,142.289652872093,
2969,2024-04-14,,79.2559449796498,136.565167210654,
2970,2024-04-15,,79.5590971761283,141.309437106784,
2971,2024-04-16,,82.377152813808,147.991319486831,
2972,2024-04-17,,69.6815277364524,153.449861107942,
2973,2024-04-18,,76.8823223084867,153.70380531076,
2974,2024-04-19,,85.3306944741131,169.544583113977,
2975,2024-04-20,,66.3000000503336,192.551249938534,
2976,2024-04-21,,75.354305631585,175.901388986912,
2977,2024-04-22,,82.0153472966633,177.271180682721,
2978,2024-04-23,,53.4393238577486,121.416450403557,
2979,2024-04-24,,68.2480407575896,140.995832230758,
2980,2024-04-25,,84.9919444931899,164.458819633076,
2981,2024-04-26,,104.078541657658,190.899444527099,
2982,2024-04-27,,91.6629165914283,179.042030222124,
2983,2024-04-28,,69.6866666065321,153.831597381174,
2984,2024-04-29,,83.1356943421874,190.803333224184,
2985,2024-04-30,,81.4433333900288,184.402291801241,
2986,2024-05-01,,73.923819437292,172.20347221693,
2987,2024-05-02,,72.2740278270513,162.441458617335,
2988,2024-05-03,,111.999513891008,204.673749923694,
2989,2024-05-04,,107.627013871403,191.520000176963,
2990,2024-05-05,,89.4793055693292,161.537654060238,
2991,2024-05-06,,66.0822916924938,126.976864354623,
2992,2024-05-07,,39.5198098940165,64.6636623404623,
2993,2024-05-08,,38.4118362721198,53.4024386126054,
2994,2024-05-09,,36.9522222359968,56.7611805452258,
2995,2024-05-10,,32.1976388646498,48.8863889111418,
2996,2024-05-11,,36.2145833412807,56.3233332978351,
2997,2024-05-12,,38.3088888963073,52.1302777296956,
2998,2024-05-13,,34.2865972008978,54.7070139017369,
2999,2024-05-14,,36.0511111153515,56.4869444330526,
3000,2024-05-15,,,,
3001,2024-05-16,,,,
3002,2024-05-17,,,,
3003,2024-05-18,,,,
3004,2024-05-19,,,,
3005,2024-05-20,,,,
3006,2024-05-21,,,,
3007,2024-05-22,,13.6027777625444,14.2500694354381,14.3484722150705
3008,2024-05-23,,14.4037500003981,14.9479166699768,15.0891666710363
3009,2024-05-24,,16.1299305432378,16.7288194398083,17.0029861039585
3010,2024-05-25,,15.8104166746137,16.2936805526423,16.7184027645328
3011,2024-05-26,,15.9640972183817,16.3915277957926,16.6820833497585
3012,2024-05-27,,13.2751389020015,13.7787500033777,13.9851388841871
3013,2024-05-28,,10.7731250110597,11.0864583399564,11.1412500070202
3014,2024-05-29,,19.7646969946941,20.8895454551244,21.5478030370945
3015,2024-05-30,,17.5667361034303,18.68694442312,19.1931944317289
3016,2024-05-31,,14.1979166805743,15.4513889041206,16.1134722464615
3017,2024-06-01,,16.3143749992056,17.3147916509059,17.8103472040769
3018,2024-06-02,,17.8259027924806,18.7027778016183,19.3677778078442
3019,2024-06-03,,17.2852083338628,18.3098611123026,19.1651388764372
3020,2024-06-04,,17.3774705921969,18.3731626672615,19.3972493039367
3021,2024-06-05,,15.9585416793813,16.8473611255477,17.5697916891829
3022,2024-06-06,,11.1970138904131,11.9516666723632,12.5661805623122
3023,2024-06-07,,11.815486117867,12.6279166678587,13.6615972254009
3024,2024-06-08,,14.8174305419123,15.7038888831922,16.8034027675778
3025,2024-06-09,,18.9495833542607,20.2742361413099,21.8297222501703
3026,2024-06-10,,19.732430545489,21.1373611046201,22.8898610923013
3027,2024-06-11,,21.2008333444585,22.3152083648576,23.5150694608691
3028,2024-06-12,,21.7384722325533,22.7222222367923,24.4725000050338
3029,2024-06-13,,21.1495138982931,22.2063194202056,23.2822222007644
3030,2024-06-14,,23.7756944245764,24.8084722412947,25.9352083563803
3031,2024-06-15,,21.7381944417958,22.8609027637382,24.7016666544806
3032,2024-06-16,,16.9514583455183,17.9731944408688,18.7241666575276
3033,2024-06-17,,16.1060416526253,16.6756944504049,16.8043055574102
3034,2024-06-18,,17.3982638974985,17.8898611088597,18.1077777710228
3035,2024-06-19,,13.6797267789193,14.3401263661565,15.1358048814625
3036,2024-06-20,,8.0347916632889,8.5106250051004,9.21340279215013
3037,2024-06-21,,8.10589336843338,8.59690797068543,9.00764008463609
3038,2024-06-22,,10.2993055681401,10.7558333426715,11.1018055690664
3039,2024-06-23,,10.3447222388465,10.7451388981607,11.2575694488148
3040,2024-06-24,,9.25937500463681,9.62506944735921,9.97777778175215
3041,2024-06-25,,12.7343749966877,13.115000008875,13.6549305697289
3042,2024-06-26,,10.7310758231229,11.062760121939,11.3039442047064
3043,2024-06-27,,10.1053472346731,10.4321527848647,11.1220833473742
3044,2024-06-28,,6.29076388511403,6.57076388878972,6.80020833296909
3045,2024-06-29,,5.02423611481995,5.15916666802435,5.17083333581688
3046,2024-06-30,,8.2863194535182,8.54868055946315,8.5845138960417
3047,2024-07-01,,,,
3048,2024-07-02,,,,
3049,2024-07-03,,,,
3050,2024-07-04,,,,
3051,2024-07-05,,,,
3052,2024-07-06,,,,
3053,2024-07-07,,,,
3054,2024-07-08,,,,
3055,2024-07-09,,,,
3056,2024-07-10,,,,
3057,2024-07-11,,,,
3058,2024-07-12,,,,
3059,2024-07-13,,,,
3060,2024-07-14,,,,
3061,2024-07-15,,,,
3062,2024-07-16,,,,
3063,2024-07-17,,,,
3064,2024-07-18,,,,
3065,2024-07-19,,,,
3066,2024-07-20,,,,
3067,2024-07-21,,,,
3068,2024-07-22,,,,
3069,2024-07-23,,,,
3070,2024-07-24,,,,
3071,2024-07-25,,,,
3072,2024-07-26,,,,
3073,2024-07-27,,,,
3074,2024-07-28,,,,
3075,2024-07-29,,,,
3076,2024-07-30,,,,
3077,2024-07-31,,,,
3078,2024-08-01,,,,
3079,2024-08-02,,,,
3080,2024-08-03,,,,
3081,2024-08-04,,,,
3082,2024-08-05,,,,
3083,2024-08-06,,,,
3084,2024-08-07,,,,
3085,2024-08-08,,,,
3086,2024-08-09,,,,
3087,2024-08-10,,,,
3088,2024-08-11,,,,
3089,2024-08-12,,,,
3090,2024-08-13,,,,
3091,2024-08-14,,,,
3092,2024-08-15,,,,
3093,2024-08-16,,,,
3094,2024-08-17,,,,
3095,2024-08-18,,,,
3096,2024-08-19,,,,
3097,2024-08-20,,,,
3098,2024-08-21,,,,
3099,2024-08-22,,,,
3100,2024-08-23,,,,
3101,2024-08-24,,,,
3102,2024-08-25,,,,
3103,2024-08-26,,,,
3104,2024-08-27,,,,
3105,2024-08-28,,,,
3106,2024-08-29,,,,
3107,2024-08-30,,,,
3108,2024-08-31,,,,
3109,2024-09-01,,4.48680555721133,4.53909722103025,4.54958333091606
3110,2024-09-02,,4.31027778188412,4.35916666686558,4.35979166693181
3111,2024-09-03,,3.40175773919117,3.44236110697464,3.52027777234985
3112,2024-09-04,,4.03833333883004,4.08152778380443,4.08479167256087
3113,2024-09-05,,,,
3114,2024-09-06,,,,
3115,2024-09-07,,,,
3116,2024-09-08,,,,
3117,2024-09-09,,,,
3118,2024-09-10,,,,
3119,2024-09-11,,,,
3120,2024-09-12,,,,
3121,2024-09-13,,,,
3122,2024-09-14,,,,
3123,2024-09-15,,,,
3124,2024-09-16,,,,
3125,2024-09-17,,,,
3126,2024-09-18,,,,
3127,2024-09-19,,,,
3128,2024-09-20,,27.9322939221861,51.7371698407099,104.980849406238
3129,2024-09-21,,25.1174305819803,53.6946527759219,117.388680409057
3130,2024-09-22,,29.8620377758378,75.5253915890978,172.600318700541
3131,2024-09-23,,30.9331944160989,66.4892361071395,144.365416622156
3132,2024-09-24,,29.5809722297718,51.4462500585465,100.090625076825
3133,2024-09-25,,19.5451942305046,39.1230320016478,83.8608392180648
3134,2024-09-26,,16.8259631169348,30.8223156089931,57.4315232339936
3135,2024-09-27,,,,
3136,2024-09-28,,18.7269507726335,23.3455492383229,25.2775568125678
3137,2024-09-29,,27.5694444371594,45.8220833188951,85.9173612170769
3138,2024-09-30,,20.7181438210713,40.3219620895809,93.8035299266843
3139,2024-10-01,,18.9190971920892,40.0220833639293,101.591250062648
3140,2024-10-02,,26.0545138789551,51.7120139082272,121.678611052029
3141,2024-10-03,,19.3995138857093,34.6460416429573,73.3058334112226
3142,2024-10-04,,15.7720833248574,32.5314582884315,84.7168055719825
3143,2024-10-05,,16.9736805657538,36.2818749762263,88.2994444416588
3144,2024-10-06,,19.1736805558202,43.3221527732083,106.54618053138
3145,2024-10-07,,21.8309027757917,43.8059722026198,107.212657791369
3146,2024-10-08,,22.1470833275051,49.0595833261806,135.516458597453
3147,2024-10-09,,24.9256249838403,51.7050694187472,124.35986112622
3148,2024-10-10,,30.0174305498612,56.4950694719958,116.437083331741
3149,2024-10-11,,34.933691957305,60.1242167136913,115.96231797081
3150,2024-10-12,,36.1261805388663,60.1218055645624,104.769097089761
3151,2024-10-13,,32.0805338777912,53.7729951805517,98.1334834912231
3152,2024-10-14,,36.4549305770122,60.7006249427796,110.7317360719
3153,2024-10-15,,45.9306739393031,73.074474016564,120.20539500005
3154,2024-10-16,,51.8738194372914,81.984375063576,130.54965279102
3155,2024-10-17,,62.3040972073874,96.6487499554926,143.107916776347
3156,2024-10-18,,62.1392360395856,97.2779166592486,154.341736316686
3157,2024-10-19,,55.6706943988796,88.6207639084953,136.004722237593
3158,2024-10-20,,54.2717565456367,90.1376161200114,164.346779396231
3159,2024-10-21,,49.8705838963014,86.5591001006878,153.499206374267
3160,2024-10-22,,44.3297041828721,88.363599278193,167.133343377379
3161,2024-10-23,,37.0606944256354,81.7402778400327,169.050000233124
3162,2024-10-24,,30.9418006384009,61.4586769431237,143.327312171879
3163,2024-10-25,,36.2985416352731,66.3025694290802,145.041944601795
3164,2024-10-26,,34.5550694505356,63.8313889265049,132.049027726387
3165,2024-10-27,,33.9989866313073,64.8876411631936,150.258861886637
3166,2024-10-28,,30.6765846600942,58.7691735216405,143.792580675171
3167,2024-10-29,,29.2810009536156,59.9677275271237,146.788249636925
3168,2024-10-30,,38.1478678323747,67.706890731407,122.871212446265
3169,2024-10-31,,54.6697058505633,86.0762794384276,124.495563962603
3170,2024-11-01,,61.3454475763805,92.9479573516571,136.295345085157
3171,2024-11-02,,73.6670374737862,112.577852180848,156.345134108852
3172,2024-11-03,,57.9622111485944,81.9474737769987,108.791257412013
3173,2024-11-04,,32.3050694478898,47.5135416693158,69.0189725050619
3174,2024-11-05,,25.858999691842,48.1079844215618,98.1193306329009
3175,2024-11-06,,36.4415833417574,62.2349167156244,106.239166720705
3176,2024-11-07,,,,
3177,2024-11-08,,42.7598073371498,70.2701433364644,115.149218342931
3178,2024-11-09,,,,
3179,2024-11-10,,52.3417455196206,90.163141316276,166.157233691296
3180,2024-11-11,,54.6653456591778,87.9942883238274,132.978954740733
3181,2024-11-12,,,,
3182,2024-11-13,,,,
3183,2024-11-14,,86.7388079195798,123.253698602814,158.827397271665
3184,2024-11-15,,,,
3185,2024-11-16,,,,
3186,2024-11-17,,60.7985079168889,93.919238158334,142.882762015214
3187,2024-11-18,,,,
3188,2024-11-19,,,,
3189,2024-11-20,,48.7817460256914,83.2465079216727,141.61055562761
3190,2024-11-21,,,,
3191,2024-11-22,,52.2500613696901,83.107448332875,137.734438847165
3192,2024-11-23,,49.4752452098659,84.659119328318,157.361697488669
3193,2024-11-24,,50.8792362173401,90.9243055635042,173.401597075987
3194,2024-11-25,,58.7265874190345,101.672613611301,176.874500706245
3195,2024-11-26,,92.6330836306204,145.264465783152,214.568622568315
3196,2024-11-27,,96.3133788004202,145.796509165013,203.890126903482
3197,2024-11-28,,75.1502083632683,126.806736058653,202.950126134027
3198,2024-11-29,,64.0488372472464,114.317293516754,203.902477136581
3199,2024-11-30,,67.7369285749409,118.813439184957,194.152454913501
3200,2024-12-01,,73.5317368663924,120.96844413362,180.070327571661
3201,2024-12-02,,73.3388777600475,116.529452023428,169.750747877678
3202,2024-12-03,,70.2539380217471,114.003070857318,186.52268625499
3203,2024-12-04,,65.8908333102851,112.186944439676,180.181388876173
3204,2024-12-05,,72.6527778440083,112.664305596887,158.183611154557
3205,2024-12-06,,81.7104519558312,122.421557280439,175.277798399816
3206,2024-12-07,,91.6782195587206,128.902237117406,182.19304182273
3207,2024-12-08,,85.2565104343186,120.925446710307,171.196960023116
3208,2024-12-09,,88.3586111731046,130.470625061463,184.065277785708
3209,2024-12-10,,73.8181945019297,118.079097149106,190.944930911065
3210,2024-12-11,,81.7510415659976,139.507985986594,213.353333208293
3211,2024-12-12,,91.4615277475768,148.950277831822,233.944746743473
3212,2024-12-13,,81.7247222661999,139.879791532613,220.20706693898
3213,2024-12-14,,74.3558438183845,122.026507949722,171.541692620498
3214,2024-12-15,,90.7249017811351,144.967416101303,193.580466837258
3215,2024-12-16,,89.9772222571936,144.180277967465,207.017916599915
3216,2024-12-17,,81.7516467866414,126.043665667375,183.101443523836
3217,2024-12-18,,80.3774999340347,122.620694523392,195.881041497637
3218,2024-12-19,,68.7770832935965,101.599861121177,142.013402761348
3219,2024-12-20,,83.527426934912,121.439785885322,166.964406847463
3220,2024-12-21,,76.3107639153797,104.77274126539,151.781249716546
3221,2024-12-22,,78.522470366625,105.43613853069,152.817678685257
3222,2024-12-23,,87.7618750201318,115.394097206328,151.85867691265
3223,2024-12-24,,91.5209722095063,124.643055592647,171.017639085993
3224,2024-12-25,,86.2440971864576,119.947222248716,176.158680396603
3225,2024-12-26,,77.334727997621,109.378377615808,163.747977182875
3226,2024-12-27,,90.031286009018,122.154243282066,161.637470943238
3227,2024-12-28,,115.462084565534,150.554241786236,191.303695266043
3228,2024-12-29,,104.69131945239,139.022638803051,201.824027898583
3229,2024-12-30,,81.4182638936622,107.658472247921,139.620416688929
3230,2024-12-31,,84.0581250336435,107.694305602711,140.288749943836
