datetime,pm2.5,pm10,tsp,temp,humidity,windspeed,winddir,sealevelpressure,visibility,precipitation,solarradiation,aqi,aqi_category,year,month,day,day_name,season,is_weekend,pm2.5_lag1,pm2.5_lag3,pm2.5_lag7,PM10_lag1,PM10_lag7,aqi_lag1,aqi_lag7,pm2.5_roll3,pm2.5_roll7,aqi_roll3,aqi_roll7,month_sin,month_cos
2016-09-01,28.552393,65.59699,202.18317,74.8,82.5,10.3,254.5,1010.5,4.3,0.0,168.1,86.0,Moderate,2016,9,1,Thursday,Autumn,0,30.922136,35.66162,24.10691,61.884052,131.6083,91.0,89.0,30.922135670979817,28.119884763445175,91.0,87.71428571428571,-1.0,-1.8369701987210297e-16
2016-09-02,26.182652,69.30993,235.7022,75.1,82.4,10.3,262.6,1008.3,4.9,0.0,146.7,81.0,Moderate,2016,9,2,Friday,Autumn,0,28.552393,33.291878,20.384295,65.59699,111.05074,86.0,79.0,28.552393595377605,28.948221479143417,86.0,88.0,-1.0,-1.8369701987210297e-16
2016-09-03,23.812908,73.022865,269.22122,72.7,89.3,13.9,207.2,1008.2,4.0,35.9918,124.9,76.0,Moderate,2016,9,3,Saturday,Autumn,1,26.182652,30.922136,16.66168,69.30993,90.49318,81.0,69.0,26.182650883992512,29.96982547215053,81.0,89.0,-1.0,-1.8369701987210297e-16
2016-09-04,21.443167,76.7358,302.74023,71.8,88.4,5.8,219.0,1010.8,4.3,0.1016,75.4,71.0,Moderate,2016,9,4,Sunday,Autumn,0,23.812908,28.552393,31.36519,73.022865,86.59778,76.0,92.0,23.8129088083903,28.55239350455148,76.0,86.0,-1.0,-1.8369701987210297e-16
2016-09-05,19.073425,80.44874,336.25925,74.1,84.3,8.1,197.3,1010.8,4.4,0.0,135.9,66.0,Moderate,2016,9,5,Monday,Autumn,0,21.443167,26.182652,35.66162,76.7358,54.45818,71.0,101.0,21.443166732788086,26.182651247297013,71.0,81.0,-1.0,-1.8369701987210297e-16
2016-09-06,16.703682,84.161674,369.7783,72.6,88.8,8.1,201.8,1012.1,4.1,2.0,70.2,65.0,Moderate,2016,9,6,Tuesday,Autumn,0,19.073425,23.812908,33.291878,80.44874,58.171116,66.0,96.0,19.07342465718587,23.81290899004255,67.33333333333333,76.57142857142857,-1.0,-1.8369701987210297e-16
2016-09-07,14.33394,87.87461,403.2973,72.9,89.2,9.2,244.5,1011.5,4.4,6.1,168.3,67.0,Moderate,2016,9,7,Wednesday,Autumn,0,16.703682,21.443167,30.922136,84.161674,61.884052,65.0,91.0,16.70368226369222,21.4431665965489,66.0,73.14285714285714,-1.0,-1.8369701987210297e-16
2016-09-08,17.1288,75.974075,307.15402,74.1,83.0,10.3,252.4,1013.4,4.7,2.3,124.5,62.0,Moderate,2016,9,8,Thursday,Autumn,0,14.33394,19.073425,28.552393,87.87461,65.59699,67.0,86.0,16.055473645528156,19.811224664960587,64.66666666666667,69.71428571428571,-1.0,-1.8369701987210297e-16
2016-09-09,19.92366,64.07354,211.01077,73.9,85.5,8.1,223.7,1014.0,4.4,0.0,169.5,67.0,Moderate,2016,9,9,Friday,Autumn,0,17.1288,16.703682,26.182652,75.974075,69.30993,62.0,81.0,17.128799756368,18.917083059038436,65.33333333333333,67.71428571428571,-1.0,-1.8369701987210297e-16
2016-09-10,22.71852,52.173,114.8675,71.9,91.6,4.7,151.2,1014.0,4.0,15.7,125.2,73.0,Moderate,2016,9,10,Saturday,Autumn,1,19.92366,14.33394,23.812908,64.07354,73.022865,67.0,76.0,19.923659642537434,18.760741778782435,67.33333333333333,67.28571428571429,-1.0,-1.8369701987210297e-16
2016-09-11,21.1299,27.67284,38.32601,71.4,89.3,8.1,132.2,1013.6,3.8,31.0,46.2,70.0,Moderate,2016,9,11,Sunday,Autumn,0,22.71852,17.1288,21.443167,52.173,76.7358,73.0,71.0,21.257359822591145,18.71598938533238,70.0,67.14285714285714,-1.0,-1.8369701987210297e-16
2016-09-12,33.13915,100.2217,264.9948,68.5,93.9,6.9,141.0,1013.9,3.8,56.4,52.2,95.0,Moderate,2016,9,12,Monday,Autumn,0,21.1299,19.92366,19.073425,27.67284,80.44874,70.0,66.0,25.66252263387044,20.725378445216588,79.33333333333333,71.28571428571429,-1.0,-1.8369701987210297e-16
2016-09-13,31.592957,96.40799,263.56973,70.2,87.4,5.8,156.4,1016.5,4.1,0.3,158.4,92.0,Moderate,2016,9,13,Tuesday,Autumn,0,33.13915,22.71852,16.703682,100.2217,84.161674,95.0,65.0,28.620668411254883,22.85241767338344,85.66666666666667,75.14285714285714,-1.0,-1.8369701987210297e-16
2016-09-14,30.046762,92.594284,262.14465,73.2,82.7,11.4,145.3,1016.0,4.4,8.6,170.6,89.0,Moderate,2016,9,14,Wednesday,Autumn,0,31.592957,21.1299,14.33394,96.40799,87.87461,92.0,67.0,31.59295590718587,25.097106661115372,92.0,78.28571428571429,-1.0,-1.8369701987210297e-16
2016-09-15,28.50057,88.78058,260.7196,73.3,83.9,9.2,228.2,1015.3,4.5,0.1016,201.9,85.0,Moderate,2016,9,15,Thursday,Autumn,0,30.046762,33.13915,17.1288,92.594284,75.974075,89.0,62.0,30.046763102213543,26.72164535522461,88.66666666666667,81.57142857142857,-1.0,-1.8369701987210297e-16
2016-09-16,26.954376,84.966866,259.29453,73.2,84.0,12.8,225.8,1013.8,4.7,0.0,162.0,82.0,Moderate,2016,9,16,Friday,Autumn,0,28.50057,31.592957,19.92366,88.78058,64.07354,85.0,67.0,28.500569661458332,27.72603334699358,85.33333333333333,83.71428571428571,-1.0,-1.8369701987210297e-16
2016-09-17,25.408184,81.15316,257.86948,72.6,85.0,10.3,205.7,1013.5,4.5,1.8,137.9,79.0,Moderate,2016,9,17,Saturday,Autumn,1,26.954376,30.046762,22.71852,84.966866,52.173,82.0,73.0,26.954376856486004,28.110271181379044,82.0,84.57142857142857,-1.0,-1.8369701987210297e-16
2016-09-18,23.86199,77.33945,256.4444,71.9,84.2,8.1,239.0,1014.6,4.8,16.5,173.8,76.0,Moderate,2016,9,18,Sunday,Autumn,0,25.408184,28.50057,21.1299,81.15316,27.67284,79.0,70.0,25.408183415730793,28.50056975228446,79.0,85.42857142857143,-1.0,-1.8369701987210297e-16
2016-09-19,28.11697,68.84859,191.9433,74.3,80.7,9.2,270.8,1012.5,4.8,0.3,170.2,85.0,Moderate,2016,9,19,Monday,Autumn,0,23.86199,26.954376,33.13915,77.33945,100.2217,76.0,95.0,25.79571469624837,27.78311565944127,80.0,84.0,-1.0,-1.8369701987210297e-16
2016-09-20,18.82584,79.23426,215.0461,74.1,82.1,8.1,211.1,1013.3,4.3,0.0,147.2,65.0,Moderate,2016,9,20,Tuesday,Autumn,0,28.11697,25.408184,31.592957,68.84859,96.40799,85.0,92.0,23.601600011189777,25.95924186706543,75.33333333333333,80.14285714285714,-1.0,-1.8369701987210297e-16
2016-09-21,27.90647,73.38735,218.1931,70.9,84.5,8.1,85.1,1016.8,4.6,23.9,61.2,84.0,Moderate,2016,9,21,Wednesday,Autumn,0,18.82584,23.86199,30.046762,79.23426,92.594284,65.0,89.0,24.94975980122884,25.653485706874303,78.0,79.42857142857143,-1.0,-1.8369701987210297e-16
2016-09-22,33.85928,81.47073,194.4983,70.7,81.3,10.3,260.1,1017.4,4.8,0.0,95.6,97.0,Moderate,2016,9,22,Thursday,Autumn,0,27.90647,28.11697,28.50057,73.38735,88.78058,84.0,85.0,26.863862991333008,26.419015611921036,82.0,81.14285714285714,-1.0,-1.8369701987210297e-16
2016-09-23,30.05894,43.7561,80.65267,71.8,82.7,12.8,213.0,1013.5,4.4,0.0,157.5,89.0,Moderate,2016,9,23,Friday,Autumn,0,33.85928,18.82584,26.954376,81.47073,84.966866,97.0,82.0,30.608229955037434,26.862524850027903,90.0,82.14285714285714,-1.0,-1.8369701987210297e-16
2016-09-24,34.9552,70.48679,165.5636,68.1,92.6,5.8,136.3,1013.5,4.0,12.4,72.7,99.0,Moderate,2016,9,24,Saturday,Autumn,1,30.05894,27.90647,25.408184,43.7561,81.15316,89.0,79.0,32.95780690511068,28.22638429914202,95.0,85.0,-1.0,-1.8369701987210297e-16
2016-09-25,29.88276,81.10115,211.8583,68.4,89.8,8.1,170.3,1013.3,4.2,0.0,56.5,88.0,Moderate,2016,9,25,Sunday,Autumn,0,34.9552,33.85928,23.86199,70.48679,77.33945,99.0,76.0,31.632300059000652,29.086494173322404,92.0,86.71428571428571,-1.0,-1.8369701987210297e-16
2016-09-26,20.74891,47.89908,130.8661,70.4,83.9,8.1,189.2,1015.0,4.5,0.0,123.6,69.0,Moderate,2016,9,26,Monday,Autumn,0,29.88276,30.05894,28.11697,81.10115,68.84859,88.0,85.0,28.52895673116048,28.03391429356166,85.33333333333333,84.42857142857143,-1.0,-1.8369701987210297e-16
2016-09-27,33.5332,60.318417,144.06325,72.4,81.3,9.2,230.0,1014.9,4.6,0.0,188.7,96.0,Moderate,2016,9,27,Tuesday,Autumn,0,20.74891,34.9552,18.82584,47.89908,79.23426,69.0,65.0,28.054956436157227,30.134965624128068,84.33333333333333,88.85714285714286,-1.0,-1.8369701987210297e-16
2016-09-28,46.31749,72.73775,157.2604,70.4,86.1,6.9,180.4,1015.3,4.4,5.0038,105.1,128.0,Unhealthy for Sensitive Groups,2016,9,28,Wednesday,Autumn,0,33.5332,29.88276,27.90647,60.318417,73.38735,96.0,84.0,33.53319994608561,32.76511137826102,97.66666666666667,95.14285714285714,-1.0,-1.8369701987210297e-16
2016-09-29,47.42246,85.46181,197.9568,71.0,84.7,5.8,220.1,1014.5,3.8,0.3,128.1,130.0,Unhealthy for Sensitive Groups,2016,9,29,Thursday,Autumn,0,46.31749,20.74891,33.85928,72.73775,81.47073,128.0,97.0,42.42438252766927,34.70270838056292,118.0,99.85714285714286,-1.0,-1.8369701987210297e-16
2016-09-30,29.51485,51.65114,108.4692,72.9,83.7,12.8,183.3,1014.1,4.5,1.5,204.9,88.0,Moderate,2016,9,30,Friday,Autumn,0,47.42246,33.5332,30.05894,85.46181,43.7561,130.0,89.0,41.08493296305338,34.624981198992046,115.33333333333333,99.71428571428571,-1.0,-1.8369701987210297e-16
2016-10-01,37.57621,57.17214,105.3997,72.3,86.8,6.9,111.6,1017.0,4.3,21.6,182.3,106.0,Unhealthy for Sensitive Groups,2016,10,1,Saturday,Autumn,1,29.51485,46.31749,34.9552,51.65114,70.48679,88.0,99.0,38.171173095703125,34.999411174229216,108.0,100.71428571428571,-0.8660254037844386,0.5000000000000001
2016-10-02,23.2537,78.19403,254.4348,73.7,84.5,10.3,261.2,1018.2,3.9,0.0,190.4,74.0,Moderate,2016,10,2,Sunday,Autumn,0,37.57621,47.42246,29.88276,57.17214,81.10115,106.0,88.0,30.114920298258465,34.052402768816265,89.33333333333333,98.71428571428571,-0.8660254037844386,0.5000000000000001
2016-10-03,31.01882,82.37053,256.4547,73.8,83.5,9.2,247.1,1016.7,4.0,0.0,201.4,91.0,Moderate,2016,10,3,Monday,Autumn,0,23.2537,29.51485,20.74891,78.19403,47.89908,74.0,69.0,30.616243362426758,35.51953261239188,90.33333333333333,101.85714285714286,-0.8660254037844386,0.5000000000000001
2016-10-04,42.06206,95.02801,259.2679,72.6,83.6,9.2,248.4,1015.1,4.3,0.0,171.9,117.0,Unhealthy for Sensitive Groups,2016,10,4,Tuesday,Autumn,0,31.01882,37.57621,33.5332,82.37053,60.318417,91.0,96.0,32.11152712504069,36.737941469464985,94.0,104.85714285714286,-0.8660254037844386,0.5000000000000001
2016-10-05,35.66872,87.38766,223.6729,72.3,84.1,6.9,234.4,1014.4,3.8,1.8,171.6,101.0,Unhealthy for Sensitive Groups,2016,10,5,Wednesday,Autumn,0,42.06206,23.2537,46.31749,95.02801,72.73775,117.0,128.0,36.24986712137858,35.216688701084685,103.0,101.0,-0.8660254037844386,0.5000000000000001
2016-10-06,35.14873,69.18163,182.1927,72.4,81.0,9.2,277.4,1015.4,3.9,1.5,141.8,99.0,Moderate,2016,10,6,Thursday,Autumn,0,35.66872,31.01882,47.42246,87.38766,85.46181,101.0,130.0,37.626504262288414,33.463299070085796,105.66666666666667,96.57142857142857,-0.8660254037844386,0.5000000000000001
2016-10-07,33.42438,76.69577,208.8088,71.5,83.4,8.1,283.3,1015.7,4.3,0.0,178.2,96.0,Moderate,2016,10,7,Friday,Autumn,0,35.14873,42.06206,29.51485,69.18163,51.65114,99.0,88.0,34.7472775777181,34.021803447178435,98.66666666666667,97.71428571428571,-0.8660254037844386,0.5000000000000001
2016-10-08,24.17813,45.11865,113.1842,71.7,81.5,11.4,192.7,1015.7,4.5,0.0,154.3,76.0,Moderate,2016,10,8,Saturday,Autumn,1,33.42438,35.66872,37.57621,76.69577,57.17214,96.0,106.0,30.917080561319988,32.107791900634766,90.33333333333333,93.42857142857143,-0.8660254037844386,0.5000000000000001
2016-10-09,13.22004,26.44468,73.59686,70.5,86.0,8.1,224.0,1014.1,4.6,0.0,87.6,53.0,Moderate,2016,10,9,Sunday,Autumn,0,24.17813,35.14873,23.2537,45.11865,78.19403,76.0,74.0,23.607516924540203,30.674411909920828,75.0,90.42857142857143,-0.8660254037844386,0.5000000000000001
2016-10-10,15.2459,29.70006,83.67779,71.2,82.0,8.1,264.6,1013.3,5.2,0.3,83.2,58.0,Moderate,2016,10,10,Monday,Autumn,0,13.22004,33.42438,31.01882,26.44468,82.37053,53.0,91.0,17.548023223876953,28.42113767351423,62.333333333333336,85.71428571428571,-0.8660254037844386,0.5000000000000001
2016-10-11,19.1497,37.20291,100.3459,70.0,81.7,11.4,249.7,1012.7,5.0,0.3,166.8,66.0,Moderate,2016,10,11,Tuesday,Autumn,0,15.2459,24.17813,42.06206,29.70006,95.02801,58.0,117.0,15.871880213419596,25.147943224225724,59.0,78.42857142857143,-0.8660254037844386,0.5000000000000001
2016-10-12,29.62764,54.04653,126.3961,70.2,79.0,9.2,240.2,1012.7,5.1,0.0,210.0,88.0,Moderate,2016,10,12,Wednesday,Autumn,0,19.1497,13.22004,35.66872,37.20291,87.38766,66.0,101.0,21.3410800298055,24.28493172781808,70.66666666666667,76.57142857142857,-0.8660254037844386,0.5000000000000001
2016-10-13,44.71611,80.57236,196.0735,69.9,81.9,9.2,217.3,1014.5,4.5,0.0,159.6,124.0,Unhealthy for Sensitive Groups,2016,10,13,Thursday,Autumn,0,29.62764,15.2459,35.14873,54.04653,69.18163,88.0,99.0,31.164483388264973,25.651700156075613,92.66666666666667,80.14285714285714,-0.8660254037844386,0.5000000000000001
2016-10-14,57.50813,95.71019,179.5046,68.7,78.9,16.1,213.9,1016.7,4.0,0.5,145.1,152.0,Unhealthy,2016,10,14,Friday,Autumn,0,44.71611,19.1497,33.42438,80.57236,76.69577,124.0,96.0,43.950626373291016,29.092235565185547,121.33333333333333,88.14285714285714,-0.8660254037844386,0.5000000000000001
2016-10-15,52.15009,98.54488,210.1628,68.8,80.8,9.2,240.9,1017.6,3.3,0.0,151.1,142.0,Unhealthy for Sensitive Groups,2016,10,15,Saturday,Autumn,1,57.50813,29.62764,24.17813,95.71019,45.11865,152.0,76.0,51.458109537760414,33.08822986057827,139.33333333333334,97.57142857142857,-0.8660254037844386,0.5000000000000001
2016-10-16,46.53243,98.79306,242.3979,68.7,81.2,8.1,189.2,1017.5,3.4,0.0,135.8,128.0,Unhealthy for Sensitive Groups,2016,10,16,Sunday,Autumn,0,52.15009,44.71611,13.22004,98.54488,26.44468,142.0,53.0,52.06354904174805,37.84714249202183,140.66666666666666,108.28571428571429,-0.8660254037844386,0.5000000000000001
2016-10-17,41.73176,94.95128,235.4072,68.1,75.6,9.2,177.3,1017.6,4.1,0.0,172.5,116.0,Unhealthy for Sensitive Groups,2016,10,17,Monday,Autumn,0,46.53243,57.50813,15.2459,98.79306,29.70006,128.0,58.0,46.80475870768229,41.630836486816406,128.66666666666666,116.57142857142857,-0.8660254037844386,0.5000000000000001
2016-10-18,36.51968,87.933,224.0897,67.1,78.2,13.9,137.4,1016.0,4.2,2.5,160.1,104.0,Unhealthy for Sensitive Groups,2016,10,18,Tuesday,Autumn,0,41.73176,52.15009,19.1497,94.95128,37.20291,116.0,66.0,41.59462229410807,44.11226218087332,116.0,122.0,-0.8660254037844386,0.5000000000000001
2016-10-19,37.20813,111.5092,296.093,66.9,76.0,9.2,281.5,1016.8,4.4,25.9,179.9,105.0,Unhealthy for Sensitive Groups,2016,10,19,Wednesday,Autumn,0,36.51968,46.53243,29.62764,87.933,54.04653,104.0,88.0,38.48652267456055,45.195189339774,108.33333333333333,124.42857142857143,-0.8660254037844386,0.5000000000000001
2016-10-20,40.975,108.7358,281.2708,65.8,72.2,11.4,254.4,1014.9,4.8,0.0,195.5,114.0,Unhealthy for Sensitive Groups,2016,10,20,Thursday,Autumn,0,37.20813,41.73176,44.71611,111.5092,80.57236,105.0,124.0,38.23426946004232,44.66074480329241,107.66666666666667,123.0,-0.8660254037844386,0.5000000000000001
2016-10-21,51.31868,102.3358,245.3349,65.3,71.3,10.3,274.4,1014.8,5.0,0.0,192.6,140.0,Unhealthy for Sensitive Groups,2016,10,21,Friday,Autumn,0,40.975,36.51968,57.50813,108.7358,95.71019,114.0,152.0,43.16726938883463,43.77653775896345,119.66666666666667,121.28571428571429,-0.8660254037844386,0.5000000000000001
2016-10-22,62.03903,122.5808,293.3101,65.1,74.9,8.1,224.4,1015.1,4.2,0.4064,186.4,154.0,Unhealthy,2016,10,22,Saturday,Autumn,1,51.31868,37.20813,52.15009,102.3358,98.54488,140.0,142.0,51.444235483805336,45.18924331665039,136.0,123.0,-0.8660254037844386,0.5000000000000001
2016-10-23,61.49201,115.2517,280.2351,64.2,76.7,9.2,211.6,1015.3,3.5,0.1016,141.4,154.0,Unhealthy,2016,10,23,Sunday,Autumn,0,62.03903,40.975,46.53243,122.5808,98.79306,154.0,128.0,58.28323872884115,47.326326097760884,149.33333333333334,126.71428571428571,-0.8660254037844386,0.5000000000000001
2016-10-24,56.39514,151.5757,363.1361,65.6,79.6,9.2,201.1,1014.4,3.1,0.0,146.4,151.0,Unhealthy,2016,10,24,Monday,Autumn,0,61.49201,51.31868,41.73176,115.2517,94.95128,154.0,116.0,59.97539265950521,49.421095166887554,153.0,131.71428571428572,-0.8660254037844386,0.5000000000000001
2016-10-25,46.95458,125.4911,310.1908,66.1,69.1,10.3,202.8,1015.3,3.7,0.0,134.6,129.0,Unhealthy for Sensitive Groups,2016,10,25,Tuesday,Autumn,0,56.39514,62.03903,36.51968,151.5757,87.933,151.0,104.0,54.947242736816406,50.91179493495396,144.66666666666666,135.28571428571428,-0.8660254037844386,0.5000000000000001
2016-10-26,43.61819,105.4082,276.1324,65.2,72.3,10.3,235.3,1018.1,4.7,0.0,176.3,121.0,Unhealthy for Sensitive Groups,2016,10,26,Wednesday,Autumn,0,46.95458,61.49201,37.20813,125.4911,111.5092,129.0,105.0,48.98930358886719,51.82751791817801,133.66666666666666,137.57142857142858,-0.8660254037844386,0.5000000000000001
2016-10-27,49.42486,138.1887,384.8954,64.7,75.1,9.2,243.7,1020.7,4.8,0.0,182.3,135.0,Unhealthy for Sensitive Groups,2016,10,27,Thursday,Autumn,0,43.61819,56.39514,40.975,105.4082,108.7358,121.0,114.0,46.66587575276693,53.034640720912385,128.33333333333334,140.57142857142858,-0.8660254037844386,0.5000000000000001
2016-10-28,60.39653,141.8205,322.7864,63.0,69.6,10.3,295.4,1018.8,4.5,1.1938,204.3,154.0,Unhealthy,2016,10,28,Friday,Autumn,0,49.42486,46.95458,51.31868,138.1887,102.3358,135.0,140.0,51.14652633666992,54.331476484026226,136.66666666666666,142.57142857142858,-0.8660254037844386,0.5000000000000001
2016-10-29,57.42118,121.6118,256.0156,62.5,70.6,9.2,255.3,1019.9,4.6,13.7922,194.3,152.0,Unhealthy,2016,10,29,Saturday,Autumn,1,60.39653,43.61819,62.03903,141.8205,122.5808,154.0,154.0,55.74752298990885,53.67178399222238,147.0,142.28571428571428,-0.8660254037844386,0.5000000000000001
2016-10-30,48.80222,101.7853,218.2778,61.7,75.2,8.1,179.4,1019.2,5.1,0.0,199.0,134.0,Unhealthy for Sensitive Groups,2016,10,30,Sunday,Autumn,0,57.42118,49.42486,61.49201,121.6118,115.2517,152.0,154.0,55.53997675577799,51.85895701817104,146.66666666666666,139.42857142857142,-0.8660254037844386,0.5000000000000001
2016-10-31,39.67944,92.69694,206.0669,62.3,73.1,9.2,141.7,1023.1,4.6,0.0,187.1,111.0,Unhealthy for Sensitive Groups,2016,10,31,Monday,Autumn,0,48.80222,60.39653,56.39514,101.7853,151.5757,134.0,151.0,48.63427988688151,49.470999581473215,132.33333333333334,133.71428571428572,-0.8660254037844386,0.5000000000000001
2016-11-01,30.53889,77.47847,179.6427,63.4,70.3,10.3,178.6,1021.1,4.9,0.0,185.6,90.0,Moderate,2016,11,1,Tuesday,Autumn,0,39.67944,57.42118,46.95458,92.69694,125.4911,111.0,129.0,39.673516591389976,47.12590135846819,111.66666666666667,128.14285714285714,-0.5000000000000004,0.8660254037844384
2016-11-02,38.77639,99.64375,221.7614,64.1,69.4,9.2,251.6,1021.0,5.8,0.0,186.3,109.0,Unhealthy for Sensitive Groups,2016,11,2,Wednesday,Autumn,0,30.53889,48.80222,43.61819,77.47847,105.4082,90.0,121.0,36.331573486328125,46.4342155456543,103.33333333333333,126.42857142857143,-0.5000000000000004,0.8660254037844384
2016-11-03,42.88736,130.8163,292.441,63.5,71.2,8.1,130.2,1022.4,5.1,0.0,182.6,119.0,Unhealthy for Sensitive Groups,2016,11,3,Thursday,Autumn,0,38.77639,39.67944,49.42486,99.64375,138.1887,109.0,135.0,37.40088017781576,45.500287192208425,106.0,124.14285714285714,-0.5000000000000004,0.8660254037844384
2016-11-04,43.58333,101.2444,237.4722,60.8,68.6,9.2,191.2,1019.1,5.1,0.0,209.1,121.0,Unhealthy for Sensitive Groups,2016,11,4,Friday,Autumn,0,42.88736,30.53889,60.39653,130.8163,141.8205,119.0,154.0,41.74902598063151,43.0984012058803,116.33333333333333,119.42857142857143,-0.5000000000000004,0.8660254037844384
2016-11-05,41.67708,104.3326,248.7931,60.2,69.5,9.2,238.0,1017.0,5.1,0.0,206.8,116.0,Unhealthy for Sensitive Groups,2016,11,5,Saturday,Autumn,1,43.58333,38.77639,57.42118,101.2444,121.6118,121.0,152.0,42.715922037760414,40.849243709019255,118.66666666666667,114.28571428571429,-0.5000000000000004,0.8660254037844384
2016-11-06,51.84653,113.0264,284.9056,60.0,72.2,9.2,176.5,1015.9,4.8,0.0,208.7,141.0,Unhealthy for Sensitive Groups,2016,11,6,Sunday,Autumn,0,41.67708,42.88736,48.80222,104.3326,101.7853,116.0,134.0,45.70231246948242,41.28414535522461,126.0,115.28571428571429,-0.5000000000000004,0.8660254037844384
2016-11-07,51.37083,122.2451,291.3989,59.3,72.2,9.2,244.1,1017.2,4.3,0.0,203.3,140.0,Unhealthy for Sensitive Groups,2016,11,7,Monday,Autumn,0,51.84653,43.58333,39.67944,113.0264,92.69694,141.0,111.0,48.29814656575521,42.95434406825474,132.33333333333334,119.42857142857143,-0.5000000000000004,0.8660254037844384
2016-11-08,50.09167,113.0868,281.5104,59.4,71.4,8.1,229.8,1020.1,4.6,0.0,183.9,137.0,Unhealthy for Sensitive Groups,2016,11,8,Tuesday,Autumn,0,51.37083,41.67708,30.53889,122.2451,77.47847,140.0,90.0,51.10301081339518,45.747598375592915,139.33333333333334,126.14285714285714,-0.5000000000000004,0.8660254037844384
2016-11-09,48.44722,99.98056,226.5042,59.1,73.3,10.3,209.7,1019.7,4.7,0.0,203.0,133.0,Unhealthy for Sensitive Groups,2016,11,9,Wednesday,Autumn,0,50.09167,51.84653,38.77639,113.0868,99.64375,137.0,109.0,49.96990712483724,47.12914548601423,136.66666666666666,129.57142857142858,-0.5000000000000004,0.8660254037844384
2016-11-10,47.64792,104.1458,220.7528,60.3,74.5,9.2,283.8,1019.7,4.6,0.0,198.1,131.0,Unhealthy for Sensitive Groups,2016,11,10,Thursday,Autumn,0,48.44722,51.37083,42.88736,99.98056,130.8163,133.0,119.0,48.728936513264976,47.809225354875835,133.66666666666666,131.28571428571428,-0.5000000000000004,0.8660254037844384
2016-11-11,50.75208,102.4854,223.3688,61.1,74.8,8.1,259.3,1020.8,4.3,0.0,162.3,139.0,Unhealthy for Sensitive Groups,2016,11,11,Friday,Autumn,0,47.64792,50.09167,43.58333,104.1458,101.2444,131.0,121.0,48.94907251993815,48.83333260672433,134.33333333333334,133.85714285714286,-0.5000000000000004,0.8660254037844384
2016-11-12,49.18528,89.62618,181.784,60.5,73.3,9.2,255.0,1021.2,4.8,0.0,191.5,135.0,Unhealthy for Sensitive Groups,2016,11,12,Saturday,Autumn,1,50.75208,48.44722,41.67708,102.4854,104.3326,139.0,116.0,49.19509251912435,49.9059328351702,135.0,136.57142857142858,-0.5000000000000004,0.8660254037844384
2016-11-13,63.62361,139.2296,291.0315,59.9,77.1,10.3,276.3,1021.8,4.8,0.0,194.1,155.0,Unhealthy,2016,11,13,Sunday,Autumn,0,49.18528,47.64792,51.84653,89.62618,113.0264,135.0,141.0,54.52032343546549,51.58837291172573,143.0,138.57142857142858,-0.5000000000000004,0.8660254037844384
2016-11-14,65.97875,145.8532,307.5079,58.0,73.3,9.2,164.3,1020.8,4.3,0.0,182.5,156.0,Unhealthy,2016,11,14,Monday,Autumn,0,63.62361,50.75208,51.37083,139.2296,122.2451,155.0,140.0,59.59588114420573,53.675218854631694,148.66666666666666,140.85714285714286,-0.5000000000000004,0.8660254037844384
2016-11-15,72.95848,139.3559,260.3921,56.6,66.7,8.1,163.7,1020.4,4.4,0.0,184.0,160.0,Unhealthy,2016,11,15,Tuesday,Autumn,0,65.97875,49.18528,50.09167,145.8532,113.0868,156.0,137.0,67.52028147379558,56.9419059753418,157.0,144.14285714285714,-0.5000000000000004,0.8660254037844384
2016-11-16,65.26778,125.825,243.9175,56.2,71.9,8.1,258.0,1020.9,3.9,0.0,183.4,156.0,Unhealthy,2016,11,16,Wednesday,Autumn,0,72.95848,63.62361,48.44722,139.3559,99.98056,160.0,133.0,68.0683364868164,59.34484263828823,157.33333333333334,147.42857142857142,-0.5000000000000004,0.8660254037844384
2016-11-17,67.07639,123.0889,235.3069,56.3,73.9,9.2,200.3,1020.7,3.7,0.0,196.9,157.0,Unhealthy,2016,11,17,Thursday,Autumn,0,65.26778,65.97875,47.64792,125.825,104.1458,156.0,131.0,68.43421681722005,62.12033898489816,157.66666666666666,151.14285714285714,-0.5000000000000004,0.8660254037844384
2016-11-18,67.20694,118.4778,223.8951,55.8,75.9,8.1,218.1,1018.9,3.6,0.508,186.3,157.0,Unhealthy,2016,11,18,Friday,Autumn,0,67.07639,72.95848,50.75208,123.0889,102.4854,157.0,139.0,66.51703643798828,64.47103336879185,156.66666666666666,153.71428571428572,-0.5000000000000004,0.8660254037844384
2016-11-19,62.45278,119.8519,267.7061,56.1,78.2,8.1,247.7,1017.4,3.7,0.0,137.0,155.0,Unhealthy,2016,11,19,Saturday,Autumn,1,67.20694,65.26778,49.18528,118.4778,89.62618,157.0,135.0,65.57870483398438,66.36639077322823,156.33333333333334,156.57142857142858,-0.5000000000000004,0.8660254037844384
2016-11-20,60.37472,135.8201,347.6347,57.3,76.7,9.2,239.1,1018.2,3.5,0.0,129.1,154.0,Unhealthy,2016,11,20,Sunday,Autumn,0,62.45278,67.07639,63.62361,119.8519,139.2296,155.0,155.0,63.34481430053711,65.90226364135742,155.33333333333334,156.42857142857142,-0.5000000000000004,0.8660254037844384
2016-11-21,72.48611,153.2203,330.1868,59.1,73.0,9.2,259.7,1017.6,3.6,0.0,173.3,160.0,Unhealthy,2016,11,21,Monday,Autumn,0,60.37472,67.20694,65.97875,135.8201,145.8532,154.0,156.0,65.10453669230144,66.83188574654716,156.33333333333334,157.0,-0.5000000000000004,0.8660254037844384
2016-11-22,81.09236,149.7979,312.7833,57.9,77.1,8.1,176.3,1016.6,3.3,0.0,177.9,164.0,Unhealthy,2016,11,22,Tuesday,Autumn,0,72.48611,62.45278,72.95848,153.2203,139.3559,160.0,160.0,71.31772994995117,67.99386869158063,159.33333333333334,157.57142857142858,-0.5000000000000004,0.8660254037844384
2016-11-23,82.55555,157.6465,357.5799,57.8,79.8,6.9,191.9,1016.8,3.1,0.0,136.2,165.0,Unhealthy,2016,11,23,Wednesday,Autumn,0,81.09236,60.37472,65.26778,149.7979,125.825,164.0,156.0,78.71133931477864,70.46355056762695,163.0,158.85714285714286,-0.5000000000000004,0.8660254037844384
2016-11-24,87.18056,157.7847,334.3035,56.7,77.1,8.1,216.0,1019.0,2.9,0.0,136.0,167.0,Unhealthy,2016,11,24,Thursday,Autumn,0,82.55555,72.48611,67.07639,157.6465,123.0889,165.0,157.0,83.60948944091797,73.33557401384626,165.33333333333334,160.28571428571428,-0.5000000000000004,0.8660254037844384
2016-11-25,86.25764,149.7038,281.2854,55.8,84.3,6.9,190.2,1016.2,2.8,0.0,98.4,167.0,Unhealthy,2016,11,25,Friday,Autumn,0,87.18056,81.09236,67.20694,157.7847,118.4778,167.0,157.0,85.3312479654948,76.05710220336914,166.33333333333334,161.71428571428572,-0.5000000000000004,0.8660254037844384
2016-11-26,76.07153,139.1528,300.5403,57.1,80.3,6.9,194.4,1017.5,2.6,0.0,95.1,162.0,Unhealthy,2016,11,26,Saturday,Autumn,1,86.25764,82.55555,62.45278,149.7038,119.8519,167.0,155.0,83.16990915934245,78.00263813563755,165.33333333333334,162.71428571428572,-0.5000000000000004,0.8660254037844384
2016-11-27,75.81389,159.4708,353.6062,57.0,80.3,9.2,236.3,1016.2,2.8,0.0,128.9,161.0,Unhealthy,2016,11,27,Sunday,Autumn,0,76.07153,87.18056,60.37472,139.1528,135.8201,162.0,154.0,79.38101959228516,80.20823342459542,163.33333333333334,163.71428571428572,-0.5000000000000004,0.8660254037844384
2016-11-28,72.94861,145.6012,332.2514,57.4,77.6,6.9,155.7,1018.2,3.2,0.0,107.1,160.0,Unhealthy,2016,11,28,Monday,Autumn,0,75.81389,86.25764,72.48611,159.4708,153.2203,161.0,160.0,74.94467671712239,80.27430507114956,161.0,163.71428571428572,-0.5000000000000004,0.8660254037844384
2016-11-29,71.65803,121.5395,239.1341,57.0,77.0,8.1,156.8,1018.7,3.5,0.0,127.0,159.0,Unhealthy,2016,11,29,Tuesday,Autumn,0,72.94861,76.07153,81.09236,145.6012,149.7979,160.0,164.0,73.47350819905598,78.92654309953961,160.0,163.0,-0.5000000000000004,0.8660254037844384
2016-11-30,67.4025,129.2798,276.8628,57.6,77.5,9.2,257.5,1022.0,3.7,0.0,106.9,157.0,Unhealthy,2016,11,30,Wednesday,Autumn,0,71.65803,75.81389,82.55555,121.5395,157.6465,159.0,165.0,70.66971079508464,76.76182120186942,158.66666666666666,161.85714285714286,-0.5000000000000004,0.8660254037844384
2016-12-01,62.39514,113.344,243.0035,57.7,78.9,8.1,214.9,1021.4,3.7,0.0,110.2,155.0,Unhealthy,2016,12,1,Thursday,Winter,0,67.4025,72.94861,87.18056,129.2798,157.7847,157.0,167.0,67.15188852945964,73.22104753766742,157.0,160.14285714285714,-2.4492935982947064e-16,1.0
2016-12-02,76.03549,140.3372,283.8654,57.0,78.1,6.9,236.1,1021.8,3.5,0.0,103.2,162.0,Unhealthy,2016,12,2,Friday,Winter,0,62.39514,71.65803,86.25764,113.344,149.7038,155.0,167.0,68.61104329427083,71.76074109758649,158.0,159.42857142857142,-2.4492935982947064e-16,1.0
2016-12-03,87.92776,178.7509,333.7478,56.5,77.5,6.9,252.3,1024.1,3.2,0.0,151.2,168.0,Unhealthy,2016,12,3,Saturday,Winter,1,76.03549,67.4025,76.07153,140.3372,139.1528,162.0,162.0,75.45279693603516,73.45448739188058,161.66666666666666,160.28571428571428,-2.4492935982947064e-16,1.0
2016-12-04,69.35566,121.3257,222.3294,54.9,78.8,4.7,157.4,1022.0,3.2,0.0,176.8,158.0,Unhealthy,2016,12,4,Sunday,Winter,0,87.92776,62.39514,75.81389,178.7509,159.4708,168.0,161.0,77.77296956380208,72.5318832397461,162.66666666666666,159.85714285714286,-2.4492935982947064e-16,1.0
2016-12-05,70.69587,108.4286,198.8351,55.6,72.1,6.9,172.8,1021.6,3.3,0.0,178.3,159.0,Unhealthy,2016,12,5,Monday,Winter,0,69.35566,76.03549,72.94861,121.3257,145.6012,158.0,160.0,75.99309539794922,72.21006338936942,161.66666666666666,159.71428571428572,-2.4492935982947064e-16,1.0
2016-12-06,77.20333,125.1116,235.2323,55.5,74.0,6.9,120.2,1022.1,3.0,0.0,172.3,162.0,Unhealthy,2016,12,6,Tuesday,Winter,0,70.69587,87.92776,71.65803,108.4286,121.5395,159.0,159.0,72.4182866414388,73.00224958147321,159.66666666666666,160.14285714285714,-2.4492935982947064e-16,1.0
2016-12-07,71.82194,124.83,249.6925,54.6,68.3,5.8,163.7,1021.2,3.5,0.0,175.3,159.0,Unhealthy,2016,12,7,Wednesday,Winter,0,77.20333,69.35566,67.4025,125.1116,129.2798,162.0,157.0,73.2403793334961,73.63359832763672,160.0,160.42857142857142,-2.4492935982947064e-16,1.0
2016-12-08,72.97063,129.5884,272.2802,54.5,60.6,8.1,151.3,1020.0,3.5,0.0,175.2,160.0,Unhealthy,2016,12,8,Thursday,Winter,0,71.82194,70.69587,62.39514,124.83,113.344,159.0,155.0,73.99863179524739,75.14438193184989,160.33333333333334,161.14285714285714,-2.4492935982947064e-16,1.0
2016-12-09,69.03917,111.5468,222.7555,54.0,63.3,8.1,123.2,1017.8,3.4,0.0,175.8,158.0,Unhealthy,2016,12,9,Friday,Winter,0,72.97063,77.20333,76.03549,129.5884,140.3372,160.0,162.0,71.2772445678711,74.14490727015904,159.0,160.57142857142858,-2.4492935982947064e-16,1.0
2016-12-10,63.23575,95.51342,195.8196,54.6,63.7,8.1,234.4,1017.7,3.7,0.0,177.1,155.0,Unhealthy,2016,12,10,Saturday,Winter,1,69.03917,71.82194,87.92776,111.5468,178.7509,158.0,168.0,68.41518147786458,70.61747741699219,157.66666666666666,158.71428571428572,-2.4492935982947064e-16,1.0
2016-12-11,61.15226,98.18876,233.5805,52.6,72.8,4.7,134.2,1016.4,3.0,0.0,169.5,154.0,Unhealthy,2016,12,11,Sunday,Winter,0,63.23575,72.97063,69.35566,95.51342,121.3257,155.0,158.0,64.47572580973308,69.44556318010602,155.66666666666666,158.14285714285714,-2.4492935982947064e-16,1.0
2016-12-12,57.90562,85.36208,175.57,53.9,65.8,11.4,209.7,1015.9,3.5,0.0,173.7,152.0,Unhealthy,2016,12,12,Monday,Winter,0,61.15226,69.03917,70.69587,98.18876,108.4286,154.0,159.0,60.76454289754232,67.61838476998466,153.66666666666666,157.14285714285714,-2.4492935982947064e-16,1.0
2016-12-13,55.1184,72.15458,141.1573,53.3,73.8,8.1,185.3,1017.5,3.3,0.0,160.1,149.0,Unhealthy for Sensitive Groups,2016,12,13,Tuesday,Winter,0,57.90562,63.23575,77.20333,85.36208,125.1116,152.0,162.0,58.05876032511393,64.46339470999581,151.66666666666666,155.28571428571428,-2.4492935982947064e-16,1.0
2016-12-14,40.32868,62.57257,151.5881,52.6,77.8,8.1,228.6,1018.4,3.2,0.0,167.1,113.0,Unhealthy for Sensitive Groups,2016,12,14,Wednesday,Winter,0,55.1184,61.15226,71.82194,72.15458,124.83,149.0,159.0,51.117566426595054,59.96435764857701,138.0,148.71428571428572,-2.4492935982947064e-16,1.0
2016-12-15,56.98257,88.30681,183.9265,53.6,75.1,6.9,177.6,1018.7,3.5,0.0,127.8,152.0,Unhealthy,2016,12,15,Thursday,Winter,0,40.32868,57.90562,72.97063,62.57257,129.5884,113.0,160.0,50.80988311767578,57.68034962245396,138.0,147.57142857142858,-2.4492935982947064e-16,1.0
2016-12-16,46.66896,60.61036,131.2444,53.1,73.5,6.9,192.9,1021.1,3.4,0.0,128.7,129.0,Unhealthy for Sensitive Groups,2016,12,16,Friday,Winter,0,56.98257,55.1184,69.03917,88.30681,111.5468,152.0,158.0,47.99340311686198,54.484605516706196,131.33333333333334,143.42857142857142,-2.4492935982947064e-16,1.0
2016-12-17,46.17694,64.35542,119.5214,53.3,73.4,9.2,264.9,1020.1,3.5,0.0,152.4,127.0,Unhealthy for Sensitive Groups,2016,12,17,Saturday,Winter,1,46.66896,40.32868,63.23575,60.61036,95.51342,129.0,155.0,49.942824045817055,52.047633034842356,136.0,139.42857142857142,-2.4492935982947064e-16,1.0
2016-12-18,38.4266,51.18778,96.72584,52.8,73.4,8.1,191.7,1021.1,3.9,0.0,171.0,108.0,Unhealthy for Sensitive Groups,2016,12,18,Sunday,Winter,0,46.17694,56.98257,61.15226,64.35542,98.18876,127.0,154.0,43.757500966389976,48.80111040387835,121.33333333333333,132.85714285714286,-2.4492935982947064e-16,1.0
2016-12-19,45.51918,62.67908,134.7537,52.6,75.7,8.1,229.3,1019.4,3.6,0.0,163.1,126.0,Unhealthy for Sensitive Groups,2016,12,19,Monday,Winter,0,38.4266,46.66896,57.90562,51.18778,85.36208,108.0,152.0,43.37424087524414,47.03161893572126,120.33333333333333,129.14285714285714,-2.4492935982947064e-16,1.0
2016-12-20,41.97812,64.22507,149.4494,53.5,79.0,8.1,181.2,1017.7,3.2,0.0,94.8,117.0,Unhealthy for Sensitive Groups,2016,12,20,Tuesday,Winter,0,45.51918,46.17694,55.1184,62.67908,72.15458,126.0,149.0,41.97463353474935,45.15443583897182,117.0,124.57142857142857,-2.4492935982947064e-16,1.0
2016-12-21,35.0136,56.47114,154.6451,55.0,77.1,6.9,164.6,1018.5,3.2,0.0,113.8,99.0,Moderate,2016,12,21,Wednesday,Winter,0,41.97812,38.4266,40.32868,64.22507,62.57257,117.0,113.0,40.83696619669596,44.39513887677874,114.0,122.57142857142857,-2.4492935982947064e-16,1.0
2016-12-22,52.81362,93.30583,173.0963,56.6,74.3,8.1,223.5,1019.8,2.9,0.0,157.1,144.0,Unhealthy for Sensitive Groups,2016,12,22,Thursday,Winter,0,35.0136,45.51918,56.98257,56.47114,88.30681,99.0,152.0,43.268446604410805,43.79957471575056,120.0,121.42857142857143,-2.4492935982947064e-16,1.0
2016-12-23,70.64273,100.5177,120.3381,57.0,75.3,5.8,196.7,1017.9,3.2,0.0,112.7,159.0,Unhealthy,2016,12,23,Friday,Winter,0,52.81362,41.97812,46.66896,93.30583,60.61036,144.0,129.0,52.823317209879555,47.224399021693635,134.0,125.71428571428571,-2.4492935982947064e-16,1.0
2016-12-24,64.80366,89.06806,103.1416,55.4,75.0,9.2,246.0,1017.2,3.6,0.0,66.5,156.0,Unhealthy,2016,12,24,Saturday,Winter,1,70.64273,35.0136,46.17694,100.5177,64.35542,159.0,127.0,62.753336588541664,49.88535853794643,153.0,129.85714285714286,-2.4492935982947064e-16,1.0
2016-12-25,73.84956,93.95391,112.9301,55.3,76.1,11.4,197.7,1018.2,3.7,0.0,124.4,160.0,Unhealthy,2016,12,25,Sunday,Winter,0,64.80366,52.81362,38.4266,89.06806,51.18778,156.0,108.0,69.76531728108723,54.94578170776367,158.33333333333334,137.28571428571428,-2.4492935982947064e-16,1.0
2016-12-26,86.0955,116.1477,135.5646,53.1,73.8,10.3,283.3,1018.0,3.1,0.0,148.3,167.0,Unhealthy,2016,12,26,Monday,Winter,0,73.84956,70.64273,45.51918,93.95391,62.67908,160.0,126.0,74.91623942057292,60.74239839826311,161.0,143.14285714285714,-2.4492935982947064e-16,1.0
2016-12-27,87.44857,117.1481,138.8218,52.2,74.0,9.2,233.5,1020.2,2.6,0.0,171.7,167.0,Unhealthy,2016,12,27,Tuesday,Winter,0,86.0955,64.80366,41.97812,116.1477,64.22507,167.0,117.0,82.46454366048177,67.23817716326032,164.66666666666666,150.28571428571428,-2.4492935982947064e-16,1.0
2016-12-28,95.22875,114.2053,132.0032,51.3,79.1,10.3,183.7,1019.4,2.8,0.0,170.7,172.0,Unhealthy,2016,12,28,Wednesday,Winter,0,87.44857,73.84956,35.0136,117.1481,56.47114,167.0,99.0,89.59093983968098,75.84034184047154,168.66666666666666,160.71428571428572,-2.4492935982947064e-16,1.0
2016-12-29,100.4684,125.88,143.445,51.0,79.4,5.8,147.2,1021.1,2.1,0.0,163.8,174.0,Unhealthy,2016,12,29,Thursday,Winter,0,95.22875,86.0955,52.81362,114.2053,93.30583,172.0,144.0,94.3819071451823,82.64816720145089,171.0,165.0,-2.4492935982947064e-16,1.0
2016-12-30,89.82937,110.1397,147.7505,51.7,76.7,9.2,255.8,1021.9,2.6,0.0,148.6,169.0,Unhealthy,2016,12,30,Friday,Winter,0,100.4684,87.44857,70.64273,125.88,100.5177,174.0,159.0,95.17550659179688,85.38911546979632,171.66666666666666,166.42857142857142,-2.4492935982947064e-16,1.0
2016-12-31,101.07294,125.8133,152.056,51.9,78.6,8.1,115.0,1021.3,3.1,0.0,155.1,175.0,Unhealthy,2016,12,31,Saturday,Winter,1,89.82937,95.22875,64.80366,110.1397,89.06806,169.0,156.0,97.12356821695964,90.57044110979352,172.66666666666666,169.14285714285714,-2.4492935982947064e-16,1.0
2017-01-01,112.3165,136.9809,156.3615,47.8,84.4,6.9,126.2,1021.9,2.9,0.0,138.3,180.0,Unhealthy,2017,1,1,Sunday,Winter,0,101.07294,100.4684,73.84956,125.8133,93.95391,175.0,160.0,101.07293446858723,96.06571742466518,174.66666666666666,172.0,0.49999999999999994,0.8660254037844387
2017-01-02,69.93915,82.12454,94.96596,48.2,74.9,10.3,131.5,1022.7,2.9,0.0,146.7,158.0,Unhealthy,2017,1,2,Monday,Winter,0,112.3165,89.82937,86.0955,136.9809,116.1477,180.0,167.0,94.44286092122395,93.7576675415039,171.0,170.71428571428572,0.49999999999999994,0.8660254037844387
2017-01-03,60.08881,81.83328,98.83542,49.1,75.2,8.1,121.1,1021.2,3.9,0.0,161.7,153.0,Unhealthy,2017,1,3,Tuesday,Winter,0,69.93915,101.07294,87.44857,82.12454,117.1481,158.0,167.0,80.78148523966472,89.84913035801479,163.66666666666666,168.71428571428572,0.49999999999999994,0.8660254037844387
2017-01-04,81.10813,108.641,137.5397,48.8,72.9,9.2,212.3,1019.4,3.5,0.0,174.8,164.0,Unhealthy,2017,1,4,Wednesday,Winter,0,60.08881,112.3165,95.22875,81.83328,114.2053,153.0,172.0,70.37869644165039,87.83189882550921,158.33333333333334,167.57142857142858,0.49999999999999994,0.8660254037844387
2017-01-05,78.80734,104.2893,144.6577,50.1,65.9,8.1,177.0,1017.4,3.9,0.0,157.6,163.0,Unhealthy,2017,1,5,Thursday,Winter,0,81.10813,69.93915,100.4684,108.641,125.88,164.0,174.0,73.33476130167644,84.7374621800014,160.0,166.0,0.49999999999999994,0.8660254037844387
2017-01-06,67.86272,91.41531,112.7208,49.6,70.6,12.8,185.9,1017.5,3.8,0.0,107.6,157.0,Unhealthy,2017,1,6,Friday,Winter,0,78.80734,60.08881,89.82937,104.2893,110.1397,163.0,169.0,75.92606353759766,81.59936904907227,161.33333333333334,164.28571428571428,0.49999999999999994,0.8660254037844387
2017-01-07,80.29445,104.8176,130.1564,49.2,68.3,8.1,190.5,1016.6,4.0,0.0,169.8,164.0,Unhealthy,2017,1,7,Saturday,Winter,1,67.86272,81.10813,101.07294,91.41531,125.8133,157.0,175.0,75.6548360188802,78.63101359776088,161.33333333333334,162.71428571428572,0.49999999999999994,0.8660254037844387
2017-01-08,75.80206,98.61687,123.4153,49.0,68.7,8.1,248.7,1017.0,3.8,0.0,142.1,161.0,Unhealthy,2017,1,8,Sunday,Winter,0,80.29445,78.80734,112.3165,104.8176,136.9809,164.0,180.0,74.653076171875,73.41466576712472,160.66666666666666,160.0,0.49999999999999994,0.8660254037844387
2017-01-09,94.87385,124.2011,148.599,48.6,68.8,10.3,286.1,1016.5,3.4,0.0,165.2,171.0,Unhealthy,2017,1,9,Monday,Winter,0,75.80206,67.86272,69.93915,98.61687,82.12454,161.0,158.0,83.6567866007487,76.97676576886859,165.33333333333334,161.85714285714286,0.49999999999999994,0.8660254037844387
2017-01-10,79.71797,99.35989,110.9231,48.6,69.5,9.2,198.6,1015.7,3.5,0.0,170.7,164.0,Unhealthy,2017,1,10,Tuesday,Winter,0,94.87385,80.29445,60.08881,124.2011,81.83328,171.0,153.0,83.46462758382161,79.7809317452567,165.33333333333334,163.42857142857142,0.49999999999999994,0.8660254037844387
2017-01-11,78.70619,97.90379,106.5112,46.9,72.4,13.9,203.2,1016.0,3.1,0.0,148.3,163.0,Unhealthy,2017,1,11,Wednesday,Winter,0,79.71797,75.80206,81.10813,99.35989,108.641,164.0,164.0,84.43267059326172,79.43779754638672,166.0,163.28571428571428,0.49999999999999994,0.8660254037844387
2017-01-12,84.99516,105.674,118.8893,46.2,73.1,13.9,193.9,1016.1,2.5,0.0,144.0,166.0,Unhealthy,2017,1,12,Thursday,Winter,0,78.70619,94.87385,78.80734,97.90379,104.2893,163.0,163.0,81.13977559407552,80.32177189418248,164.33333333333334,163.71428571428572,0.49999999999999994,0.8660254037844387
2017-01-13,92.19536,108.5129,112.5188,45.3,71.7,13.9,182.4,1017.0,2.7,0.0,162.2,170.0,Unhealthy,2017,1,13,Friday,Winter,0,84.99516,79.71797,67.86272,105.674,91.41531,166.0,157.0,85.29890441894531,83.79786355154855,166.33333333333334,165.57142857142858,0.49999999999999994,0.8660254037844387
2017-01-14,90.865105,113.45132,123.00394,45.7,68.8,9.2,258.5,1019.2,2.7,0.0,191.4,169.0,Unhealthy,2017,1,14,Saturday,Winter,1,92.19536,78.70619,80.29445,108.5129,104.8176,170.0,164.0,89.35187530517578,85.30795724051339,168.33333333333334,166.28571428571428,0.49999999999999994,0.8660254037844387
2017-01-15,89.53485,118.38974,133.48907,46.7,67.2,9.2,266.0,1020.4,3.0,0.0,188.9,169.0,Unhealthy,2017,1,15,Sunday,Winter,0,90.865105,84.99516,75.80206,113.45132,98.61687,169.0,161.0,90.86510467529297,87.26978410993304,169.33333333333334,167.42857142857142,0.49999999999999994,0.8660254037844387
2017-01-16,88.2046,123.32816,143.97421,48.4,65.5,6.9,226.5,1018.2,3.3,0.0,187.9,168.0,Unhealthy,2017,1,16,Monday,Winter,0,89.53485,92.19536,94.87385,118.38974,124.2011,169.0,171.0,89.53485107421875,86.31703404017857,168.66666666666666,167.0,0.49999999999999994,0.8660254037844387
2017-01-17,86.874344,128.26659,154.45937,48.8,65.0,11.4,250.3,1019.0,3.2,0.0,188.1,167.0,Unhealthy,2017,1,17,Tuesday,Winter,0,88.2046,90.865105,79.71797,123.32816,99.35989,168.0,164.0,88.20459747314453,87.33937290736607,168.0,167.42857142857142,0.49999999999999994,0.8660254037844387
2017-01-18,85.54409,133.205,164.9445,50.0,64.5,9.2,325.2,1022.8,3.5,0.0,191.5,167.0,Unhealthy,2017,1,18,Wednesday,Winter,0,86.874344,89.53485,78.70619,128.26659,97.90379,167.0,163.0,86.87434387207031,88.31621551513672,167.33333333333334,168.0,0.49999999999999994,0.8660254037844387
2017-01-19,92.52403,127.5533,156.6578,50.9,59.1,12.8,322.8,1023.2,3.8,0.0,197.1,170.0,Unhealthy,2017,1,19,Thursday,Winter,0,85.54409,88.2046,84.99516,133.205,105.674,167.0,166.0,88.31415557861328,89.39176831926618,168.0,168.57142857142858,0.49999999999999994,0.8660254037844387
2017-01-20,103.2476,148.2249,206.0029,51.0,53.8,10.3,46.3,1022.0,3.4,0.0,200.7,176.0,Unhealthy,2017,1,20,Friday,Winter,0,92.52403,86.874344,92.19536,127.5533,108.5129,170.0,170.0,93.77190653483073,90.97065952845982,171.0,169.42857142857142,0.49999999999999994,0.8660254037844387
2017-01-21,95.13744,129.5517,173.9873,51.5,65.6,6.9,156.7,1022.4,3.5,0.0,188.1,171.0,Unhealthy,2017,1,21,Saturday,Winter,1,103.2476,85.54409,90.865105,148.2249,113.45132,176.0,169.0,96.96969095865886,91.58099365234375,172.33333333333334,169.71428571428572,0.49999999999999994,0.8660254037844387
2017-01-22,92.92035,118.6607,141.8298,52.2,65.9,9.2,203.3,1023.0,3.1,0.0,186.4,170.0,Unhealthy,2017,1,22,Sunday,Winter,0,95.13744,92.52403,89.53485,129.5517,118.38974,171.0,169.0,97.10179646809895,92.06463623046875,172.33333333333334,169.85714285714286,0.49999999999999994,0.8660254037844387
2017-01-23,95.57682,117.6536,143.1682,52.3,70.5,9.2,157.3,1021.3,2.9,0.0,190.0,172.0,Unhealthy,2017,1,23,Monday,Winter,0,92.92035,103.2476,88.2046,118.6607,123.32816,170.0,168.0,94.5448710123698,93.11781093052456,171.0,170.42857142857142,0.49999999999999994,0.8660254037844387
2017-01-24,92.8978,118.1117,142.1958,53.1,71.6,8.1,141.3,1023.1,2.7,0.0,184.2,170.0,Unhealthy,2017,1,24,Tuesday,Winter,0,95.57682,95.13744,86.874344,117.6536,128.26659,172.0,167.0,93.79832204182942,93.97830418178013,170.66666666666666,170.85714285714286,0.49999999999999994,0.8660254037844387
2017-01-25,96.36016,131.744,164.1847,55.2,66.4,8.1,231.8,1025.0,3.0,0.0,181.1,172.0,Unhealthy,2017,1,25,Wednesday,Winter,0,92.8978,92.92035,85.54409,118.1117,133.205,170.0,167.0,94.94492594401042,95.52345711844308,171.33333333333334,171.57142857142858,0.49999999999999994,0.8660254037844387
2017-01-26,90.14366,128.9626,175.588,56.9,65.3,10.3,209.9,1023.4,3.2,0.0,183.3,169.0,Unhealthy,2017,1,26,Thursday,Winter,0,96.36016,95.57682,92.52403,131.744,127.5533,172.0,170.0,93.13387298583984,95.18340410505023,170.33333333333334,171.42857142857142,0.49999999999999994,0.8660254037844387
2017-01-27,63.18297,80.87891,93.82781,51.7,84.3,11.4,102.3,1021.4,2.9,5.1,67.8,155.0,Unhealthy,2017,1,27,Friday,Winter,0,90.14366,92.8978,103.2476,128.9626,148.2249,169.0,176.0,83.2289301554362,89.4598857334682,165.33333333333334,168.42857142857142,0.49999999999999994,0.8660254037844387
2017-01-28,59.05847,93.66056,121.7624,51.5,68.5,8.1,242.1,1019.1,4.2,6.6,193.8,153.0,Unhealthy,2017,1,28,Saturday,Winter,1,63.18297,96.36016,95.13744,80.87891,129.5517,155.0,171.0,70.79503377278645,84.30574689592633,159.0,165.85714285714286,0.49999999999999994,0.8660254037844387
2017-01-29,76.65894,111.7027,144.3554,50.6,74.8,12.8,186.4,1018.8,3.8,0.0,175.1,162.0,Unhealthy,2017,1,29,Sunday,Winter,0,59.05847,90.14366,92.92035,93.66056,118.6607,153.0,170.0,66.30012766520183,81.9826889038086,156.66666666666666,164.71428571428572,0.49999999999999994,0.8660254037844387
2017-01-30,84.25112,111.6643,129.3957,52.2,78.2,6.9,199.7,1017.9,3.3,0.1016,169.2,166.0,Unhealthy,2017,1,30,Monday,Winter,0,76.65894,63.18297,95.57682,111.7027,117.6536,162.0,172.0,73.32284545898438,80.36473192487445,160.33333333333334,163.85714285714286,0.49999999999999994,0.8660254037844387
2017-01-31,73.02067,96.20483,111.9941,54.6,73.8,12.8,195.8,1017.5,2.8,0.0,158.5,160.0,Unhealthy,2017,1,31,Tuesday,Winter,0,84.25112,59.05847,92.8978,111.6643,118.1117,166.0,170.0,77.97691090901692,77.52514212472099,162.66666666666666,162.42857142857142,0.49999999999999994,0.8660254037844387
2017-02-01,77.21906,104.3184,122.4975,54.6,76.1,10.3,212.7,1018.8,3.1,0.0,165.8,162.0,Unhealthy,2017,2,1,Wednesday,Winter,0,73.02067,76.65894,96.36016,96.20483,131.744,160.0,172.0,78.16361745198567,74.7906995500837,162.66666666666666,161.0,0.8660254037844386,0.5000000000000001
2017-02-02,79.33011,103.665,114.519,53.8,77.7,11.4,226.6,1021.3,2.4,0.0,159.9,163.0,Unhealthy,2017,2,2,Thursday,Winter,0,77.21906,84.25112,90.14366,104.3184,128.9626,162.0,169.0,76.52327982584636,73.24590628487724,161.66666666666666,160.14285714285714,0.8660254037844386,0.5000000000000001
2017-02-03,82.72201,112.6626,130.3659,55.0,74.4,8.1,170.0,1021.4,2.6,0.0,198.9,165.0,Unhealthy,2017,2,3,Friday,Winter,0,79.33011,73.02067,63.18297,103.665,80.87891,163.0,155.0,79.75705973307292,76.03719765799386,163.33333333333334,161.57142857142858,0.8660254037844386,0.5000000000000001
2017-02-04,91.39715,128.5076,149.0041,57.3,71.3,6.9,170.8,1019.5,2.7,0.0,194.1,170.0,Unhealthy,2017,2,4,Saturday,Winter,1,82.72201,77.21906,59.05847,112.6626,93.66056,165.0,153.0,84.48308817545573,80.65700857979911,166.0,164.0,0.8660254037844386,0.5000000000000001
2017-02-05,83.46236,120.7113,145.898,58.5,68.4,9.2,252.4,1020.0,2.9,0.0,202.0,165.0,Unhealthy,2017,2,5,Sunday,Winter,0,91.39715,79.33011,76.65894,128.5076,111.7027,170.0,162.0,85.86050415039062,81.62892477852958,166.66666666666666,164.42857142857142,0.8660254037844386,0.5000000000000001
2017-02-06,100.9423,139.3979,162.5131,57.4,66.1,12.8,289.7,1017.2,3.6,0.0,181.4,174.0,Unhealthy,2017,2,6,Monday,Winter,0,83.46236,82.72201,84.25112,120.7113,111.6643,165.0,166.0,91.93393452962239,84.0133786882673,169.66666666666666,165.57142857142858,0.8660254037844386,0.5000000000000001
2017-02-07,65.09568,95.14377,109.6398,56.8,65.6,10.3,239.4,1015.8,3.2,0.0,217.9,156.0,Unhealthy,2017,2,7,Tuesday,Winter,0,100.9423,91.39715,73.02067,139.3979,96.20483,174.0,160.0,83.16677856445312,82.88123757498605,165.0,165.0,0.8660254037844386,0.5000000000000001
2017-02-08,69.12106,97.9512,124.5514,57.4,70.3,8.1,254.0,1017.9,3.3,0.0,211.3,158.0,Unhealthy,2017,2,8,Wednesday,Winter,0,65.09568,83.46236,77.21906,95.14377,104.3184,156.0,162.0,78.38634745279948,81.72438049316406,162.66666666666666,164.42857142857142,0.8660254037844386,0.5000000000000001
2017-02-09,74.09549,105.7435,136.1368,56.9,65.5,11.4,251.9,1017.0,3.3,0.0,198.2,161.0,Unhealthy,2017,2,9,Thursday,Winter,0,69.12106,100.9423,79.33011,97.9512,103.665,158.0,163.0,69.43741099039714,80.97657775878906,158.33333333333334,164.14285714285714,0.8660254037844386,0.5000000000000001
2017-02-10,69.60111,114.6408,158.7523,54.9,63.5,10.3,187.0,1016.5,3.6,0.0,208.9,158.0,Unhealthy,2017,2,10,Friday,Winter,0,74.09549,65.09568,82.72201,105.7435,112.6626,161.0,165.0,70.93922170003255,79.10216413225446,159.0,163.14285714285714,0.8660254037844386,0.5000000000000001
2017-02-11,81.63771,122.0412,165.0173,54.9,63.1,8.1,200.3,1019.4,3.6,0.0,227.2,164.0,Unhealthy,2017,2,11,Saturday,Winter,1,69.60111,69.12106,91.39715,114.6408,128.5076,158.0,170.0,75.11143747965495,77.7079587663923,161.0,162.28571428571428,0.8660254037844386,0.5000000000000001
2017-02-12,78.84417,120.59,157.8105,55.2,63.1,10.3,231.5,1023.0,3.4,0.0,213.9,163.0,Unhealthy,2017,2,12,Sunday,Winter,0,81.63771,74.09549,83.46236,122.0412,120.7113,164.0,165.0,76.69433085123698,77.0482177734375,161.66666666666666,162.0,0.8660254037844386,0.5000000000000001
2017-02-13,82.49,125.9741,156.8178,54.5,62.1,8.1,238.6,1023.5,3.5,0.0,207.4,165.0,Unhealthy,2017,2,13,Monday,Winter,0,78.84417,69.60111,100.9423,120.59,139.3979,163.0,174.0,80.99062601725261,74.41217476981026,164.0,160.71428571428572,0.8660254037844386,0.5000000000000001
2017-02-14,79.27148,118.3049,148.6352,54.4,65.9,10.3,194.0,1024.4,3.1,0.0,219.2,163.0,Unhealthy,2017,2,14,Tuesday,Winter,0,82.49,81.63771,65.09568,125.9741,95.14377,165.0,156.0,80.2018814086914,76.43728855678013,163.66666666666666,161.71428571428572,0.8660254037844386,0.5000000000000001
2017-02-15,86.36042,119.331,145.6569,55.8,71.9,6.9,190.3,1024.5,2.7,0.0,211.2,167.0,Unhealthy,2017,2,15,Wednesday,Winter,0,79.27148,78.84417,69.12106,118.3049,97.9512,163.0,158.0,82.7072982788086,78.90005384172711,165.0,163.0,0.8660254037844386,0.5000000000000001
2017-02-16,97.33257,136.9284,167.6785,56.6,70.8,11.4,202.8,1022.0,2.6,0.0,209.1,173.0,Unhealthy,2017,2,16,Thursday,Winter,0,86.36042,82.49,74.09549,119.331,105.7435,167.0,161.0,87.65482330322266,82.21963718959263,167.66666666666666,164.71428571428572,0.8660254037844386,0.5000000000000001
2017-02-17,84.59935,119.2244,150.4841,58.8,68.8,9.2,261.6,1022.0,2.6,0.0,209.5,166.0,Unhealthy,2017,2,17,Friday,Winter,0,97.33257,79.27148,69.60111,136.9284,114.6408,173.0,158.0,89.43078104654948,84.36224256243024,168.66666666666666,165.85714285714286,0.8660254037844386,0.5000000000000001
2017-02-18,84.285,121.691,159.3852,60.4,69.1,10.3,214.1,1021.9,2.7,0.0,202.4,166.0,Unhealthy,2017,2,18,Saturday,Winter,1,84.59935,86.36042,81.63771,119.2244,122.0412,166.0,164.0,88.73897552490234,84.74042728969029,168.33333333333334,166.14285714285714,0.8660254037844386,0.5000000000000001
2017-02-19,85.07451,115.4432,137.7217,60.2,71.7,9.2,271.8,1019.0,2.4,0.0,180.4,166.0,Unhealthy,2017,2,19,Sunday,Winter,0,84.285,97.33257,78.84417,121.691,120.59,166.0,163.0,84.6529541015625,85.63047572544643,166.0,166.57142857142858,0.8660254037844386,0.5000000000000001
2017-02-20,87.18146,112.9669,132.5183,60.3,70.6,10.3,203.8,1013.0,2.4,0.0,165.2,167.0,Unhealthy,2017,2,20,Monday,Winter,0,85.07451,84.59935,82.49,115.4432,125.9741,166.0,165.0,85.51365661621094,86.3006842476981,166.33333333333334,166.85714285714286,0.8660254037844386,0.5000000000000001
2017-02-21,77.94764,107.4205,126.9041,60.9,59.3,10.3,321.4,1013.2,3.4,0.0,217.6,163.0,Unhealthy,2017,2,21,Tuesday,Winter,0,87.18146,84.285,79.27148,112.9669,118.3049,167.0,163.0,83.40120188395183,86.11156463623047,165.33333333333334,166.85714285714286,0.8660254037844386,0.5000000000000001
2017-02-22,77.03146,115.2175,148.2736,59.4,60.0,13.9,218.3,1014.0,3.1,0.0,201.4,162.0,Unhealthy,2017,2,22,Wednesday,Winter,0,77.94764,85.07451,86.36042,107.4205,119.331,163.0,167.0,80.72018686930339,84.7788565499442,164.0,166.14285714285714,0.8660254037844386,0.5000000000000001
2017-02-23,62.06919,82.87183,106.874,57.9,63.2,12.8,234.6,1014.6,3.5,0.0,233.3,154.0,Unhealthy,2017,2,23,Thursday,Winter,0,77.03146,87.18146,97.33257,115.2175,136.9284,162.0,173.0,72.34943135579427,79.74123055594308,159.66666666666666,163.42857142857142,0.8660254037844386,0.5000000000000001
2017-02-24,46.90903,53.66868,63.48236,56.1,66.3,17.2,214.4,1016.1,3.2,0.0,235.5,129.0,Unhealthy for Sensitive Groups,2017,2,24,Friday,Winter,0,62.06919,77.94764,84.59935,82.87183,119.2244,154.0,166.0,62.003228505452476,74.35689926147461,148.33333333333334,158.14285714285714,0.8660254037844386,0.5000000000000001
2017-02-25,52.42813,56.04896,62.03451,55.2,70.6,13.4,202.8,1016.8,2.9,0.0,183.0,143.0,Unhealthy for Sensitive Groups,2017,2,25,Saturday,Winter,1,46.90903,77.03146,84.285,53.66868,121.691,129.0,166.0,53.802117665608726,69.80591746738979,142.0,154.85714285714286,0.8660254037844386,0.5000000000000001
2017-02-26,50.40498,54.05857,62.89231,57.1,69.7,15.0,239.7,1014.4,3.0,0.0,187.5,138.0,Unhealthy for Sensitive Groups,2017,2,26,Sunday,Winter,0,52.42813,62.06919,85.07451,56.04896,115.4432,143.0,166.0,49.91404724121094,64.85312761579242,136.66666666666666,150.85714285714286,0.8660254037844386,0.5000000000000001
2017-02-27,47.906452,51.467773,59.90424,57.0,69.4,13.9,208.8,1017.8,3.0,0.0,193.4,132.0,Unhealthy for Sensitive Groups,2017,2,27,Monday,Winter,0,50.40498,46.90903,87.18146,54.05857,112.9669,138.0,167.0,50.24652099609375,59.24241256713867,137.66666666666666,145.85714285714286,0.8660254037844386,0.5000000000000001
2017-02-28,45.407925,48.876972,56.916172,57.2,71.9,12.8,206.4,1018.5,2.7,0.0,216.8,125.0,Unhealthy for Sensitive Groups,2017,2,28,Tuesday,Winter,0,47.906452,52.42813,77.94764,51.467773,107.4205,132.0,163.0,47.90645217895508,54.59388187953404,131.66666666666666,140.42857142857142,0.8660254037844386,0.5000000000000001
2017-03-01,42.909397,46.286175,53.928104,60.8,65.9,10.3,268.6,1017.6,3.1,0.0,226.5,119.0,Unhealthy for Sensitive Groups,2017,3,1,Wednesday,Spring,0,45.407925,50.40498,77.03146,48.876972,115.2175,125.0,162.0,45.40792465209961,49.71930095127651,125.33333333333333,134.28571428571428,1.0,6.123233995736766e-17
2017-03-02,40.41087,43.695377,50.940033,59.8,61.6,15.0,317.1,1016.8,3.5,1.5,231.6,113.0,Unhealthy for Sensitive Groups,2017,3,2,Thursday,Spring,0,42.909397,47.906452,62.06919,46.286175,82.87183,119.0,154.0,42.90939712524414,46.62525503976004,119.0,128.42857142857142,1.0,6.123233995736766e-17
2017-03-03,37.912342,41.10458,47.951965,59.7,52.8,11.4,285.3,1014.3,4.2,1.5,230.9,107.0,Unhealthy for Sensitive Groups,2017,3,3,Friday,Spring,0,40.41087,45.407925,46.90903,43.695377,53.66868,113.0,129.0,40.41086959838867,45.340013776506694,113.0,125.28571428571429,1.0,6.123233995736766e-17
2017-03-12,21.18069,29.05535,33.92611,52.5,66.0,11.4,254.5,1014.2,4.9,6.1,221.0,70.0,Moderate,2017,3,12,Sunday,Spring,0,22.78775,22.921177,32.915287,25.60948,35.92298,73.0,95.0,21.4636967976888,24.43813759940011,70.66666666666667,77.0,1.0,6.123233995736766e-17
2017-03-13,50.91175,81.97009,135.6011,53.7,67.6,13.9,197.7,1016.2,4.7,0.0,276.6,139.0,Unhealthy for Sensitive Groups,2017,3,13,Monday,Spring,0,21.18069,20.42265,30.41676,29.05535,33.332184,70.0,90.0,31.62673060099284,27.36599349975586,94.0,84.0,1.0,6.123233995736766e-17
2017-03-14,30.5391,35.27104,41.1666,56.5,66.3,13.9,208.7,1018.3,3.8,0.0,249.5,90.0,Moderate,2017,3,14,Tuesday,Spring,0,50.91175,22.78775,27.918232,81.97009,30.741385,139.0,84.0,34.210514068603516,27.74040331159319,99.66666666666667,84.85714285714286,1.0,6.123233995736766e-17
2017-03-15,25.57188,27.30312,29.37271,56.4,65.4,12.8,218.8,1017.4,4.3,3.9878,253.9,79.0,Moderate,2017,3,15,Wednesday,Spring,0,30.5391,21.18069,25.419704,35.27104,28.150587,90.0,79.0,35.67424392700195,27.762142726353236,102.66666666666667,84.85714285714286,1.0,6.123233995736766e-17
2017-03-16,27.99549,29.1009,30.93556,57.9,63.4,16.1,215.3,1015.9,3.7,0.0,241.1,84.0,Moderate,2017,3,16,Thursday,Spring,0,25.57188,50.91175,22.921177,27.30312,25.559788,79.0,74.0,28.035490036010742,28.487044470650808,84.33333333333333,86.28571428571429,1.0,6.123233995736766e-17
2017-03-17,20.7809,24.08141,34.10703,58.6,58.0,17.2,337.0,1014.4,3.9,0.0,206.2,69.0,Moderate,2017,3,17,Friday,Spring,0,27.99549,30.5391,20.42265,29.1009,22.96899,84.0,69.0,24.782756169637043,28.538222994123185,77.33333333333333,86.28571428571429,1.0,6.123233995736766e-17
2017-03-18,17.985,19.13806,21.75049,54.2,68.4,11.4,161.7,1015.3,4.0,6.9,223.8,63.0,Moderate,2017,3,18,Saturday,Spring,1,20.7809,25.57188,22.78775,24.08141,25.60948,69.0,73.0,22.253796259562176,27.852115903581893,72.0,84.85714285714286,1.0,6.123233995736766e-17
2017-03-19,32.11422,35.4384,39.32992,55.6,71.0,15.0,214.3,1017.0,3.3,0.0,186.3,93.0,Moderate,2017,3,19,Sunday,Spring,0,17.985,27.99549,21.18069,19.13806,29.05535,63.0,70.0,23.62670644124349,29.41404860360282,75.0,88.14285714285714,1.0,6.123233995736766e-17
2017-03-20,53.0404,83.92058,160.5565,55.4,74.9,12.8,139.1,1016.8,3.3,0.5,213.7,144.0,Unhealthy for Sensitive Groups,2017,3,20,Monday,Spring,0,32.11422,20.7809,50.91175,35.4384,81.97009,93.0,139.0,34.37987391153971,29.718141555786133,100.0,88.85714285714286,1.0,6.123233995736766e-17
2017-03-21,68.62662,118.8219,230.8954,57.0,75.1,12.8,219.0,1017.8,3.0,0.0,242.9,158.0,Unhealthy,2017,3,21,Tuesday,Spring,0,53.0404,17.985,30.5391,83.92058,35.27104,144.0,90.0,51.2604128519694,35.15921538216727,131.66666666666666,98.57142857142857,1.0,6.123233995736766e-17
2017-03-22,62.82729,117.1705,254.0613,60.4,74.7,13.9,213.1,1017.0,3.3,0.0,201.5,155.0,Unhealthy,2017,3,22,Wednesday,Spring,0,68.62662,32.11422,25.57188,118.8219,27.30312,158.0,79.0,61.49810282389323,40.48141670227051,152.33333333333334,109.42857142857143,1.0,6.123233995736766e-17
2017-03-23,51.44796,98.04446,209.2441,64.8,69.0,13.9,226.7,1017.0,3.4,0.0,186.2,140.0,Unhealthy for Sensitive Groups,2017,3,23,Thursday,Spring,0,62.82729,53.0404,27.99549,117.1705,29.1009,155.0,84.0,60.967288970947266,43.83176967075893,151.0,117.42857142857143,1.0,6.123233995736766e-17
2017-03-24,52.28473,103.7551,262.6857,65.1,73.4,15.0,219.2,1016.2,3.1,0.0,164.2,142.0,Unhealthy for Sensitive Groups,2017,3,24,Friday,Spring,0,51.44796,68.62662,20.7809,98.04446,24.08141,140.0,69.0,55.51999282836914,48.33231680733817,145.66666666666666,127.85714285714286,1.0,6.123233995736766e-17
2017-03-25,46.56268,121.5961,313.6789,65.0,72.0,8.1,263.2,1017.0,3.7,15.5,234.9,128.0,Unhealthy for Sensitive Groups,2017,3,25,Saturday,Spring,1,52.28473,62.82729,17.985,103.7551,19.13806,142.0,63.0,50.098456064860024,52.414842333112446,136.66666666666666,137.14285714285714,1.0,6.123233995736766e-17
2017-03-26,65.14625,150.0057,403.4426,66.9,75.1,15.0,210.3,1017.3,3.1,0.0,220.6,156.0,Unhealthy,2017,3,26,Sunday,Spring,0,46.56268,51.44796,32.11422,121.5961,35.4384,128.0,93.0,54.66455205281576,57.1337035042899,142.0,146.14285714285714,1.0,6.123233995736766e-17
2017-03-27,59.85556,153.2015,428.1047,67.8,74.7,11.4,216.9,1017.3,3.2,0.0,171.2,153.0,Unhealthy,2017,3,27,Monday,Spring,0,65.14625,52.28473,53.0404,150.0057,83.92058,156.0,144.0,57.18816248575846,58.10729762486049,145.66666666666666,147.42857142857142,1.0,6.123233995736766e-17
2017-03-28,71.62319,160.2966,375.834,67.6,79.3,8.1,204.0,1017.4,2.6,0.0,180.1,159.0,Unhealthy,2017,3,28,Tuesday,Spring,0,59.85556,46.56268,68.62662,153.2015,118.8219,153.0,158.0,65.54166666666667,58.53537968226841,156.0,147.57142857142858,1.0,6.123233995736766e-17
2017-03-29,60.79014,82.87285,124.9607,65.1,91.4,39.1,148.9,1015.2,2.1,4.3,91.7,154.0,Unhealthy,2017,3,29,Wednesday,Spring,0,71.62319,65.14625,62.82729,160.2966,117.1705,159.0,155.0,64.08963012695312,58.24435806274414,155.33333333333334,147.42857142857142,1.0,6.123233995736766e-17
2017-03-30,59.47458,121.7428,327.1253,68.5,85.8,8.1,268.4,1014.0,2.6,5.6,140.1,153.0,Unhealthy,2017,3,30,Thursday,Spring,0,60.79014,59.85556,51.44796,82.87285,98.04446,154.0,140.0,63.96263631184896,59.39101791381836,155.33333333333334,149.28571428571428,1.0,6.123233995736766e-17
2017-03-31,54.45306,168.0338,552.3706,70.5,77.7,13.9,223.8,1016.5,3.5,0.0,135.2,148.0,Unhealthy for Sensitive Groups,2017,3,31,Friday,Spring,0,59.47458,71.62319,52.28473,121.7428,103.7551,153.0,142.0,58.23925908406576,59.700779506138396,151.66666666666666,150.14285714285714,1.0,6.123233995736766e-17
2017-04-01,43.78833,120.0755,406.7606,68.0,77.2,15.0,216.6,1014.5,3.7,0.0,198.9,121.0,Unhealthy for Sensitive Groups,2017,4,1,Saturday,Spring,1,54.45306,60.79014,46.56268,168.0338,121.5961,148.0,128.0,52.57198969523112,59.304443904331755,140.66666666666666,149.14285714285714,0.8660254037844387,-0.4999999999999998
2017-04-02,40.72139,174.7399,574.3801,67.1,64.6,12.8,329.9,1012.5,4.4,6.4,240.5,114.0,Unhealthy for Sensitive Groups,2017,4,2,Sunday,Spring,0,43.78833,59.47458,65.14625,120.0755,150.0057,121.0,156.0,46.320926666259766,55.815178462437224,127.66666666666667,143.14285714285714,0.8660254037844387,-0.4999999999999998
2017-04-03,55.56109,223.5408,644.3935,66.4,62.4,12.8,49.2,1013.8,4.1,6.6,236.9,151.0,Unhealthy,2017,4,3,Monday,Spring,0,40.72139,54.45306,59.85556,174.7399,153.2015,114.0,153.0,46.690269470214844,55.20168249947684,128.66666666666666,142.85714285714286,0.8660254037844387,-0.4999999999999998
2017-04-04,57.93535,191.8986,564.3029,67.8,69.0,10.3,261.3,1014.5,3.9,0.0,271.5,152.0,Unhealthy,2017,4,4,Tuesday,Spring,0,55.56109,43.78833,71.62319,223.5408,160.2966,151.0,159.0,51.40594228108724,53.246276310511995,139.0,141.85714285714286,0.8660254037844387,-0.4999999999999998
2017-04-05,56.270725,245.949,695.95935,68.8,73.5,9.2,271.7,1014.7,4.0,0.0,241.0,151.0,Unhealthy,2017,4,5,Wednesday,Spring,0,57.93535,40.72139,60.79014,191.8986,82.87285,152.0,154.0,56.589054107666016,52.60064588274275,151.33333333333334,141.42857142857142,0.8660254037844387,-0.4999999999999998
2017-04-06,54.6061,299.9994,827.6158,70.4,65.9,13.9,291.5,1015.4,4.3,0.0,247.2,173.0,Unhealthy,2017,4,6,Thursday,Spring,0,56.270725,55.56109,59.47458,245.949,121.7428,151.0,153.0,56.27072397867838,51.90514864240374,158.66666666666666,144.28571428571428,0.8660254037844387,-0.4999999999999998
2017-04-07,69.47858,315.2801,864.9938,71.2,54.5,13.9,319.8,1016.0,4.1,0.0,283.6,181.0,Unhealthy,2017,4,7,Friday,Spring,0,54.6061,57.93535,54.45306,299.9994,168.0338,173.0,148.0,60.11846669514974,54.05165100097656,168.33333333333334,149.0,0.8660254037844387,-0.4999999999999998
2017-04-08,45.8791,235.1303,608.3038,68.3,54.7,10.3,313.8,1017.0,4.6,5.1,285.7,141.0,Unhealthy for Sensitive Groups,2017,4,8,Saturday,Spring,1,69.47858,56.270725,43.78833,315.2801,120.0755,181.0,121.0,56.65459187825521,54.35033253261021,165.0,151.85714285714286,0.8660254037844387,-0.4999999999999998
2017-04-09,72.45164,381.2031,946.374,68.4,44.6,10.3,300.8,1015.0,4.8,0.0,321.3,239.0,Very Unhealthy,2017,4,9,Sunday,Spring,0,45.8791,54.6061,40.72139,235.1303,174.7399,141.0,114.0,62.60310490926107,58.88322503226144,187.0,169.71428571428572,0.8660254037844387,-0.4999999999999998
2017-04-10,93.90847,474.6198,1240.336,66.3,42.8,15.0,193.3,1012.5,3.9,0.0,303.4,363.0,Hazardous,2017,4,10,Monday,Spring,0,72.45164,69.47858,55.56109,381.2031,223.5408,239.0,151.0,70.74640274047852,64.36142240251813,247.66666666666666,200.0,0.8660254037844387,-0.4999999999999998
2017-04-11,115.3727,504.0275,1212.018,65.0,46.3,15.0,201.9,1013.0,2.8,0.0,316.8,182.0,Unhealthy,2017,4,11,Tuesday,Spring,0,93.90847,45.8791,57.93535,474.6198,191.8986,363.0,152.0,93.9109369913737,72.5667588370187,261.3333333333333,204.28571428571428,0.8660254037844387,-0.4999999999999998
2017-04-12,125.6709,522.2948,1180.239,65.5,47.5,11.4,189.1,1016.1,2.6,0.0,308.9,418.0,Hazardous,2017,4,12,Wednesday,Spring,0,115.3727,72.45164,56.270725,504.0275,245.949,182.0,151.0,111.65069071451823,82.48106929234096,321.0,242.42857142857142,0.8660254037844387,-0.4999999999999998
2017-04-13,135.8306,605.2194,1324.353,66.6,52.3,9.2,223.7,1017.3,2.5,0.0,279.9,192.0,Unhealthy,2017,4,13,Thursday,Spring,0,125.6709,93.90847,54.6061,522.2948,299.9994,418.0,173.0,125.6247329711914,94.08456911359515,264.0,245.14285714285714,0.8660254037844387,-0.4999999999999998
2017-04-14,110.9211,423.7349,930.0953,68.4,57.2,13.9,240.7,1016.3,2.7,0.0,252.1,300.0,Very Unhealthy,2017,4,14,Friday,Spring,0,135.8306,115.3727,69.47858,605.2194,315.2801,192.0,181.0,124.14086405436198,100.00492913382394,303.3333333333333,262.14285714285717,0.8660254037844387,-0.4999999999999998
2017-04-15,47.98053,170.3905,448.1068,63.6,69.7,16.1,106.0,1013.8,3.9,2.8,214.4,132.0,Unhealthy for Sensitive Groups,2017,4,15,Saturday,Spring,1,110.9211,125.6709,45.8791,423.7349,235.1303,300.0,141.0,98.24407450358073,100.30513327462333,208.0,260.85714285714283,0.8660254037844387,-0.4999999999999998
2017-04-16,59.52261,244.2086,723.3722,68.5,65.1,9.2,277.6,1014.0,4.0,0.0,264.4,153.0,Unhealthy,2017,4,16,Sunday,Spring,0,47.98053,135.8306,72.45164,170.3905,381.2031,132.0,239.0,72.80807876586914,98.45812933785575,195.0,248.57142857142858,0.8660254037844387,-0.4999999999999998
2017-04-17,60.78299,206.593,636.1407,69.3,68.6,9.2,233.5,1015.5,3.6,0.0,261.4,154.0,Unhealthy,2017,4,17,Monday,Spring,0,59.52261,110.9211,93.90847,244.2086,474.6198,153.0,363.0,56.095376332600914,93.72591781616211,146.33333333333334,218.71428571428572,0.8660254037844387,-0.4999999999999998
2017-04-18,69.71903,254.8906,716.2907,71.3,67.6,9.2,200.3,1015.0,3.2,0.0,149.5,158.0,Unhealthy,2017,4,18,Tuesday,Spring,0,60.78299,47.98053,115.3727,206.593,504.0275,154.0,182.0,63.34154383341471,87.20396477835519,155.0,215.28571428571428,0.8660254037844387,-0.4999999999999998
2017-04-19,70.66896,213.9308,548.177,66.9,78.5,10.3,169.5,1013.4,3.2,0.8,132.7,159.0,Unhealthy,2017,4,19,Wednesday,Spring,0,69.71903,59.52261,125.6709,254.8906,522.2948,158.0,418.0,67.05699412027995,79.34654508318219,157.0,178.28571428571428,0.8660254037844387,-0.4999999999999998
2017-04-20,54.69691,140.9897,341.3905,65.1,84.6,9.2,108.9,1012.3,3.2,1.8,105.7,148.0,Unhealthy for Sensitive Groups,2017,4,20,Thursday,Spring,0,70.66896,60.78299,135.8306,213.9308,605.2194,159.0,192.0,65.02830123901367,67.75601850237165,155.0,172.0,0.8660254037844387,-0.4999999999999998
2017-04-21,43.74906,128.2096,354.3511,69.1,82.0,8.1,176.2,1012.0,3.2,10.9,199.3,121.0,Unhealthy for Sensitive Groups,2017,4,21,Friday,Spring,0,54.69691,69.71903,110.9211,140.9897,423.7349,148.0,300.0,56.37164433797201,58.16001347133091,142.66666666666666,146.42857142857142,0.8660254037844387,-0.4999999999999998
2017-04-22,41.71007,59.70766,98.28846,68.6,87.9,9.2,228.4,1011.7,2.9,12.7,163.8,116.0,Unhealthy for Sensitive Groups,2017,4,22,Saturday,Spring,1,43.74906,70.66896,47.98053,128.2096,170.3905,121.0,132.0,46.71868133544922,57.26423372541155,128.33333333333334,144.14285714285714,0.8660254037844387,-0.4999999999999998
2017-04-23,35.66467,78.64856,203.717,66.1,83.7,5.8,79.8,1012.4,4.2,12.2,179.6,101.0,Unhealthy for Sensitive Groups,2017,4,23,Sunday,Spring,0,41.71007,54.69691,59.52261,59.70766,244.2086,116.0,153.0,40.37460072835287,53.855956486293245,112.66666666666667,136.71428571428572,0.8660254037844387,-0.4999999999999998
2017-04-24,44.8977,190.6131,624.3525,69.2,71.6,9.2,293.6,1011.4,4.4,0.3,198.7,124.0,Unhealthy for Sensitive Groups,2017,4,24,Monday,Spring,0,35.66467,43.74906,60.78299,78.64856,206.593,101.0,154.0,40.75748062133789,51.58662959507534,113.66666666666667,132.42857142857142,0.8660254037844387,-0.4999999999999998
2017-04-25,62.38852,297.8119,871.7273,72.3,58.1,13.9,307.8,1011.3,4.5,0.0,284.9,172.0,Unhealthy,2017,4,25,Tuesday,Spring,0,44.8977,41.71007,69.71903,190.6131,254.8906,124.0,158.0,47.65029652913412,50.53941345214844,132.33333333333334,134.42857142857142,0.8660254037844387,-0.4999999999999998
2017-04-26,66.86766,382.0137,968.141,71.1,47.8,11.4,285.1,1013.1,4.4,0.0,292.7,240.0,Very Unhealthy,2017,4,26,Wednesday,Spring,0,62.38852,35.66467,70.66896,297.8119,213.9308,172.0,159.0,58.05129369099935,49.99637058803013,178.66666666666666,146.0,0.8660254037844387,-0.4999999999999998
2017-04-27,59.45043,320.5683,870.8891,71.1,45.8,11.4,257.0,1014.8,4.3,0.0,300.6,183.0,Unhealthy,2017,4,27,Thursday,Spring,0,66.86766,44.8977,54.69691,382.0137,140.9897,240.0,148.0,62.90220387776693,50.67544501168387,198.33333333333334,151.0,0.8660254037844387,-0.4999999999999998
2017-04-28,72.24835,314.9011,780.364,70.5,49.8,12.8,180.6,1014.4,3.7,0.0,303.1,181.0,Unhealthy,2017,4,28,Friday,Spring,0,59.45043,62.38852,43.74906,320.5683,128.2096,183.0,121.0,66.18881479899089,54.746772221156526,201.33333333333334,159.57142857142858,0.8660254037844387,-0.4999999999999998
2017-04-29,68.6902,241.2377,565.037,67.0,63.7,16.1,23.7,1016.8,3.8,0.0,279.9,158.0,Unhealthy,2017,4,29,Saturday,Spring,1,72.24835,66.86766,41.71007,314.9011,59.70766,181.0,116.0,66.79632822672527,58.60107639857701,174.0,165.57142857142858,0.8660254037844387,-0.4999999999999998
2017-04-30,53.36932,192.7987,544.4675,67.5,64.9,11.4,322.1,1016.3,4.4,0.0,289.6,145.0,Unhealthy for Sensitive Groups,2017,4,30,Sunday,Spring,0,68.6902,59.45043,35.66467,241.2377,78.64856,158.0,101.0,64.76929092407227,61.13031223842076,161.33333333333334,171.85714285714286,0.8660254037844387,-0.4999999999999998
2017-05-01,53.84572,108.8943,260.3103,61.1,78.9,13.9,86.9,1017.7,4.4,14.5,276.9,146.0,Unhealthy for Sensitive Groups,2017,5,1,Monday,Spring,0,53.36932,72.24835,44.8977,192.7987,190.6131,145.0,124.0,58.63507970174154,62.40860039847238,149.66666666666666,175.0,0.49999999999999994,-0.8660254037844387
2017-05-02,49.88436,164.3354,486.2226,65.5,67.2,11.4,264.0,1017.8,4.7,0.0,288.6,136.0,Unhealthy for Sensitive Groups,2017,5,2,Tuesday,Spring,0,53.84572,68.6902,62.38852,108.8943,297.8119,146.0,172.0,52.3664665222168,60.62229210989816,142.33333333333334,169.85714285714286,0.49999999999999994,-0.8660254037844387
2017-05-03,54.84537,177.8419,512.9016,68.5,68.1,11.4,215.3,1017.4,4.1,0.0,239.4,149.0,Unhealthy for Sensitive Groups,2017,5,3,Wednesday,Spring,0,49.88436,53.36932,66.86766,164.3354,382.0137,136.0,240.0,52.8584836324056,58.90482221330915,143.66666666666666,156.85714285714286,0.49999999999999994,-0.8660254037844387
2017-05-04,46.36257,117.1426,334.4994,67.1,71.1,13.9,17.1,1017.1,4.0,2.5,277.2,128.0,Unhealthy for Sensitive Groups,2017,5,4,Thursday,Spring,0,54.84537,53.84572,59.45043,177.8419,320.5683,149.0,183.0,50.36410140991211,57.03512791224888,137.66666666666666,149.0,0.49999999999999994,-0.8660254037844387
2017-05-05,45.58174,179.8068,518.3571,68.1,68.2,9.2,272.4,1015.9,4.8,10.7,294.1,126.0,Unhealthy for Sensitive Groups,2017,5,5,Friday,Spring,0,46.36257,49.88436,72.24835,117.1426,314.9011,128.0,181.0,48.9298947652181,53.225612095424104,134.33333333333334,141.14285714285714,0.49999999999999994,-0.8660254037844387
2017-05-06,58.73276,146.1511,454.986,69.6,73.3,19.7,231.6,1016.8,3.5,0.0,256.7,153.0,Unhealthy,2017,5,6,Saturday,Spring,1,45.58174,54.84537,68.6902,179.8068,241.2377,126.0,158.0,50.22569147745768,51.80312074933733,135.66666666666666,140.42857142857142,0.49999999999999994,-0.8660254037844387
2017-05-07,62.03376,152.7422,401.1231,71.3,72.9,9.2,296.3,1016.7,3.1,0.1016,266.7,154.0,Unhealthy,2017,5,7,Sunday,Spring,0,58.73276,46.36257,53.36932,146.1511,192.7987,153.0,145.0,55.44942092895508,53.04089791434152,144.33333333333334,141.71428571428572,0.49999999999999994,-0.8660254037844387
2017-05-08,55.89984,143.9762,372.7172,71.5,75.8,9.2,115.2,1016.6,3.1,3.6,210.9,151.0,Unhealthy,2017,5,8,Monday,Spring,0,62.03376,45.58174,53.84572,152.7422,108.8943,154.0,146.0,58.888787587483726,53.33434404645647,152.66666666666666,142.42857142857142,0.49999999999999994,-0.8660254037844387
2017-05-09,29.93542,89.21418,241.3801,66.4,80.0,9.2,92.8,1015.8,4.5,1.3,197.0,89.0,Moderate,2017,5,9,Tuesday,Spring,0,55.89984,58.73276,49.88436,143.9762,164.3354,151.0,136.0,49.289673487345375,50.48449516296387,131.33333333333334,135.71428571428572,0.49999999999999994,-0.8660254037844387
2017-05-10,44.46067,141.0212,395.9144,68.9,71.3,8.1,194.2,1016.9,4.6,0.8,241.2,123.0,Unhealthy for Sensitive Groups,2017,5,10,Wednesday,Spring,0,29.93542,62.03376,54.84537,89.21418,177.8419,89.0,149.0,43.43197695414225,49.00096648080008,121.0,132.0,0.49999999999999994,-0.8660254037844387
2017-05-11,52.69233,126.8184,336.2382,69.1,78.7,8.1,95.1,1016.9,4.0,3.6,230.3,143.0,Unhealthy for Sensitive Groups,2017,5,11,Thursday,Spring,0,44.46067,55.89984,46.36257,141.0212,117.1426,123.0,128.0,42.36280632019043,49.90521757943289,118.33333333333333,134.14285714285714,0.49999999999999994,-0.8660254037844387
2017-05-12,41.6664,99.83246,294.6941,71.3,79.6,8.1,241.8,1017.3,3.6,0.3,223.2,116.0,Unhealthy for Sensitive Groups,2017,5,12,Friday,Spring,0,52.69233,29.93542,45.58174,126.8184,179.8068,143.0,126.0,46.27313359578451,49.345883233206614,127.33333333333333,132.71428571428572,0.49999999999999994,-0.8660254037844387
2017-05-13,32.34551,88.42535,272.9846,72.4,70.8,12.8,229.7,1014.4,4.7,0.1016,244.4,94.0,Moderate,2017,5,13,Saturday,Spring,1,41.6664,44.46067,58.73276,99.83246,146.1511,116.0,153.0,42.23474629720052,45.5762756892613,117.66666666666667,124.28571428571429,0.49999999999999994,-0.8660254037844387
2017-05-14,26.46594,49.51826,121.5876,71.3,79.3,11.4,125.6,1011.9,4.2,8.2042,240.4,81.0,Moderate,2017,5,14,Sunday,Spring,0,32.34551,52.69233,62.03376,88.42535,152.7422,94.0,154.0,33.49261665344238,40.49515860421317,97.0,113.85714285714286,0.49999999999999994,-0.8660254037844387
2017-05-15,30.84685,60.73785,144.6347,68.6,88.4,11.4,101.5,1010.8,3.8,40.9,211.2,90.0,Moderate,2017,5,15,Monday,Spring,0,26.46594,41.6664,55.89984,49.51826,143.9762,81.0,151.0,29.886099497477215,36.916159766060964,88.33333333333333,105.14285714285714,0.49999999999999994,-0.8660254037844387
2017-05-16,36.31128,81.68945,207.6262,70.8,82.9,6.9,207.4,1010.8,3.5,3.6,165.7,103.0,Unhealthy for Sensitive Groups,2017,5,16,Tuesday,Spring,0,30.84685,32.34551,29.93542,60.73785,89.21418,90.0,89.0,31.208023071289062,37.82699693952288,91.33333333333333,107.14285714285714,0.49999999999999994,-0.8660254037844387
2017-05-17,38.03847,119.2121,394.1311,70.6,77.6,17.9,202.7,1011.2,4.5,0.5,121.7,107.0,Unhealthy for Sensitive Groups,2017,5,17,Wednesday,Spring,0,36.31128,26.46594,44.46067,81.68945,141.0212,103.0,123.0,35.06553332010905,36.90953990391323,100.0,104.85714285714286,0.49999999999999994,-0.8660254037844387
2017-05-18,36.56405,105.0238,339.2473,72.0,73.0,9.2,258.9,1012.1,4.7,0.0,245.2,104.0,Unhealthy for Sensitive Groups,2017,5,18,Thursday,Spring,0,38.03847,30.84685,52.69233,119.2121,126.8184,107.0,143.0,36.971266428629555,34.60549981253488,104.66666666666667,99.28571428571429,0.49999999999999994,-0.8660254037844387
2017-05-19,34.62637,107.9227,351.3802,74.4,68.7,10.3,282.3,1012.9,5.0,0.0,264.8,98.0,Moderate,2017,5,19,Friday,Spring,0,36.56405,36.31128,41.6664,105.0238,99.83246,104.0,116.0,36.409629821777344,33.59978103637695,103.0,96.71428571428571,0.49999999999999994,-0.8660254037844387
2017-05-20,42.00258,129.0949,391.1483,74.7,64.7,13.9,288.6,1011.6,4.7,0.0,287.9,117.0,Unhealthy for Sensitive Groups,2017,5,20,Saturday,Spring,1,34.62637,38.03847,32.34551,107.9227,88.42535,98.0,94.0,37.73099899291992,34.97936248779297,106.33333333333333,100.0,0.49999999999999994,-0.8660254037844387
2017-05-21,48.41478,160.322,468.5426,75.5,66.1,11.4,336.2,1010.5,4.1,0.0,254.1,133.0,Unhealthy for Sensitive Groups,2017,5,21,Sunday,Spring,0,42.00258,36.56405,26.46594,129.0949,49.51826,117.0,81.0,41.68124262491862,38.11491094316755,116.0,107.42857142857143,0.49999999999999994,-0.8660254037844387
2017-05-22,32.58002,105.8927,317.873,75.0,64.7,13.9,309.7,1012.7,4.9,2.3,286.8,94.0,Moderate,2017,5,22,Monday,Spring,0,48.41478,34.62637,30.84685,160.322,60.73785,133.0,90.0,40.99912643432617,38.36250686645508,114.66666666666667,108.0,0.49999999999999994,-0.8660254037844387
2017-05-23,42.61119,144.2186,404.1529,77.0,59.4,13.9,294.4,1013.6,4.5,0.0,297.1,119.0,Unhealthy for Sensitive Groups,2017,5,23,Tuesday,Spring,0,32.58002,42.00258,36.31128,105.8927,81.68945,94.0,103.0,41.20199712117513,39.262494223458425,115.33333333333333,110.28571428571429,0.49999999999999994,-0.8660254037844387
2017-05-24,48.72146,187.0315,519.924,74.1,67.3,13.9,190.4,1013.0,4.2,2.3,271.8,134.0,Unhealthy for Sensitive Groups,2017,5,24,Wednesday,Spring,0,42.61119,48.41478,38.03847,144.2186,119.2121,119.0,107.0,41.30422337849935,40.78863525390625,115.66666666666667,114.14285714285714,0.49999999999999994,-0.8660254037844387
2017-05-25,48.00276,153.4301,444.817,73.8,69.8,15.0,200.0,1012.5,4.3,0.0,266.1,132.0,Unhealthy for Sensitive Groups,2017,5,25,Thursday,Spring,0,48.72146,32.58002,36.56405,187.0315,105.0238,134.0,104.0,46.44513702392578,42.42273712158203,128.33333333333334,118.14285714285714,0.49999999999999994,-0.8660254037844387
2017-05-26,46.06333,112.3321,339.427,69.9,82.4,11.4,95.0,1011.9,3.5,18.8,243.6,127.0,Unhealthy for Sensitive Groups,2017,5,26,Friday,Spring,0,48.00276,42.61119,34.62637,153.4301,107.9227,132.0,98.0,47.5958506266276,44.05658885410854,131.0,122.28571428571429,0.49999999999999994,-0.8660254037844387
2017-05-27,42.50538,117.8285,343.15906,67.8,83.0,9.2,127.2,1012.5,4.5,7.6,128.0,118.0,Unhealthy for Sensitive Groups,2017,5,27,Saturday,Spring,1,46.06333,48.72146,42.00258,112.3321,129.0949,127.0,117.0,45.523824055989586,44.128417423793245,125.66666666666667,122.42857142857143,0.49999999999999994,-0.8660254037844387
2017-05-28,38.94743,123.3249,346.8911,70.9,76.7,8.1,134.8,1011.6,4.6,0.0,223.4,109.0,Unhealthy for Sensitive Groups,2017,5,28,Sunday,Spring,0,42.50538,48.00276,48.41478,117.8285,160.322,118.0,133.0,42.50537999471029,42.77593885149275,118.0,119.0,0.49999999999999994,-0.8660254037844387
2017-05-29,43.92357,116.3117,333.6088,71.4,75.7,6.9,160.3,1010.5,4.3,0.0,262.4,122.0,Unhealthy for Sensitive Groups,2017,5,29,Monday,Spring,0,38.94743,46.06333,32.58002,123.3249,105.8927,109.0,94.0,41.7921257019043,44.39644568307059,116.33333333333333,123.0,0.49999999999999994,-0.8660254037844387
2017-05-30,36.82849,65.75572,171.2315,69.0,84.9,10.3,245.6,1008.6,4.2,1.5,198.6,104.0,Unhealthy for Sensitive Groups,2017,5,30,Tuesday,Spring,0,43.92357,42.50538,42.61119,116.3117,144.2186,122.0,119.0,39.89982986450195,43.57034574236189,111.66666666666667,120.85714285714286,0.49999999999999994,-0.8660254037844387
2017-05-31,31.20016,103.7216,345.9342,72.3,75.4,10.3,214.3,1010.1,4.8,0.0,243.8,91.0,Moderate,2017,5,31,Wednesday,Spring,0,36.82849,38.94743,48.72146,65.75572,187.0315,104.0,134.0,37.31740633646647,41.067302976335796,105.66666666666667,114.71428571428571,0.49999999999999994,-0.8660254037844387
2017-06-01,29.73519,102.6591,323.0862,75.2,72.1,13.9,232.4,1010.0,4.7,10.9982,263.2,88.0,Moderate,2017,6,1,Thursday,Monsoon,0,31.20016,43.92357,48.00276,103.7216,153.4301,91.0,132.0,32.58794657389323,38.45764977591379,94.33333333333333,108.42857142857143,1.2246467991473532e-16,-1.0
2017-06-02,26.94406,93.97755,315.5287,75.5,69.4,15.0,245.7,1010.0,5.0,0.0,261.7,82.0,Moderate,2017,6,2,Friday,Monsoon,0,29.73519,36.82849,46.06333,102.6591,112.3321,88.0,127.0,29.29313596089681,35.7263251713344,87.0,102.0,1.2246467991473532e-16,-1.0
2017-06-03,34.59561,126.5307,328.6378,74.9,67.1,6.9,113.9,1009.5,4.2,0.0,264.5,98.0,Moderate,2017,6,3,Saturday,Monsoon,1,26.94406,31.20016,42.50538,93.97755,117.8285,82.0,118.0,30.42495346069336,34.59635843549456,89.33333333333333,99.14285714285714,1.2246467991473532e-16,-1.0
2017-06-04,38.32656,133.6143,360.7772,78.3,68.7,11.4,240.2,1009.7,4.2,0.0,317.5,108.0,Unhealthy for Sensitive Groups,2017,6,4,Sunday,Monsoon,0,34.59561,29.73519,38.94743,126.5307,123.3249,98.0,109.0,33.28874397277832,34.50766290937151,96.0,99.0,1.2246467991473532e-16,-1.0
2017-06-05,41.49526,87.54576,231.2122,74.9,80.8,13.9,160.1,1011.0,3.8,6.1,262.8,116.0,Unhealthy for Sensitive Groups,2017,6,5,Monday,Monsoon,0,38.32656,26.94406,43.92357,133.6143,116.3117,108.0,122.0,38.13914362589518,34.16076142447336,107.33333333333333,98.14285714285714,1.2246467991473532e-16,-1.0
2017-06-06,35.09453,120.1081,349.8908,73.5,77.3,12.8,212.6,1013.6,4.7,0.0,180.5,99.0,Moderate,2017,6,6,Tuesday,Monsoon,0,41.49526,34.59561,36.82849,87.54576,65.75572,116.0,104.0,38.30544916788737,33.91305242265974,107.66666666666667,97.42857142857143,1.2246467991473532e-16,-1.0
2017-06-07,42.99931,141.9257,403.5861,73.8,78.0,10.3,187.1,1013.4,3.8,0.0,215.5,119.0,Unhealthy for Sensitive Groups,2017,6,7,Wednesday,Monsoon,0,35.09453,38.32656,31.20016,120.1081,103.7216,99.0,91.0,39.86303202311198,35.5986453465053,111.33333333333333,101.42857142857143,1.2246467991473532e-16,-1.0
2017-06-08,42.60575,99.26535,270.7158,72.5,81.8,11.4,151.2,1012.0,4.0,7.1,201.5,118.0,Unhealthy for Sensitive Groups,2017,6,8,Thursday,Monsoon,0,42.99931,41.49526,29.73519,141.9257,102.6591,119.0,88.0,40.23319625854492,37.43729700360979,112.0,105.71428571428571,1.2246467991473532e-16,-1.0
2017-06-09,38.37217,110.9429,279.7101,72.6,83.6,12.8,117.6,1011.1,3.8,2.5908,237.7,108.0,Unhealthy for Sensitive Groups,2017,6,9,Friday,Monsoon,0,42.60575,35.09453,26.94406,99.26535,93.97755,118.0,82.0,41.32574335734049,39.06988416399275,115.0,109.42857142857143,1.2246467991473532e-16,-1.0
2017-06-10,37.59115,117.1968,349.2104,74.6,78.3,12.8,203.4,1010.7,4.1,7.3914,215.8,106.0,Unhealthy for Sensitive Groups,2017,6,10,Saturday,Monsoon,1,38.37217,42.99931,34.59561,110.9429,126.5307,108.0,98.0,39.523022969563804,39.49781799316406,110.66666666666667,110.57142857142857,1.2246467991473532e-16,-1.0
2017-06-11,38.60764,127.1875,394.3674,75.5,76.4,9.2,235.1,1009.2,4.1,32.2072,228.1,109.0,Unhealthy for Sensitive Groups,2017,6,11,Sunday,Monsoon,0,37.59115,42.60575,38.32656,117.1968,133.6143,106.0,108.0,38.1903190612793,39.53797204153879,107.66666666666667,110.71428571428571,1.2246467991473532e-16,-1.0
2017-06-12,32.63391,108.7462,367.717,76.4,74.0,11.4,268.0,1007.3,4.8,0.0,237.9,94.0,Moderate,2017,6,12,Monday,Monsoon,0,38.60764,38.37217,41.49526,127.1875,87.54576,109.0,116.0,36.277566274007164,38.27206529889788,103.0,107.57142857142857,1.2246467991473532e-16,-1.0
2017-06-13,28.61587,115.8617,366.7147,77.1,64.8,12.8,272.8,1008.1,5.0,0.0,278.9,86.0,Moderate,2017,6,13,Tuesday,Monsoon,0,32.63391,37.59115,35.09453,108.7462,120.1081,94.0,99.0,33.28580665588379,37.34654263087681,96.33333333333333,105.71428571428571,1.2246467991473532e-16,-1.0
2017-06-14,33.45445,122.8453,365.5372,76.1,72.1,12.8,210.2,1011.2,4.7,0.0,239.8,96.0,Moderate,2017,6,14,Wednesday,Monsoon,0,28.61587,38.60764,42.99931,115.8617,141.9257,86.0,119.0,31.568076451619465,35.98299108232771,92.0,102.42857142857143,1.2246467991473532e-16,-1.0
2017-06-15,33.79209,122.9325,363.9143,75.0,75.2,8.1,185.7,1011.2,4.1,0.0,230.5,97.0,Moderate,2017,6,15,Thursday,Monsoon,0,33.45445,32.63391,42.60575,122.8453,99.26535,96.0,118.0,31.95413653055827,34.72389684404646,93.0,99.42857142857143,1.2246467991473532e-16,-1.0
2017-06-16,31.8043,107.3864,350.9363,72.8,80.0,9.2,220.7,1010.6,4.1,0.0,227.4,92.0,Moderate,2017,6,16,Friday,Monsoon,0,33.79209,28.61587,38.37217,122.9325,110.9429,97.0,108.0,33.01694679260254,33.78562981741769,95.0,97.14285714285714,1.2246467991473532e-16,-1.0
2017-06-17,24.26998,77.33647,258.976,73.3,80.9,13.9,236.9,1009.8,4.9,0.3,231.6,77.0,Moderate,2017,6,17,Saturday,Monsoon,1,31.8043,33.45445,37.59115,107.3864,117.1968,92.0,106.0,29.95545705159505,31.882605688912527,88.66666666666667,93.0,1.2246467991473532e-16,-1.0
2017-06-18,31.43043,117.1641,369.1079,75.8,70.9,10.3,276.3,1008.0,4.7,0.0,262.1,92.0,Moderate,2017,6,18,Sunday,Monsoon,0,24.26998,33.79209,38.60764,77.33647,127.1875,77.0,109.0,29.168236414591473,30.85728999546596,87.0,90.57142857142857,1.2246467991473532e-16,-1.0
2017-06-19,38.64472,135.2319,384.5049,75.7,71.9,10.3,223.6,1007.5,4.5,3.9878,216.5,109.0,Unhealthy for Sensitive Groups,2017,6,19,Monday,Monsoon,0,31.43043,31.8043,32.63391,117.1641,108.7462,92.0,94.0,31.448375701904297,31.71597671508789,92.66666666666667,92.71428571428571,1.2246467991473532e-16,-1.0
2017-06-20,36.60275,63.42258,134.67,72.2,85.2,8.1,226.3,1007.4,3.8,11.4,201.1,104.0,Unhealthy for Sensitive Groups,2017,6,20,Tuesday,Monsoon,0,38.64472,24.26998,28.61587,135.2319,115.8617,109.0,86.0,35.559298833211265,32.85695947919573,101.66666666666667,95.28571428571429,1.2246467991473532e-16,-1.0
2017-06-21,23.5119,72.19756,220.4852,72.6,85.3,9.2,192.8,1008.0,4.6,6.6,124.7,75.0,Moderate,2017,6,21,Wednesday,Monsoon,0,36.60275,31.43043,33.45445,63.42258,122.8453,104.0,96.0,32.91978899637858,31.436595371791295,96.0,92.28571428571429,1.2246467991473532e-16,-1.0
2017-06-22,21.48634,87.98868,301.2497,74.9,81.4,11.4,224.2,1008.5,4.7,5.8,181.4,71.0,Moderate,2017,6,22,Thursday,Monsoon,0,23.5119,38.64472,33.79209,72.19756,122.9325,75.0,97.0,27.200329462687176,29.678630828857422,83.33333333333333,88.57142857142857,1.2246467991473532e-16,-1.0
2017-06-23,23.2234,82.85469,280.9955,75.9,75.4,10.3,234.7,1009.1,4.7,0.0,213.4,74.0,Moderate,2017,6,23,Friday,Monsoon,0,21.48634,36.60275,31.8043,87.98868,107.3864,71.0,92.0,22.740546544392902,28.452787944248744,73.33333333333333,86.0,1.2246467991473532e-16,-1.0
2017-06-24,14.39456,43.40544,151.8137,75.1,81.5,11.4,212.5,1008.5,4.8,10.0076,211.8,56.0,Moderate,2017,6,24,Saturday,Monsoon,1,23.2234,23.5119,24.26998,82.85469,77.33647,74.0,77.0,19.701433181762695,27.042013713291713,67.0,83.0,1.2246467991473532e-16,-1.0
2017-06-25,25.70331,137.8946,488.9474,74.1,82.1,12.8,192.5,1009.4,4.9,30.2,118.4,92.0,Moderate,2017,6,25,Sunday,Monsoon,0,14.39456,21.48634,31.43043,43.40544,117.1641,56.0,92.0,21.10708999633789,26.22385379246303,74.0,83.0,1.2246467991473532e-16,-1.0
2017-06-26,15.15458,55.28319,197.3206,75.2,82.6,15.0,212.1,1010.8,4.9,24.6,180.1,57.0,Moderate,2017,6,26,Monday,Monsoon,0,25.70331,23.2234,38.64472,137.8946,135.2319,92.0,109.0,18.41748332977295,22.86811978476388,68.33333333333333,75.57142857142857,1.2246467991473532e-16,-1.0
2017-06-27,15.68819,52.44715,176.1814,75.6,82.3,11.4,169.3,1011.0,4.8,0.0,152.3,59.0,Moderate,2017,6,27,Tuesday,Monsoon,0,15.15458,14.39456,36.60275,55.28319,63.42258,57.0,104.0,18.848693529764812,19.880325726100377,69.33333333333333,69.14285714285714,1.2246467991473532e-16,-1.0
2017-06-28,15.07031,47.29667,152.7275,75.0,84.6,12.8,163.4,1011.4,4.5,0.889,175.8,57.0,Moderate,2017,6,28,Wednesday,Monsoon,0,15.68819,25.70331,23.5119,52.44715,72.19756,59.0,75.0,15.304360071818033,18.674384253365652,57.666666666666664,66.57142857142857,1.2246467991473532e-16,-1.0
2017-06-29,16.90065,73.00338,247.6957,75.4,81.3,10.3,244.8,1010.0,5.5,5.1,191.3,61.0,Moderate,2017,6,29,Thursday,Monsoon,0,15.07031,15.15458,21.48634,47.29667,87.98868,57.0,71.0,15.886383374532064,18.01928574698312,59.0,65.14285714285714,1.2246467991473532e-16,-1.0
2017-06-30,19.94826,89.7609,306.2294,75.0,84.3,10.3,225.5,1005.9,4.4,68.9864,155.2,68.0,Moderate,2017,6,30,Friday,Monsoon,0,16.90065,15.68819,23.2234,73.00338,82.85469,61.0,74.0,17.3064063390096,17.551408495221818,62.0,64.28571428571429,1.2246467991473532e-16,-1.0
2017-07-01,19.18339,59.1373,203.1243,74.3,86.3,13.9,178.7,1006.5,4.4,1.5,120.8,66.0,Moderate,2017,7,1,Saturday,Monsoon,1,19.94826,15.07031,14.39456,89.7609,43.40544,68.0,56.0,18.677433013916016,18.23552703857422,65.0,65.71428571428571,-0.4999999999999997,-0.8660254037844388
2017-07-02,16.2309,49.32931,160.7119,74.2,86.9,10.3,160.6,1007.2,4.5,1.0,105.4,60.0,Moderate,2017,7,2,Sunday,Monsoon,0,19.18339,16.90065,25.70331,59.1373,137.8946,66.0,92.0,18.454182942708332,16.88232558114188,64.66666666666667,61.142857142857146,-0.4999999999999997,-0.8660254037844388
2017-07-03,19.68813,63.04045,219.778,75.3,85.2,9.2,176.7,1006.8,4.3,4.1,137.8,67.0,Moderate,2017,7,3,Monday,Monsoon,0,16.2309,19.94826,15.15458,49.32931,55.28319,60.0,57.0,18.367472966512043,17.529975482395717,64.33333333333333,62.57142857142857,-0.4999999999999997,-0.8660254037844388
2017-07-04,16.27939,37.13005,109.2681,74.1,89.3,11.4,177.9,1005.7,4.1,25.1,34.7,60.0,Moderate,2017,7,4,Tuesday,Monsoon,0,19.68813,19.18339,15.68819,63.04045,52.44715,67.0,59.0,17.399473190307617,17.61443260737828,62.333333333333336,62.714285714285715,-0.4999999999999997,-0.8660254037844388
2017-07-05,18.48376,42.99377,115.2083,72.7,91.4,12.8,164.4,1007.3,4.3,5.3,69.8,64.0,Moderate,2017,7,5,Wednesday,Monsoon,0,16.27939,16.2309,15.07031,37.13005,47.29667,60.0,57.0,18.150426864624023,18.102068492344447,63.666666666666664,63.714285714285715,-0.4999999999999997,-0.8660254037844388
2017-07-06,25.98973,69.04041,212.9986,73.9,88.9,11.4,164.7,1008.7,4.2,2.0,85.8,80.0,Moderate,2017,7,6,Thursday,Monsoon,0,18.48376,19.68813,16.90065,42.99377,73.00338,64.0,61.0,20.25096066792806,19.400508608136857,68.0,66.42857142857143,-0.4999999999999997,-0.8660254037844388
2017-07-07,23.48965,104.2692,433.4102,76.8,81.1,12.8,209.9,1009.5,5.2,0.0,115.7,75.0,Moderate,2017,7,7,Friday,Monsoon,0,25.98973,16.27939,19.94826,69.04041,89.7609,80.0,68.0,22.654380798339844,19.906421661376953,73.0,67.42857142857143,-0.4999999999999997,-0.8660254037844388
2017-07-08,20.03383,67.70634,261.7284,75.3,84.3,16.1,198.4,1009.6,4.6,0.5,181.6,68.0,Moderate,2017,7,8,Saturday,Monsoon,1,23.48965,18.48376,19.18339,104.2692,59.1373,75.0,66.0,23.171070734659832,20.02791322980608,74.33333333333333,67.71428571428571,-0.4999999999999997,-0.8660254037844388
2017-07-09,17.72028,61.02167,214.6706,73.6,90.4,9.2,129.8,1010.4,3.7,16.8,65.6,63.0,Moderate,2017,7,9,Sunday,Monsoon,0,20.03383,25.98973,16.2309,67.70634,49.32931,68.0,60.0,20.414587020874023,20.24068178449358,68.66666666666667,68.14285714285714,-0.4999999999999997,-0.8660254037844388
2017-07-10,21.79888,54.5816,158.5167,73.3,87.2,10.3,129.4,1010.8,4.6,17.0,94.9,71.0,Moderate,2017,7,10,Monday,Monsoon,0,17.72028,23.48965,19.68813,61.02167,63.04045,63.0,67.0,19.850996653238933,20.54221752711705,67.33333333333333,68.71428571428571,-0.4999999999999997,-0.8660254037844388
2017-07-11,21.20931,46.90326,127.5165,72.0,88.6,9.2,159.2,1010.9,4.7,2.3,78.3,70.0,Moderate,2017,7,11,Tuesday,Monsoon,0,21.79888,20.03383,16.27939,54.5816,37.13005,71.0,60.0,20.242823282877605,21.246491840907506,68.0,70.14285714285714,-0.4999999999999997,-0.8660254037844388
2017-07-12,23.10224,93.78142,302.1446,73.7,79.3,9.2,193.1,1011.8,5.2,0.0,149.5,74.0,Moderate,2017,7,12,Wednesday,Monsoon,0,21.20931,17.72028,18.48376,46.90326,42.99377,70.0,64.0,22.03680992126465,21.90627452305385,71.66666666666667,71.57142857142857,-0.4999999999999997,-0.8660254037844388
2017-07-13,24.68224,100.424,378.4619,75.9,77.6,11.4,202.2,1011.3,4.8,0.0,188.4,77.0,Moderate,2017,7,13,Thursday,Monsoon,0,23.10224,21.79888,25.98973,93.78142,69.04041,74.0,80.0,22.99792989095052,21.71949005126953,73.66666666666667,71.14285714285714,-0.4999999999999997,-0.8660254037844388
2017-07-14,20.03667,63.53724,218.1216,74.8,83.0,12.8,214.2,1010.8,4.8,2.0,208.0,68.0,Moderate,2017,7,14,Friday,Monsoon,0,24.68224,21.20931,23.48965,100.424,104.2692,77.0,75.0,22.6070499420166,21.226207188197545,73.0,70.14285714285714,-0.4999999999999997,-0.8660254037844388
2017-07-15,13.81941,41.14166,131.7112,74.1,87.4,10.3,203.3,1011.2,4.4,14.0,124.3,55.0,Moderate,2017,7,15,Saturday,Monsoon,1,20.03667,23.10224,20.03383,63.53724,67.70634,68.0,68.0,19.512773513793945,20.33843285696847,66.66666666666667,68.28571428571429,-0.4999999999999997,-0.8660254037844388
2017-07-16,18.37437,54.06424,192.2382,75.0,87.4,9.2,275.5,1009.9,4.8,17.3,215.3,64.0,Moderate,2017,7,16,Sunday,Monsoon,0,13.81941,24.68224,17.72028,41.14166,61.02167,55.0,63.0,17.4101505279541,20.431874411446707,62.333333333333336,68.42857142857143,-0.4999999999999997,-0.8660254037844388
2017-07-17,15.84846,77.19823,276.7771,76.1,82.1,13.9,189.9,1010.0,5.1,5.6,243.9,62.0,Moderate,2017,7,17,Monday,Monsoon,0,18.37437,20.03667,21.79888,54.06424,54.5816,64.0,71.0,16.01408036549886,19.581814493451798,60.333333333333336,67.14285714285714,-0.4999999999999997,-0.8660254037844388
2017-07-18,17.13284,59.71707,192.4742,76.5,81.6,13.9,212.0,1011.0,4.8,2.3,209.6,62.0,Moderate,2017,7,18,Tuesday,Monsoon,0,15.84846,13.81941,21.20931,77.19823,46.90326,62.0,70.0,17.11855665842692,18.999461446489608,62.666666666666664,66.0,-0.4999999999999997,-0.8660254037844388
2017-07-19,18.70383,62.16286,201.465,74.6,86.2,11.4,204.1,1009.4,4.8,5.1,227.0,65.0,Moderate,2017,7,19,Wednesday,Monsoon,0,17.13284,18.37437,23.10224,59.71707,93.78142,62.0,74.0,17.228376706441242,18.371117319379533,63.0,64.71428571428571,-0.4999999999999997,-0.8660254037844388
2017-07-20,16.91339,43.675,137.2728,73.4,88.3,13.9,220.0,1006.9,4.7,11.4,159.4,61.0,Moderate,2017,7,20,Thursday,Monsoon,0,18.70383,15.84846,24.68224,62.16286,100.424,65.0,77.0,17.58335304260254,17.26128155844552,62.666666666666664,62.42857142857143,-0.4999999999999997,-0.8660254037844388
2017-07-21,20.04887,71.91408,256.8481,75.3,84.8,9.2,189.5,1009.1,4.9,2.8,128.4,68.0,Moderate,2017,7,21,Friday,Monsoon,0,16.91339,17.13284,20.03667,43.675,63.53724,61.0,68.0,18.555363337198894,17.26302433013916,64.66666666666667,62.42857142857143,-0.4999999999999997,-0.8660254037844388
2017-07-22,12.55606,44.21497,153.8547,75.0,85.6,10.3,229.0,1010.5,4.9,2.0,114.8,52.0,Moderate,2017,7,22,Saturday,Monsoon,1,20.04887,18.70383,13.81941,71.91408,41.14166,68.0,55.0,16.50610637664795,17.082545689174108,60.333333333333336,62.0,-0.4999999999999997,-0.8660254037844388
2017-07-23,11.96708,45.6639,163.7169,73.5,88.4,12.8,191.3,1009.0,4.4,9.7,159.4,50.0,Good,2017,7,23,Sunday,Monsoon,0,12.55606,16.91339,18.37437,44.21497,54.06424,52.0,64.0,14.8573366800944,16.167218480791366,56.666666666666664,60.0,-0.4999999999999997,-0.8660254037844388
2017-07-24,9.971042,36.52917,141.899,73.9,84.2,10.3,263.3,1007.6,4.9,25.9,161.5,42.0,Good,2017,7,24,Monday,Monsoon,0,11.96708,20.04887,15.84846,45.6639,77.19823,50.0,62.0,11.498060544331869,15.327587263924736,48.0,57.142857142857146,-0.4999999999999997,-0.8660254037844388
2017-07-25,11.20747,36.39701,127.0321,72.6,90.1,11.4,224.3,1007.1,4.1,7.4,126.2,47.0,Good,2017,7,25,Tuesday,Monsoon,0,9.971042,12.55606,17.13284,36.52917,59.71707,42.0,62.0,11.048530578613281,14.481105940682548,46.333333333333336,55.0,-0.4999999999999997,-0.8660254037844388
2017-07-26,22.33819,71.40521,261.8785,73.8,85.8,11.4,138.9,1009.2,5.0,4.8,109.3,73.0,Moderate,2017,7,26,Wednesday,Monsoon,0,11.20747,11.96708,18.70383,36.39701,62.16286,47.0,65.0,14.50556723276774,15.000300134931292,54.0,56.142857142857146,-0.4999999999999997,-0.8660254037844388
2017-07-27,22.46583,85.23179,335.3164,75.4,81.5,12.8,184.9,1011.3,5.3,0.0,213.8,73.0,Moderate,2017,7,27,Thursday,Monsoon,0,22.33819,9.971042,16.91339,71.40521,43.675,73.0,61.0,18.670496622721355,15.793505941118513,64.33333333333333,57.857142857142854,-0.4999999999999997,-0.8660254037844388
2017-07-28,21.14402,63.06388,224.4595,74.6,83.4,13.9,210.1,1012.9,4.8,0.0,200.6,70.0,Moderate,2017,7,28,Friday,Monsoon,0,22.46583,11.20747,20.04887,85.23179,71.91408,73.0,68.0,21.98268000284831,15.949955940246582,72.0,58.142857142857146,-0.4999999999999997,-0.8660254037844388
2017-07-29,14.4339,32.52329,101.1793,73.4,88.5,9.2,230.3,1012.8,4.0,49.8,100.4,56.0,Moderate,2017,7,29,Saturday,Monsoon,1,21.14402,22.33819,12.55606,63.06388,44.21497,70.0,52.0,19.34791660308838,16.21821880340576,66.33333333333333,58.714285714285715,-0.4999999999999997,-0.8660254037844388
2017-07-30,16.83743,39.40979,122.7871,72.8,89.4,5.8,230.2,1012.0,4.3,24.4,87.0,61.0,Moderate,2017,7,30,Sunday,Monsoon,0,14.4339,22.46583,11.96708,32.52329,45.6639,56.0,50.0,17.47178300221761,16.913982936314174,62.333333333333336,60.285714285714285,-0.4999999999999997,-0.8660254037844388
2017-07-31,20.17919,61.89434,212.8443,75.3,84.4,8.1,180.5,1011.1,4.5,0.8,191.4,68.0,Moderate,2017,7,31,Monday,Monsoon,0,16.83743,21.14402,9.971042,39.40979,36.52917,61.0,42.0,17.15017286936442,18.37228979383196,61.666666666666664,64.0,-0.4999999999999997,-0.8660254037844388
2017-08-01,13.46828,37.90676,127.3568,74.7,87.4,6.9,225.8,1010.3,4.3,1.5,170.3,54.0,Moderate,2017,8,1,Tuesday,Monsoon,0,20.17919,14.4339,11.20747,61.89434,36.39701,68.0,47.0,16.828299522399902,18.69526263645717,61.0,65.0,-0.8660254037844385,-0.5000000000000004
2017-08-02,11.26966,31.24337,106.8676,75.0,88.4,10.3,229.1,1009.0,4.4,9.1948,121.9,47.0,Good,2017,8,2,Wednesday,Monsoon,0,13.46828,16.83743,22.33819,37.90676,71.40521,54.0,73.0,14.972376505533854,17.114044053213938,56.333333333333336,61.285714285714285,-0.8660254037844385,-0.5000000000000004
2017-08-03,14.0624,36.13321,136.4069,74.3,90.2,10.3,192.5,1006.5,4.2,30.5,107.7,55.0,Moderate,2017,8,3,Thursday,Monsoon,0,11.26966,20.17919,22.46583,31.24337,85.23179,47.0,73.0,12.933446566263834,15.913554055350167,52.0,58.714285714285715,-0.8660254037844385,-0.5000000000000004
2017-08-04,15.21644,51.53693,214.8346,75.9,85.6,11.4,192.7,1006.4,4.8,0.0,98.9,58.0,Moderate,2017,8,4,Friday,Monsoon,0,14.0624,13.46828,21.14402,36.13321,63.06388,55.0,70.0,13.516166687011719,15.066756929670062,53.333333333333336,57.0,-0.8660254037844385,-0.5000000000000004
2017-08-05,11.51415,30.52153,113.993,75.6,87.9,12.8,157.4,1009.1,4.7,7.1,132.4,48.0,Good,2017,8,5,Saturday,Monsoon,1,15.21644,11.26966,14.4339,51.53693,32.52329,58.0,56.0,13.597663243611654,14.649649756295341,53.666666666666664,55.857142857142854,-0.8660254037844385,-0.5000000000000004
2017-08-06,17.25398,39.33619,124.5417,75.9,89.3,10.3,162.6,1010.5,4.4,10.4,172.3,62.0,Moderate,2017,8,6,Sunday,Monsoon,0,11.51415,14.0624,16.83743,30.52153,39.40979,48.0,61.0,14.661523501078287,14.709157126290458,56.0,56.0,-0.8660254037844385,-0.5000000000000004
2017-08-07,17.04542,57.51306,248.7998,75.5,87.8,12.8,204.4,1012.1,4.4,6.6,141.3,61.0,Moderate,2017,8,7,Monday,Monsoon,0,17.25398,15.21644,20.17919,39.33619,61.89434,62.0,68.0,15.271183331807455,14.261475699288505,57.0,55.0,-0.8660254037844385,-0.5000000000000004
2017-08-08,16.75941,46.2282,154.108,75.6,86.1,10.3,202.1,1011.3,4.1,0.4064,106.2,61.0,Moderate,2017,8,8,Tuesday,Monsoon,0,17.04542,11.51415,13.46828,57.51306,37.90676,61.0,54.0,17.019603729248047,14.731637273515974,61.333333333333336,56.0,-0.8660254037844385,-0.5000000000000004
2017-08-09,16.64029,35.6141,93.3249,73.7,88.8,5.8,122.6,1010.9,3.9,2.0066,54.6,61.0,Moderate,2017,8,9,Wednesday,Monsoon,0,16.75941,17.25398,11.26966,46.2282,31.24337,61.0,47.0,16.815039952596027,15.498870032174247,61.0,58.0,-0.8660254037844385,-0.5000000000000004
2017-08-10,16.87289,31.59347,83.26233,72.8,92.5,10.3,204.6,1007.8,3.7,0.3048,58.0,61.0,Moderate,2017,8,10,Thursday,Monsoon,0,16.64029,17.04542,14.0624,35.6141,36.13321,61.0,55.0,16.757530212402344,15.900368690490723,61.0,58.857142857142854,-0.8660254037844385,-0.5000000000000004
2017-08-11,15.35698,25.55729,53.63724,73.3,93.7,10.3,139.9,1006.3,4.0,0.2032,50.1,58.0,Moderate,2017,8,11,Friday,Monsoon,0,16.87289,16.75941,15.21644,31.59347,51.53693,61.0,58.0,16.290053367614746,15.920445850917272,60.0,58.857142857142854,-0.8660254037844385,-0.5000000000000004
2017-08-12,10.67563,19.51387,56.24804,72.3,92.8,9.2,179.0,1007.1,3.9,10.9982,36.5,44.0,Good,2017,8,12,Saturday,Monsoon,1,15.35698,16.64029,11.51415,25.55729,30.52153,58.0,48.0,14.301833470662435,15.800657272338867,54.333333333333336,58.285714285714285,-0.8660254037844385,-0.5000000000000004
2017-08-13,14.21891,33.75201,122.6988,72.3,88.5,10.3,137.2,1011.5,4.4,26.7,38.4,55.0,Moderate,2017,8,13,Sunday,Monsoon,0,10.67563,16.87289,17.25398,19.51387,39.33619,44.0,62.0,13.417173385620117,15.367075783865792,52.333333333333336,57.285714285714285,-0.8660254037844385,-0.5000000000000004
2017-08-14,16.57759,43.14084,156.0103,73.2,86.1,9.2,195.9,1013.5,4.5,2.8,128.4,60.0,Moderate,2017,8,14,Monday,Monsoon,0,14.21891,15.35698,17.04542,33.75201,57.51306,55.0,61.0,13.82404359181722,15.300243105207171,53.0,57.142857142857146,-0.8660254037844385,-0.5000000000000004
2017-08-15,15.93417,47.84717,165.242,74.4,85.1,8.1,232.7,1010.8,4.6,0.7874,167.0,59.0,Moderate,2017,8,15,Tuesday,Monsoon,0,16.57759,10.67563,16.75941,43.14084,46.2282,60.0,61.0,15.576890309651693,15.182351521083287,58.0,56.857142857142854,-0.8660254037844385,-0.5000000000000004
2017-08-16,17.53761,47.42359,180.0284,75.0,85.0,13.9,190.0,1008.6,4.6,0.5,114.0,62.0,Moderate,2017,8,16,Wednesday,Monsoon,0,15.93417,14.21891,16.64029,47.84717,35.6141,59.0,61.0,16.683123270670574,15.310540063040596,60.333333333333336,57.0,-0.8660254037844385,-0.5000000000000004
2017-08-17,15.5177,46.40382,183.2937,74.8,85.9,12.8,201.2,1009.5,4.6,0.0,92.1,58.0,Moderate,2017,8,17,Thursday,Monsoon,0,17.53761,16.57759,16.87289,47.42359,31.59347,62.0,61.0,16.32982635498047,15.116941452026367,59.666666666666664,56.57142857142857,-0.8660254037844385,-0.5000000000000004
2017-08-18,15.39528,48.08519,209.5857,74.9,85.2,12.8,203.6,1010.8,4.3,0.0,161.6,58.0,Moderate,2017,8,18,Friday,Monsoon,0,15.5177,15.93417,15.35698,46.40382,25.55729,58.0,58.0,16.15019639333089,15.122412817818779,59.333333333333336,56.57142857142857,-0.8660254037844385,-0.5000000000000004
2017-08-19,14.488,28.31791,71.67727,73.3,90.0,5.8,218.2,1014.7,4.4,8.4,114.1,56.0,Moderate,2017,8,19,Saturday,Monsoon,1,15.39528,17.53761,10.67563,48.08519,19.51387,58.0,44.0,15.133659998575846,15.66703714643206,57.333333333333336,58.285714285714285,-0.8660254037844385,-0.5000000000000004
2017-08-20,15.97896,33.49892,90.42885,73.5,88.4,8.1,152.6,1013.7,4.5,0.4064,132.1,59.0,Moderate,2017,8,20,Sunday,Monsoon,0,14.488,15.5177,14.21891,28.31791,33.75201,56.0,55.0,15.287413279215494,15.918472834995814,57.666666666666664,58.857142857142854,-0.8660254037844385,-0.5000000000000004
2017-08-21,17.69772,43.00523,122.6347,73.9,85.8,8.1,199.6,1012.4,4.6,0.8,103.3,63.0,Moderate,2017,8,21,Monday,Monsoon,0,15.97896,15.39528,16.57759,33.49892,43.14084,59.0,60.0,16.054893175760906,16.0784912109375,59.333333333333336,59.285714285714285,-0.8660254037844385,-0.5000000000000004
2017-08-22,14.35298,30.32369,81.15403,72.8,90.4,10.3,71.6,1012.1,3.9,14.0,146.0,56.0,Moderate,2017,8,22,Tuesday,Monsoon,0,17.69772,14.488,15.93417,43.00523,47.84717,63.0,59.0,16.009886423746746,15.852606909615654,59.333333333333336,58.857142857142854,-0.8660254037844385,-0.5000000000000004
2017-08-23,21.51057,44.85074,136.1476,72.4,90.0,9.2,170.6,1013.6,4.0,41.9,150.4,71.0,Moderate,2017,8,23,Wednesday,Monsoon,0,14.35298,15.97896,17.53761,30.32369,47.42359,56.0,62.0,17.853756586710613,16.420172827584402,63.333333333333336,60.142857142857146,-0.8660254037844385,-0.5000000000000004
2017-08-24,18.53931,40.15753,121.6501,72.5,89.0,12.8,200.5,1012.3,4.5,2.3,216.8,65.0,Moderate,2017,8,24,Thursday,Monsoon,0,21.51057,17.69772,15.5177,44.85074,46.40382,71.0,58.0,18.134286880493164,16.851831436157227,64.0,61.142857142857146,-0.8660254037844385,-0.5000000000000004
2017-08-25,19.28554,56.48505,181.1214,74.9,83.5,9.2,280.7,1011.0,4.6,1.0,213.5,66.0,Moderate,2017,8,25,Friday,Monsoon,0,18.53931,14.35298,15.39528,40.15753,48.08519,65.0,58.0,19.778473536173504,17.40758282797677,67.33333333333333,62.285714285714285,-0.8660254037844385,-0.5000000000000004
2017-08-26,12.1709,41.89637,163.9453,76.0,77.4,9.2,208.0,1009.0,5.3,35.3,198.9,51.0,Moderate,2017,8,26,Saturday,Monsoon,1,19.28554,21.51057,14.488,56.48505,28.31791,66.0,56.0,16.665250142415363,17.076568603515625,60.666666666666664,61.57142857142857,-0.8660254037844385,-0.5000000000000004
2017-08-27,15.3681,36.38796,107.2005,74.1,85.9,9.2,113.6,1010.3,4.6,5.3,160.5,58.0,Moderate,2017,8,27,Sunday,Monsoon,0,12.1709,18.53931,15.97896,41.89637,33.49892,51.0,59.0,15.608180046081543,16.98930290767125,58.333333333333336,61.42857142857143,-0.8660254037844385,-0.5000000000000004
2017-08-28,18.98287,50.73609,161.6948,73.7,87.1,9.2,210.4,1012.2,4.6,1.3,154.3,65.0,Moderate,2017,8,28,Monday,Monsoon,0,15.3681,19.28554,17.69772,36.38796,43.00523,58.0,63.0,15.507290204366049,17.17289584023612,58.0,61.714285714285715,-0.8660254037844385,-0.5000000000000004
2017-08-29,19.59123,69.83235,265.1746,74.8,82.7,12.8,191.2,1013.0,5.2,0.0,171.3,67.0,Moderate,2017,8,29,Tuesday,Monsoon,0,18.98287,12.1709,14.35298,50.73609,30.32369,65.0,56.0,17.980733553568523,17.921217373439244,63.333333333333336,63.285714285714285,-0.8660254037844385,-0.5000000000000004
2017-08-30,16.87056,55.70159,190.1283,76.2,81.7,10.3,240.1,1013.4,5.0,0.0,185.6,61.0,Moderate,2017,8,30,Wednesday,Monsoon,0,19.59123,15.3681,21.51057,69.83235,44.85074,67.0,71.0,18.48155339558919,17.258358682904923,64.33333333333333,61.857142857142854,-0.8660254037844385,-0.5000000000000004
2017-08-31,16.84419,38.92375,113.978,73.6,86.1,10.3,234.1,1013.7,4.4,55.1,173.5,61.0,Moderate,2017,8,31,Thursday,Monsoon,0,16.87056,18.98287,18.53931,55.70159,40.15753,61.0,65.0,17.768660227457683,17.016198703220912,63.0,61.285714285714285,-0.8660254037844385,-0.5000000000000004
2017-09-01,17.77191,55.4245,172.421,74.4,83.8,8.1,249.8,1012.1,4.5,24.6,145.0,63.0,Moderate,2017,9,1,Friday,Autumn,0,16.84419,19.59123,19.28554,38.92375,56.48505,61.0,66.0,17.162220001220703,16.799965858459473,61.666666666666664,60.857142857142854,-1.0,-1.8369701987210297e-16
2017-09-02,14.40841,43.28434,141.7872,72.8,88.2,9.2,213.2,1010.8,4.5,7.6,110.7,56.0,Moderate,2017,9,2,Saturday,Autumn,1,17.77191,16.87056,12.1709,55.4245,41.89637,63.0,51.0,16.341503461201984,17.11961010524205,60.0,61.57142857142857,-1.0,-1.8369701987210297e-16
2017-09-03,15.08356,40.83107,125.0653,73.2,86.6,9.2,253.0,1011.0,4.6,10.9,143.0,57.0,Moderate,2017,9,3,Sunday,Autumn,0,14.40841,16.84419,15.3681,43.28434,36.38796,56.0,58.0,15.754626592000326,17.078961508614675,58.666666666666664,61.42857142857143,-1.0,-1.8369701987210297e-16
2017-09-04,21.83665,58.79769,182.3682,74.4,83.8,9.2,241.3,1012.5,5.0,0.0,198.9,71.0,Moderate,2017,9,4,Monday,Autumn,0,15.08356,17.77191,18.98287,40.83107,50.73609,57.0,65.0,17.109540303548176,17.48664447239467,61.333333333333336,62.285714285714285,-1.0,-1.8369701987210297e-16
2017-09-05,28.80258,65.22159,183.721,74.1,82.9,13.9,206.7,1013.2,4.1,0.0,231.5,86.0,Moderate,2017,9,5,Tuesday,Autumn,0,21.83665,14.40841,19.59123,58.79769,69.83235,71.0,67.0,21.907596906026203,18.802551542009628,71.33333333333333,65.0,-1.0,-1.8369701987210297e-16
2017-09-06,31.01104,88.57676,288.9373,75.8,77.8,9.2,243.6,1014.1,4.4,0.0,212.2,91.0,Moderate,2017,9,6,Wednesday,Autumn,0,28.80258,15.08356,16.87056,65.22159,55.70159,86.0,61.0,27.21675682067871,20.822620119367325,82.66666666666667,69.28571428571429,-1.0,-1.8369701987210297e-16
2017-09-07,26.33392,61.21929,180.6769,73.2,83.8,8.1,267.3,1014.6,4.5,7.9,196.5,81.0,Moderate,2017,9,7,Thursday,Autumn,0,31.01104,21.83665,16.84419,88.57676,38.92375,91.0,61.0,28.71584637959798,22.1782956804548,86.0,72.14285714285714,-1.0,-1.8369701987210297e-16
2017-09-08,29.97578,72.61124,226.7186,74.5,81.2,11.4,271.3,1014.5,4.3,0.0,208.2,89.0,Moderate,2017,9,8,Friday,Autumn,0,26.33392,28.80258,17.77191,61.21929,55.4245,81.0,63.0,29.106913248697918,23.92170579092843,87.0,75.85714285714286,-1.0,-1.8369701987210297e-16
2017-09-09,26.65552,61.26915,186.6249,75.2,79.0,9.2,252.2,1012.6,4.3,0.0,216.0,82.0,Moderate,2017,9,9,Saturday,Autumn,1,29.97578,31.01104,14.40841,72.61124,43.28434,89.0,56.0,27.655073165893555,25.671292849949428,84.0,79.57142857142857,-1.0,-1.8369701987210297e-16
2017-09-10,32.0101,87.97675,285.3968,76.0,78.1,10.3,242.5,1014.4,4.2,0.0,202.7,93.0,Moderate,2017,9,10,Sunday,Autumn,0,26.65552,26.33392,15.08356,61.26915,40.83107,82.0,57.0,29.547133763631184,28.08937018258231,88.0,84.71428571428571,-1.0,-1.8369701987210297e-16
2017-09-11,21.65386,59.40878,197.1469,75.0,76.9,12.8,223.1,1015.9,4.5,0.0,211.9,71.0,Moderate,2017,9,11,Monday,Autumn,0,32.0101,29.97578,21.83665,87.97675,58.79769,93.0,71.0,26.773160298665363,28.063257217407227,82.0,84.71428571428571,-1.0,-1.8369701987210297e-16
2017-09-12,19.7086,48.29302,150.1666,75.3,79.8,9.2,242.6,1016.1,4.4,31.0896,192.4,67.0,Moderate,2017,9,12,Tuesday,Autumn,0,21.65386,26.65552,28.80258,59.40878,65.22159,71.0,86.0,24.45752016703288,26.764117104666575,77.0,82.0,-1.0,-1.8369701987210297e-16
2017-09-13,20.0133,51.70209,157.3107,74.4,80.2,8.1,231.1,1016.2,4.5,0.0,158.3,68.0,Moderate,2017,9,13,Wednesday,Autumn,0,19.7086,32.0101,31.01104,48.29302,88.57676,67.0,91.0,20.45858637491862,25.1930114201137,68.66666666666667,78.71428571428571,-1.0,-1.8369701987210297e-16
2017-09-14,33.81812,86.58119,257.6526,74.5,77.6,9.2,252.0,1015.7,4.4,0.0,191.5,97.0,Moderate,2017,9,14,Thursday,Autumn,0,20.0133,21.65386,26.33392,51.70209,61.21929,68.0,81.0,24.513339360555012,26.262182780674525,77.33333333333333,81.0,-1.0,-1.8369701987210297e-16
2017-09-15,37.6383,97.08128,266.2264,73.5,81.5,6.9,218.2,1014.7,3.9,0.0,166.2,106.0,Unhealthy for Sensitive Groups,2017,9,15,Friday,Autumn,0,33.81812,19.7086,29.97578,86.58119,72.61124,97.0,89.0,30.489906946818035,27.356828689575195,90.33333333333333,83.42857142857143,-1.0,-1.8369701987210297e-16
2017-09-16,36.24914,104.4978,308.3447,74.6,79.8,8.1,142.7,1014.3,3.9,0.0,231.1,103.0,Unhealthy for Sensitive Groups,2017,9,16,Saturday,Autumn,1,37.6383,20.0133,26.65552,97.08128,61.26915,106.0,82.0,35.90185419718424,28.72734614780971,102.0,86.42857142857143,-1.0,-1.8369701987210297e-16
2017-09-17,26.56063,89.06374,310.5059,75.7,79.2,11.4,99.5,1013.5,4.1,0.0,231.5,81.0,Moderate,2017,9,17,Sunday,Autumn,0,36.24914,33.81812,32.0101,104.4978,87.97675,103.0,93.0,33.4826914469401,27.94885035923549,96.66666666666667,84.71428571428571,-1.0,-1.8369701987210297e-16
2017-09-18,14.22828,44.23447,158.9692,72.6,85.3,11.4,241.5,1013.9,4.6,11.2,146.8,55.0,Moderate,2017,9,18,Monday,Autumn,0,26.56063,37.6383,21.65386,89.06374,59.40878,81.0,71.0,25.67935085296631,26.88805321284703,79.66666666666667,82.42857142857143,-1.0,-1.8369701987210297e-16
2017-09-19,19.00444,53.10354,168.1668,73.1,87.6,11.4,185.9,1013.3,4.4,16.5862,204.0,66.0,Moderate,2017,9,19,Tuesday,Autumn,0,14.22828,36.24914,19.7086,44.23447,48.29302,55.0,67.0,19.931117057800293,26.787459100995743,67.33333333333333,82.28571428571429,-1.0,-1.8369701987210297e-16
2017-09-20,24.14051,50.90245,141.7261,72.3,90.8,12.8,191.9,1012.7,4.4,1.5,149.2,76.0,Moderate,2017,9,20,Wednesday,Autumn,0,19.00444,26.56063,20.0133,53.10354,51.70209,66.0,68.0,19.124410311381023,27.377060617719376,65.66666666666667,83.42857142857143,-1.0,-1.8369701987210297e-16
2017-09-21,15.17852,42.57245,142.6842,71.6,89.5,9.2,143.4,1013.8,4.5,0.0,67.4,57.0,Moderate,2017,9,21,Thursday,Autumn,0,24.14051,14.22828,33.81812,50.90245,86.58119,76.0,97.0,19.44115702311198,24.714260782514298,66.33333333333333,77.71428571428571,-1.0,-1.8369701987210297e-16
2017-09-22,26.11966,74.80577,239.992,72.7,86.5,8.1,213.5,1014.8,4.6,0.0,94.1,80.0,Moderate,2017,9,22,Friday,Autumn,0,15.17852,19.00444,37.6383,42.57245,97.08128,57.0,106.0,21.812896728515625,23.068740436008998,71.0,74.0,-1.0,-1.8369701987210297e-16
2017-09-23,20.63243,58.8632,222.5525,74.8,81.3,8.1,264.7,1015.8,4.9,0.0,190.9,69.0,Moderate,2017,9,23,Saturday,Autumn,1,26.11966,24.14051,36.24914,74.80577,104.4978,80.0,103.0,20.64353624979655,20.837781497410365,68.66666666666667,69.14285714285714,-1.0,-1.8369701987210297e-16
2017-09-24,24.33201,68.70339,227.5571,75.0,81.4,9.2,216.8,1014.1,4.5,0.0,165.0,77.0,Moderate,2017,9,24,Sunday,Autumn,0,20.63243,15.17852,26.56063,58.8632,89.06374,69.0,81.0,23.69469960530599,20.51940713609968,75.33333333333333,68.57142857142857,-1.0,-1.8369701987210297e-16
2017-09-25,28.56473,74.98505,241.5349,74.4,80.7,13.9,216.3,1013.0,4.2,0.0,200.0,86.0,Moderate,2017,9,25,Monday,Autumn,0,24.33201,26.11966,14.22828,68.70339,44.23447,77.0,55.0,24.5097230275472,22.56747136797224,77.33333333333333,73.0,-1.0,-1.8369701987210297e-16
2017-09-26,31.02607,77.64605,236.2629,75.3,79.6,13.9,214.3,1014.3,3.9,0.0,206.5,91.0,Moderate,2017,9,26,Tuesday,Autumn,0,28.56473,20.63243,19.00444,74.98505,53.10354,86.0,66.0,27.97426986694336,24.284846987043107,84.66666666666667,76.57142857142857,-1.0,-1.8369701987210297e-16
2017-09-27,28.54534,67.60324,202.4377,74.6,73.7,12.8,195.0,1015.5,4.7,0.0,185.9,86.0,Moderate,2017,9,27,Wednesday,Autumn,0,31.02607,24.33201,24.14051,77.64605,50.90245,91.0,76.0,29.378712972005207,24.914108276367188,87.66666666666667,78.0,-1.0,-1.8369701987210297e-16
2017-09-28,28.53742,59.86584,153.3815,73.9,78.8,8.1,256.2,1014.9,3.9,0.0,188.9,86.0,Moderate,2017,9,28,Thursday,Autumn,0,28.54534,28.56473,15.17852,67.60324,42.57245,86.0,57.0,29.369609832763672,26.822522572108678,87.66666666666667,82.14285714285714,-1.0,-1.8369701987210297e-16
2017-09-29,22.36492,40.07657,114.5776,72.3,84.0,13.9,174.9,1014.4,4.1,16.5,174.4,73.0,Moderate,2017,9,29,Friday,Autumn,0,28.53742,31.02607,26.11966,59.86584,74.80577,86.0,80.0,26.48255983988444,26.286131177629745,81.66666666666667,81.14285714285714,-1.0,-1.8369701987210297e-16
2017-09-30,12.45865,22.16905,60.10956,73.2,82.2,9.2,239.5,1016.1,4.9,0.5,100.4,52.0,Moderate,2017,9,30,Saturday,Autumn,1,22.36492,28.54534,20.63243,40.07657,58.8632,73.0,69.0,21.12032985687256,25.118448393685476,70.33333333333333,78.71428571428571,-1.0,-1.8369701987210297e-16
2017-10-01,8.952801,20.90011,78.24937,73.4,81.2,8.1,241.2,1015.6,5.2,0.5,167.4,37.0,Good,2017,10,1,Sunday,Autumn,0,12.45865,28.53742,24.33201,22.16905,68.70339,52.0,77.0,14.59212334950765,22.92141846248082,54.0,73.0,-0.8660254037844386,0.5000000000000001
2017-10-02,10.48817,24.38445,86.38485,73.1,81.0,11.4,209.2,1014.5,4.9,7.1,151.6,44.0,Good,2017,10,2,Monday,Autumn,0,8.952801,22.36492,28.56473,20.90011,74.98505,37.0,86.0,10.633206685384115,20.339052745274135,44.333333333333336,67.0,-0.8660254037844386,0.5000000000000001
2017-10-03,13.75331,33.48594,104.3093,72.8,81.5,9.2,252.5,1015.6,4.8,13.0,169.5,54.0,Moderate,2017,10,3,Tuesday,Autumn,0,10.48817,12.45865,31.02607,24.38445,77.64605,44.0,91.0,11.064760208129883,17.871515682765416,45.0,61.714285714285715,-0.8660254037844386,0.5000000000000001
2017-10-04,15.90079,38.48263,124.1721,73.9,78.8,10.3,218.8,1017.1,4.9,0.0,226.1,59.0,Moderate,2017,10,4,Wednesday,Autumn,0,13.75331,8.952801,28.54534,33.48594,67.60324,54.0,86.0,13.380756696065268,16.065151487077987,52.333333333333336,57.857142857142854,-0.8660254037844386,0.5000000000000001
2017-10-05,14.90172,35.27365,113.3811,74.6,79.4,10.3,161.0,1017.8,4.8,0.0,218.5,57.0,Moderate,2017,10,5,Thursday,Autumn,0,15.90079,10.48817,28.53742,38.48263,59.86584,59.0,86.0,14.851940155029297,14.117194311959404,56.666666666666664,53.714285714285715,-0.8660254037844386,0.5000000000000001
2017-10-06,14.99207,37.13896,121.8288,74.4,79.9,9.2,257.6,1017.4,4.6,12.4,221.1,57.0,Moderate,2017,10,6,Friday,Autumn,0,14.90172,13.75331,22.36492,35.27365,40.07657,57.0,73.0,15.264860153198242,13.063930102757045,57.666666666666664,51.42857142857143,-0.8660254037844386,0.5000000000000001
2017-10-07,15.91973,38.48081,121.7309,73.8,80.0,8.1,230.9,1016.9,5.1,0.0,207.9,59.0,Moderate,2017,10,7,Saturday,Autumn,1,14.99207,15.90079,12.45865,37.13896,22.16905,57.0,52.0,15.271173477172852,13.558370181492396,57.666666666666664,52.42857142857143,-0.8660254037844386,0.5000000000000001
2017-10-08,26.59079,67.17238,189.5752,72.1,78.2,10.3,254.0,1016.3,5.1,0.0,181.5,81.0,Moderate,2017,10,8,Sunday,Autumn,0,15.91973,14.90172,8.952801,38.48081,20.90011,59.0,37.0,19.167530059814453,16.07808290209089,65.66666666666667,58.714285714285715,-0.8660254037844386,0.5000000000000001
2017-10-09,28.57917,70.30282,193.4508,71.7,77.0,11.4,180.0,1016.7,4.8,0.0,173.4,86.0,Moderate,2017,10,9,Monday,Autumn,0,26.59079,14.99207,10.48817,67.17238,24.38445,81.0,44.0,23.696563402811687,18.662511553083146,75.33333333333333,64.71428571428571,-0.8660254037844386,0.5000000000000001
2017-10-10,27.79995,72.83429,222.1828,71.9,77.0,10.3,212.1,1015.9,4.8,0.0,180.2,84.0,Moderate,2017,10,10,Tuesday,Autumn,0,28.57917,15.91973,13.75331,70.30282,33.48594,86.0,54.0,27.656636555989582,20.669174330575125,83.66666666666667,69.0,-0.8660254037844386,0.5000000000000001
2017-10-11,30.16299,77.84702,219.3723,72.4,77.8,9.2,153.0,1015.7,4.8,0.0,137.1,89.0,Moderate,2017,10,11,Wednesday,Autumn,0,27.79995,26.59079,15.90079,72.83429,38.48263,84.0,59.0,28.847370147705078,22.70663152422224,86.33333333333333,73.28571428571429,-0.8660254037844386,0.5000000000000001
2017-10-12,23.29685,68.41338,203.7478,72.9,78.1,9.2,221.0,1014.5,4.8,0.0,189.3,75.0,Moderate,2017,10,12,Thursday,Autumn,0,30.16299,28.57917,14.90172,77.84702,35.27365,89.0,57.0,27.086596806844074,23.905935832432338,82.66666666666667,75.85714285714286,-0.8660254037844386,0.5000000000000001
2017-10-13,21.82356,56.07266,162.5381,72.6,79.3,10.3,278.3,1012.9,4.9,0.0,175.0,71.0,Moderate,2017,10,13,Friday,Autumn,0,23.29685,27.79995,14.99207,68.41338,37.13896,75.0,57.0,25.094467163085938,24.881863049098424,78.33333333333333,77.85714285714286,-0.8660254037844386,0.5000000000000001
2017-10-14,25.70106,55.07447,129.8876,72.1,74.9,8.1,210.6,1012.0,4.7,0.0,123.9,80.0,Moderate,2017,10,14,Saturday,Autumn,1,21.82356,30.16299,15.91973,56.07266,38.48081,71.0,59.0,23.60715675354004,26.27919578552246,75.33333333333333,80.85714285714286,-0.8660254037844386,0.5000000000000001
2017-10-15,40.2265,65.37895,137.9405,70.7,74.0,9.2,226.8,1012.8,3.2,0.4064,187.7,113.0,Unhealthy for Sensitive Groups,2017,10,15,Sunday,Autumn,0,25.70106,23.29685,26.59079,55.07447,67.17238,80.0,81.0,29.25037384033203,28.2271545955113,88.0,85.42857142857143,-0.8660254037844386,0.5000000000000001
2017-10-16,38.66181,66.52045,162.8258,70.3,76.2,10.3,227.4,1014.4,3.4,0.0,173.1,109.0,Unhealthy for Sensitive Groups,2017,10,16,Monday,Autumn,0,40.2265,21.82356,28.57917,65.37895,70.30282,113.0,86.0,34.863124211629234,29.667531967163086,100.66666666666667,88.71428571428571,-0.8660254037844386,0.5000000000000001
2017-10-17,37.09295,76.62068,180.04,70.9,70.0,8.1,262.5,1016.0,3.5,0.0,169.4,105.0,Unhealthy for Sensitive Groups,2017,10,17,Tuesday,Autumn,0,38.66181,25.70106,27.79995,66.52045,72.83429,109.0,84.0,38.660420735677086,30.99510329110282,109.0,91.71428571428571,-0.8660254037844386,0.5000000000000001
2017-10-18,30.84295,76.15825,186.4365,70.4,66.0,8.1,127.5,1017.3,4.7,0.0,207.3,90.0,Moderate,2017,10,18,Wednesday,Autumn,0,37.09295,40.2265,30.16299,76.62068,77.84702,105.0,89.0,35.53257052103678,31.092240469796316,101.33333333333333,91.85714285714286,-0.8660254037844386,0.5000000000000001
2017-10-19,26.6428,57.16882,145.6235,69.8,68.2,8.1,231.5,1017.7,4.5,0.0,222.2,82.0,Moderate,2017,10,19,Thursday,Autumn,0,30.84295,38.66181,23.29685,76.15825,68.41338,90.0,75.0,31.526233037312824,31.57023320879255,92.33333333333333,92.85714285714286,-0.8660254037844386,0.5000000000000001
2017-10-20,17.26539,33.86779,102.1297,69.5,75.9,9.2,260.3,1016.5,5.2,0.0,202.6,62.0,Moderate,2017,10,20,Friday,Autumn,0,26.6428,37.09295,21.82356,57.16882,56.07266,82.0,71.0,24.917046864827473,30.91906602042062,78.0,91.57142857142857,-0.8660254037844386,0.5000000000000001
2017-10-21,16.28706,27.58252,79.71902,68.9,79.5,9.2,254.8,1013.6,4.5,0.0,183.5,60.0,Moderate,2017,10,21,Saturday,Autumn,1,17.26539,30.84295,25.70106,33.86779,55.07447,62.0,80.0,20.065083185831707,29.57420894077846,68.0,88.71428571428571,-0.8660254037844386,0.5000000000000001
2017-10-22,18.71101,32.3369,93.55217,68.7,78.1,10.3,238.0,1012.8,4.8,0.0,170.9,65.0,Moderate,2017,10,22,Sunday,Autumn,0,16.28706,26.6428,40.2265,27.58252,65.37895,60.0,113.0,17.421153386433918,26.500567299979075,62.333333333333336,81.85714285714286,-0.8660254037844386,0.5000000000000001
2017-10-23,30.57277,55.9511,139.1935,67.6,68.6,12.8,213.3,1014.8,4.1,0.0,188.7,90.0,Moderate,2017,10,23,Monday,Autumn,0,18.71101,17.26539,38.66181,32.3369,66.52045,65.0,109.0,21.85694630940755,25.344989776611328,71.66666666666667,79.14285714285714,-0.8660254037844386,0.5000000000000001
2017-10-24,31.20343,63.48404,144.9796,64.0,64.7,8.1,256.7,1018.0,4.2,0.0,170.1,91.0,Moderate,2017,10,24,Tuesday,Autumn,0,30.57277,16.28706,37.09295,55.9511,76.62068,90.0,105.0,26.82906977335612,24.50362995692662,82.0,77.14285714285714,-0.8660254037844386,0.5000000000000001
2017-10-25,34.681,60.84572,122.4836,61.9,70.0,8.1,191.4,1021.1,4.0,0.0,178.6,98.0,Moderate,2017,10,25,Wednesday,Autumn,0,31.20343,18.71101,30.84295,63.48404,76.15825,91.0,90.0,32.15239969889323,25.05192266191755,93.0,78.28571428571429,-0.8660254037844386,0.5000000000000001
2017-10-26,37.72147,52.39736,101.4913,62.5,77.2,9.2,216.7,1021.9,3.6,0.0,187.1,106.0,Unhealthy for Sensitive Groups,2017,10,26,Thursday,Autumn,0,34.681,30.57277,26.6428,60.84572,57.16882,98.0,82.0,34.535299936930336,26.634589876447404,98.33333333333333,81.71428571428571,-0.8660254037844386,0.5000000000000001
2017-10-27,35.53905,49.73009,101.7738,64.3,77.8,8.1,222.0,1020.2,3.3,0.1016,159.1,101.0,Unhealthy for Sensitive Groups,2017,10,27,Friday,Autumn,0,37.72147,31.20343,17.26539,52.39736,33.86779,106.0,62.0,35.980506896972656,29.245112827845983,101.66666666666667,87.28571428571429,-0.8660254037844386,0.5000000000000001
2017-10-28,28.69933,37.69955,71.91652,62.9,79.1,16.1,103.3,1020.3,3.4,0.0,120.7,86.0,Moderate,2017,10,28,Saturday,Autumn,1,35.53905,34.681,16.28706,49.73009,27.58252,101.0,60.0,33.98661677042643,31.018294198172434,97.66666666666667,91.0,-0.8660254037844386,0.5000000000000001
2017-10-29,16.80843,27.84441,83.29729,61.5,70.9,10.3,98.3,1022.7,4.5,26.4,179.5,61.0,Moderate,2017,10,29,Sunday,Autumn,0,28.69933,37.72147,18.71101,37.69955,32.3369,86.0,65.0,27.01560338338216,30.746497017996653,82.66666666666667,90.42857142857143,-0.8660254037844386,0.5000000000000001
2017-10-30,20.97959,39.3769,109.6874,61.0,71.6,10.3,321.1,1021.6,4.9,4.1,197.8,70.0,Moderate,2017,10,30,Monday,Autumn,0,16.80843,35.53905,30.57277,27.84441,55.9511,61.0,90.0,22.16244951883952,29.376042774745397,72.33333333333333,87.57142857142857,-0.8660254037844386,0.5000000000000001
2017-10-31,26.9371,34.82751,51.86378,57.6,88.1,6.9,288.0,1020.7,3.9,0.0,165.2,82.0,Moderate,2017,10,31,Tuesday,Autumn,0,20.97959,28.69933,31.20343,39.3769,63.48404,70.0,91.0,21.575039545694988,28.76656695774623,71.0,86.28571428571429,-0.8660254037844386,0.5000000000000001
2017-11-01,25.9423,40.17789,92.09381,59.6,83.4,8.1,229.0,1021.5,3.7,0.0,195.3,80.0,Moderate,2017,11,1,Wednesday,Autumn,0,26.9371,16.80843,34.681,34.82751,60.84572,82.0,98.0,24.61966323852539,27.51818139212472,77.33333333333333,83.71428571428571,-0.5000000000000004,0.8660254037844384
2017-11-02,25.87161,48.78711,115.5065,62.4,77.1,8.1,313.8,1019.6,4.1,0.0,205.3,80.0,Moderate,2017,11,2,Thursday,Autumn,0,25.9423,20.97959,37.72147,40.17789,52.39736,80.0,106.0,26.25033696492513,25.825344358171737,80.66666666666667,80.0,-0.5000000000000004,0.8660254037844384
2017-11-03,25.65203,43.48741,97.15483,62.8,77.1,8.1,228.5,1020.8,4.2,0.0,192.0,79.0,Moderate,2017,11,3,Friday,Autumn,0,25.87161,26.9371,35.53905,48.78711,49.73009,80.0,101.0,25.821980794270832,24.412912913731166,79.66666666666667,76.85714285714286,-0.5000000000000004,0.8660254037844384
2017-11-04,24.34304,38.32125,88.42621,62.7,76.0,8.1,47.1,1022.6,4.5,0.0,196.7,77.0,Moderate,2017,11,4,Saturday,Autumn,1,25.65203,25.9423,28.69933,43.48741,37.69955,79.0,86.0,25.288894017537434,23.790585926600865,78.66666666666667,75.57142857142857,-0.5000000000000004,0.8660254037844384
2017-11-05,19.14293,31.79148,88.30956,62.6,75.7,8.1,78.7,1022.4,4.3,0.0,206.0,66.0,Moderate,2017,11,5,Sunday,Autumn,0,24.34304,25.87161,16.80843,38.32125,27.84441,77.0,61.0,23.046000162760418,24.12408583504813,74.0,76.28571428571429,-0.5000000000000004,0.8660254037844384
2017-11-06,22.69334,41.8931,114.7915,63.1,70.1,10.3,261.1,1020.7,4.5,0.0,205.6,73.0,Moderate,2017,11,6,Monday,Autumn,0,19.14293,25.65203,20.97959,31.79148,39.3769,66.0,70.0,22.059769948323567,24.368907383510045,72.0,76.71428571428571,-0.5000000000000004,0.8660254037844384
2017-11-07,27.65068,50.23182,123.0117,62.9,72.7,8.1,171.7,1020.8,4.4,0.0,198.6,84.0,Moderate,2017,11,7,Tuesday,Autumn,0,22.69334,24.34304,26.9371,41.8931,34.82751,73.0,82.0,23.162316640218098,24.470847538539342,74.33333333333333,77.0,-0.5000000000000004,0.8660254037844384
2017-11-08,25.65678,46.54531,113.5434,62.7,73.6,9.2,193.5,1020.7,4.6,0.0,179.0,80.0,Moderate,2017,11,8,Wednesday,Autumn,0,27.65068,19.14293,25.9423,50.23182,40.17789,84.0,80.0,25.333600362141926,24.430058888026647,79.0,77.0,-0.5000000000000004,0.8660254037844384
2017-11-09,25.69589,53.27046,131.4578,61.3,70.4,10.3,152.6,1019.5,4.6,0.0,177.2,80.0,Moderate,2017,11,9,Thursday,Autumn,0,25.65678,22.69334,25.87161,46.54531,48.78711,80.0,80.0,26.334450403849285,24.404956000191824,81.33333333333333,77.0,-0.5000000000000004,0.8660254037844384
2017-11-10,25.85194,54.36847,147.0393,60.9,72.6,10.3,211.8,1020.0,4.5,0.0,176.0,80.0,Moderate,2017,11,10,Friday,Autumn,0,25.69589,27.65068,25.65203,53.27046,43.48741,80.0,79.0,25.734870274861652,24.43351445879255,80.0,77.14285714285714,-0.5000000000000004,0.8660254037844384
2017-11-11,24.07001,48.10209,123.3206,60.1,74.1,10.3,272.0,1020.6,4.4,0.0,185.2,76.0,Moderate,2017,11,11,Saturday,Autumn,1,25.85194,25.65678,24.34304,54.36847,38.32125,80.0,77.0,25.20594660441081,24.39450999668666,78.66666666666667,77.0,-0.5000000000000004,0.8660254037844384
2017-11-12,26.5391,44.53616,104.1554,60.2,74.1,8.1,210.1,1018.0,4.8,0.0,192.2,81.0,Moderate,2017,11,12,Sunday,Autumn,0,24.07001,25.69589,19.14293,48.10209,31.79148,76.0,66.0,25.487016677856445,25.45110593523298,79.0,79.14285714285714,-0.5000000000000004,0.8660254037844384
2017-11-13,32.50215,56.89056,126.5716,59.7,75.2,9.2,192.3,1017.4,4.1,0.0,189.1,94.0,Moderate,2017,11,13,Monday,Autumn,0,26.5391,25.85194,22.69334,44.53616,41.8931,81.0,73.0,27.70375378926595,26.852364676339285,83.66666666666667,82.14285714285714,-0.5000000000000004,0.8660254037844384
2017-11-14,31.50526,48.02638,106.8702,59.4,76.6,8.1,193.7,1018.5,3.7,0.0,184.3,92.0,Moderate,2017,11,14,Tuesday,Autumn,0,32.50215,24.07001,27.65068,56.89056,50.23182,94.0,84.0,30.182170867919922,27.403018951416016,89.0,83.28571428571429,-0.5000000000000004,0.8660254037844384
2017-11-15,38.39152,46.08905,86.30453,59.4,76.4,8.1,230.2,1019.5,3.2,0.0,181.8,108.0,Unhealthy for Sensitive Groups,2017,11,15,Wednesday,Autumn,0,31.50526,26.5391,25.65678,48.02638,46.54531,92.0,80.0,34.13297780354818,29.222267695835658,98.0,87.28571428571429,-0.5000000000000004,0.8660254037844384
2017-11-16,31.15281,45.71847,96.85577,60.1,75.4,4.7,136.7,1019.9,3.4,0.0,134.0,91.0,Moderate,2017,11,16,Thursday,Autumn,0,38.39152,32.50215,25.69589,46.08905,53.27046,108.0,80.0,33.683197021484375,30.001827512468612,97.0,88.85714285714286,-0.5000000000000004,0.8660254037844384
2017-11-17,32.17503,56.89528,146.7276,61.5,74.4,8.1,222.0,1019.0,3.6,0.0,167.8,93.0,Moderate,2017,11,17,Friday,Autumn,0,31.15281,31.50526,25.85194,45.71847,54.36847,91.0,80.0,33.906453450520836,30.90512602669852,97.33333333333333,90.71428571428571,-0.5000000000000004,0.8660254037844384
2017-11-18,36.147846,59.538746,142.25159,61.4,74.1,10.3,268.7,1019.3,4.2,0.0,183.6,103.0,Unhealthy for Sensitive Groups,2017,11,18,Saturday,Autumn,1,32.17503,38.39152,24.07001,56.89528,48.10209,93.0,76.0,33.15856170654297,32.630531311035156,95.66666666666667,94.57142857142857,-0.5000000000000004,0.8660254037844384
2017-11-19,40.12066,62.182217,137.77557,60.3,69.8,9.2,276.2,1019.6,4.5,0.0,186.4,112.0,Unhealthy for Sensitive Groups,2017,11,19,Sunday,Autumn,0,36.147846,31.15281,26.5391,59.538746,44.53616,103.0,81.0,36.14784495035807,34.57075391496931,102.66666666666667,99.0,-0.5000000000000004,0.8660254037844384
2017-11-20,44.093475,64.82568,133.29958,59.6,67.5,10.3,291.6,1019.4,4.3,0.0,177.8,122.0,Unhealthy for Sensitive Groups,2017,11,20,Monday,Autumn,0,40.12066,32.17503,32.50215,62.182217,56.89056,112.0,94.0,40.120660146077476,36.226657322474885,112.33333333333333,103.0,-0.5000000000000004,0.8660254037844384
2017-11-21,48.06629,67.46915,128.82356,57.6,70.2,9.2,257.7,1017.6,3.9,0.0,187.5,132.0,Unhealthy for Sensitive Groups,2017,11,21,Tuesday,Autumn,0,44.093475,36.147846,31.50526,64.82568,48.02638,122.0,92.0,44.093475341796875,38.59251894269671,122.0,108.71428571428571,-0.5000000000000004,0.8660254037844384
2017-11-22,52.039104,70.11262,124.34755,57.2,73.1,8.1,213.7,1016.5,4.0,0.0,172.3,142.0,Unhealthy for Sensitive Groups,2017,11,22,Wednesday,Autumn,0,48.06629,40.12066,38.39152,67.46915,46.08905,132.0,108.0,48.066290537516274,40.54217365809849,132.0,113.57142857142857,-0.5000000000000004,0.8660254037844384
2017-11-23,56.01192,72.75609,119.87154,56.2,72.1,8.1,160.9,1016.6,4.0,0.0,161.5,151.0,Unhealthy,2017,11,23,Thursday,Autumn,0,52.039104,44.093475,31.15281,70.11262,45.71847,142.0,91.0,52.03910573323568,44.093475341796875,141.66666666666666,122.14285714285714,-0.5000000000000004,0.8660254037844384
2017-11-24,59.984734,75.39955,115.39553,55.8,75.3,8.1,183.2,1018.5,3.7,0.0,171.2,153.0,Unhealthy,2017,11,24,Friday,Autumn,0,56.01192,48.06629,32.17503,72.75609,56.89528,151.0,93.0,56.01191965738932,48.06629017421177,148.66666666666666,130.71428571428572,-0.5000000000000004,0.8660254037844384
2017-11-25,63.95755,78.04302,110.91952,55.5,74.5,6.9,216.7,1020.4,3.6,0.0,130.7,155.0,Unhealthy,2017,11,25,Saturday,Autumn,1,59.984734,52.039104,36.147846,75.39955,59.538746,153.0,103.0,59.984734853108726,52.03910500662668,153.0,138.14285714285714,-0.5000000000000004,0.8660254037844384
2017-11-26,67.93037,80.686485,106.44351,55.8,74.6,8.1,215.5,1020.9,3.9,0.0,130.6,157.0,Unhealthy,2017,11,26,Sunday,Autumn,0,63.95755,56.01192,40.12066,78.04302,62.182217,155.0,112.0,63.957550048828125,56.01192038399832,155.0,144.57142857142858,-0.5000000000000004,0.8660254037844384
2017-11-27,71.90318,83.329956,101.9675,55.0,76.2,10.3,200.5,1017.7,4.0,0.0,95.8,159.0,Unhealthy,2017,11,27,Monday,Autumn,0,67.93037,59.984734,44.093475,80.686485,64.82568,157.0,122.0,67.93036651611328,59.984735761369976,157.0,149.85714285714286,-0.5000000000000004,0.8660254037844384
2017-11-28,75.87599,85.97342,97.49149,54.2,79.0,11.4,190.0,1017.5,3.3,0.0,103.2,162.0,Unhealthy,2017,11,28,Tuesday,Autumn,0,71.90318,63.95755,48.06629,83.329956,67.46915,159.0,132.0,71.90318044026692,63.957550048828125,159.33333333333334,154.14285714285714,-0.5000000000000004,0.8660254037844384
2017-11-29,79.84881,88.61689,93.01548,54.7,79.7,8.1,197.4,1020.1,2.7,0.0,110.4,164.0,Unhealthy,2017,11,29,Wednesday,Autumn,0,75.87599,67.93037,52.039104,85.97342,70.11262,162.0,142.0,75.87599436442058,67.93036488124302,161.66666666666666,157.28571428571428,-0.5000000000000004,0.8660254037844384
2017-11-30,75.17785,83.23778,88.4834,53.6,80.8,6.9,173.2,1019.6,2.2,0.0,109.2,161.0,Unhealthy,2017,11,30,Thursday,Autumn,0,79.84881,71.90318,56.01192,88.61689,72.75609,164.0,151.0,76.96754964192708,70.66835457938058,162.33333333333334,158.71428571428572,-0.5000000000000004,0.8660254037844384
2017-12-01,69.64132,79.12111,91.32215,53.5,78.1,6.9,140.0,1019.7,2.6,0.0,132.4,158.0,Unhealthy,2017,12,1,Friday,Winter,0,75.17785,75.87599,59.984734,83.23778,75.39955,161.0,153.0,74.88932545979817,72.04786682128906,161.0,159.42857142857142,-2.4492935982947064e-16,1.0
2017-12-02,58.29326,68.71986,80.0838,53.7,73.0,8.1,152.8,1021.1,3.0,0.1016,136.7,152.0,Unhealthy,2017,12,2,Saturday,Winter,1,69.64132,79.84881,63.95755,79.12111,78.04302,158.0,155.0,67.70414225260417,71.23868233816964,157.0,159.0,-2.4492935982947064e-16,1.0
2017-12-03,56.48743,69.28903,81.39299,53.2,74.4,8.1,147.9,1020.4,3.7,0.0,146.9,152.0,Unhealthy,2017,12,3,Sunday,Winter,0,58.29326,75.17785,67.93037,68.71986,80.686485,152.0,157.0,61.474002838134766,69.60397720336914,154.0,158.28571428571428,-2.4492935982947064e-16,1.0
2017-12-04,53.15014,64.74521,72.60896,53.7,75.5,6.9,161.5,1018.8,3.7,0.0,158.7,144.0,Unhealthy for Sensitive Groups,2017,12,4,Monday,Winter,0,56.48743,69.64132,71.90318,69.28903,83.329956,152.0,159.0,55.976942698160805,66.92497089930943,149.33333333333334,156.14285714285714,-2.4492935982947064e-16,1.0
2017-12-05,47.77,58.62798,66.92965,55.3,71.7,6.9,200.1,1018.7,3.8,0.0,126.2,131.0,Unhealthy for Sensitive Groups,2017,12,5,Tuesday,Winter,0,53.15014,58.29326,75.87599,64.74521,85.97342,144.0,162.0,52.469189961751304,62.90982927594866,142.33333333333334,151.71428571428572,-2.4492935982947064e-16,1.0
2017-12-06,43.87639,51.45715,59.85854,57.5,73.1,10.3,254.7,1017.7,3.8,0.0,152.3,122.0,Unhealthy for Sensitive Groups,2017,12,6,Wednesday,Winter,0,47.77,56.48743,79.84881,58.62798,88.61689,131.0,164.0,48.265509287516274,57.770912170410156,132.33333333333334,145.71428571428572,-2.4492935982947064e-16,1.0
2017-12-07,41.41021,45.25118,49.5291,56.8,77.9,8.1,235.8,1018.3,4.0,0.0,134.2,116.0,Unhealthy for Sensitive Groups,2017,12,7,Thursday,Winter,0,43.87639,53.15014,75.17785,51.45715,83.23778,122.0,161.0,44.35219955444336,52.94696371895926,123.0,139.28571428571428,-2.4492935982947064e-16,1.0
2017-12-08,49.27924,57.51479,64.29045,57.3,79.0,10.3,203.0,1018.9,3.6,0.0,142.7,135.0,Unhealthy for Sensitive Groups,2017,12,8,Friday,Winter,0,41.41021,47.77,69.64132,45.25118,79.12111,116.0,158.0,44.855279286702476,50.03809520176479,124.33333333333333,136.0,-2.4492935982947064e-16,1.0
2017-12-09,48.57826,59.63521,72.19903,57.8,75.1,5.8,154.4,1019.8,3.9,0.0,142.7,133.0,Unhealthy for Sensitive Groups,2017,12,9,Saturday,Winter,1,49.27924,43.87639,58.29326,57.51479,68.71986,135.0,152.0,46.422569274902344,48.650238037109375,128.0,133.28571428571428,-2.4492935982947064e-16,1.0
2017-12-10,55.01028,67.65528,79.39299,57.5,71.5,6.9,243.0,1020.1,4.0,0.0,171.3,149.0,Unhealthy for Sensitive Groups,2017,12,10,Sunday,Winter,0,48.57826,41.41021,56.48743,59.63521,69.28903,133.0,152.0,50.955926259358726,48.43921661376953,139.0,132.85714285714286,-2.4492935982947064e-16,1.0
2017-12-11,54.60521,66.76417,77.60444,57.1,72.5,8.1,209.1,1019.5,4.0,0.0,159.9,148.0,Unhealthy for Sensitive Groups,2017,12,11,Monday,Winter,0,55.01028,49.27924,53.15014,67.65528,64.74521,149.0,144.0,52.731249491373696,48.64708382742746,143.33333333333334,133.42857142857142,-2.4492935982947064e-16,1.0
2017-12-12,49.23618,59.29566,71.89528,56.1,70.7,9.2,259.2,1019.5,4.3,0.0,164.8,135.0,Unhealthy for Sensitive Groups,2017,12,12,Tuesday,Winter,0,54.60521,48.57826,47.77,66.76417,58.62798,148.0,131.0,52.95055643717448,48.85653795514788,144.0,134.0,-2.4492935982947064e-16,1.0
2017-12-13,41.58896,50.23458,61.20089,55.1,67.9,8.1,304.0,1020.0,3.8,0.0,174.3,116.0,Unhealthy for Sensitive Groups,2017,12,13,Wednesday,Winter,0,49.23618,55.01028,43.87639,59.29566,51.45715,135.0,122.0,48.47678248087565,48.529762268066406,133.0,133.14285714285714,-2.4492935982947064e-16,1.0
2017-12-14,29.96275,32.11394,34.62317,53.2,65.6,10.3,1.0,1020.3,3.7,0.0,176.5,89.0,Moderate,2017,12,14,Thursday,Winter,0,41.58896,54.60521,41.41021,50.23458,45.25118,116.0,116.0,40.26262919108073,46.89441081455776,113.33333333333333,129.28571428571428,-2.4492935982947064e-16,1.0
2017-12-15,29.9941,32.22514,33.88424,51.7,62.9,9.2,131.2,1020.4,3.7,0.0,179.3,89.0,Moderate,2017,12,15,Friday,Winter,0,29.96275,49.23618,49.27924,32.11394,57.51479,89.0,135.0,33.84860293070475,44.13939094543457,98.0,122.71428571428571,-2.4492935982947064e-16,1.0
2017-12-16,35.18215,37.13625,41.56701,50.3,65.2,8.1,124.1,1021.5,3.4,0.0,176.3,100.0,Moderate,2017,12,16,Saturday,Winter,1,29.9941,41.58896,48.57826,32.22514,59.63521,89.0,133.0,31.713000615437824,42.22566141401018,92.66666666666667,118.0,-2.4492935982947064e-16,1.0
2017-12-17,34.21326,35.44167,38.23813,50.5,73.3,6.9,160.1,1022.5,2.9,0.0,168.4,98.0,Moderate,2017,12,17,Sunday,Winter,0,35.18215,29.96275,55.01028,37.13625,67.65528,100.0,149.0,33.12983767191569,39.25465856279646,95.66666666666667,110.71428571428571,-2.4492935982947064e-16,1.0
2017-12-18,34.8941,36.01618,39.98965,51.5,79.0,6.9,170.0,1023.3,2.6,0.0,164.7,99.0,Moderate,2017,12,18,Monday,Winter,0,34.21326,29.9941,54.60521,35.44167,66.76417,98.0,148.0,34.763170878092446,36.43878582545689,99.0,103.71428571428571,-2.4492935982947064e-16,1.0
2017-12-19,30.34347,31.3334,32.92694,53.1,77.0,8.1,174.6,1023.5,2.7,0.0,163.8,89.0,Moderate,2017,12,19,Tuesday,Winter,0,34.8941,35.18215,49.23618,36.01618,59.29566,99.0,135.0,33.15027681986491,33.73982729230608,95.33333333333333,97.14285714285714,-2.4492935982947064e-16,1.0
2017-12-20,32.35311,33.80625,34.83926,53.5,76.4,5.8,193.9,1024.8,2.6,0.0,136.5,94.0,Moderate,2017,12,20,Wednesday,Winter,0,30.34347,34.21326,41.58896,31.3334,50.23458,89.0,116.0,32.53022702534994,32.42042051042829,94.0,94.0,-2.4492935982947064e-16,1.0
2017-12-21,29.71255,30.82515,34.53571,53.6,74.4,8.1,241.2,1024.0,2.9,0.0,150.3,88.0,Moderate,2017,12,21,Thursday,Winter,0,32.35311,34.8941,29.96275,33.80625,32.11394,94.0,89.0,30.803043365478516,32.38467761448452,90.33333333333333,93.85714285714286,-2.4492935982947064e-16,1.0
2017-12-22,27.53542,28.53722,29.27021,52.5,76.3,6.9,142.9,1020.5,3.2,0.0,141.6,83.0,Moderate,2017,12,22,Friday,Winter,0,29.71255,30.34347,29.9941,30.82515,32.22514,88.0,89.0,29.867026646931965,32.03343745640346,88.33333333333333,93.0,-2.4492935982947064e-16,1.0
2017-12-23,29.46606,30.17051,30.98988,51.3,80.3,6.9,169.4,1017.8,2.7,0.0,143.4,88.0,Moderate,2017,12,23,Saturday,Winter,1,27.53542,32.35311,35.18215,28.53722,37.13625,83.0,100.0,28.90467643737793,31.21685300554548,86.33333333333333,91.28571428571429,-2.4492935982947064e-16,1.0
2017-12-24,30.49174,31.39569,33.38514,53.9,78.6,5.8,180.6,1018.9,2.5,0.0,163.2,90.0,Moderate,2017,12,24,Sunday,Winter,0,29.46606,29.71255,34.21326,30.17051,35.44167,88.0,98.0,29.164406458536785,30.68520709446498,87.0,90.14285714285714,-2.4492935982947064e-16,1.0
2017-12-25,31.70486,32.51451,33.17354,52.1,76.9,8.1,193.5,1019.4,2.9,0.0,155.9,92.0,Moderate,2017,12,25,Monday,Winter,0,30.49174,27.53542,34.8941,31.39569,36.01618,90.0,99.0,30.55422019958496,30.229601451328822,90.0,89.14285714285714,-2.4492935982947064e-16,1.0
2017-12-26,31.90431,33.03285,34.29854,52.3,74.2,41.4,58.6,1020.8,2.7,0.0,178.8,93.0,Moderate,2017,12,26,Tuesday,Winter,0,31.70486,29.46606,30.34347,32.51451,31.3334,92.0,89.0,31.36697006225586,30.452578680855886,91.66666666666667,89.71428571428571,-2.4492935982947064e-16,1.0
2017-12-27,38.36383,41.41346,52.12864,52.6,68.0,8.1,167.6,1020.8,3.0,0.0,178.0,108.0,Unhealthy for Sensitive Groups,2017,12,27,Wednesday,Winter,0,31.90431,30.49174,32.35311,33.03285,33.80625,93.0,94.0,33.991000493367515,31.31125286647252,97.66666666666667,91.71428571428571,-2.4492935982947064e-16,1.0
2017-12-28,34.942993,38.75792,46.564205,52.4,61.3,9.2,149.4,1020.8,3.3,0.0,175.7,99.0,Moderate,2017,12,28,Thursday,Winter,0,38.36383,31.70486,29.71255,41.41346,30.82515,108.0,88.0,35.07037798563639,32.0584591456822,100.0,93.28571428571429,-2.4492935982947064e-16,1.0
2017-12-29,31.52216,36.10238,40.99977,51.9,63.2,10.3,162.6,1021.5,3.1,0.0,176.1,92.0,Moderate,2017,12,29,Friday,Winter,0,34.942993,31.90431,27.53542,38.75792,28.53722,99.0,83.0,34.94299443562826,32.62799344744001,99.66666666666667,94.57142857142857,-2.4492935982947064e-16,1.0
2018-01-07,98.58674,234.9072,441.7074,45.3,58.3,9.2,203.4,1013.5,3.7,0.0,153.8,173.0,Unhealthy,2018,1,7,Sunday,Winter,0,106.0259,104.8293,36.94979,233.4574,39.78847,177.0,105.0,103.92357889811198,76.57350294930595,176.0,146.57142857142858,0.49999999999999994,0.8660254037844387
2018-01-08,96.94241,214.7575,435.9278,45.0,64.2,8.1,169.5,1017.1,3.6,0.0,157.9,172.0,Unhealthy,2018,1,8,Monday,Winter,0,98.58674,107.1581,28.70553,234.9072,30.39118,173.0,86.0,100.51835123697917,86.32162911551339,174.0,158.85714285714286,0.49999999999999994,0.8660254037844387
2018-01-09,126.4814,245.4107,447.7871,45.6,68.1,8.1,177.7,1019.2,2.6,0.0,170.1,188.0,Unhealthy,2018,1,9,Tuesday,Winter,0,96.94241,106.0259,25.74533,214.7575,28.69325,172.0,80.0,107.33685048421223,100.71249607631138,177.66666666666666,174.28571428571428,0.49999999999999994,0.8660254037844387
2018-01-10,126.2913,230.4776,392.0346,46.6,71.2,8.1,197.8,1018.5,2.6,0.0,169.0,188.0,Unhealthy,2018,1,10,Wednesday,Winter,0,126.4814,98.58674,64.96362,245.4107,179.3961,188.0,156.0,116.5717035929362,109.47359248570034,182.66666666666666,178.85714285714286,0.49999999999999994,0.8660254037844387
2018-01-11,119.9962,215.4174,366.3121,47.6,70.9,8.1,175.6,1017.3,2.7,0.0,169.7,184.0,Unhealthy,2018,1,11,Thursday,Winter,0,126.2913,96.94241,104.8293,230.4776,234.5786,188.0,176.0,124.2562993367513,111.64029257638114,186.66666666666666,180.0,0.49999999999999994,0.8660254037844387
2018-01-12,115.3758,197.6686,352.5764,48.9,73.1,9.2,235.0,1017.5,2.5,0.0,178.1,182.0,Unhealthy,2018,1,12,Friday,Winter,0,119.9962,126.4814,107.1581,215.4174,228.733,184.0,178.0,120.55443318684895,112.81425040108817,184.66666666666666,180.57142857142858,0.49999999999999994,0.8660254037844387
2018-01-13,104.4968,158.0787,271.1304,50.1,73.0,10.3,235.1,1017.0,3.0,0.0,176.9,176.0,Unhealthy,2018,1,13,Saturday,Winter,1,115.3758,126.2913,106.0259,197.6686,233.4574,182.0,177.0,113.2896016438802,112.59580775669643,180.66666666666666,180.42857142857142,0.49999999999999994,0.8660254037844387
2018-01-14,94.28447,130.141,230.7189,50.4,74.1,9.2,180.8,1018.2,3.0,0.0,112.6,171.0,Unhealthy,2018,1,14,Sunday,Winter,0,104.4968,119.9962,98.58674,158.0787,234.9072,176.0,173.0,104.71902465820312,111.98119790213448,176.33333333333334,180.14285714285714,0.49999999999999994,0.8660254037844387
2018-01-15,100.4752,135.7433,242.6842,50.4,71.3,8.1,206.2,1017.0,3.3,0.0,138.0,174.0,Unhealthy,2018,1,15,Monday,Winter,0,94.28447,115.3758,96.94241,130.141,214.7575,171.0,172.0,99.75215657552083,112.48588126046317,173.66666666666666,180.42857142857142,0.49999999999999994,0.8660254037844387
2018-01-16,81.52078,111.9987,181.9341,49.4,76.2,8.1,163.8,1016.8,3.4,0.0,144.0,164.0,Unhealthy,2018,1,16,Tuesday,Winter,0,100.4752,104.4968,126.4814,135.7433,245.4107,174.0,188.0,92.0934829711914,106.06293596540179,169.66666666666666,177.0,0.49999999999999994,0.8660254037844387
2018-01-17,82.68942,115.1056,186.2617,51.6,72.4,9.2,147.3,1017.8,2.9,0.0,178.3,165.0,Unhealthy,2018,1,17,Wednesday,Winter,0,81.52078,94.28447,126.2913,111.9987,230.4776,164.0,188.0,88.2284673055013,99.83409663609096,167.66666666666666,173.71428571428572,0.49999999999999994,0.8660254037844387
2018-01-18,87.65044,115.2282,179.4583,51.9,74.3,8.1,197.8,1017.3,2.6,0.0,177.6,168.0,Unhealthy,2018,1,18,Thursday,Winter,0,82.68942,100.4752,119.9962,115.1056,215.4174,165.0,184.0,83.95354715983073,95.21327318464007,165.66666666666666,171.42857142857142,0.49999999999999994,0.8660254037844387
2018-01-19,90.96761,115.5677,178.2358,51.6,72.1,8.1,178.9,1017.9,2.6,0.0,162.6,169.0,Unhealthy,2018,1,19,Friday,Winter,0,87.65044,81.52078,115.3758,115.2282,197.6686,168.0,182.0,87.1024907430013,91.72638920375279,167.33333333333334,169.57142857142858,0.49999999999999994,0.8660254037844387
2018-01-20,83.83708,103.0573,146.2181,51.3,72.2,6.9,188.1,1016.5,2.9,0.0,155.2,166.0,Unhealthy,2018,1,20,Saturday,Winter,1,90.96761,82.68942,104.4968,115.5677,158.0787,169.0,176.0,87.48504384358723,88.7750004359654,167.66666666666666,168.14285714285714,0.49999999999999994,0.8660254037844387
2018-01-21,64.24589,87.54192,158.107,53.2,71.0,8.1,182.8,1017.5,3.0,0.0,141.7,156.0,Unhealthy,2018,1,21,Sunday,Winter,0,83.83708,87.65044,94.28447,103.0573,130.141,166.0,171.0,79.68352762858073,84.48377445765904,163.66666666666666,166.0,0.49999999999999994,0.8660254037844387
2018-01-22,84.99301,113.5425,199.7164,53.3,71.6,9.2,209.0,1016.5,2.8,0.0,174.1,166.0,Unhealthy,2018,1,22,Monday,Winter,0,64.24589,90.96761,100.4752,87.54192,135.7433,156.0,174.0,77.6919937133789,82.27203369140625,162.66666666666666,164.85714285714286,0.49999999999999994,0.8660254037844387
2018-01-23,83.04249,105.5561,164.0285,53.6,73.8,49.4,116.8,1015.5,3.1,0.0,181.6,165.0,Unhealthy,2018,1,23,Tuesday,Winter,0,84.99301,83.83708,81.52078,113.5425,111.9987,166.0,164.0,77.42712910970052,82.48942020961216,162.33333333333334,165.0,0.49999999999999994,0.8660254037844387
2018-01-24,68.75439,86.99676,137.1208,48.3,84.3,13.9,125.5,1014.3,3.1,6.1,90.5,158.0,Unhealthy,2018,1,24,Wednesday,Winter,0,83.04249,64.24589,82.68942,105.5561,115.1056,165.0,165.0,78.92996215820312,80.49870082310268,163.0,164.0,0.49999999999999994,0.8660254037844387
2018-01-25,77.46783,102.0339,163.9052,48.4,76.6,10.3,254.7,1013.3,3.2,0.0,188.9,162.0,Unhealthy,2018,1,25,Thursday,Winter,0,68.75439,84.99301,87.65044,86.99676,115.2282,158.0,168.0,76.42156728108723,79.0440423148019,161.66666666666666,163.14285714285714,0.49999999999999994,0.8660254037844387
2018-01-26,75.31888,95.52081,154.3642,48.9,77.7,11.4,228.1,1013.9,3.0,0.0,167.9,161.0,Unhealthy,2018,1,26,Friday,Winter,0,77.46783,83.04249,90.96761,102.0339,115.5677,162.0,169.0,73.84703063964844,76.80850873674665,160.33333333333334,162.0,0.49999999999999994,0.8660254037844387
2018-01-27,74.45087,97.67709,168.3116,48.6,74.7,12.8,216.6,1013.3,3.0,0.0,156.0,161.0,Unhealthy,2018,1,27,Saturday,Winter,1,75.31888,68.75439,83.83708,95.52081,103.0573,161.0,166.0,75.74585723876953,75.46762084960938,161.33333333333334,161.28571428571428,0.49999999999999994,0.8660254037844387
2018-01-28,81.28759,107.641,176.3667,47.7,72.3,9.2,190.2,1014.5,2.8,5.0038,158.4,164.0,Unhealthy,2018,1,28,Sunday,Winter,0,74.45087,77.46783,64.24589,97.67709,87.54192,161.0,156.0,77.01911163330078,77.9021497453962,162.0,162.42857142857142,0.49999999999999994,0.8660254037844387
2018-01-29,89.32445,110.4268,178.952,48.2,74.7,10.3,249.2,1016.2,2.6,0.0,173.5,168.0,Unhealthy,2018,1,29,Monday,Winter,0,81.28759,75.31888,84.99301,107.641,113.5425,164.0,166.0,81.68763478597005,78.52092633928571,164.33333333333334,162.71428571428572,0.49999999999999994,0.8660254037844387
2018-01-30,81.58105,94.04269,163.0358,50.0,75.7,9.2,237.9,1014.4,2.3,0.0,185.5,164.0,Unhealthy,2018,1,30,Tuesday,Winter,0,89.32445,74.45087,83.04249,110.4268,105.5561,168.0,165.0,84.06436157226562,78.31214904785156,165.33333333333334,162.57142857142858,0.49999999999999994,0.8660254037844387
2018-01-31,77.84262,88.63747,148.1314,49.3,80.5,9.2,248.5,1015.2,1.9,0.0,159.7,163.0,Unhealthy,2018,1,31,Wednesday,Winter,0,81.58105,81.28759,68.75439,94.04269,86.99676,164.0,158.0,82.9160385131836,79.61046818324498,165.0,163.28571428571428,0.49999999999999994,0.8660254037844387
2018-02-01,77.54931,89.07966,152.5786,52.5,73.6,10.3,253.7,1016.4,1.9,0.0,156.3,162.0,Unhealthy,2018,2,1,Thursday,Winter,0,77.84262,89.32445,77.46783,88.63747,102.0339,163.0,162.0,78.99099222819011,79.62210845947266,163.0,163.28571428571428,0.8660254037844386,0.5000000000000001
2018-02-02,83.93549,95.06729,154.7086,51.9,78.1,9.2,209.0,1015.8,1.9,0.0,145.3,166.0,Unhealthy,2018,2,2,Friday,Winter,0,77.54931,81.58105,75.31888,89.07966,95.52081,162.0,161.0,79.7758076985677,80.85305350167411,163.66666666666666,164.0,0.8660254037844386,0.5000000000000001
2018-02-03,68.69671,81.24252,164.2076,53.8,73.2,11.4,269.6,1017.5,2.4,0.0,164.8,158.0,Unhealthy,2018,2,3,Saturday,Winter,1,83.93549,77.84262,74.45087,95.06729,97.67709,166.0,161.0,76.72717030843098,80.0310309273856,162.0,163.57142857142858,0.8660254037844386,0.5000000000000001
2018-02-04,72.23182,107.55,317.7586,53.4,63.5,16.1,300.8,1016.9,3.3,0.0,210.7,160.0,Unhealthy,2018,2,4,Sunday,Winter,0,68.69671,77.54931,81.28759,81.24252,107.641,158.0,164.0,74.95467376708984,78.73734937395368,161.33333333333334,163.0,0.8660254037844386,0.5000000000000001
2018-02-05,72.98667,103.739,215.8259,55.1,57.0,12.8,310.7,1020.1,3.3,0.0,209.6,160.0,Unhealthy,2018,2,5,Monday,Winter,0,72.23182,83.93549,89.32445,107.55,110.4268,160.0,168.0,71.30506642659505,76.40338134765625,159.33333333333334,161.85714285714286,0.8660254037844386,0.5000000000000001
2018-02-06,75.80317,126.6667,265.1729,59.1,56.3,16.1,315.7,1018.2,3.5,0.0,170.5,161.0,Unhealthy,2018,2,6,Tuesday,Winter,0,72.98667,68.69671,81.58105,103.739,94.04269,160.0,164.0,73.67388661702473,75.57797023228237,160.33333333333334,161.42857142857142,0.8660254037844386,0.5000000000000001
2018-02-07,79.03537,115.3626,199.5939,56.0,58.9,6.9,39.0,1015.0,2.8,0.0,139.7,163.0,Unhealthy,2018,2,7,Wednesday,Winter,0,75.80317,72.23182,77.84262,126.6667,88.63747,161.0,163.0,75.94173685709636,75.7483629499163,161.33333333333334,161.42857142857142,0.8660254037844386,0.5000000000000001
2018-02-08,65.34884,120.3554,265.1445,55.4,45.5,12.8,316.5,1014.7,4.1,0.0,221.1,156.0,Unhealthy,2018,2,8,Thursday,Winter,0,79.03537,72.98667,77.54931,115.3626,89.07966,163.0,162.0,73.39579264322917,74.00543866838727,160.0,160.57142857142858,0.8660254037844386,0.5000000000000001
2018-02-09,59.70892,131.2996,273.0648,55.5,41.1,11.4,292.2,1014.7,3.7,0.0,213.9,153.0,Unhealthy,2018,2,9,Friday,Winter,0,65.34884,75.80317,83.93549,120.3554,95.06729,156.0,166.0,68.0310427347819,70.54449953351703,157.33333333333334,158.71428571428572,0.8660254037844386,0.5000000000000001
2018-02-10,66.46451,128.8144,258.9177,53.6,47.6,12.8,272.0,1018.0,4.0,0.0,227.7,157.0,Unhealthy,2018,2,10,Saturday,Winter,1,59.70892,79.03537,68.69671,131.2996,81.24252,153.0,158.0,63.840755462646484,70.22561373029437,155.33333333333334,158.57142857142858,0.8660254037844386,0.5000000000000001
2018-02-11,69.67566,150.5004,287.7347,55.6,52.0,13.9,296.5,1020.9,3.6,0.0,221.3,158.0,Unhealthy,2018,2,11,Sunday,Winter,0,66.46451,65.34884,72.23182,128.8144,107.55,157.0,160.0,65.28302892049153,69.86044801984515,156.0,158.28571428571428,0.8660254037844386,0.5000000000000001
2018-02-12,94.84128,178.3423,322.6537,53.8,62.7,10.3,216.9,1024.0,2.5,0.0,112.5,171.0,Unhealthy,2018,2,12,Monday,Winter,0,69.67566,59.70892,72.98667,150.5004,103.739,158.0,160.0,76.99381510416667,72.98253468104771,162.0,159.85714285714286,0.8660254037844386,0.5000000000000001
2018-02-13,84.80274,103.8503,205.5727,55.2,73.2,6.9,229.5,1024.3,3.5,1.5,137.6,166.0,Unhealthy,2018,2,13,Tuesday,Winter,0,94.84128,66.46451,75.80317,178.3423,126.6667,171.0,161.0,83.10655975341797,74.26818793160575,165.0,160.57142857142858,0.8660254037844386,0.5000000000000001
2018-02-14,77.82112,102.0692,224.3124,55.8,68.1,11.4,280.3,1021.6,3.1,0.1016,212.6,163.0,Unhealthy,2018,2,14,Wednesday,Winter,0,84.80274,69.67566,79.03537,103.8503,115.3626,166.0,163.0,85.82171376546223,74.09472383771624,166.66666666666666,160.57142857142858,0.8660254037844386,0.5000000000000001
2018-02-15,61.16615,92.77602,225.738,56.1,68.9,11.4,211.4,1021.5,3.3,0.0,233.6,154.0,Unhealthy,2018,2,15,Thursday,Winter,0,77.82112,94.84128,65.34884,102.0692,120.3554,163.0,156.0,74.59667078653972,73.49719674246651,161.0,160.28571428571428,0.8660254037844386,0.5000000000000001
2018-02-16,67.47753,92.45481,231.4486,56.4,76.9,10.3,224.9,1020.4,2.8,0.0,207.9,157.0,Unhealthy,2018,2,16,Friday,Winter,0,61.16615,84.80274,59.70892,92.77602,131.2996,154.0,153.0,68.82160059611003,74.60699844360352,158.0,160.85714285714286,0.8660254037844386,0.5000000000000001
2018-02-17,67.91364,97.97814,251.1659,57.8,73.9,15.0,208.1,1015.6,2.9,0.0,179.5,157.0,Unhealthy,2018,2,17,Saturday,Winter,1,67.47753,77.82112,66.46451,92.45481,128.8144,157.0,157.0,65.51910781860352,74.81401770455497,156.0,160.85714285714286,0.8660254037844386,0.5000000000000001
2018-02-18,63.1091,103.992,267.3902,56.1,70.0,15.0,204.6,1015.4,3.0,0.0,179.9,155.0,Unhealthy,2018,2,18,Sunday,Winter,0,67.91364,61.16615,69.67566,97.97814,150.5004,157.0,158.0,66.16675821940105,73.8759378705706,156.33333333333334,160.42857142857142,0.8660254037844386,0.5000000000000001
2018-02-19,67.24386,100.0059,246.4796,56.2,72.1,11.4,231.6,1017.1,2.9,0.0,196.8,157.0,Unhealthy,2018,2,19,Monday,Winter,0,63.1091,67.47753,94.84128,103.992,178.3423,155.0,171.0,66.0888671875,69.93344933646065,156.33333333333334,158.42857142857142,0.8660254037844386,0.5000000000000001
2018-02-20,75.89728,109.0464,264.3525,56.2,72.1,12.8,205.1,1017.9,2.6,0.0,209.5,162.0,Unhealthy,2018,2,20,Tuesday,Winter,0,67.24386,67.91364,84.80274,100.0059,103.8503,157.0,166.0,68.75007883707683,68.66124016898019,158.0,157.85714285714286,0.8660254037844386,0.5000000000000001
2018-02-21,76.2116,117.6102,295.4491,56.6,71.6,10.3,227.6,1015.8,2.7,0.0,180.9,162.0,Unhealthy,2018,2,21,Wednesday,Winter,0,75.89728,63.1091,77.82112,109.0464,102.0692,162.0,163.0,73.11757914225261,68.43130874633789,160.33333333333334,157.71428571428572,0.8660254037844386,0.5000000000000001
2018-02-22,75.45152,138.685,363.9086,56.7,73.3,17.2,216.4,1015.1,2.8,0.0,148.6,161.0,Unhealthy,2018,2,22,Thursday,Winter,0,76.2116,67.24386,61.16615,117.6102,92.77602,162.0,154.0,75.8534673055013,70.47207641601562,161.66666666666666,158.71428571428572,0.8660254037844386,0.5000000000000001
2018-02-23,77.13248,100.4384,205.5741,58.0,72.8,11.4,289.5,1016.1,2.3,0.0,192.5,162.0,Unhealthy,2018,2,23,Friday,Winter,0,75.45152,75.89728,67.47753,138.685,92.45481,161.0,157.0,76.26520029703777,71.85135432652065,161.66666666666666,159.42857142857142,0.8660254037844386,0.5000000000000001
2018-02-24,69.1,93.85597,209.3587,59.0,73.3,9.2,267.7,1019.5,2.4,0.0,198.4,158.0,Unhealthy,2018,2,24,Saturday,Winter,1,77.13248,76.2116,67.91364,100.4384,97.97814,162.0,157.0,73.89466603597005,72.02083369663784,160.33333333333334,159.57142857142858,0.8660254037844386,0.5000000000000001
2018-02-25,63.6202,113.6632,362.6018,60.6,65.0,16.1,304.3,1019.3,2.8,0.0,186.9,155.0,Unhealthy,2018,2,25,Sunday,Winter,0,69.1,75.45152,63.1091,93.85597,103.992,158.0,155.0,69.95089213053386,72.0938480922154,158.33333333333334,159.57142857142858,0.8660254037844386,0.5000000000000001
2018-02-26,49.45816,94.01531,257.9407,60.3,62.2,11.4,212.8,1016.4,3.7,0.0,239.0,135.0,Unhealthy for Sensitive Groups,2018,2,26,Monday,Winter,0,63.6202,77.13248,67.24386,113.6632,100.0059,155.0,157.0,60.72611999511719,69.55303410121373,149.33333333333334,156.42857142857142,0.8660254037844386,0.5000000000000001
2018-02-27,57.71129,99.89504,262.6466,61.2,74.9,12.8,221.0,1017.5,2.5,0.0,189.1,152.0,Unhealthy,2018,2,27,Tuesday,Winter,0,49.45816,69.1,75.89728,94.01531,109.0464,135.0,162.0,56.929883321126304,66.95503561837333,147.33333333333334,155.0,0.8660254037844386,0.5000000000000001
2018-02-28,48.35097,84.62972,213.5139,62.7,73.8,12.8,265.2,1017.3,2.9,0.0,150.4,133.0,Unhealthy for Sensitive Groups,2018,2,28,Wednesday,Winter,0,57.71129,63.6202,76.2116,99.89504,117.6102,152.0,162.0,51.84014002482096,62.97494561331613,140.0,150.85714285714286,0.8660254037844386,0.5000000000000001
2018-03-01,51.45729,44.12333,317.274,62.7,74.6,17.2,209.9,1015.8,3.2,0.0,187.8,140.0,Unhealthy for Sensitive Groups,2018,3,1,Thursday,Spring,0,48.35097,49.45816,75.45152,84.62972,138.685,133.0,161.0,52.506516774495445,59.547198159354075,141.66666666666666,147.85714285714286,1.0,6.123233995736766e-17
2018-03-02,50.42722,48.753468,276.8365,62.0,70.9,15.0,226.8,1014.0,3.0,0.0,185.9,138.0,Unhealthy for Sensitive Groups,2018,3,2,Friday,Spring,0,51.45729,57.71129,77.13248,44.12333,100.4384,140.0,162.0,50.07849375406901,55.732161385672434,137.0,144.42857142857142,1.0,6.123233995736766e-17
2018-03-03,43.1571,53.383602,233.3502,61.2,64.7,11.4,307.5,1011.3,4.2,2.5,236.7,120.0,Unhealthy for Sensitive Groups,2018,3,3,Saturday,Spring,1,50.42722,48.35097,69.1,48.753468,93.85597,138.0,158.0,48.34720357259115,52.026033129010884,132.66666666666666,139.0,1.0,6.123233995736766e-17
2018-03-04,56.70845,58.01374,291.7429,63.8,61.9,13.9,314.8,1013.6,3.6,2.0066,219.5,152.0,Unhealthy,2018,3,4,Sunday,Spring,0,43.1571,51.45729,63.6202,53.383602,113.6632,120.0,155.0,50.09759012858073,51.03864015851702,136.66666666666666,138.57142857142858,1.0,6.123233995736766e-17
2018-03-05,52.35705,62.643875,359.5898,63.5,53.1,16.1,294.7,1016.3,4.3,0.0,212.6,143.0,Unhealthy for Sensitive Groups,2018,3,5,Monday,Spring,0,56.70845,50.42722,49.45816,58.01374,94.01531,152.0,135.0,50.740867614746094,51.452767508370535,138.33333333333334,139.71428571428572,1.0,6.123233995736766e-17
2018-03-06,45.85833,67.27401,322.0903,61.8,49.5,11.4,240.1,1015.4,4.7,0.0,259.1,127.0,Unhealthy for Sensitive Groups,2018,3,6,Tuesday,Spring,0,52.35705,43.1571,57.71129,62.643875,99.89504,143.0,152.0,51.64127731323242,49.759487697056365,140.66666666666666,136.14285714285714,1.0,6.123233995736766e-17
2018-03-07,63.02299,71.90415,456.5294,61.2,59.6,15.0,190.8,1017.0,3.8,0.0,264.9,155.0,Unhealthy,2018,3,7,Wednesday,Spring,0,45.85833,56.70845,48.35097,67.27401,84.62972,127.0,133.0,53.746124267578125,51.85549054827009,141.66666666666666,139.28571428571428,1.0,6.123233995736766e-17
2018-03-08,62.65358,76.53429,326.4248,60.9,69.6,13.9,212.6,1019.4,3.4,0.0,230.2,155.0,Unhealthy,2018,3,8,Thursday,Spring,0,63.02299,52.35705,51.45729,71.90415,44.12333,155.0,140.0,57.17830022176107,53.45496041434152,145.66666666666666,141.42857142857142,1.0,6.123233995736766e-17
2018-03-09,58.12503,81.16442,320.1283,62.7,64.4,11.4,258.1,1017.4,3.4,0.0,203.5,152.0,Unhealthy,2018,3,9,Friday,Spring,0,62.65358,45.85833,50.42722,76.53429,48.753468,155.0,138.0,61.2672004699707,54.554647718157085,154.0,143.42857142857142,1.0,6.123233995736766e-17
2018-03-10,62.37861,85.79456,380.6112,61.5,63.4,12.8,197.7,1016.5,3.6,0.0,251.7,155.0,Unhealthy,2018,3,10,Saturday,Spring,1,58.12503,63.02299,43.1571,81.16442,53.383602,152.0,120.0,61.052406311035156,57.30057743617466,154.0,148.42857142857142,1.0,6.123233995736766e-17
2018-03-11,56.96187,90.4247,275.6285,58.8,75.9,12.8,152.7,1017.6,2.9,14.2,220.4,152.0,Unhealthy,2018,3,11,Sunday,Spring,0,62.37861,62.65358,56.70845,85.79456,58.01374,155.0,152.0,59.15516916910807,57.33678000313895,153.0,148.42857142857142,1.0,6.123233995736766e-17
2018-03-12,46.52397,95.05483,165.167,58.4,76.6,12.8,330.9,1017.5,2.8,0.3,200.2,128.0,Unhealthy for Sensitive Groups,2018,3,12,Monday,Spring,0,56.96187,58.12503,52.35705,90.4247,62.643875,152.0,143.0,55.28814951578776,56.503482818603516,145.0,146.28571428571428,1.0,6.123233995736766e-17
2018-03-13,47.67961,99.68497,279.9141,62.0,70.8,12.8,209.3,1016.4,2.7,0.0,230.3,131.0,Unhealthy for Sensitive Groups,2018,3,13,Tuesday,Spring,0,46.52397,62.37861,45.85833,95.05483,67.27401,128.0,127.0,50.38848368326823,56.76366588047573,137.0,146.85714285714286,1.0,6.123233995736766e-17
2018-03-14,40.05335,82.38493,222.724,63.8,72.2,13.9,251.3,1015.8,2.8,0.0,243.2,112.0,Unhealthy for Sensitive Groups,2018,3,14,Wednesday,Spring,0,47.67961,56.96187,63.02299,99.68497,71.90415,131.0,155.0,44.75231043497721,53.4822883605957,123.66666666666667,140.71428571428572,1.0,6.123233995736766e-17
2018-03-15,36.3331,97.02738,245.6702,63.8,65.6,17.9,295.4,1015.8,3.2,0.0,183.5,103.0,Unhealthy for Sensitive Groups,2018,3,15,Thursday,Spring,0,40.05335,46.52397,62.65358,82.38493,76.53429,112.0,155.0,41.355353037516274,49.72221973964146,115.33333333333333,133.28571428571428,1.0,6.123233995736766e-17
2018-03-16,20.45127,67.84031,193.3809,62.6,57.8,11.4,291.4,1014.3,4.6,5.1,250.8,69.0,Moderate,2018,3,16,Friday,Spring,0,36.3331,47.67961,58.12503,97.02738,81.16442,103.0,152.0,32.27923901875814,44.340253829956055,94.66666666666667,121.42857142857143,1.0,6.123233995736766e-17
2018-03-17,44.71806,148.9456,422.5232,62.2,51.4,107.1,152.7,1014.3,4.3,0.0,252.4,124.0,Unhealthy for Sensitive Groups,2018,3,17,Saturday,Spring,1,20.45127,40.05335,62.37861,67.84031,85.79456,69.0,155.0,33.83414268493652,41.81731823512486,98.66666666666667,117.0,1.0,6.123233995736766e-17
2018-03-18,56.84096,149.6037,356.8724,61.4,53.1,12.8,226.6,1016.8,3.3,0.0,282.9,152.0,Unhealthy,2018,3,18,Sunday,Spring,0,44.71806,36.3331,56.96187,148.9456,90.4247,124.0,152.0,40.67009671529134,41.800045830862864,115.0,117.0,1.0,6.123233995736766e-17
2018-03-19,63.85358,175.1094,356.6177,63.3,54.6,9.2,240.5,1019.3,2.9,0.0,280.9,155.0,Unhealthy,2018,3,19,Monday,Spring,0,56.84096,20.45127,46.52397,149.6037,95.05483,152.0,128.0,55.137533823649086,44.27570424761091,143.66666666666666,120.85714285714286,1.0,6.123233995736766e-17
2018-03-20,94.53103,172.5935,414.8289,64.6,57.6,16.1,220.0,1016.7,2.9,0.0,265.2,171.0,Unhealthy,2018,3,20,Tuesday,Spring,0,63.85358,44.71806,47.67961,175.1094,99.68497,155.0,131.0,71.74185689290364,50.968763896397185,159.33333333333334,126.57142857142857,1.0,6.123233995736766e-17
2018-03-21,96.82428,169.1763,381.2322,65.8,57.0,13.9,212.1,1016.3,2.8,0.0,251.5,172.0,Unhealthy,2018,3,21,Wednesday,Spring,0,94.53103,56.84096,40.05335,172.5935,82.38493,171.0,112.0,85.06962966918945,59.078896931239534,166.0,135.14285714285714,1.0,6.123233995736766e-17
2018-03-22,81.31148,161.5552,368.6367,66.5,54.3,15.0,308.2,1014.8,3.2,0.0,251.9,164.0,Unhealthy,2018,3,22,Thursday,Spring,0,96.82428,63.85358,36.3331,169.1763,97.02738,172.0,103.0,90.88892873128255,65.50437954493931,169.0,143.85714285714286,1.0,6.123233995736766e-17
2018-03-23,84.39702,146.8173,277.5424,65.8,51.1,11.4,197.1,1015.3,3.1,0.0,279.8,166.0,Unhealthy,2018,3,23,Friday,Spring,0,81.31148,94.53103,20.45127,161.5552,67.84031,164.0,69.0,87.51092529296875,74.63948658534459,167.33333333333334,157.71428571428572,1.0,6.123233995736766e-17
2018-03-24,91.738464,190.61694,412.3344,65.5,49.6,13.9,188.1,1018.4,3.1,0.0,273.2,170.0,Unhealthy,2018,3,24,Saturday,Spring,1,84.39702,96.82428,44.71806,146.8173,148.9456,166.0,124.0,85.81565348307292,81.356687273298,166.66666666666666,164.28571428571428,1.0,6.123233995736766e-17
2018-03-25,99.07991,234.4166,547.1264,65.4,54.7,15.0,188.2,1019.9,2.9,0.0,275.9,174.0,Unhealthy,2018,3,25,Sunday,Spring,0,91.738464,81.31148,56.84096,190.61694,149.6037,170.0,152.0,91.73846435546875,87.39082281930106,170.0,167.42857142857142,1.0,6.123233995736766e-17
2018-03-26,106.42136,278.21625,681.9184,62.0,63.4,16.1,122.0,1018.1,2.4,0.5,255.3,177.0,Unhealthy,2018,3,26,Monday,Spring,0,99.07991,84.39702,63.85358,234.4166,175.1094,174.0,155.0,99.07991027832031,93.47193363734654,173.66666666666666,170.57142857142858,1.0,6.123233995736766e-17
2018-03-27,113.7628,322.0159,816.7104,65.5,58.9,15.0,207.3,1016.6,2.7,0.2032,296.0,184.0,Unhealthy,2018,3,27,Tuesday,Spring,0,106.42136,91.738464,94.53103,278.21625,172.5935,177.0,171.0,106.42135620117188,96.21932983398438,178.33333333333334,172.42857142857142,1.0,6.123233995736766e-17
2018-03-28,104.5896,221.3217,556.4482,65.6,64.8,15.0,209.8,1015.8,2.4,0.0,245.8,176.0,Unhealthy,2018,3,28,Wednesday,Spring,0,113.7628,99.07991,96.82428,322.0159,169.1763,184.0,172.0,108.25791931152344,97.3286612374442,179.0,173.0,1.0,6.123233995736766e-17
2018-03-29,54.17935,133.3842,303.3808,65.8,57.6,16.1,308.6,1015.6,4.2,0.0,236.7,147.0,Unhealthy for Sensitive Groups,2018,3,29,Thursday,Spring,0,104.5896,106.42136,81.31148,221.3217,161.5552,176.0,164.0,90.84391784667969,93.45264325823102,169.0,170.57142857142858,1.0,6.123233995736766e-17
2018-03-30,38.30804,105.4988,300.1182,62.9,53.0,16.1,68.5,1016.5,4.6,1.8,211.4,108.0,Unhealthy for Sensitive Groups,2018,3,30,Friday,Spring,0,54.17935,113.7628,84.39702,133.3842,146.8173,147.0,166.0,65.69233067830403,86.86850357055664,143.66666666666666,162.28571428571428,1.0,6.123233995736766e-17
2018-03-31,44.02682,128.5382,367.0785,64.5,51.5,16.1,181.4,1016.7,4.5,5.0038,259.3,122.0,Unhealthy for Sensitive Groups,2018,3,31,Saturday,Spring,1,38.30804,104.5896,91.738464,105.4988,190.61694,108.0,170.0,45.504737854003906,80.05255453927177,125.66666666666667,155.42857142857142,1.0,6.123233995736766e-17
2018-04-01,57.42856,150.3211,354.2662,65.4,59.1,10.3,179.9,1017.9,4.0,0.0,210.4,152.0,Unhealthy,2018,4,1,Sunday,Spring,0,44.02682,54.17935,99.07991,128.5382,234.4166,122.0,174.0,46.587806701660156,74.10236140659877,127.33333333333333,152.28571428571428,0.8660254037844387,-0.4999999999999998
2018-04-02,60.83129,155.9857,394.5671,67.4,63.2,16.1,170.4,1019.0,3.5,0.5,274.5,154.0,Unhealthy,2018,4,2,Monday,Spring,0,57.42856,38.30804,106.42136,150.3211,278.21625,152.0,177.0,54.09555689493815,67.58949497767857,142.66666666666666,149.0,0.8660254037844387,-0.4999999999999998
2018-04-03,44.74909,71.41637,161.8388,64.9,74.4,10.3,81.6,1018.2,3.4,5.9944,272.0,124.0,Unhealthy for Sensitive Groups,2018,4,3,Tuesday,Spring,0,60.83129,44.02682,113.7628,155.9857,322.0159,154.0,184.0,54.33631261189779,57.73039300101144,143.33333333333334,140.42857142857142,0.8660254037844387,-0.4999999999999998
2018-04-04,38.60843,46.42821,71.59066,61.5,85.2,15.0,235.9,1016.9,3.3,0.0,211.4,109.0,Unhealthy for Sensitive Groups,2018,4,4,Wednesday,Spring,0,44.74909,57.42856,104.5896,71.41637,221.3217,124.0,176.0,48.06293614705404,48.304511478969026,129.0,130.85714285714286,0.8660254037844387,-0.4999999999999998
2018-04-05,39.96084,91.01893,280.6958,63.6,75.8,13.9,102.5,1014.0,4.2,7.0104,213.9,112.0,Unhealthy for Sensitive Groups,2018,4,5,Thursday,Spring,0,38.60843,60.83129,54.17935,46.42821,133.3842,109.0,147.0,41.106118520100914,46.27329526628767,115.0,125.85714285714286,0.8660254037844387,-0.4999999999999998
2018-04-06,42.08489,104.9103,302.7927,65.2,73.2,13.9,159.7,1015.4,3.7,0.3048,226.2,117.0,Unhealthy for Sensitive Groups,2018,4,6,Friday,Spring,0,39.96084,44.74909,38.30804,91.01893,105.4988,112.0,108.0,40.21805191040039,46.812844957624165,112.66666666666667,127.14285714285714,0.8660254037844387,-0.4999999999999998
2018-04-07,35.00151,59.49412,147.5302,65.4,77.6,12.8,211.8,1018.4,3.6,6.1,244.8,99.0,Moderate,2018,4,7,Saturday,Spring,1,42.08489,38.60843,44.02682,104.9103,128.5382,117.0,122.0,39.01574579874674,45.523514883858816,109.33333333333333,123.85714285714286,0.8660254037844387,-0.4999999999999998
2018-04-08,46.35007,119.6074,325.4507,65.3,72.6,9.2,252.0,1019.0,3.7,0.0,255.8,128.0,Unhealthy for Sensitive Groups,2018,4,8,Sunday,Spring,0,35.00151,39.96084,57.42856,59.49412,150.3211,99.0,152.0,41.14549001057943,43.94087382725307,114.66666666666667,120.42857142857143,0.8660254037844387,-0.4999999999999998
2018-04-09,38.03778,85.27083,273.991,65.8,74.4,11.4,245.2,1018.3,3.5,5.0038,229.6,107.0,Unhealthy for Sensitive Groups,2018,4,9,Monday,Spring,0,46.35007,42.08489,60.83129,119.6074,155.9857,128.0,154.0,39.796454111735024,40.68465805053711,111.33333333333333,113.71428571428571,0.8660254037844387,-0.4999999999999998
2018-04-10,34.76479,107.4428,345.6509,64.9,74.5,13.9,206.2,1016.8,3.9,0.0,212.4,99.0,Moderate,2018,4,10,Tuesday,Spring,0,38.03778,35.00151,44.74909,85.27083,71.41637,107.0,124.0,39.71754709879557,39.258329663957866,111.33333333333333,110.14285714285714,0.8660254037844387,-0.4999999999999998
2018-04-11,28.9466,78.03219,224.7998,65.6,71.7,16.1,230.8,1014.8,4.0,0.0,230.0,86.0,Moderate,2018,4,11,Wednesday,Spring,0,34.76479,46.35007,38.60843,107.4428,46.42821,99.0,109.0,33.91639010111491,37.87806837899344,97.33333333333333,106.85714285714286,0.8660254037844387,-0.4999999999999998
2018-04-12,23.72331,55.7007,144.3531,65.0,71.5,16.1,310.3,1014.2,3.9,0.3,208.2,75.0,Moderate,2018,4,12,Thursday,Spring,0,28.9466,38.03778,39.96084,78.03219,91.01893,86.0,112.0,29.14490000406901,35.55842154366629,86.66666666666667,101.57142857142857,0.8660254037844387,-0.4999999999999998
2018-04-13,23.432434,54.73611,141.27733,67.4,56.0,15.0,307.6,1013.4,5.4,0.0,274.3,75.0,Moderate,2018,4,13,Friday,Spring,0,23.72331,34.76479,42.08489,55.7007,104.9103,75.0,117.0,25.367448170979817,32.893785204206196,78.66666666666667,95.57142857142857,0.8660254037844387,-0.4999999999999998
2018-04-14,23.14156,53.771523,138.20154,67.1,50.9,13.9,213.4,1014.0,4.6,0.0,281.5,74.0,Moderate,2018,4,14,Saturday,Spring,1,23.432434,28.9466,35.00151,54.73611,59.49412,75.0,99.0,23.43243471781413,31.199506487165177,74.66666666666667,92.0,0.8660254037844387,-0.4999999999999998
2018-04-15,22.850683,52.80693,135.12576,68.2,52.5,12.8,193.5,1015.7,4.0,0.0,268.8,74.0,Moderate,2018,4,15,Sunday,Spring,0,23.14156,23.72331,46.35007,53.771523,119.6074,74.0,128.0,23.1415589650472,27.842451095581055,74.33333333333333,84.28571428571429,0.8660254037844387,-0.4999999999999998
2018-04-16,22.559809,51.842342,132.04999,69.3,63.2,13.9,199.3,1016.8,3.3,0.0,267.4,73.0,Moderate,2018,4,16,Monday,Spring,0,22.850683,23.432434,38.03778,52.80693,85.27083,74.0,107.0,22.850683848063152,25.631312234061106,73.66666666666667,79.42857142857143,0.8660254037844387,-0.4999999999999998
2018-04-17,22.268932,50.877754,128.97421,67.9,74.7,12.8,340.8,1016.8,3.8,9.4,223.9,72.0,Moderate,2018,4,17,Tuesday,Spring,0,22.559809,23.14156,34.76479,51.842342,107.4428,73.0,99.0,22.559808095296223,23.846189771379745,73.0,75.57142857142857,0.8660254037844387,-0.4999999999999998
2018-04-18,21.978058,49.913162,125.89844,67.9,71.6,11.4,277.0,1014.5,3.8,3.3,243.7,72.0,Moderate,2018,4,18,Wednesday,Spring,0,22.268932,22.850683,28.9466,50.877754,78.03219,72.0,86.0,22.268932978312176,22.850683757237025,72.33333333333333,73.57142857142857,0.8660254037844387,-0.4999999999999998
2018-04-19,21.687183,48.948574,122.822655,69.2,73.4,12.8,240.2,1012.4,3.6,0.0,256.8,71.0,Moderate,2018,4,19,Thursday,Spring,0,21.978058,22.559809,23.72331,49.913162,55.7007,72.0,75.0,21.978057861328125,22.559808458600724,71.66666666666667,73.0,0.8660254037844387,-0.4999999999999998
2018-04-20,21.396307,47.983982,119.74688,70.7,64.7,13.9,296.3,1013.1,4.1,1.5,278.3,71.0,Moderate,2018,4,20,Friday,Spring,0,21.687183,22.268932,23.432434,48.948574,54.73611,71.0,75.0,21.687182744344074,22.268933159964426,71.33333333333333,72.42857142857143,0.8660254037844387,-0.4999999999999998
2018-04-21,21.105433,47.019394,116.671104,70.9,54.6,15.0,312.2,1013.5,4.7,0.0,310.4,70.0,Moderate,2018,4,21,Saturday,Spring,1,21.396307,21.978058,23.14156,47.983982,53.771523,71.0,74.0,21.396307627360027,21.978057861328125,70.66666666666667,71.85714285714286,0.8660254037844387,-0.4999999999999998
2018-04-22,20.814556,46.054806,113.59532,71.4,46.7,12.8,263.4,1014.3,4.1,0.0,319.3,69.0,Moderate,2018,4,22,Sunday,Spring,0,21.105433,21.687183,22.850683,47.019394,52.80693,70.0,74.0,21.105431874593098,21.687182562691824,70.0,71.14285714285714,0.8660254037844387,-0.4999999999999998
2018-04-23,20.523682,45.090214,110.51955,69.5,46.5,16.1,194.7,1014.9,3.4,0.0,316.4,69.0,Moderate,2018,4,23,Monday,Spring,0,20.814556,21.396307,22.559809,46.054806,51.842342,69.0,73.0,20.81455675760905,21.396307264055526,69.33333333333333,70.57142857142857,0.8660254037844387,-0.4999999999999998
2018-04-24,20.232805,44.125626,107.44377,68.7,49.2,11.4,188.8,1015.3,3.2,0.0,288.2,68.0,Moderate,2018,4,24,Tuesday,Spring,0,20.523682,21.105433,22.268932,45.090214,50.877754,69.0,72.0,20.52368100484212,21.105431965419225,68.66666666666667,70.0,0.8660254037844387,-0.4999999999999998
2018-04-25,19.94193,43.161037,104.36799,68.9,57.4,15.0,197.6,1014.1,3.3,0.0,277.0,67.0,Moderate,2018,4,25,Wednesday,Spring,0,20.232805,20.814556,21.978058,44.125626,49.913162,68.0,72.0,20.232805887858074,20.814556666782924,68.0,69.28571428571429,0.8660254037844387,-0.4999999999999998
2018-04-26,19.651054,42.196445,101.29221,65.5,73.5,15.0,149.0,1015.0,2.9,0.5,239.5,67.0,Moderate,2018,4,26,Thursday,Spring,0,19.94193,20.523682,21.687183,43.161037,48.948574,67.0,71.0,19.941930135091145,20.52368109566825,67.33333333333333,68.71428571428571,0.8660254037844387,-0.4999999999999998
2018-04-27,19.36018,41.231857,98.21644,64.9,75.5,8.1,127.3,1017.6,3.5,8.9,204.8,66.0,Moderate,2018,4,27,Friday,Spring,0,19.651054,20.232805,21.396307,42.196445,47.983982,67.0,71.0,19.651055018107098,20.232805797031947,66.66666666666667,68.0,0.8660254037844387,-0.4999999999999998
2018-04-28,19.069304,40.26727,95.140656,63.9,85.6,9.2,100.2,1016.8,3.2,26.9,221.7,66.0,Moderate,2018,4,28,Saturday,Spring,1,19.36018,19.94193,21.105433,41.231857,47.019394,66.0,70.0,19.360179265340168,19.94193022591727,66.33333333333333,67.42857142857143,0.8660254037844387,-0.4999999999999998
2018-04-29,18.778429,39.302677,92.06488,65.4,83.5,6.9,62.8,1013.7,3.4,5.1,190.3,65.0,Moderate,2018,4,29,Sunday,Spring,0,19.069304,19.651054,20.814556,40.26727,46.054806,66.0,69.0,19.06930414835612,19.65105492728097,65.66666666666667,66.85714285714286,0.8660254037844387,-0.4999999999999998
2018-04-30,18.487553,38.33809,88.989105,64.5,82.5,12.8,86.1,1012.8,4.0,0.3,107.2,64.0,Moderate,2018,4,30,Monday,Spring,0,18.778429,19.36018,20.523682,39.302677,45.090214,65.0,69.0,18.77842839558919,19.360179356166295,65.0,66.14285714285714,0.8660254037844387,-0.4999999999999998
2018-05-01,18.196678,37.3735,85.91333,66.7,78.0,13.9,154.1,1015.0,4.0,8.4,245.0,64.0,Moderate,2018,5,1,Tuesday,Spring,0,18.487553,19.069304,20.232805,38.33809,44.125626,64.0,68.0,18.487553278605144,19.069304057529994,64.33333333333333,65.57142857142857,0.49999999999999994,-0.8660254037844387
2018-05-23,11.79742,16.15253,18.24622,75.6,77.9,11.4,230.3,1013.2,4.0,0.0,179.8,49.0,Good,2018,5,23,Wednesday,Spring,0,18.196678,18.778429,19.94193,37.3735,43.161037,64.0,67.0,16.160550117492676,17.905802454267228,59.0,63.0,0.49999999999999994,-0.8660254037844387
2018-05-24,10.14818,12.79488,13.22728,74.2,78.3,10.3,225.0,1011.5,4.1,16.5,155.5,42.0,Good,2018,5,24,Thursday,Spring,0,11.79742,18.487553,19.651054,16.15253,42.196445,49.0,67.0,13.380759239196777,16.548248972211564,51.666666666666664,59.42857142857143,0.49999999999999994,-0.8660254037844387
2018-05-25,15.54318,20.41396,21.23708,76.5,69.1,13.9,275.6,1011.0,4.0,0.0,252.2,58.0,Moderate,2018,5,25,Friday,Spring,0,10.14818,18.196678,19.36018,12.79488,41.231857,42.0,66.0,12.496260007222494,16.002963338579452,49.666666666666664,58.285714285714285,0.49999999999999994,-0.8660254037844387
2018-05-26,18.10825,22.12008,22.80642,76.4,69.8,11.4,254.4,1011.2,3.9,0.5,271.3,64.0,Moderate,2018,5,26,Saturday,Spring,1,15.54318,11.79742,19.069304,20.41396,40.26727,58.0,66.0,14.599870045979818,15.865669931684222,54.666666666666664,58.0,0.49999999999999994,-0.8660254037844387
2018-05-27,20.20635,24.50142,25.2927,76.4,67.0,15.0,269.7,1012.0,3.5,0.0,284.3,68.0,Moderate,2018,5,27,Sunday,Spring,0,18.10825,10.14818,18.778429,22.12008,39.302677,64.0,65.0,17.952593485514324,16.06965868813651,63.333333333333336,58.42857142857143,0.49999999999999994,-0.8660254037844387
2018-05-28,16.30632,20.60893,21.30183,69.5,67.1,15.0,83.0,1010.6,4.2,1.5,273.3,60.0,Moderate,2018,5,28,Monday,Spring,0,20.20635,15.54318,18.487553,24.50142,38.33809,68.0,64.0,18.206973393758137,15.758054052080427,64.0,57.857142857142854,0.49999999999999994,-0.8660254037844387
2018-05-29,16.45315,20.02603,20.54585,70.4,70.8,9.2,169.9,1010.3,4.2,0.0,264.1,60.0,Moderate,2018,5,29,Tuesday,Spring,0,16.30632,18.10825,18.196678,20.60893,37.3735,60.0,64.0,17.6552734375,15.508978571210589,62.666666666666664,57.285714285714285,0.49999999999999994,-0.8660254037844387
2018-05-30,14.77171,17.34739,17.84613,69.0,85.3,9.2,86.6,1011.0,3.9,65.8,238.9,57.0,Moderate,2018,5,30,Wednesday,Spring,0,16.45315,20.20635,11.79742,20.02603,16.15253,60.0,49.0,15.843726793924967,15.933877263750349,59.0,58.42857142857143,0.49999999999999994,-0.8660254037844387
2018-05-31,17.87375,20.84702,21.24306,70.8,82.3,13.9,86.8,1012.7,3.8,4.1,267.9,63.0,Moderate,2018,5,31,Thursday,Spring,0,14.77171,16.30632,10.14818,17.34739,12.79488,57.0,42.0,16.366203625996906,17.037530217851913,60.0,61.42857142857143,0.49999999999999994,-0.8660254037844387
2018-06-01,14.39634,17.82031,18.46546,70.7,80.9,9.2,183.4,1014.4,3.8,3.0,230.8,56.0,Moderate,2018,6,1,Friday,Monsoon,0,17.87375,16.45315,15.54318,20.84702,20.41396,63.0,58.0,15.68060048421224,16.873695918491908,58.666666666666664,61.142857142857146,1.2246467991473532e-16,-1.0
2018-06-02,11.55515,14.08027,14.464,70.3,83.9,12.8,166.1,1014.3,4.3,0.1016,205.7,48.0,Good,2018,6,2,Saturday,Monsoon,1,14.39634,14.77171,18.10825,17.82031,22.12008,56.0,64.0,14.608413696289062,15.937538828168597,55.666666666666664,58.857142857142854,1.2246467991473532e-16,-1.0
2018-06-03,14.9214,18.651,19.46175,71.7,78.1,9.2,161.3,1011.8,4.0,1.0,255.1,57.0,Moderate,2018,6,3,Sunday,Monsoon,0,11.55515,17.87375,20.20635,14.08027,24.50142,48.0,68.0,13.62429682413737,15.182545934404645,53.666666666666664,57.285714285714285,1.2246467991473532e-16,-1.0
2018-06-04,15.53524,18.85765,19.38756,73.1,82.6,20.8,68.4,1012.0,3.8,37.6,243.0,58.0,Moderate,2018,6,4,Monday,Monsoon,0,14.9214,14.39634,16.30632,18.651,20.60893,57.0,60.0,14.00393009185791,15.072391646248954,54.333333333333336,57.0,1.2246467991473532e-16,-1.0
2018-06-05,9.574393,11.82555,12.29656,74.4,78.5,13.9,206.2,1014.5,4.6,5.1,278.2,40.0,Good,2018,6,5,Tuesday,Monsoon,0,15.53524,11.55515,16.45315,18.85765,20.02603,58.0,60.0,13.343677838643393,14.089712142944336,51.666666666666664,54.142857142857146,1.2246467991473532e-16,-1.0
2018-06-06,9.059643,11.60243,11.99562,75.3,78.5,13.9,209.4,1014.5,4.4,5.9944,262.6,38.0,Good,2018,6,6,Wednesday,Monsoon,0,9.574393,14.9214,14.77171,11.82555,17.34739,40.0,57.0,11.389758745829264,13.273702485220772,45.333333333333336,51.42857142857143,1.2246467991473532e-16,-1.0
2018-06-07,8.573058,9.947196,10.18851,74.4,85.1,9.2,101.8,1011.0,4.2,69.9,199.8,36.0,Good,2018,6,7,Thursday,Monsoon,0,9.059643,15.53524,17.87375,11.60243,20.84702,38.0,63.0,9.069031397501627,11.945032119750977,38.0,47.57142857142857,1.2246467991473532e-16,-1.0
2018-06-08,10.93318,13.25558,13.65574,73.5,84.7,9.2,99.8,1008.7,4.0,17.5,157.9,46.0,Good,2018,6,8,Friday,Monsoon,0,8.573058,9.574393,14.39634,9.947196,17.82031,36.0,56.0,9.521960258483887,11.450294903346471,40.0,46.142857142857146,1.2246467991473532e-16,-1.0
2018-06-09,12.11985,14.86485,15.45929,75.9,79.4,9.2,192.3,1006.2,4.2,0.0,217.9,51.0,Moderate,2018,6,9,Saturday,Monsoon,1,10.93318,9.059643,11.55515,13.25558,14.08027,46.0,48.0,10.54202938079834,11.530966350010463,44.333333333333336,46.57142857142857,1.2246467991473532e-16,-1.0
2018-06-10,6.348914,8.64763,9.118445,76.4,78.6,10.3,240.6,1005.5,4.9,1.8,212.7,26.0,Good,2018,6,10,Sunday,Monsoon,0,12.11985,8.573058,14.9214,14.86485,18.651,51.0,57.0,9.800648053487143,10.306325503758021,41.0,42.142857142857146,1.2246467991473532e-16,-1.0
2018-06-11,8.205262,11.65701,12.33238,76.4,78.9,16.1,230.1,1003.0,4.6,0.0,224.9,34.0,Good,2018,6,11,Monday,Monsoon,0,6.348914,10.93318,15.53524,8.64763,18.85765,26.0,58.0,8.891342163085938,9.259185791015625,37.0,38.714285714285715,1.2246467991473532e-16,-1.0
2018-06-12,9.35301,11.92454,12.37355,75.3,80.7,11.4,282.1,1001.8,4.5,14.5,161.2,39.0,Good,2018,6,12,Tuesday,Monsoon,0,8.205262,12.11985,9.574393,11.65701,11.82555,34.0,40.0,7.969062169392903,9.227559634617396,33.0,38.57142857142857,1.2246467991473532e-16,-1.0
2018-06-13,14.12679,17.82638,18.59274,77.1,77.0,11.4,256.1,1001.3,4.1,0.0,202.7,55.0,Moderate,2018,6,13,Wednesday,Monsoon,0,9.35301,6.348914,9.059643,11.92454,11.60243,39.0,38.0,10.561687469482422,9.951437813895089,42.666666666666664,41.0,1.2246467991473532e-16,-1.0
2018-06-14,12.18298,15.60615,16.1121,74.8,77.1,9.2,230.3,1002.9,4.4,0.0,123.2,51.0,Moderate,2018,6,14,Thursday,Monsoon,0,14.12679,8.205262,8.573058,17.82638,9.947196,55.0,36.0,11.887593269348145,10.467140878949847,48.333333333333336,43.142857142857146,1.2246467991473532e-16,-1.0
2018-06-15,14.47362,18.62332,19.19052,71.7,87.9,5.8,85.1,1006.3,3.7,7.9,177.6,56.0,Moderate,2018,6,15,Friday,Monsoon,0,12.18298,9.35301,10.93318,15.60615,13.25558,51.0,46.0,13.594463348388672,10.972918101719447,54.0,44.57142857142857,1.2246467991473532e-16,-1.0
2018-06-16,15.33328,19.9798,21.14295,71.1,91.1,8.1,113.0,1007.9,3.3,4.8,156.8,58.0,Moderate,2018,6,16,Saturday,Monsoon,1,14.47362,14.12679,12.11985,18.62332,14.86485,56.0,51.0,13.996626536051432,11.4319794518607,55.0,45.57142857142857,1.2246467991473532e-16,-1.0
2018-06-17,15.09039,20.7083,21.85956,71.8,88.1,11.4,60.9,1007.8,3.3,11.4,111.6,57.0,Moderate,2018,6,17,Sunday,Monsoon,0,15.33328,12.18298,6.348914,19.9798,8.64763,58.0,26.0,14.965763409932455,12.680761745997838,57.0,50.0,1.2246467991473532e-16,-1.0
2018-06-18,17.02698,24.28531,25.49536,75.4,78.1,9.2,276.1,1007.6,3.8,15.0,260.9,61.0,Moderate,2018,6,18,Monday,Monsoon,0,15.09039,14.47362,8.205262,20.7083,11.65701,57.0,34.0,15.816883087158203,13.94100706917899,58.666666666666664,53.857142857142854,1.2246467991473532e-16,-1.0
2018-06-19,15.46158,22.97005,24.42735,77.4,69.0,12.8,293.5,1008.7,4.3,0.0,288.7,58.0,Moderate,2018,6,19,Tuesday,Monsoon,0,17.02698,15.33328,9.35301,24.28531,11.92454,61.0,39.0,15.859649976094564,14.813659940447126,58.666666666666664,56.57142857142857,1.2246467991473532e-16,-1.0
2018-06-20,15.96907,22.49637,23.65948,76.3,72.9,12.8,275.6,1010.6,4.2,0.0,266.6,59.0,Moderate,2018,6,20,Wednesday,Monsoon,0,15.46158,15.09039,14.12679,22.97005,17.82638,58.0,55.0,16.152543385823567,15.076842853001185,59.333333333333336,57.142857142857146,1.2246467991473532e-16,-1.0
2018-06-21,13.88589,18.76488,19.52701,76.0,77.7,10.3,234.2,1010.8,4.3,2.0,261.7,55.0,Moderate,2018,6,21,Thursday,Monsoon,0,15.96907,17.02698,12.18298,22.49637,15.60615,59.0,51.0,15.105513572692871,15.320115770612444,57.333333333333336,57.714285714285715,1.2246467991473532e-16,-1.0
2018-06-22,16.66697,21.81065,22.67238,76.1,79.7,10.3,257.3,1010.1,4.2,18.7198,260.2,61.0,Moderate,2018,6,22,Friday,Monsoon,0,13.88589,15.46158,14.47362,18.76488,18.62332,55.0,56.0,15.507309913635254,15.633451325552803,58.333333333333336,58.42857142857143,1.2246467991473532e-16,-1.0
2018-06-23,16.23178,19.4097,19.87241,75.0,86.0,8.1,244.7,1009.5,3.6,1.8,178.4,60.0,Moderate,2018,6,23,Saturday,Monsoon,1,16.66697,15.96907,15.33328,21.81065,19.9798,61.0,58.0,15.594879468282064,15.761808395385742,58.666666666666664,58.714285714285715,1.2246467991473532e-16,-1.0
2018-06-24,14.09285,17.4343,18.00451,75.6,82.5,8.1,153.8,1008.0,3.8,2.8,149.2,55.0,Moderate,2018,6,24,Sunday,Monsoon,0,16.23178,13.88589,15.09039,19.4097,20.7083,60.0,57.0,15.66386604309082,15.6193026133946,58.666666666666664,58.42857142857143,1.2246467991473532e-16,-1.0
2018-06-25,11.87674,14.80705,15.28519,75.5,83.2,9.2,266.5,1006.2,4.1,5.6,102.1,49.0,Good,2018,6,25,Monday,Monsoon,0,14.09285,16.66697,17.02698,17.4343,24.28531,55.0,61.0,14.067123095194498,14.883554186139788,54.666666666666664,56.714285714285715,1.2246467991473532e-16,-1.0
2018-06-26,11.52469,14.02941,14.64106,73.5,87.2,11.4,185.8,1007.5,3.7,23.1,119.0,48.0,Good,2018,6,26,Tuesday,Monsoon,0,11.87674,16.23178,15.46158,14.80705,22.97005,49.0,58.0,12.498093287150065,14.321141242980957,50.666666666666664,55.285714285714285,1.2246467991473532e-16,-1.0
2018-06-27,8.211267,11.30776,11.99648,75.9,83.5,12.8,216.7,1009.7,4.2,2.5,125.0,34.0,Good,2018,6,27,Wednesday,Monsoon,0,11.52469,14.09285,15.96907,14.02941,22.49637,48.0,59.0,10.53756586710612,13.21288367680141,43.666666666666664,51.714285714285715,1.2246467991473532e-16,-1.0
2018-06-28,6.909637,10.36709,11.16687,75.6,79.7,13.9,185.3,1011.8,5.5,0.0,111.0,29.0,Good,2018,6,28,Thursday,Monsoon,0,8.211267,11.87674,13.88589,11.30776,18.76488,34.0,55.0,8.881864706675211,12.216276100703649,37.0,48.0,1.2246467991473532e-16,-1.0
2018-06-29,8.684648,11.44868,12.16733,74.4,82.0,8.1,217.6,1011.3,4.3,0.0,153.6,36.0,Good,2018,6,29,Friday,Monsoon,0,6.909637,11.52469,16.66697,10.36709,21.81065,29.0,61.0,7.935184001922607,11.075944423675537,33.0,44.42857142857143,1.2246467991473532e-16,-1.0
2018-06-30,5.620247,7.333447,7.871421,73.2,86.9,10.3,292.2,1010.3,4.4,3.8,142.9,23.0,Good,2018,6,30,Saturday,Monsoon,1,8.684648,8.211267,16.23178,11.44868,19.4097,36.0,60.0,7.071510473887126,9.560011250632149,29.333333333333332,39.142857142857146,1.2246467991473532e-16,-1.0
2018-07-01,8.027258,9.513142,9.942755,72.4,91.9,5.8,218.1,1009.0,3.9,4.8,91.1,33.0,Good,2018,7,1,Sunday,Monsoon,0,5.620247,6.909637,14.09285,7.333447,17.4343,23.0,55.0,7.4440507888793945,8.693498134613037,30.666666666666668,36.0,-0.4999999999999997,-0.8660254037844388
2018-07-02,6.833688,7.128278,7.163769,70.2,96.8,5.8,119.0,1007.5,3.7,0.0,16.9,28.0,Good,2018,7,2,Monday,Monsoon,0,8.027258,8.684648,11.87674,9.513142,14.80705,33.0,49.0,6.827064196268718,7.973062038421631,28.0,33.0,-0.4999999999999997,-0.8660254037844388
2018-07-03,6.753236,8.330367,8.740312,72.2,90.6,6.9,271.0,1005.3,4.2,2.9972,112.4,28.0,Good,2018,7,3,Tuesday,Monsoon,0,6.833688,5.620247,11.52469,7.128278,14.02941,28.0,48.0,7.2047271728515625,7.291425773075649,29.666666666666668,30.142857142857142,-0.4999999999999997,-0.8660254037844388
2018-07-04,6.618521,8.809827,9.412613,74.4,86.3,12.8,263.6,1005.5,4.6,3.9878,157.4,28.0,Good,2018,7,4,Wednesday,Monsoon,0,6.753236,8.027258,8.211267,8.330367,11.30776,28.0,34.0,6.735148270924886,7.063890593392508,28.0,29.285714285714285,-0.4999999999999997,-0.8660254037844388
2018-07-05,9.237057,12.39348,13.27132,73.9,84.3,6.9,165.2,1006.8,4.3,25.6032,164.7,38.0,Good,2018,7,5,Thursday,Monsoon,0,6.618521,6.833688,6.909637,8.809827,10.36709,28.0,29.0,7.536271254221599,7.396379130227225,31.333333333333332,30.571428571428573,-0.4999999999999997,-0.8660254037844388
2018-07-06,9.664987,12.89152,13.5648,76.7,81.9,11.4,205.6,1007.5,4.6,5.4102,190.6,40.0,Good,2018,7,6,Friday,Monsoon,0,9.237057,6.753236,8.684648,12.39348,11.44868,38.0,36.0,8.50685485204061,7.536427565983364,35.333333333333336,31.142857142857142,-0.4999999999999997,-0.8660254037844388
2018-07-07,8.005973,10.19341,10.5973,77.5,79.8,12.8,211.5,1007.6,4.8,0.0,137.7,33.0,Good,2018,7,7,Saturday,Monsoon,1,9.664987,6.618521,5.620247,12.89152,7.333447,40.0,23.0,8.969338734944662,7.8772455624171664,37.0,32.57142857142857,-0.4999999999999997,-0.8660254037844388
2018-07-08,8.586159,10.95255,11.53121,74.4,89.2,10.3,217.4,1008.2,3.8,0.0,105.8,36.0,Good,2018,7,8,Sunday,Monsoon,0,8.005973,9.237057,8.027258,10.19341,9.513142,33.0,33.0,8.752372741699219,7.957088538578579,36.333333333333336,33.0,-0.4999999999999997,-0.8660254037844388
2018-07-09,6.923947,8.527902,8.955378,74.0,89.8,6.9,211.2,1008.7,3.9,18.8,117.3,29.0,Good,2018,7,9,Monday,Monsoon,0,8.586159,9.664987,6.833688,10.95255,7.128278,36.0,28.0,7.838692824045817,7.9699826921735495,32.666666666666664,33.142857142857146,-0.4999999999999997,-0.8660254037844388
2018-07-10,6.470297,8.005703,8.671778,73.4,91.1,8.1,210.4,1009.1,4.0,16.6878,97.0,27.0,Good,2018,7,10,Tuesday,Monsoon,0,6.923947,8.005973,6.753236,8.527902,8.330367,29.0,28.0,7.32680082321167,7.929562841142927,30.666666666666668,33.0,-0.4999999999999997,-0.8660254037844388
2018-07-11,6.003715,7.246541,7.516332,73.1,92.8,12.8,134.2,1007.7,4.0,16.9926,128.9,25.0,Good,2018,7,11,Wednesday,Monsoon,0,6.470297,8.586159,6.618521,8.005703,8.809827,27.0,28.0,6.465986251831055,7.841733387538365,27.0,32.57142857142857,-0.4999999999999997,-0.8660254037844388
2018-07-12,5.323861,6.54036,6.86888,73.2,90.4,9.2,184.4,1007.7,4.1,2.3114,171.1,22.0,Good,2018,7,12,Thursday,Monsoon,0,6.003715,6.923947,9.237057,7.246541,12.39348,25.0,38.0,5.932624340057373,7.282705443246024,24.666666666666668,30.285714285714285,-0.4999999999999997,-0.8660254037844388
2018-07-13,5.747906,7.530098,7.854448,75.6,83.6,10.3,211.8,1007.7,4.5,0.4064,153.7,24.0,Good,2018,7,13,Friday,Monsoon,0,5.323861,6.470297,9.664987,6.54036,12.89152,22.0,40.0,5.691827456156413,6.723122528621128,23.666666666666668,28.0,-0.4999999999999997,-0.8660254037844388
2018-07-14,5.825002,7.262161,7.640728,74.0,88.2,9.2,132.9,1007.3,4.5,0.0,190.6,24.0,Good,2018,7,14,Saturday,Monsoon,1,5.747906,6.003715,8.005973,7.530098,10.19341,24.0,33.0,5.632256507873535,6.411555290222168,23.333333333333332,26.714285714285715,-0.4999999999999997,-0.8660254037844388
2018-07-15,6.661333,9.159605,9.778935,75.3,84.8,12.8,207.0,1007.6,4.3,2.0066,130.0,28.0,Good,2018,7,15,Sunday,Monsoon,0,5.825002,5.323861,8.586159,7.262161,10.95255,24.0,36.0,6.078080495198567,6.136580194745745,25.333333333333332,25.571428571428573,-0.4999999999999997,-0.8660254037844388
2018-07-16,5.965979,7.743649,8.186946,75.3,86.3,6.9,211.1,1007.7,4.4,13.9954,152.6,25.0,Good,2018,7,16,Monday,Monsoon,0,6.661333,5.747906,6.923947,9.159605,8.527902,28.0,29.0,6.150771458943685,5.999727657863072,25.666666666666668,25.0,-0.4999999999999997,-0.8660254037844388
2018-07-17,6.469257,9.017416,9.507965,76.5,85.8,13.9,223.1,1007.8,4.9,10.0076,171.4,27.0,Good,2018,7,17,Tuesday,Monsoon,0,5.965979,5.825002,6.470297,7.743649,8.005703,25.0,27.0,6.365523020426433,5.999579089028495,26.666666666666668,25.0,-0.4999999999999997,-0.8660254037844388
2018-07-18,5.604104,7.104055,7.661357,75.3,87.6,10.3,199.9,1008.8,4.6,13.0048,113.8,23.0,Good,2018,7,18,Wednesday,Monsoon,0,6.469257,6.661333,6.003715,9.017416,7.246541,27.0,25.0,6.013113339742024,5.942491803850446,25.0,24.714285714285715,-0.4999999999999997,-0.8660254037844388
2018-07-19,3.964698,4.872921,5.429788,76.6,83.2,11.4,98.2,1008.7,4.9,2.2098,215.2,17.0,Good,2018,7,19,Thursday,Monsoon,0,5.604104,5.965979,5.323861,7.104055,6.54036,23.0,22.0,5.3460196654001875,5.748325654438564,22.333333333333332,24.0,-0.4999999999999997,-0.8660254037844388
2018-07-20,7.043598,9.480706,14.386857,76.8,83.8,8.1,79.1,1008.0,4.4,5.1054,232.1,29.0,Good,2018,7,20,Friday,Monsoon,0,3.964698,6.469257,5.747906,4.872921,7.530098,17.0,24.0,5.537466764450073,5.933424506868635,23.0,24.714285714285715,-0.4999999999999997,-0.8660254037844388
2018-07-21,10.1224985,14.0884905,23.343925,74.7,87.3,11.4,256.2,1008.6,4.4,11.5062,117.6,42.0,Good,2018,7,21,Saturday,Monsoon,1,7.043598,5.604104,5.825002,9.480706,7.262161,29.0,24.0,7.0435982545216875,6.54735255241394,29.333333333333332,27.285714285714285,-0.4999999999999997,-0.8660254037844388
2018-07-22,13.201399,18.696276,32.300995,75.1,87.7,10.3,234.2,1007.6,4.2,2.8956,122.8,53.0,Moderate,2018,7,22,Sunday,Monsoon,0,10.1224985,3.964698,6.661333,14.0884905,9.159605,42.0,28.0,10.122498512268066,7.481647661754063,41.333333333333336,30.857142857142858,-0.4999999999999997,-0.8660254037844388
2018-07-23,16.2803,23.30406,41.258064,75.5,84.9,11.4,206.6,1007.5,4.9,2.1082,135.6,60.0,Moderate,2018,7,23,Monday,Monsoon,0,13.201399,7.043598,5.965979,18.696276,7.743649,53.0,25.0,13.201399167378744,8.955122096197945,51.666666666666664,35.857142857142854,-0.4999999999999997,-0.8660254037844388
2018-07-24,19.3592,27.911844,50.21513,74.4,89.5,15.0,198.5,1008.3,4.2,9.6012,164.0,66.0,Moderate,2018,7,24,Tuesday,Monsoon,0,16.2803,10.1224985,6.469257,23.30406,9.017416,60.0,27.0,16.28029950459798,10.796542474201747,59.666666666666664,41.42857142857143,-0.4999999999999997,-0.8660254037844388
2018-07-25,22.4381,32.51963,59.1722,73.6,90.4,10.3,186.3,1008.5,4.3,24.3078,104.4,73.0,Moderate,2018,7,25,Wednesday,Monsoon,0,19.3592,13.201399,5.604104,27.911844,7.104055,66.0,23.0,19.35920015970866,13.201399156025477,66.33333333333333,48.57142857142857,-0.4999999999999997,-0.8660254037844388
2018-07-26,17.12809,45.66653,156.0946,74.0,88.6,11.4,196.8,1008.5,4.2,8.001,124.1,62.0,Moderate,2018,7,26,Thursday,Monsoon,0,22.4381,16.2803,3.964698,32.51963,4.872921,73.0,17.0,19.641796747843426,15.081883702959333,67.0,55.0,-0.4999999999999997,-0.8660254037844388
2018-07-27,17.70165,43.7998,130.1429,73.7,90.2,12.8,190.4,1008.0,4.1,5.4102,122.0,63.0,Moderate,2018,7,27,Friday,Monsoon,0,17.12809,19.3592,7.043598,45.66653,9.480706,62.0,29.0,19.08928044637044,16.60446262359619,66.0,59.857142857142854,-0.4999999999999997,-0.8660254037844388
2018-07-28,16.51338,42.80626,134.4275,73.8,89.7,9.2,234.6,1008.4,4.4,0.2032,151.2,60.0,Moderate,2018,7,28,Saturday,Monsoon,1,17.70165,22.4381,10.1224985,43.7998,14.0884905,63.0,42.0,17.114373524983723,17.517445700509207,61.666666666666664,62.42857142857143,-0.4999999999999997,-0.8660254037844388
2018-07-29,21.4093,48.33885,126.2203,73.6,90.2,11.4,219.6,1007.2,4.4,0.0,108.4,71.0,Moderate,2018,7,29,Sunday,Monsoon,0,16.51338,17.12809,13.201399,42.80626,18.696276,60.0,53.0,18.54144350687663,18.690002986363,64.66666666666667,65.0,-0.4999999999999997,-0.8660254037844388
2018-07-30,26.08019,64.12474,196.1503,73.1,89.8,9.2,159.0,1007.1,4.4,81.0006,77.7,80.0,Moderate,2018,7,30,Monday,Monsoon,0,21.4093,17.70165,16.2803,48.33885,23.30406,71.0,60.0,21.33429018656413,20.089987346104213,70.33333333333333,67.85714285714286,-0.4999999999999997,-0.8660254037844388
2018-07-31,18.22204,60.02271,204.6274,72.9,90.4,9.2,169.7,1006.7,4.2,13.9954,93.9,64.0,Moderate,2018,7,31,Tuesday,Monsoon,0,26.08019,16.51338,19.3592,64.12474,27.911844,80.0,66.0,21.90384356180827,19.927536010742188,71.66666666666667,67.57142857142857,-0.4999999999999997,-0.8660254037844388
2018-08-01,21.16957,34.77091,75.46221,71.8,94.0,8.1,174.6,1006.5,3.7,1.0,115.8,70.0,Moderate,2018,8,1,Wednesday,Monsoon,0,18.22204,21.4093,22.4381,60.02271,32.51963,64.0,73.0,21.823933919270832,19.74631745474679,71.33333333333333,67.14285714285714,-0.8660254037844385,-0.5000000000000004
2018-08-02,22.6671,51.07694,135.3158,72.7,91.5,11.4,166.0,1008.4,4.0,2.0066,176.4,73.0,Moderate,2018,8,2,Thursday,Monsoon,0,21.16957,26.08019,17.12809,34.77091,45.66653,70.0,62.0,20.686237335205078,20.53760474068778,69.0,68.71428571428571,-0.8660254037844385,-0.5000000000000004
2018-08-03,19.69034,34.43521,74.53748,72.0,94.9,6.9,205.0,1008.5,3.9,5.1,135.8,67.0,Moderate,2018,8,3,Friday,Monsoon,0,22.6671,18.22204,17.70165,51.07694,43.7998,73.0,63.0,21.175670623779297,20.821703229631698,70.0,69.28571428571429,-0.8660254037844385,-0.5000000000000004
2018-08-04,18.94438,26.49451,42.39931,72.0,95.2,8.1,254.6,1008.8,3.9,7.9,131.9,65.0,Moderate,2018,8,4,Saturday,Monsoon,1,19.69034,21.16957,16.51338,34.43521,42.80626,67.0,60.0,20.433940251668293,21.168988909040177,68.33333333333333,70.0,-0.8660254037844385,-0.5000000000000004
2018-08-05,25.37126,45.36972,98.69744,73.2,92.1,12.8,192.2,1009.5,4.0,27.2,74.2,79.0,Moderate,2018,8,5,Sunday,Monsoon,0,18.94438,22.6671,21.4093,26.49451,48.33885,65.0,71.0,21.33532651265462,21.73498317173549,70.33333333333333,71.14285714285714,-0.8660254037844385,-0.5000000000000004
2018-08-06,19.20037,31.98625,61.16728,71.7,93.7,12.8,58.0,1009.2,3.7,50.3,145.9,66.0,Moderate,2018,8,6,Monday,Monsoon,0,25.37126,19.69034,26.08019,45.36972,64.12474,79.0,80.0,21.172003428141277,20.75215176173619,70.0,69.14285714285714,-0.8660254037844385,-0.5000000000000004
2018-08-07,21.43525,51.28069,140.6606,74.1,88.4,19.7,257.2,1009.3,4.3,10.4902,172.8,71.0,Moderate,2018,8,7,Tuesday,Monsoon,0,19.20037,18.94438,18.22204,31.98625,60.02271,66.0,64.0,22.00229326883952,21.211181640625,72.0,70.14285714285714,-0.8660254037844385,-0.5000000000000004
2018-08-08,21.42081,62.07143,186.9203,75.3,84.6,26.4,205.9,1010.5,4.7,7.0104,207.2,71.0,Moderate,2018,8,8,Wednesday,Monsoon,0,21.43525,25.37126,21.16957,51.28069,34.77091,71.0,70.0,20.685476938883465,21.247073037283762,69.33333333333333,70.28571428571429,-0.8660254037844385,-0.5000000000000004
2018-08-09,26.90475,75.72762,209.88,75.9,79.3,12.8,212.4,1012.1,4.6,10.4,122.4,82.0,Moderate,2018,8,9,Thursday,Monsoon,0,21.42081,19.20037,22.6671,62.07143,51.07694,71.0,73.0,23.25360361735026,21.85245159694127,74.66666666666667,71.57142857142857,-0.8660254037844385,-0.5000000000000004
2018-08-10,28.13526,70.89836,194.1207,74.4,87.6,10.3,218.4,1010.8,4.1,8.9,139.7,85.0,Moderate,2018,8,10,Friday,Monsoon,0,26.90475,21.43525,19.69034,75.72762,34.43521,82.0,67.0,25.486940383911133,23.058868680681503,79.33333333333333,74.14285714285714,-0.8660254037844385,-0.5000000000000004
2018-08-11,18.03584,49.74966,138.6364,73.1,88.6,9.2,243.1,1008.3,4.1,0.0,116.6,63.0,Moderate,2018,8,11,Saturday,Monsoon,1,28.13526,21.42081,18.94438,70.89836,26.49451,85.0,65.0,24.35861651102702,22.9290771484375,76.66666666666667,73.85714285714286,-0.8660254037844385,-0.5000000000000004
2018-08-12,24.9838,53.51903,125.1232,72.6,93.7,6.9,169.7,1006.4,3.7,21.0058,113.0,78.0,Moderate,2018,8,12,Sunday,Monsoon,0,18.03584,26.90475,25.37126,49.74966,45.36972,63.0,79.0,23.718299865722656,22.87372589111328,75.33333333333333,73.71428571428571,-0.8660254037844385,-0.5000000000000004
2018-08-13,20.33433,44.92642,125.1636,72.7,91.3,10.3,188.2,1007.4,4.5,52.8,73.3,68.0,Moderate,2018,8,13,Monday,Monsoon,0,24.9838,28.13526,19.20037,53.51903,31.98625,78.0,66.0,21.117989857991535,23.035720007760183,69.66666666666667,74.0,-0.8660254037844385,-0.5000000000000004
2018-08-14,22.91236,65.65597,193.0644,75.1,86.0,9.2,254.8,1007.9,4.5,0.5,187.9,74.0,Moderate,2018,8,14,Tuesday,Monsoon,0,20.33433,18.03584,21.43525,44.92642,51.28069,68.0,71.0,22.743496576944988,23.24673570905413,73.33333333333333,74.42857142857143,-0.8660254037844385,-0.5000000000000004
2018-08-15,15.69001,51.53924,156.2736,74.3,87.5,13.4,218.7,1011.1,4.9,40.6,172.5,59.0,Moderate,2018,8,15,Wednesday,Monsoon,0,22.91236,24.9838,21.42081,65.65597,62.07143,74.0,71.0,19.64556630452474,22.428049904959543,67.0,72.71428571428571,-0.8660254037844385,-0.5000000000000004
2018-08-16,23.69219,76.22724,235.6728,75.1,87.9,12.8,204.6,1011.1,4.6,0.6096,195.8,75.0,Moderate,2018,8,16,Thursday,Monsoon,0,15.69001,20.33433,26.90475,51.53924,75.72762,59.0,82.0,20.76485315958659,21.969112668718612,69.33333333333333,71.71428571428571,-0.8660254037844385,-0.5000000000000004
2018-08-17,21.73848,59.56239,169.2408,75.8,85.1,10.3,209.6,1009.7,4.8,5.0038,183.4,71.0,Moderate,2018,8,17,Friday,Monsoon,0,23.69219,22.91236,28.13526,76.22724,70.89836,75.0,85.0,20.373559951782227,21.055286952427455,68.33333333333333,69.71428571428571,-0.8660254037844385,-0.5000000000000004
2018-08-18,17.40573,60.96813,192.3135,76.2,84.4,10.3,233.3,1008.8,4.7,0.0,193.9,62.0,Moderate,2018,8,18,Saturday,Monsoon,1,21.73848,15.69001,18.03584,59.56239,49.74966,71.0,63.0,20.94546635945638,20.965271268572128,69.33333333333333,69.57142857142857,-0.8660254037844385,-0.5000000000000004
2018-08-19,19.48469,77.66708,230.1916,75.5,84.4,8.1,112.3,1009.0,4.5,1.9812,205.1,67.0,Moderate,2018,8,19,Sunday,Monsoon,0,17.40573,23.69219,24.9838,60.96813,53.51903,62.0,78.0,19.54296620686849,20.179683957781112,66.66666666666667,68.0,-0.8660254037844385,-0.5000000000000004
2018-08-20,23.84982,78.61426,237.6019,75.1,83.2,11.4,193.8,1011.0,4.6,8.509,194.2,76.0,Moderate,2018,8,20,Monday,Monsoon,0,19.48469,21.73848,20.33433,77.66708,44.92642,67.0,68.0,20.246746063232422,20.68189675467355,68.33333333333333,69.14285714285714,-0.8660254037844385,-0.5000000000000004
2018-08-21,22.52899,69.18035,190.8496,75.6,87.5,12.8,205.4,1010.0,4.3,0.0,179.2,73.0,Moderate,2018,8,21,Tuesday,Monsoon,0,23.84982,17.40573,22.91236,78.61426,65.65597,76.0,74.0,21.95449956258138,20.627129690987722,72.0,69.0,-0.8660254037844385,-0.5000000000000004
2018-08-22,17.38594,64.90069,179.1976,74.6,88.9,10.3,156.5,1009.7,4.4,15.7988,133.5,62.0,Moderate,2018,8,22,Wednesday,Monsoon,0,22.52899,19.48469,15.69001,69.18035,51.53924,73.0,59.0,21.254916508992512,20.869405473981583,70.33333333333333,69.42857142857143,-0.8660254037844385,-0.5000000000000004
2018-08-23,16.33956,45.35408,124.9277,74.7,88.9,10.3,274.0,1009.8,4.4,13.8176,126.4,60.0,Moderate,2018,8,23,Thursday,Monsoon,0,17.38594,23.84982,23.69219,64.90069,76.22724,62.0,75.0,18.75149663289388,19.819029671805247,65.0,67.28571428571429,-0.8660254037844385,-0.5000000000000004
2018-08-24,16.14374,50.23937,152.9927,73.3,90.7,11.4,187.6,1009.3,4.2,41.8084,103.8,60.0,Moderate,2018,8,24,Friday,Monsoon,0,16.33956,22.52899,21.73848,45.35408,59.56239,60.0,71.0,16.623079935709637,19.0197811126709,60.666666666666664,65.71428571428571,-0.8660254037844385,-0.5000000000000004
2018-08-25,17.36866,38.92972,105.4088,72.1,93.8,6.9,184.1,1009.0,3.9,2.3876,113.7,62.0,Moderate,2018,8,25,Saturday,Monsoon,1,16.14374,17.38594,17.40573,50.23937,60.96813,60.0,62.0,16.617319742838543,19.01448549543108,60.666666666666664,65.71428571428571,-0.8660254037844385,-0.5000000000000004
2018-08-26,22.84504,67.20774,188.0623,74.5,85.9,9.2,204.3,1008.3,4.4,0.889,131.0,74.0,Moderate,2018,8,26,Sunday,Monsoon,0,17.36866,16.33956,19.48469,38.92972,77.66708,62.0,67.0,18.785813013712566,19.494535446166992,65.33333333333333,66.71428571428571,-0.8660254037844385,-0.5000000000000004
2018-08-27,13.91951,37.34694,105.564,74.0,89.9,9.2,206.6,1010.0,4.2,33.0962,125.1,55.0,Moderate,2018,8,27,Monday,Monsoon,0,22.84504,16.14374,23.84982,67.20774,78.61426,74.0,76.0,18.044403076171875,18.07591983250209,63.666666666666664,63.714285714285715,-0.8660254037844385,-0.5000000000000004
2018-08-28,19.13165,39.37092,94.73192,72.6,94.7,9.2,202.3,1012.1,4.1,5.4102,78.0,66.0,Moderate,2018,8,28,Tuesday,Monsoon,0,13.91951,17.36866,22.52899,37.34694,69.18035,55.0,73.0,18.63206672668457,17.590585708618164,65.0,62.714285714285715,-0.8660254037844385,-0.5000000000000004
2018-08-29,17.20503,39.30514,102.5085,73.6,90.0,10.3,174.5,1012.2,4.3,1.2954,170.8,62.0,Moderate,2018,8,29,Wednesday,Monsoon,0,19.13165,22.84504,17.38594,39.37092,64.90069,66.0,62.0,16.752063751220703,17.564741407121932,61.0,62.714285714285715,-0.8660254037844385,-0.5000000000000004
2018-08-30,17.4701,39.10819,98.65991,72.2,92.1,6.9,192.4,1009.2,4.1,0.1016,94.6,62.0,Moderate,2018,8,30,Thursday,Monsoon,0,17.20503,13.91951,16.33956,39.30514,45.35408,62.0,60.0,17.93559392293294,17.726247242518834,63.333333333333336,63.0,-0.8660254037844385,-0.5000000000000004
2018-08-31,17.2874,47.74946,138.0256,73.2,91.3,9.2,169.2,1011.2,4.2,0.2032,78.9,62.0,Moderate,2018,8,31,Friday,Monsoon,0,17.4701,19.13165,16.14374,39.10819,50.23937,62.0,60.0,17.3208433787028,17.88962718418666,62.0,63.285714285714285,-0.8660254037844385,-0.5000000000000004
2018-09-01,18.68369,48.5216,177.5324,74.8,85.8,15.0,215.6,1012.1,4.4,55.1942,184.4,65.0,Moderate,2018,9,1,Saturday,Autumn,1,17.2874,17.20503,17.36866,47.74946,38.92972,62.0,62.0,17.813729604085285,18.077488490513392,63.0,63.714285714285715,-1.0,-1.8369701987210297e-16
2018-09-02,21.88698,81.76063,250.6972,72.4,91.1,11.4,208.0,1012.1,4.2,0.0,128.8,72.0,Moderate,2018,9,2,Sunday,Autumn,0,18.68369,17.4701,22.84504,48.5216,67.20774,65.0,74.0,19.286022822062176,17.940622874668666,66.33333333333333,63.42857142857143,-1.0,-1.8369701987210297e-16
2018-09-03,28.50519,76.11543,203.607,73.9,85.6,10.3,203.1,1011.5,4.3,32.9946,141.2,86.0,Moderate,2018,9,3,Monday,Autumn,0,21.88698,17.2874,13.91951,81.76063,37.34694,72.0,55.0,23.025286356608074,20.02429144723075,74.33333333333333,67.85714285714286,-1.0,-1.8369701987210297e-16
2018-09-04,25.22776,81.80636,278.3475,75.9,80.0,11.4,197.0,1011.8,4.5,10.9982,164.7,79.0,Moderate,2018,9,4,Tuesday,Autumn,0,28.50519,18.68369,19.13165,76.11543,39.37092,86.0,66.0,25.20664342244466,20.895164217267716,79.0,69.71428571428571,-1.0,-1.8369701987210297e-16
2018-09-05,25.49493,72.76824,212.6186,76.0,83.7,12.8,333.7,1010.9,4.3,0.0,179.5,79.0,Moderate,2018,9,5,Wednesday,Autumn,0,25.22776,21.88698,17.20503,81.80636,39.30514,79.0,62.0,26.40929349263509,22.07943562098912,81.33333333333333,72.14285714285714,-1.0,-1.8369701987210297e-16
2018-09-06,23.43119,53.53166,142.8353,73.8,89.5,10.3,209.3,1011.5,4.1,0.0,183.0,75.0,Moderate,2018,9,6,Thursday,Autumn,0,25.49493,28.50519,17.4701,72.76824,39.10819,79.0,62.0,24.717960357666016,22.931019919259207,77.66666666666667,74.0,-1.0,-1.8369701987210297e-16
2018-09-07,21.72991,66.81231,202.6604,75.3,83.7,12.8,194.5,1013.4,5.1,0.889,185.8,71.0,Moderate,2018,9,7,Friday,Autumn,0,23.43119,25.22776,17.2874,53.53166,47.74946,75.0,62.0,23.55201021830241,23.565664291381836,75.0,75.28571428571429,-1.0,-1.8369701987210297e-16
2018-09-08,21.41977,60.55807,192.7784,75.0,81.4,10.3,225.3,1014.5,5.5,8.001,192.7,71.0,Moderate,2018,9,8,Saturday,Autumn,1,21.72991,25.49493,18.68369,66.81231,48.5216,71.0,65.0,22.193623224894207,23.956532887050084,72.33333333333333,76.14285714285714,-1.0,-1.8369701987210297e-16
2018-09-09,22.05545,60.52278,183.4185,75.3,84.0,11.4,243.5,1014.8,4.6,0.0,201.6,72.0,Moderate,2018,9,9,Sunday,Autumn,0,21.41977,23.43119,21.88698,60.55807,81.76063,71.0,72.0,21.735043207804363,23.980600084577286,71.33333333333333,76.14285714285714,-1.0,-1.8369701987210297e-16
2018-09-10,18.96489,43.46794,111.5975,72.3,91.3,6.9,252.3,1015.9,4.1,0.0,166.1,65.0,Moderate,2018,9,10,Monday,Autumn,0,22.05545,21.72991,28.50519,60.52278,76.11543,72.0,86.0,20.813369750976562,22.617700031825475,69.33333333333333,73.14285714285714,-1.0,-1.8369701987210297e-16
2018-09-11,25.32993,53.36171,131.9347,69.9,89.9,9.2,268.8,1015.4,4.0,0.0,146.2,79.0,Moderate,2018,9,11,Tuesday,Autumn,0,18.96489,21.41977,25.22776,43.46794,81.80636,65.0,79.0,22.116756439208984,22.632295608520508,72.0,73.14285714285714,-1.0,-1.8369701987210297e-16
2018-09-12,27.81605,70.52958,197.2075,71.8,88.7,9.2,220.2,1011.6,4.3,0.5,151.6,84.0,Moderate,2018,9,12,Wednesday,Autumn,0,25.32993,22.05545,25.49493,53.36171,72.76824,79.0,79.0,24.036956151326496,22.963884081159318,76.0,73.85714285714286,-1.0,-1.8369701987210297e-16
2018-09-13,28.10039,77.19576,236.8473,72.5,85.1,10.3,199.7,1011.3,4.4,3.0,153.9,85.0,Moderate,2018,9,13,Thursday,Autumn,0,27.81605,18.96489,23.43119,70.52958,53.53166,84.0,75.0,27.082122802734375,23.63091250828334,82.66666666666667,75.28571428571429,-1.0,-1.8369701987210297e-16
2018-09-14,34.83514,83.97651,230.8449,72.2,85.8,12.8,172.9,1013.5,4.1,0.0,154.7,99.0,Moderate,2018,9,14,Friday,Autumn,0,28.10039,25.32993,21.72991,77.19576,66.81231,85.0,71.0,30.250526428222656,25.5030882699149,89.33333333333333,79.28571428571429,-1.0,-1.8369701987210297e-16
2018-09-15,34.60135,79.51378,222.046,73.4,79.4,165.8,210.6,1014.7,4.3,0.0,199.4,98.0,Moderate,2018,9,15,Saturday,Autumn,1,34.83514,27.81605,21.41977,83.97651,60.55807,99.0,71.0,32.51229286193848,27.386171068464005,94.0,83.14285714285714,-1.0,-1.8369701987210297e-16
2018-09-16,30.5753,73.42975,200.7791,73.0,81.6,10.3,171.0,1012.7,4.3,0.0,179.2,90.0,Moderate,2018,9,16,Sunday,Autumn,0,34.60135,28.10039,22.05545,79.51378,60.52278,98.0,72.0,33.337263107299805,28.60329246520996,95.66666666666667,85.71428571428571,-1.0,-1.8369701987210297e-16
2018-09-17,29.43463,72.84185,208.7806,74.5,79.6,12.8,278.1,1009.3,4.8,0.1016,236.0,87.0,Moderate,2018,9,17,Monday,Autumn,0,30.5753,34.83514,18.96489,73.42975,43.46794,90.0,65.0,31.537092844645183,30.09896959577288,91.66666666666667,88.85714285714286,-1.0,-1.8369701987210297e-16
2018-09-18,29.93027,79.12284,225.5799,74.6,79.1,11.4,265.4,1009.9,4.7,0.0,237.2,88.0,Moderate,2018,9,18,Tuesday,Autumn,0,29.43463,34.60135,25.32993,72.84185,53.36171,87.0,79.0,29.980066299438477,30.756161008562362,88.33333333333333,90.14285714285714,-1.0,-1.8369701987210297e-16
2018-09-19,30.46289,76.64983,224.4468,73.8,82.7,12.8,149.6,1014.0,4.3,10.9982,231.5,90.0,Moderate,2018,9,19,Wednesday,Autumn,0,29.93027,30.5753,27.81605,79.12284,70.52958,88.0,84.0,29.942596435546875,31.134281158447266,88.33333333333333,91.0,-1.0,-1.8369701987210297e-16
2018-09-20,29.53534,77.51346,217.0705,71.7,82.8,9.2,172.3,1013.8,4.2,2.0066,220.0,88.0,Moderate,2018,9,20,Thursday,Autumn,0,30.46289,29.43463,28.10039,76.64983,77.19576,90.0,85.0,29.976166407267254,31.33927399771554,88.66666666666667,91.42857142857143,-1.0,-1.8369701987210297e-16
2018-09-21,22.90047,47.92495,115.2328,71.6,88.3,10.3,147.6,1018.5,4.1,1.1938,127.2,74.0,Moderate,2018,9,21,Friday,Autumn,0,29.53534,29.93027,34.83514,77.51346,83.97651,88.0,99.0,27.63290023803711,29.634321212768555,84.0,87.85714285714286,-1.0,-1.8369701987210297e-16
2018-09-22,28.30243,69.88946,195.9476,71.2,87.7,9.2,191.5,1021.0,4.5,6.5024,103.1,85.0,Moderate,2018,9,22,Saturday,Autumn,1,22.90047,30.46289,34.60135,47.92495,79.51378,74.0,98.0,26.91274642944336,28.734475544520787,82.33333333333333,86.0,-1.0,-1.8369701987210297e-16
2018-09-23,27.58687,75.49309,238.2206,72.5,80.3,10.3,283.3,1020.0,4.8,0.0,219.2,84.0,Moderate,2018,9,23,Sunday,Autumn,0,28.30243,29.53534,30.5753,69.88946,73.42975,85.0,90.0,26.263256708780926,28.30755696977888,81.0,85.14285714285714,-1.0,-1.8369701987210297e-16
2018-09-24,33.28163,83.94421,250.9338,72.8,79.1,12.8,273.5,1017.0,4.6,0.2032,201.5,96.0,Moderate,2018,9,24,Monday,Autumn,0,27.58687,22.90047,29.43463,75.49309,72.84185,84.0,87.0,29.723643620808918,28.8571286882673,88.33333333333333,86.42857142857143,-1.0,-1.8369701987210297e-16
2018-09-25,39.72266,106.375,297.4422,73.2,81.0,9.2,283.3,1014.8,4.1,0.4064,210.7,111.0,Unhealthy for Sensitive Groups,2018,9,25,Tuesday,Autumn,0,33.28163,28.30243,29.93027,83.94421,79.12284,96.0,88.0,33.53038724263509,30.25604166303362,97.0,89.71428571428571,-1.0,-1.8369701987210297e-16
2018-09-26,39.15943,96.60066,270.8093,72.0,83.0,11.4,210.8,1013.6,4.2,0.0,175.6,110.0,Unhealthy for Sensitive Groups,2018,9,26,Wednesday,Autumn,0,39.72266,27.58687,30.46289,106.375,76.64983,111.0,90.0,37.38790766398112,31.49840463910784,105.66666666666667,92.57142857142857,-1.0,-1.8369701987210297e-16
2018-09-27,34.73872,93.98013,259.9183,73.5,78.7,13.9,204.3,1015.9,4.4,0.0,190.8,99.0,Moderate,2018,9,27,Thursday,Autumn,0,39.15943,33.28163,29.53534,96.60066,77.51346,110.0,88.0,37.87360382080078,32.24174472263881,106.66666666666667,94.14285714285714,-1.0,-1.8369701987210297e-16
2018-09-28,42.19398,109.1114,320.2286,72.5,78.1,12.8,264.5,1016.9,4.2,0.0,171.5,117.0,Unhealthy for Sensitive Groups,2018,9,28,Friday,Autumn,0,34.73872,39.72266,22.90047,93.98013,47.92495,99.0,74.0,38.69737752278646,34.99796049935477,108.66666666666667,100.28571428571429,-1.0,-1.8369701987210297e-16
2018-09-29,46.17263,101.0963,273.0179,71.9,81.0,9.2,262.6,1016.7,4.5,0.0,202.8,127.0,Unhealthy for Sensitive Groups,2018,9,29,Saturday,Autumn,1,42.19398,39.15943,28.30243,109.1114,69.88946,117.0,85.0,41.03511047363281,37.55084637233189,114.33333333333333,106.28571428571429,-1.0,-1.8369701987210297e-16
2018-09-30,46.17238,106.5797,301.0208,73.2,80.4,11.4,227.3,1015.7,4.2,0.0,175.1,127.0,Unhealthy for Sensitive Groups,2018,9,30,Sunday,Autumn,0,46.17263,34.73872,27.58687,101.0963,75.49309,127.0,84.0,44.84633000691732,40.205918993268696,123.66666666666667,112.42857142857143,-1.0,-1.8369701987210297e-16
2018-10-01,51.51074,137.8526,365.8087,72.5,77.6,15.0,214.8,1016.2,4.0,16.9926,192.0,140.0,Unhealthy for Sensitive Groups,2018,10,1,Monday,Autumn,0,46.17238,42.19398,33.28163,106.5797,83.94421,127.0,96.0,47.9519157409668,42.81007712227957,131.33333333333334,118.71428571428571,-0.8660254037844386,0.5000000000000001
2018-10-02,50.03374,121.1063,338.4522,69.7,79.6,10.3,234.2,1016.7,3.8,0.508,201.6,137.0,Unhealthy for Sensitive Groups,2018,10,2,Tuesday,Autumn,0,51.51074,46.17263,39.72266,137.8526,106.375,140.0,111.0,49.23895263671875,44.28308868408203,134.66666666666666,122.42857142857143,-0.8660254037844386,0.5000000000000001
2018-10-03,50.76278,114.7891,304.3372,69.0,79.5,11.4,231.1,1017.4,4.0,7.0104,144.7,139.0,Unhealthy for Sensitive Groups,2018,10,3,Wednesday,Autumn,0,50.03374,46.17238,39.15943,121.1063,96.60066,137.0,110.0,50.76908620198568,45.94070979527065,138.66666666666666,126.57142857142857,-0.8660254037844386,0.5000000000000001
2018-10-04,62.12694,129.0905,330.1179,68.2,76.8,13.9,206.0,1018.8,4.0,13.0048,189.7,154.0,Unhealthy,2018,10,4,Thursday,Autumn,0,50.76278,51.51074,34.73872,114.7891,93.98013,139.0,99.0,54.307820638020836,49.85331290108817,143.33333333333334,134.42857142857142,-0.8660254037844386,0.5000000000000001
2018-10-05,56.96689,130.8662,355.6406,67.6,78.5,9.2,222.2,1019.3,3.9,0.0,175.2,152.0,Unhealthy,2018,10,5,Friday,Autumn,0,62.12694,50.03374,42.19398,129.0905,109.1114,154.0,117.0,56.61886978149414,51.96372822352818,148.33333333333334,139.42857142857142,-0.8660254037844386,0.5000000000000001
2018-10-06,55.60889,136.0983,367.4409,66.8,78.8,10.3,125.9,1018.7,3.9,0.0,195.7,151.0,Unhealthy,2018,10,6,Saturday,Autumn,1,56.96689,50.76278,46.17263,130.8662,101.0963,152.0,127.0,58.234240214029946,53.31176539829799,152.33333333333334,142.85714285714286,-0.8660254037844386,0.5000000000000001
2018-10-07,53.72569,142.2071,368.328,66.2,76.6,12.8,220.5,1018.1,4.2,12.4968,190.2,146.0,Unhealthy for Sensitive Groups,2018,10,7,Sunday,Autumn,0,55.60889,62.12694,46.17238,136.0983,106.5797,151.0,127.0,55.43382263183594,54.39080974033901,149.66666666666666,145.57142857142858,-0.8660254037844386,0.5000000000000001
2018-10-08,55.90225,154.0076,395.058,65.2,72.0,9.2,272.4,1017.0,4.4,0.0,183.0,151.0,Unhealthy,2018,10,8,Monday,Autumn,0,53.72569,56.96689,51.51074,142.2071,137.8526,146.0,140.0,55.0789426167806,55.01816831316267,149.33333333333334,147.14285714285714,-0.8660254037844386,0.5000000000000001
2018-10-09,60.43956,132.6009,328.8676,65.7,76.1,8.1,199.6,1017.3,4.1,0.0,202.9,154.0,Unhealthy,2018,10,9,Tuesday,Autumn,0,55.90225,55.60889,50.03374,154.0076,121.1063,151.0,137.0,56.68916575113932,56.50471387590681,150.33333333333334,149.57142857142858,-0.8660254037844386,0.5000000000000001
2018-10-10,63.14741,135.1008,329.4985,66.3,80.7,11.4,216.5,1017.9,3.9,0.0,176.1,155.0,Unhealthy,2018,10,10,Wednesday,Autumn,0,60.43956,53.72569,50.76278,132.6009,114.7891,154.0,139.0,59.82973988850912,58.273947034563335,153.33333333333334,151.85714285714286,-0.8660254037844386,0.5000000000000001
2018-10-11,50.77654,135.999,388.2398,68.2,75.2,10.3,224.9,1018.5,4.2,0.0,195.0,139.0,Unhealthy for Sensitive Groups,2018,10,11,Thursday,Autumn,0,63.14741,55.90225,62.12694,135.1008,129.0905,155.0,154.0,58.12117004394531,56.65246091570173,149.33333333333334,149.71428571428572,-0.8660254037844386,0.5000000000000001
2018-10-12,42.62847,132.787,389.4556,66.7,79.0,13.9,219.8,1019.0,4.0,0.0,176.0,119.0,Unhealthy for Sensitive Groups,2018,10,12,Friday,Autumn,0,50.77654,60.43956,56.96689,135.999,130.8662,139.0,152.0,52.18414052327474,54.60411562238421,137.66666666666666,145.0,-0.8660254037844386,0.5000000000000001
2018-10-13,34.38058,102.0517,345.1863,66.8,74.4,13.9,278.5,1018.2,4.7,0.0,205.8,98.0,Moderate,2018,10,13,Saturday,Autumn,1,42.62847,63.14741,55.60889,132.787,136.0983,119.0,151.0,42.59519704182943,51.57149996076311,118.66666666666667,137.42857142857142,-0.8660254037844386,0.5000000000000001
2018-10-14,50.72104,159.4698,444.5825,66.3,74.0,10.3,244.5,1017.1,4.7,0.0,202.9,138.0,Unhealthy for Sensitive Groups,2018,10,14,Sunday,Autumn,0,34.38058,50.77654,53.72569,102.0517,142.2071,98.0,146.0,42.5766970316569,51.142264229910715,118.33333333333333,136.28571428571428,-0.8660254037844386,0.5000000000000001
2018-10-15,57.32479,142.8129,397.1498,64.8,76.4,12.8,219.6,1018.4,4.4,0.0,189.6,152.0,Unhealthy,2018,10,15,Monday,Autumn,0,50.72104,42.62847,55.90225,159.4698,154.0076,138.0,151.0,47.475470225016274,51.345484597342356,129.33333333333334,136.42857142857142,-0.8660254037844386,0.5000000000000001
2018-10-16,59.8058,132.1251,332.1801,65.1,77.9,13.9,222.0,1019.1,3.9,0.3048,166.1,153.0,Unhealthy,2018,10,16,Tuesday,Autumn,0,57.32479,34.38058,60.43956,142.8129,132.6009,152.0,154.0,55.95054372151693,51.254947662353516,147.66666666666666,136.28571428571428,-0.8660254037844386,0.5000000000000001
2018-10-17,68.85358,102.911,166.2292,65.6,75.9,9.2,231.8,1017.7,3.8,0.0,168.0,158.0,Unhealthy,2018,10,17,Wednesday,Autumn,0,59.8058,50.72104,63.14741,132.1251,135.1008,153.0,155.0,61.99472300211588,52.07011413574219,154.33333333333334,136.71428571428572,-0.8660254037844386,0.5000000000000001
2018-10-18,57.50095,115.4735,247.0437,64.8,78.3,10.3,267.0,1017.3,3.7,0.0,220.2,152.0,Unhealthy,2018,10,18,Thursday,Autumn,0,68.85358,57.32479,50.77654,102.911,135.999,158.0,139.0,62.05344263712565,53.03074428013393,154.33333333333334,138.57142857142858,-0.8660254037844386,0.5000000000000001
2018-10-19,50.78144,102.4908,235.9721,64.4,74.5,11.4,276.8,1018.8,4.1,0.0,224.4,139.0,Unhealthy for Sensitive Groups,2018,10,19,Friday,Autumn,0,57.50095,59.8058,42.62847,115.4735,132.787,152.0,119.0,59.04532241821289,54.19545418875558,149.66666666666666,141.42857142857142,-0.8660254037844386,0.5000000000000001
2018-10-20,51.90299,107.7707,238.0401,64.3,76.4,10.3,272.7,1020.4,4.0,0.0,227.5,141.0,Unhealthy for Sensitive Groups,2018,10,20,Saturday,Autumn,1,50.78144,68.85358,34.38058,102.4908,102.0517,139.0,98.0,53.39512634277344,56.69865526471819,144.0,147.57142857142858,-0.8660254037844386,0.5000000000000001
2018-10-21,52.86124,105.8315,231.5813,64.4,77.3,9.2,214.5,1020.7,4.1,0.0,214.5,144.0,Unhealthy for Sensitive Groups,2018,10,21,Sunday,Autumn,0,51.90299,57.50095,50.72104,107.7707,159.4698,141.0,138.0,51.84855651855469,57.004398345947266,141.33333333333334,148.42857142857142,-0.8660254037844386,0.5000000000000001
2018-10-22,50.20492,137.7693,352.5692,63.3,68.1,16.1,302.4,1019.3,4.4,0.0,219.7,137.0,Unhealthy for Sensitive Groups,2018,10,22,Monday,Autumn,0,52.86124,50.78144,57.32479,105.8315,142.8129,144.0,152.0,51.6563835144043,55.987274169921875,140.66666666666666,146.28571428571428,-0.8660254037844386,0.5000000000000001
2018-10-23,63.5545,158.6808,346.6635,60.9,67.0,6.9,5.6,1019.2,4.2,0.1016,207.0,155.0,Unhealthy,2018,10,23,Tuesday,Autumn,0,50.20492,51.90299,59.8058,137.7693,132.1251,137.0,153.0,55.54022089640299,56.52280262538365,145.33333333333334,146.57142857142858,-0.8660254037844386,0.5000000000000001
2018-10-24,68.31275,182.1389,457.7303,60.3,68.8,11.4,189.1,1019.3,4.4,0.0,221.4,158.0,Unhealthy,2018,10,24,Wednesday,Autumn,0,63.5545,52.86124,68.85358,158.6808,102.911,155.0,158.0,60.69072469075521,56.44554192679269,150.0,146.57142857142858,-0.8660254037844386,0.5000000000000001
2018-10-25,75.82432,169.9796,419.484,59.7,73.2,10.3,289.5,1021.5,4.1,0.0,200.1,161.0,Unhealthy,2018,10,25,Thursday,Autumn,0,68.31275,50.20492,57.50095,182.1389,115.4735,158.0,152.0,69.23052342732747,59.063165937151226,158.0,147.85714285714286,-0.8660254037844386,0.5000000000000001
2018-10-26,81.3745,223.5399,494.713,60.5,67.6,12.8,300.4,1023.2,4.2,0.0,210.7,164.0,Unhealthy,2018,10,26,Friday,Autumn,0,75.82432,63.5545,50.78144,169.9796,102.4908,161.0,139.0,75.17052205403645,63.433602469308035,161.0,151.42857142857142,-0.8660254037844386,0.5000000000000001
2018-10-27,75.8749,219.2021,471.1715,60.6,65.2,10.3,273.4,1023.8,4.8,0.0,214.6,162.0,Unhealthy,2018,10,27,Saturday,Autumn,1,81.3745,68.31275,51.90299,223.5399,107.7707,164.0,141.0,77.69123840332031,66.85816138131278,162.33333333333334,154.42857142857142,-0.8660254037844386,0.5000000000000001
2018-10-28,64.06432,193.6786,454.7785,60.8,66.2,10.3,181.7,1023.2,4.9,0.0,208.5,155.0,Unhealthy,2018,10,28,Sunday,Autumn,0,75.8749,75.82432,52.86124,219.2021,105.8315,162.0,144.0,73.771240234375,68.45860181535993,160.33333333333334,156.0,-0.8660254037844386,0.5000000000000001
2018-10-29,64.58535,168.53,395.1707,61.7,69.6,10.3,177.2,1022.0,4.6,0.0,201.0,156.0,Unhealthy,2018,10,29,Monday,Autumn,0,64.06432,81.3745,50.20492,193.6786,137.7693,155.0,137.0,68.17485809326172,70.51294871738979,157.66666666666666,158.71428571428572,-0.8660254037844386,0.5000000000000001
2018-10-30,71.74286,211.1653,455.92,63.0,69.0,10.3,329.5,1022.7,4.3,26.0096,220.6,159.0,Unhealthy,2018,10,30,Tuesday,Autumn,0,64.58535,75.8749,63.5545,168.53,158.6808,156.0,155.0,66.79751078287761,71.6827141898019,156.66666666666666,159.28571428571428,-0.8660254037844386,0.5000000000000001
2018-10-31,83.54139,274.8557,591.8806,63.3,66.5,11.4,307.0,1023.0,4.4,3.9878,219.3,165.0,Unhealthy,2018,10,31,Wednesday,Autumn,0,71.74286,64.06432,68.31275,211.1653,182.1389,159.0,158.0,73.2898661295573,73.85823386056083,160.0,160.28571428571428,-0.8660254037844386,0.5000000000000001
2018-11-01,76.79833,206.8698,513.2277,62.4,69.4,10.3,270.4,1022.0,4.7,0.0,214.6,162.0,Unhealthy,2018,11,1,Thursday,Autumn,0,83.54139,64.58535,75.82432,274.8557,169.9796,165.0,161.0,77.36086018880208,73.99737875802177,162.0,160.42857142857142,-0.5000000000000004,0.8660254037844384
2018-11-02,66.4606,181.5885,460.8986,61.6,69.4,11.4,320.3,1020.8,4.8,0.9906,194.6,157.0,Unhealthy,2018,11,2,Friday,Autumn,0,76.79833,71.74286,81.3745,206.8698,223.5399,162.0,164.0,75.60010782877605,71.86682237897601,161.33333333333334,159.42857142857142,-0.5000000000000004,0.8660254037844384
2018-11-03,72.19011,173.7991,418.4224,60.3,69.7,9.2,267.9,1020.6,4.6,0.0,200.1,160.0,Unhealthy,2018,11,3,Saturday,Autumn,1,66.4606,83.54139,75.8749,181.5885,219.2021,157.0,162.0,71.81634775797527,71.34042358398438,159.66666666666666,159.14285714285714,-0.5000000000000004,0.8660254037844384
2018-11-04,86.14446,226.3334,543.3161,59.8,68.1,15.0,322.9,1019.5,4.2,0.0,194.7,167.0,Unhealthy,2018,11,4,Sunday,Autumn,0,72.19011,76.79833,64.06432,173.7991,193.6786,160.0,155.0,74.93172454833984,74.49472917829242,161.33333333333334,160.85714285714286,-0.5000000000000004,0.8660254037844384
2018-11-05,86.36945,245.1663,544.7559,58.8,66.1,11.4,298.6,1018.6,4.0,0.0,207.7,167.0,Unhealthy,2018,11,5,Monday,Autumn,0,86.14446,66.4606,64.58535,226.3334,168.53,167.0,156.0,81.56800842285156,77.60674394880023,164.66666666666666,162.42857142857142,-0.5000000000000004,0.8660254037844384
2018-11-06,77.8015,200.4689,454.5857,57.4,68.1,9.2,236.1,1018.0,4.2,0.0,204.3,163.0,Unhealthy,2018,11,6,Tuesday,Autumn,0,86.36945,72.19011,71.74286,245.1663,211.1653,167.0,159.0,83.43847147623698,78.47226388113839,165.66666666666666,163.0,-0.5000000000000004,0.8660254037844384
2018-11-07,78.12527,158.04,370.5804,57.5,71.5,9.2,169.8,1020.5,4.0,0.0,203.0,163.0,Unhealthy,2018,11,7,Wednesday,Autumn,0,77.8015,86.14446,83.54139,200.4689,274.8557,163.0,165.0,80.76540629069011,77.69853210449219,164.33333333333334,162.71428571428572,-0.5000000000000004,0.8660254037844384
2018-11-08,73.87847,143.9106,300.2072,58.1,75.1,9.2,212.9,1020.5,3.6,0.0,197.5,160.0,Unhealthy,2018,11,8,Thursday,Autumn,0,78.12527,86.36945,76.79833,158.04,206.8698,163.0,162.0,76.60174560546875,77.28140912737165,162.0,162.42857142857142,-0.5000000000000004,0.8660254037844384
2018-11-09,68.17222,123.7019,268.7046,58.2,77.7,12.8,216.8,1018.7,3.7,0.0,157.4,158.0,Unhealthy,2018,11,9,Friday,Autumn,0,73.87847,77.8015,66.4606,143.9106,181.5885,160.0,157.0,73.39198557535808,77.5259257725307,160.33333333333334,162.57142857142858,-0.5000000000000004,0.8660254037844384
2018-11-10,55.78189,106.9289,240.3328,58.4,75.1,10.3,243.3,1019.9,4.1,0.0,122.6,151.0,Unhealthy,2018,11,10,Saturday,Autumn,1,68.17222,78.12527,72.19011,123.7019,173.7991,158.0,160.0,65.94419352213542,75.18189457484654,156.33333333333334,161.28571428571428,-0.5000000000000004,0.8660254037844384
2018-11-11,59.6694,129.2523,280.4726,57.3,75.4,11.4,271.2,1020.7,4.1,0.0,143.4,153.0,Unhealthy,2018,11,11,Sunday,Autumn,0,55.78189,73.87847,86.14446,106.9289,226.3334,151.0,167.0,61.20783615112305,71.39974267142159,154.0,159.28571428571428,-0.5000000000000004,0.8660254037844384
2018-11-12,69.4816,145.5394,325.9058,57.9,75.4,10.3,217.8,1018.4,4.1,0.0,140.9,158.0,Unhealthy,2018,11,12,Monday,Autumn,0,59.6694,68.17222,86.36945,129.2523,245.1663,153.0,167.0,61.64429601033529,68.98719188145229,154.0,158.0,-0.5000000000000004,0.8660254037844384
2018-11-13,77.90912,148.084,327.5583,58.5,77.2,8.1,235.9,1016.7,3.2,0.0,109.8,163.0,Unhealthy,2018,11,13,Tuesday,Autumn,0,69.4816,55.78189,77.8015,145.5394,200.4689,158.0,163.0,69.02003860473633,69.00256620134626,158.0,158.0,-0.5000000000000004,0.8660254037844384
2018-11-14,88.73667,173.806,361.8956,58.0,75.0,11.4,288.6,1017.3,3.3,0.0,174.2,168.0,Unhealthy,2018,11,14,Wednesday,Autumn,0,77.90912,59.6694,78.12527,148.084,158.04,163.0,163.0,78.7091293334961,70.51848111833844,163.0,158.71428571428572,-0.5000000000000004,0.8660254037844384
2018-11-15,94.41243,209.6353,444.9575,57.9,69.3,13.9,322.7,1018.4,3.8,0.0,180.4,171.0,Unhealthy,2018,11,15,Thursday,Autumn,0,88.73667,69.4816,73.87847,173.806,143.9106,168.0,160.0,87.01940663655598,73.45190375191825,167.33333333333334,160.28571428571428,-0.5000000000000004,0.8660254037844384
2018-11-16,92.54729,233.2841,505.5905,56.6,70.1,6.9,266.2,1016.7,3.3,0.0,170.9,170.0,Unhealthy,2018,11,16,Friday,Autumn,0,94.41243,77.90912,68.17222,209.6353,123.7019,171.0,158.0,91.89879608154297,76.93405641828265,169.66666666666666,162.0,-0.5000000000000004,0.8660254037844384
2018-11-17,86.65646,179.9188,417.3981,55.4,74.0,10.3,253.5,1015.7,3.3,0.0,177.9,167.0,Unhealthy,2018,11,17,Saturday,Autumn,1,92.54729,88.73667,55.78189,233.2841,106.9289,170.0,151.0,91.2053934733073,81.34470966884068,169.33333333333334,164.28571428571428,-0.5000000000000004,0.8660254037844384
2018-11-18,91.19049,176.4553,382.8591,55.1,79.1,9.2,203.4,1018.9,3.2,0.0,144.8,169.0,Unhealthy,2018,11,18,Sunday,Autumn,0,86.65646,94.41243,59.6694,179.9188,129.2523,167.0,153.0,90.13141377766927,85.84772273472377,168.66666666666666,166.57142857142858,-0.5000000000000004,0.8660254037844384
2018-11-19,108.951,190.2535,361.1731,54.9,80.7,8.1,196.4,1021.4,2.6,0.0,140.9,179.0,Unhealthy,2018,11,19,Monday,Autumn,0,91.19049,92.54729,69.4816,176.4553,145.5394,169.0,158.0,95.5993169148763,91.4862082345145,171.66666666666666,169.57142857142858,-0.5000000000000004,0.8660254037844384
2018-11-20,126.3503,213.7365,391.5624,54.6,82.2,9.2,214.7,1020.1,2.0,0.0,142.6,188.0,Unhealthy,2018,11,20,Tuesday,Autumn,0,108.951,86.65646,77.90912,190.2535,148.084,179.0,163.0,108.83059692382812,98.40637751988002,178.66666666666666,173.14285714285714,-0.5000000000000004,0.8660254037844384
2018-11-21,121.5381,207.5341,387.3137,55.9,82.0,8.1,182.0,1021.1,2.0,0.0,160.5,185.0,Unhealthy,2018,11,21,Wednesday,Autumn,0,126.3503,91.19049,88.73667,213.7365,173.806,188.0,168.0,118.94646708170573,103.09229605538505,184.0,175.57142857142858,-0.5000000000000004,0.8660254037844384
2018-11-22,114.4485,234.6478,497.0145,57.6,76.4,10.3,199.8,1022.0,2.3,0.0,149.4,181.0,Unhealthy,2018,11,22,Thursday,Autumn,0,121.5381,108.951,94.41243,207.5341,209.6353,185.0,171.0,120.77896881103516,105.954592023577,184.66666666666666,177.0,-0.5000000000000004,0.8660254037844384
2018-11-23,103.3058,199.1547,415.7641,56.7,75.2,11.4,238.9,1021.7,3.1,0.0,134.5,176.0,Unhealthy,2018,11,23,Friday,Autumn,0,114.4485,126.3503,92.54729,234.6478,233.2841,181.0,170.0,113.09746805826823,107.49152265276227,180.66666666666666,177.85714285714286,-0.5000000000000004,0.8660254037844384
2018-11-24,100.667,190.8979,388.4342,56.5,77.3,6.9,158.8,1020.9,3.1,0.0,161.5,174.0,Unhealthy,2018,11,24,Saturday,Autumn,1,103.3058,121.5381,86.65646,199.1547,179.9188,176.0,167.0,106.14043426513672,109.49302782331195,177.0,178.85714285714286,-0.5000000000000004,0.8660254037844384
2018-11-25,111.0995,260.4305,532.2123,57.0,75.9,8.1,140.4,1021.9,3.1,0.0,178.3,180.0,Unhealthy,2018,11,25,Sunday,Autumn,0,100.667,114.4485,91.19049,190.8979,176.4553,174.0,169.0,105.02410125732422,112.33717237200055,176.66666666666666,180.42857142857142,-0.5000000000000004,0.8660254037844384
2018-11-26,91.26772,193.1837,423.0028,56.5,75.6,9.2,141.1,1021.0,3.4,0.0,154.5,169.0,Unhealthy,2018,11,26,Monday,Autumn,0,111.0995,103.3058,108.951,260.4305,190.2535,180.0,179.0,101.01140848795573,109.81099046979632,174.33333333333334,179.0,-0.5000000000000004,0.8660254037844384
2018-11-27,94.95541,194.4693,423.4912,56.7,78.1,6.9,259.8,1023.6,3.4,0.0,179.7,171.0,Unhealthy,2018,11,27,Tuesday,Autumn,0,91.26772,100.667,126.3503,193.1837,213.7365,169.0,188.0,99.1075439453125,105.32600511823382,173.33333333333334,176.57142857142858,-0.5000000000000004,0.8660254037844384
2018-11-28,98.21092,211.4397,437.6519,57.4,77.0,9.2,253.5,1023.3,3.6,0.0,162.6,173.0,Unhealthy,2018,11,28,Wednesday,Autumn,0,94.95541,111.0995,121.5381,194.4693,207.5341,171.0,185.0,94.8113505045573,101.99355098179409,171.0,174.85714285714286,-0.5000000000000004,0.8660254037844384
2018-11-29,94.81558,187.0584,401.3057,57.9,77.4,9.2,240.1,1022.8,3.5,0.0,152.3,171.0,Unhealthy,2018,11,29,Thursday,Autumn,0,98.21092,91.26772,114.4485,211.4397,234.6478,173.0,181.0,95.9939702351888,99.18884822300502,171.66666666666666,173.42857142857142,-0.5000000000000004,0.8660254037844384
2018-11-30,78.43593,142.2139,269.0601,56.8,80.2,11.4,253.9,1021.9,3.3,0.0,85.1,163.0,Unhealthy,2018,11,30,Friday,Autumn,0,94.81558,94.95541,103.3058,187.0584,199.1547,171.0,176.0,90.4874776204427,95.6360092163086,169.0,171.57142857142858,-0.5000000000000004,0.8660254037844384
2018-12-01,75.04664,122.4974,192.7996,55.2,80.5,6.9,211.0,1019.4,3.1,0.0,111.7,161.0,Unhealthy,2018,12,1,Saturday,Winter,1,78.43593,98.21092,100.667,142.2139,190.8979,163.0,174.0,82.76604970296223,91.97595759800502,165.0,169.71428571428572,-2.4492935982947064e-16,1.0
2018-12-02,71.89091,126.0745,200.4004,55.1,75.4,9.2,213.6,1018.5,3.0,0.0,90.2,159.0,Unhealthy,2018,12,2,Sunday,Winter,0,75.04664,94.81558,111.0995,122.4974,260.4305,161.0,180.0,75.12449137369792,86.37472970145089,161.0,166.71428571428572,-2.4492935982947064e-16,1.0
2018-12-03,85.60081,137.4626,206.5833,53.8,78.1,10.3,227.2,1019.4,2.7,0.0,105.2,167.0,Unhealthy,2018,12,3,Monday,Winter,0,71.89091,78.43593,91.26772,126.0745,193.1837,159.0,169.0,77.51278432210286,85.56517028808594,162.33333333333334,166.42857142857142,-2.4492935982947064e-16,1.0
2018-12-04,87.78757,138.0224,197.3985,53.1,77.8,9.2,240.4,1021.3,2.8,0.0,124.8,168.0,Unhealthy,2018,12,4,Tuesday,Winter,0,85.60081,75.04664,94.95541,137.4626,194.4693,167.0,171.0,81.75976053873698,84.54119328090123,164.66666666666666,166.0,-2.4492935982947064e-16,1.0
2018-12-05,97.84105,143.9106,187.8209,53.0,78.2,8.1,167.6,1018.7,2.7,0.0,129.3,173.0,Unhealthy,2018,12,5,Wednesday,Winter,0,87.78757,71.89091,98.21092,138.0224,211.4397,168.0,173.0,90.40980784098308,84.4883542742048,169.33333333333334,166.0,-2.4492935982947064e-16,1.0
2018-12-06,78.67869,117.1744,159.45,52.7,77.9,10.3,191.5,1017.4,3.2,0.0,132.5,163.0,Unhealthy,2018,12,6,Thursday,Winter,0,97.84105,85.60081,94.81558,143.9106,187.0584,173.0,171.0,88.10243479410808,82.18308367047992,168.0,164.85714285714286,-2.4492935982947064e-16,1.0
2018-12-07,67.86073,101.4675,147.2279,52.3,78.4,10.3,198.2,1016.8,3.2,0.0,138.1,157.0,Unhealthy,2018,12,7,Friday,Winter,0,78.67869,87.78757,78.43593,117.1744,142.2139,163.0,163.0,81.4601567586263,80.67234148297992,164.33333333333334,164.0,-2.4492935982947064e-16,1.0
2018-12-08,76.04045,107.1945,141.5745,51.6,76.3,8.1,245.8,1019.8,3.0,0.0,150.1,162.0,Unhealthy,2018,12,8,Saturday,Winter,1,67.86073,97.84105,75.04664,101.4675,122.4974,157.0,161.0,74.19329071044922,80.81431470598493,160.66666666666666,164.14285714285714,-2.4492935982947064e-16,1.0
2018-12-09,72.75816,105.2724,141.6886,51.8,74.8,6.9,196.0,1018.9,3.3,0.0,154.3,160.0,Unhealthy,2018,12,9,Sunday,Winter,0,76.04045,78.67869,71.89091,107.1945,126.0745,162.0,159.0,72.21978251139323,80.9382084437779,159.66666666666666,164.28571428571428,-2.4492935982947064e-16,1.0
2018-12-10,53.18145,75.80977,112.3677,51.6,72.7,8.1,161.2,1019.5,4.0,0.0,150.4,145.0,Unhealthy for Sensitive Groups,2018,12,10,Monday,Winter,0,72.75816,67.86073,85.60081,105.2724,137.4626,160.0,167.0,67.32668813069661,76.30687168666294,155.66666666666666,161.14285714285714,-2.4492935982947064e-16,1.0
2018-12-11,55.07688,83.55761,127.3813,51.1,73.0,10.3,174.4,1019.7,3.8,0.0,151.7,149.0,Unhealthy for Sensitive Groups,2018,12,11,Tuesday,Winter,0,53.18145,76.04045,87.78757,75.80977,138.0224,145.0,168.0,60.33883158365885,71.63391658238002,151.33333333333334,158.42857142857142,-2.4492935982947064e-16,1.0
2018-12-12,49.43085,70.44291,103.6233,51.8,68.8,9.2,186.0,1021.1,4.2,0.0,148.2,135.0,Unhealthy for Sensitive Groups,2018,12,12,Wednesday,Winter,0,55.07688,72.75816,97.84105,83.55761,143.9106,149.0,173.0,52.56306076049805,64.71817398071289,143.0,153.0,-2.4492935982947064e-16,1.0
2018-12-13,68.25269,99.93176,150.365,52.1,70.4,8.1,154.6,1021.5,4.3,0.0,153.3,158.0,Unhealthy,2018,12,13,Thursday,Winter,0,49.43085,53.18145,78.67869,70.44291,117.1744,135.0,163.0,57.58680852254232,63.228746141706196,147.33333333333334,152.28571428571428,-2.4492935982947064e-16,1.0
2018-12-14,69.5486,98.57978,146.3542,52.9,70.4,3.8,12.3,1020.3,5.2,0.0,158.8,158.0,Unhealthy,2018,12,14,Friday,Winter,0,68.25269,55.07688,67.86073,99.93176,101.4675,158.0,157.0,62.41071446736654,63.469869886125835,150.33333333333334,152.42857142857142,-2.4492935982947064e-16,1.0
2018-12-15,66.86208,89.20828,126.5253,52.0,64.0,8.1,137.1,1023.3,4.5,0.0,177.2,157.0,Unhealthy,2018,12,15,Saturday,Winter,1,69.5486,49.43085,76.04045,98.57978,107.1945,158.0,162.0,68.22112528483073,62.15867451259068,157.66666666666666,151.71428571428572,-2.4492935982947064e-16,1.0
2018-12-16,67.46029,92.1774,130.6035,50.5,68.0,5.8,108.6,1025.4,4.0,0.0,176.4,157.0,Unhealthy,2018,12,16,Sunday,Winter,0,66.86208,68.25269,72.75816,89.20828,105.2724,157.0,160.0,67.95699055989583,61.40183530535017,157.33333333333334,151.28571428571428,-2.4492935982947064e-16,1.0
2018-12-17,96.12037,122.9052,176.8413,49.2,69.1,6.9,77.0,1024.1,2.8,0.0,147.4,172.0,Unhealthy,2018,12,17,Monday,Winter,0,67.46029,69.5486,53.18145,92.1774,75.80977,157.0,145.0,76.81424713134766,67.53596660069057,162.0,155.14285714285714,-2.4492935982947064e-16,1.0
2018-12-18,69.02425,95.34667,151.849,51.6,68.4,10.3,255.8,1020.5,3.1,0.0,63.3,158.0,Unhealthy,2018,12,18,Tuesday,Winter,0,96.12037,66.86208,55.07688,122.9052,83.55761,172.0,149.0,77.53496805826823,69.52844728742328,162.33333333333334,156.42857142857142,-2.4492935982947064e-16,1.0
2018-12-19,72.07257,93.37063,146.4957,52.4,73.2,6.9,204.7,1019.9,2.7,0.0,158.4,160.0,Unhealthy,2018,12,19,Wednesday,Winter,0,69.02425,67.46029,49.43085,95.34667,70.44291,158.0,135.0,79.07239532470703,72.76297869001117,163.33333333333334,160.0,-2.4492935982947064e-16,1.0
2018-12-20,70.28318,79.58851,106.479,50.1,81.2,9.2,215.4,1019.9,2.1,0.0,160.7,159.0,Unhealthy,2018,12,20,Thursday,Winter,0,72.07257,96.12037,68.25269,93.37063,99.93176,160.0,158.0,70.45999908447266,73.05304827008929,159.0,160.14285714285714,-2.4492935982947064e-16,1.0
2018-12-21,49.11824,56.53555,77.83058,51.5,75.7,8.1,206.3,1018.5,2.7,0.0,134.6,135.0,Unhealthy for Sensitive Groups,2018,12,21,Friday,Winter,0,70.28318,69.02425,69.5486,79.58851,98.57978,159.0,158.0,63.82466379801432,70.13442557198661,151.33333333333334,156.85714285714286,-2.4492935982947064e-16,1.0
2018-12-22,68.64751,83.29784,128.4778,51.8,75.9,9.2,125.3,1020.5,2.9,0.0,116.0,158.0,Unhealthy,2018,12,22,Saturday,Winter,1,49.11824,72.07257,66.86208,56.53555,89.20828,135.0,157.0,62.68297576904297,70.38948604038784,150.66666666666666,157.0,-2.4492935982947064e-16,1.0
2018-12-23,72.89078,84.01076,108.7952,49.8,76.5,5.8,130.7,1021.1,2.9,0.0,149.1,160.0,Unhealthy,2018,12,23,Sunday,Winter,0,68.64751,70.28318,67.46029,83.29784,92.1774,158.0,157.0,63.55217488606771,71.16527012416294,151.0,157.42857142857142,-2.4492935982947064e-16,1.0
2018-12-24,66.88735,78.79307,99.94143,50.2,74.7,8.1,149.2,1019.1,2.9,0.0,168.1,157.0,Unhealthy,2018,12,24,Monday,Winter,0,72.89078,49.11824,96.12037,84.01076,122.9052,160.0,172.0,69.47521209716797,66.98912484305245,158.33333333333334,155.28571428571428,-2.4492935982947064e-16,1.0
2018-12-25,52.84675,60.44187,81.41977,48.9,72.4,10.3,292.2,1017.4,3.3,0.0,159.9,144.0,Unhealthy for Sensitive Groups,2018,12,25,Tuesday,Winter,0,66.88735,68.64751,69.02425,78.79307,95.34667,157.0,158.0,64.20829264322917,64.6780537196568,153.66666666666666,153.28571428571428,-2.4492935982947064e-16,1.0
2018-12-26,43.0912,52.20712,80.46392,47.4,76.5,9.2,176.6,1017.0,3.5,0.0,143.0,120.0,Unhealthy for Sensitive Groups,2018,12,26,Wednesday,Winter,0,52.84675,72.89078,72.07257,60.44187,93.37063,144.0,160.0,54.27510070800781,60.537858145577566,140.33333333333334,147.57142857142858,-2.4492935982947064e-16,1.0
2018-12-27,37.51298,56.15694,126.2139,48.4,76.0,10.3,165.2,1016.0,3.4,0.0,152.9,106.0,Unhealthy for Sensitive Groups,2018,12,27,Thursday,Winter,0,43.0912,66.88735,70.28318,52.20712,79.58851,120.0,159.0,44.48364384969076,55.85640117100307,123.33333333333333,140.0,-2.4492935982947064e-16,1.0
2018-12-28,41.71995,51.80462,80.88939,46.6,72.4,6.9,203.4,1016.2,3.2,0.0,163.4,116.0,Unhealthy for Sensitive Groups,2018,12,28,Friday,Winter,0,37.51298,52.84675,49.11824,56.15694,56.53555,106.0,135.0,40.77471160888672,54.79950278145926,114.0,137.28571428571428,-2.4492935982947064e-16,1.0
2018-12-29,83.18113,93.05858,123.1221,47.5,69.5,8.1,145.7,1020.6,2.9,0.0,174.4,165.0,Unhealthy,2018,12,29,Saturday,Winter,1,41.71995,43.0912,68.64751,51.80462,83.29784,116.0,158.0,54.138020833333336,56.87573460170201,129.0,138.28571428571428,-2.4492935982947064e-16,1.0
2018-12-30,97.26412,107.5242,145.0081,47.1,69.0,6.9,161.9,1023.3,2.8,0.0,176.1,173.0,Unhealthy,2018,12,30,Sunday,Winter,0,83.18113,37.51298,72.89078,93.05858,84.01076,165.0,160.0,74.05506769816081,60.3576409476144,151.33333333333334,140.14285714285714,-2.4492935982947064e-16,1.0
2018-12-31,86.95337,96.64533,135.0425,47.8,67.3,9.2,147.5,1022.8,2.8,0.0,170.2,167.0,Unhealthy,2018,12,31,Monday,Winter,0,97.26412,41.71995,66.88735,107.5242,78.79307,173.0,157.0,89.13287353515625,63.22421482631138,168.33333333333334,141.57142857142858,-2.4492935982947064e-16,1.0
2019-01-01,75.96276,90.99522,125.0769,47.7,68.0,6.9,148.5,1023.1,3.0,0.0,169.9,162.0,Unhealthy,2019,1,1,Tuesday,Winter,0,86.95337,83.18113,52.84675,96.64533,60.44187,167.0,144.0,86.72675069173177,66.52650233677456,167.33333333333334,144.14285714285714,0.49999999999999994,0.8660254037844387
2019-01-02,65.42153,80.12208,121.4495,47.7,67.1,9.2,120.1,1022.9,3.6,0.0,159.4,156.0,Unhealthy,2019,1,2,Wednesday,Winter,0,75.96276,97.26412,43.0912,90.99522,52.20712,162.0,120.0,76.11255391438802,69.71654946463448,161.66666666666666,149.28571428571428,0.49999999999999994,0.8660254037844387
2019-01-03,60.49214,84.16574,122.829,46.9,68.2,10.3,208.1,1021.8,3.7,0.0,142.4,154.0,Unhealthy,2019,1,3,Thursday,Winter,0,65.42153,86.95337,37.51298,80.12208,56.15694,156.0,106.0,67.29214477539062,72.99928665161133,157.33333333333334,156.14285714285714,0.49999999999999994,0.8660254037844387
2019-01-04,55.66871,70.16807,99.06475,46.0,68.5,11.4,184.2,1022.4,3.3,0.0,148.5,151.0,Unhealthy,2019,1,4,Friday,Winter,0,60.49214,75.96276,41.71995,84.16574,51.80462,154.0,116.0,60.52746073404948,74.9919662475586,153.66666666666666,161.14285714285714,0.49999999999999994,0.8660254037844387
2019-01-05,53.47411,70.62092,97.44466,46.7,71.6,8.1,195.7,1023.0,2.9,0.0,150.6,145.0,Unhealthy for Sensitive Groups,2019,1,5,Saturday,Winter,1,55.66871,65.42153,83.18113,70.16807,93.05858,151.0,165.0,56.544986724853516,70.74810627528599,150.0,158.28571428571428,0.49999999999999994,0.8660254037844387
2019-01-06,47.23922,68.88042,111.4679,49.2,67.7,6.9,76.1,1021.6,2.9,0.0,147.3,130.0,Unhealthy for Sensitive Groups,2019,1,6,Sunday,Winter,0,53.47411,60.49214,97.26412,70.62092,107.5242,145.0,173.0,52.12734603881836,63.601691654750276,142.0,152.14285714285714,0.49999999999999994,0.8660254037844387
2019-01-07,87.71626,111.4265,159.717,49.8,68.4,10.3,113.3,1021.0,3.4,0.0,68.8,168.0,Unhealthy,2019,1,7,Monday,Winter,0,47.23922,55.66871,86.95337,68.88042,96.64533,130.0,167.0,62.80986404418945,63.71067646571568,147.66666666666666,152.28571428571428,0.49999999999999994,0.8660254037844387
2019-01-08,73.25228,93.81277,141.2182,49.3,64.7,10.3,220.7,1018.0,3.5,0.0,184.3,160.0,Unhealthy,2019,1,8,Tuesday,Winter,0,87.71626,53.47411,75.96276,111.4265,90.99522,168.0,162.0,69.402587890625,63.323465074811665,152.66666666666666,152.0,0.49999999999999994,0.8660254037844387
2019-01-09,81.15338,113.9154,156.9195,50.0,70.2,9.2,206.7,1017.6,3.5,0.0,146.9,164.0,Unhealthy,2019,1,9,Wednesday,Winter,0,73.25228,47.23922,65.42153,93.81277,80.12208,160.0,156.0,80.70730845133464,65.57087217058454,164.0,153.14285714285714,0.49999999999999994,0.8660254037844387
2019-01-10,76.88662,87.75489,114.5806,48.9,76.6,9.2,168.0,1019.1,2.6,0.0,162.5,162.0,Unhealthy,2019,1,10,Thursday,Winter,0,81.15338,87.71626,60.49214,113.9154,84.16574,164.0,154.0,77.09742736816406,67.91294043404716,162.0,154.28571428571428,0.49999999999999994,0.8660254037844387
2019-01-11,63.90839,74.20539,108.1596,49.9,78.4,9.2,268.4,1020.5,2.4,0.0,118.2,155.0,Unhealthy,2019,1,11,Friday,Winter,0,76.88662,73.25228,55.66871,87.75489,70.16807,162.0,151.0,73.98279698689778,69.0900377546038,160.33333333333334,154.85714285714286,0.49999999999999994,0.8660254037844387
2019-01-12,46.81794,54.6739,75.85507,49.8,76.2,8.1,154.3,1020.8,2.2,0.0,155.5,129.0,Unhealthy for Sensitive Groups,2019,1,12,Saturday,Winter,1,63.90839,81.15338,53.47411,74.20539,70.62092,155.0,145.0,62.53764979044596,68.13915634155273,148.66666666666666,152.57142857142858,0.49999999999999994,0.8660254037844387
2019-01-13,41.50689,56.17749,89.37054,49.7,73.3,10.3,268.4,1021.3,2.5,0.0,168.3,116.0,Unhealthy for Sensitive Groups,2019,1,13,Sunday,Winter,0,46.81794,76.88662,47.23922,54.6739,68.88042,129.0,130.0,50.744406382242836,67.3202520098005,133.33333333333334,150.57142857142858,0.49999999999999994,0.8660254037844387
2019-01-14,35.085,55.61469,102.6077,49.2,70.4,12.8,251.5,1018.1,3.1,0.0,179.6,99.0,Moderate,2019,1,14,Monday,Winter,0,41.50689,63.90839,87.71626,56.17749,111.4265,116.0,168.0,41.136609395345054,59.801500047956196,114.66666666666667,140.71428571428572,0.49999999999999994,0.8660254037844387
2019-01-15,73.78983,88.38872,125.838,48.8,71.5,9.2,205.2,1018.8,3.0,0.0,187.2,160.0,Unhealthy,2019,1,15,Tuesday,Winter,0,35.085,46.81794,73.25228,55.61469,93.81277,99.0,160.0,50.12724049886068,59.87829317365374,125.0,140.71428571428572,0.49999999999999994,0.8660254037844387
2019-01-16,87.69553,99.13837,125.0184,49.5,74.8,8.1,139.8,1021.0,2.7,0.0,165.5,168.0,Unhealthy,2019,1,16,Wednesday,Winter,0,73.78983,41.50689,81.15338,88.38872,113.9154,160.0,164.0,65.52345530192058,60.81288637433733,142.33333333333334,141.28571428571428,0.49999999999999994,0.8660254037844387
2019-01-17,87.77257,101.5657,129.7599,49.8,74.6,8.1,287.3,1019.0,2.8,0.0,150.9,168.0,Unhealthy,2019,1,17,Thursday,Winter,0,87.69553,35.085,76.88662,99.13837,87.75489,168.0,162.0,83.08597819010417,62.36802182878767,165.33333333333334,142.14285714285714,0.49999999999999994,0.8660254037844387
2019-01-18,72.49081,84.59827,112.3334,50.2,74.5,10.3,236.0,1018.6,2.9,0.0,167.7,160.0,Unhealthy,2019,1,18,Friday,Winter,0,87.77257,73.78983,63.90839,101.5657,74.20539,168.0,155.0,82.65296936035156,63.594081333705354,165.33333333333334,142.85714285714286,0.49999999999999994,0.8660254037844387
2019-01-19,51.63531,59.87598,82.40649,50.4,73.3,9.2,248.9,1019.6,2.8,0.0,172.4,141.0,Unhealthy for Sensitive Groups,2019,1,19,Saturday,Winter,1,72.49081,87.69553,46.81794,84.59827,54.6739,160.0,129.0,70.6328951517741,64.28227724347796,156.33333333333334,144.57142857142858,0.49999999999999994,0.8660254037844387
2019-01-20,40.26748,53.15528,77.45647,50.8,72.3,8.1,163.7,1020.0,2.8,0.0,185.0,113.0,Unhealthy for Sensitive Groups,2019,1,20,Sunday,Winter,0,51.63531,87.77257,41.50689,59.87598,56.17749,141.0,116.0,54.797865549723305,64.10521861485073,138.0,144.14285714285714,0.49999999999999994,0.8660254037844387
2019-01-21,34.80891,49.12239,74.8092,52.2,70.1,10.3,187.4,1020.1,2.9,0.0,182.6,99.0,Moderate,2019,1,21,Monday,Winter,0,40.26748,72.49081,35.085,53.15528,55.61469,113.0,99.0,42.23723347981771,64.06577736990792,117.66666666666667,144.14285714285714,0.49999999999999994,0.8660254037844387
2019-01-22,33.4567,57.6347,96.6132,53.7,69.1,11.4,310.5,1020.9,2.7,0.0,118.1,96.0,Moderate,2019,1,22,Tuesday,Winter,0,34.80891,51.63531,73.78983,49.12239,88.38872,99.0,160.0,36.177696228027344,58.303901127406526,102.66666666666667,135.0,0.49999999999999994,0.8660254037844387
2019-01-23,22.41654,24.29024,27.42183,49.0,91.5,11.4,92.2,1022.4,3.5,0.0,118.4,73.0,Moderate,2019,1,23,Wednesday,Winter,0,33.4567,40.26748,87.69553,57.6347,99.13837,96.0,168.0,30.227383295694988,48.97833061218262,89.33333333333333,121.42857142857143,0.49999999999999994,0.8660254037844387
2019-01-24,38.36459,58.49063,97.77282,50.5,77.0,10.3,39.2,1021.8,3.0,0.0,169.1,108.0,Unhealthy for Sensitive Groups,2019,1,24,Thursday,Winter,0,22.41654,34.80891,87.77257,24.29024,101.5657,73.0,168.0,31.412609736124676,41.92004803248814,92.33333333333333,112.85714285714286,0.49999999999999994,0.8660254037844387
2019-01-25,32.69626,56.67304,99.5505,50.6,75.2,11.4,202.2,1022.8,3.3,0.0,126.9,94.0,Moderate,2019,1,25,Friday,Winter,0,38.36459,33.4567,72.49081,58.49063,84.59827,108.0,160.0,31.159129460652668,36.23511259896414,91.66666666666667,103.42857142857143,0.49999999999999994,0.8660254037844387
2019-01-26,19.95104,24.83606,35.52567,49.8,88.3,8.1,110.7,1023.7,3.5,3.8,132.3,68.0,Moderate,2019,1,26,Saturday,Winter,1,32.69626,22.41654,51.63531,56.67304,59.87598,94.0,141.0,30.33729616800944,31.708788190569198,90.0,93.0,0.49999999999999994,0.8660254037844387
2019-01-27,41.50766,74.56455,132.5805,50.6,80.0,6.9,148.9,1022.6,2.9,0.0,166.0,116.0,Unhealthy for Sensitive Groups,2019,1,27,Sunday,Winter,0,19.95104,38.36459,40.26748,24.83606,53.15528,68.0,113.0,31.384986241658527,31.88595690046038,92.66666666666667,93.42857142857143,0.49999999999999994,0.8660254037844387
2019-01-28,25.3735,46.88541,81.10978,49.5,76.8,12.8,208.7,1021.3,3.2,0.0,147.3,79.0,Moderate,2019,1,28,Monday,Winter,0,41.50766,32.69626,34.80891,74.56455,49.12239,116.0,99.0,28.944067001342773,30.538041251046316,87.66666666666667,90.57142857142857,0.49999999999999994,0.8660254037844387
2019-01-29,51.8591,81.72044,147.6435,48.1,75.5,12.8,246.4,1019.6,3.3,0.0,171.5,141.0,Unhealthy for Sensitive Groups,2019,1,29,Tuesday,Winter,0,25.3735,19.95104,33.4567,46.88541,57.6347,79.0,96.0,39.58008702596029,33.1669556753976,112.0,97.0,0.49999999999999994,0.8660254037844387
2019-01-30,70.19603,100.8602,157.7396,48.9,70.1,8.1,252.8,1020.9,3.5,0.0,206.3,159.0,Unhealthy,2019,1,30,Wednesday,Winter,0,51.8591,41.50766,22.41654,81.72044,24.29024,141.0,73.0,49.142876942952476,39.9925970349993,126.33333333333333,109.28571428571429,0.49999999999999994,0.8660254037844387
2019-01-31,75.80505,102.5461,154.3405,50.7,72.9,8.1,112.5,1022.5,2.8,0.0,115.4,161.0,Unhealthy,2019,1,31,Thursday,Winter,0,70.19603,25.3735,38.36459,100.8602,58.49063,159.0,108.0,65.95339457194011,45.341234752110076,153.66666666666666,116.85714285714286,0.49999999999999994,0.8660254037844387
2019-02-01,83.58668,125.3578,192.4825,53.1,70.7,9.2,264.4,1021.4,2.9,0.0,142.0,166.0,Unhealthy,2019,2,1,Friday,Winter,0,75.80505,51.8591,32.69626,102.5461,56.67304,161.0,94.0,76.52925364176433,52.61129461015974,162.0,127.14285714285714,0.8660254037844386,0.5000000000000001
2019-02-02,72.01028,111.8172,184.5603,52.3,67.8,11.4,270.6,1019.0,3.3,0.0,195.9,160.0,Unhealthy,2019,2,2,Saturday,Winter,1,83.58668,70.19603,19.95104,125.3578,24.83606,166.0,68.0,77.13400268554688,60.0483283996582,162.33333333333334,140.28571428571428,0.8660254037844386,0.5000000000000001
2019-02-03,68.07014,115.5902,191.2316,52.3,65.9,10.3,233.5,1020.8,3.8,0.0,213.9,157.0,Unhealthy,2019,2,3,Sunday,Winter,0,72.01028,75.80505,41.50766,111.8172,74.56455,160.0,116.0,74.55569712320964,63.84296798706055,161.0,146.14285714285714,0.8660254037844386,0.5000000000000001
2019-02-04,51.31145,78.52327,143.9422,53.5,70.3,10.3,271.1,1021.8,3.4,0.0,215.6,140.0,Unhealthy for Sensitive Groups,2019,2,4,Monday,Winter,0,68.07014,83.58668,25.3735,115.5902,46.88541,157.0,79.0,63.797288258870445,67.54838943481445,152.33333333333334,154.85714285714286,0.8660254037844386,0.5000000000000001
2019-02-05,45.43047,70.33218,122.1838,53.3,73.6,10.3,227.2,1020.7,3.1,0.0,198.8,125.0,Unhealthy for Sensitive Groups,2019,2,5,Tuesday,Winter,0,51.31145,72.01028,51.8591,78.52327,81.72044,140.0,141.0,54.9373524983724,66.63001360212054,140.66666666666666,152.57142857142858,0.8660254037844386,0.5000000000000001
2019-02-06,35.01587,51.41448,88.88977,55.0,73.0,10.3,282.1,1017.9,3.1,0.0,193.7,99.0,Moderate,2019,2,6,Wednesday,Winter,0,45.43047,68.07014,70.19603,70.33218,100.8602,125.0,159.0,43.919263203938804,61.60427638462612,121.33333333333333,144.0,0.8660254037844386,0.5000000000000001
2019-02-07,10.16386,11.06561,11.56926,49.8,95.8,5.8,68.1,1020.9,2.3,0.0,62.2,42.0,Good,2019,2,7,Thursday,Winter,0,35.01587,51.31145,75.80505,51.41448,102.5461,99.0,161.0,30.203399658203125,52.22696304321289,88.66666666666667,127.0,0.8660254037844386,0.5000000000000001
2019-02-08,20.59657,32.06727,68.75384,52.1,87.2,15.0,227.3,1020.6,3.3,0.0,118.9,69.0,Moderate,2019,2,8,Friday,Winter,0,10.16386,45.43047,83.58668,11.06561,125.3578,42.0,166.0,21.925432840983074,43.22837611607143,70.0,113.14285714285714,0.8660254037844386,0.5000000000000001
2019-02-09,12.21059,12.44177,12.5633,47.1,82.8,17.2,77.6,1019.2,4.7,0.0,153.0,51.0,Moderate,2019,2,9,Saturday,Winter,1,20.59657,35.01587,72.01028,32.06727,111.8172,69.0,160.0,14.323673248291016,34.68556376865932,54.0,97.57142857142857,0.8660254037844386,0.5000000000000001
2019-02-10,25.392626,39.886246,75.82024,48.9,73.4,9.2,261.4,1021.3,4.1,0.0,225.0,79.0,Moderate,2019,2,10,Sunday,Winter,0,12.21059,10.16386,68.07014,12.44177,115.5902,51.0,157.0,19.39992841084798,28.588776452200754,66.33333333333333,86.42857142857143,0.8660254037844386,0.5000000000000001
2019-02-11,38.574665,67.33073,139.07716,52.7,77.2,10.3,195.7,1022.5,3.6,0.0,182.7,109.0,Unhealthy for Sensitive Groups,2019,2,11,Monday,Winter,0,25.392626,20.59657,51.31145,39.886246,78.52327,79.0,140.0,25.392627080281574,26.769235610961914,79.66666666666667,82.0,0.8660254037844386,0.5000000000000001
2019-02-12,51.7567,94.7752,202.3341,53.7,76.6,10.3,229.6,1023.8,3.3,0.0,189.4,141.0,Unhealthy for Sensitive Groups,2019,2,12,Tuesday,Winter,0,38.574665,12.21059,45.43047,67.33073,70.33218,109.0,125.0,38.574663162231445,27.672982624598912,109.66666666666667,84.28571428571429,0.8660254037844386,0.5000000000000001
2019-02-13,55.10109,84.22089,143.1725,55.1,76.5,9.2,223.4,1023.8,3.2,0.0,198.7,149.0,Unhealthy for Sensitive Groups,2019,2,13,Wednesday,Winter,0,51.7567,25.392626,35.01587,94.7752,51.41448,141.0,99.0,48.477484385172524,30.542299815586635,133.0,91.42857142857143,0.8660254037844386,0.5000000000000001
2019-02-14,67.32793,94.85448,146.5245,55.5,80.5,8.1,202.3,1021.0,2.4,0.0,150.0,157.0,Unhealthy,2019,2,14,Thursday,Winter,0,55.10109,38.574665,10.16386,84.22089,11.06561,149.0,42.0,58.06190490722656,38.70859500340053,149.0,107.85714285714286,0.8660254037844386,0.5000000000000001
2019-02-15,50.55987,77.24188,130.2679,56.4,76.8,12.8,292.2,1020.6,2.8,0.0,150.0,138.0,Unhealthy for Sensitive Groups,2019,2,15,Friday,Winter,0,67.32793,51.7567,20.59657,94.85448,32.06727,157.0,69.0,57.66296259562174,42.989066805158345,148.0,117.71428571428571,0.8660254037844386,0.5000000000000001
2019-02-16,30.36096,37.61238,57.08607,52.9,80.7,10.3,87.3,1018.6,3.4,5.1,153.3,89.0,Moderate,2019,2,16,Saturday,Winter,1,50.55987,55.10109,12.21059,77.24188,12.44177,138.0,51.0,49.416252772013344,45.58197675432478,128.0,123.14285714285714,0.8660254037844386,0.5000000000000001
2019-02-17,24.98378,42.96799,90.40503,50.9,78.4,13.9,278.2,1014.1,3.5,1.0,189.1,78.0,Moderate,2019,2,17,Sunday,Winter,0,30.36096,67.32793,25.392626,37.61238,39.886246,89.0,79.0,35.30153719584147,45.52357019696917,101.66666666666667,123.0,0.8660254037844386,0.5000000000000001
2019-02-18,31.99425,60.37941,125.872,52.9,76.4,13.9,198.6,1012.6,3.4,0.0,176.2,93.0,Moderate,2019,2,18,Monday,Winter,0,24.98378,50.55987,38.574665,42.96799,67.33073,78.0,109.0,29.112996419270832,44.58351080758231,86.66666666666667,120.71428571428571,0.8660254037844386,0.5000000000000001
2019-02-19,30.41749,43.92585,77.89819,53.6,77.1,10.3,302.6,1017.3,3.4,1.3,182.5,90.0,Moderate,2019,2,19,Tuesday,Winter,0,31.99425,30.36096,51.7567,60.37941,94.7752,93.0,141.0,29.131839752197266,41.5350524357387,87.0,113.42857142857143,0.8660254037844386,0.5000000000000001
2019-02-20,38.03523,65.86963,120.4109,54.8,72.0,11.4,310.8,1020.3,3.9,0.0,228.5,107.0,Unhealthy for Sensitive Groups,2019,2,20,Wednesday,Winter,0,30.41749,24.98378,55.10109,43.92585,84.22089,90.0,149.0,33.482322692871094,39.097072328839985,96.66666666666667,107.42857142857143,0.8660254037844386,0.5000000000000001
2019-02-21,44.24293,73.35346,122.9164,57.9,72.1,16.1,301.9,1021.5,3.8,0.0,226.9,123.0,Unhealthy for Sensitive Groups,2019,2,21,Thursday,Winter,0,38.03523,31.99425,67.32793,65.86963,94.85448,107.0,157.0,37.565216700236,35.799215861729216,106.66666666666667,102.57142857142857,0.8660254037844386,0.5000000000000001
2019-02-22,37.9443,66.50372,103.3417,60.3,65.4,17.2,319.1,1018.8,4.0,0.0,209.8,107.0,Unhealthy for Sensitive Groups,2019,2,22,Friday,Winter,0,44.24293,30.41749,50.55987,73.35346,77.24188,123.0,138.0,40.074153900146484,33.9969915662493,112.33333333333333,98.14285714285714,0.8660254037844386,0.5000000000000001
2019-02-23,33.43206,53.65791,80.53473,59.2,61.3,12.8,290.7,1015.1,4.2,0.0,234.8,96.0,Moderate,2019,2,23,Saturday,Winter,1,37.9443,38.03523,30.36096,66.50372,37.61238,107.0,89.0,38.539764404296875,34.43572017124721,108.66666666666667,99.14285714285714,0.8660254037844386,0.5000000000000001
2019-02-24,34.42834,55.90438,87.56398,58.5,59.2,8.1,329.3,1014.7,3.7,0.0,151.2,98.0,Moderate,2019,2,24,Sunday,Winter,0,33.43206,44.24293,24.98378,53.65791,42.96799,96.0,78.0,35.26823425292969,35.78494317190988,100.33333333333333,102.0,0.8660254037844386,0.5000000000000001
2019-02-25,21.78514,39.1684,65.18826,57.1,52.6,8.1,224.9,1015.0,4.6,0.0,178.7,71.0,Moderate,2019,2,25,Monday,Winter,0,34.42834,37.9443,31.99425,55.90438,60.37941,98.0,93.0,29.881846745808918,34.32649884905134,88.33333333333333,98.85714285714286,0.8660254037844386,0.5000000000000001
2019-02-26,28.64206,52.60775,85.92163,56.1,48.4,12.8,253.8,1015.3,5.1,0.0,219.4,86.0,Moderate,2019,2,26,Tuesday,Winter,0,21.78514,33.43206,30.41749,39.1684,43.92585,71.0,90.0,28.285179773966473,34.07286589486258,85.0,98.28571428571429,0.8660254037844386,0.5000000000000001
2019-02-27,20.17307,35.43435,63.73965,52.2,66.0,12.8,103.3,1014.6,4.4,2.3,76.8,68.0,Moderate,2019,2,27,Wednesday,Winter,0,28.64206,34.42834,38.03523,52.60775,65.86963,86.0,107.0,23.533423105875652,31.521129063197545,75.0,92.71428571428571,0.8660254037844386,0.5000000000000001
2019-02-28,14.45265,19.88337,43.17243,47.1,75.7,13.9,247.8,1015.2,4.4,26.9,156.6,56.0,Moderate,2019,2,28,Thursday,Winter,0,20.17307,21.78514,44.24293,35.43435,73.35346,68.0,123.0,21.08926010131836,27.26537459237235,70.0,83.14285714285714,0.8660254037844386,0.5000000000000001
2019-03-01,29.13628,40.8523,68.58938,50.1,72.6,12.8,252.7,1016.7,4.4,0.0,250.0,87.0,Moderate,2019,3,1,Friday,Spring,0,14.45265,28.64206,37.9443,19.88337,66.50372,56.0,107.0,21.254000345865887,26.0070858001709,70.33333333333333,80.28571428571429,1.0,6.123233995736766e-17
2019-03-02,38.11354,51.93743,78.97048,52.0,75.0,9.2,256.1,1018.3,3.9,0.0,220.5,107.0,Unhealthy for Sensitive Groups,2019,3,2,Saturday,Spring,1,29.13628,20.17307,33.43206,40.8523,53.65791,87.0,96.0,27.23415692647298,26.67586871555873,83.33333333333333,81.85714285714286,1.0,6.123233995736766e-17
2019-03-03,37.81708,46.84074,63.28373,54.3,79.1,8.1,227.6,1015.8,3.7,0.0,178.8,107.0,Unhealthy for Sensitive Groups,2019,3,3,Sunday,Spring,0,38.11354,14.45265,34.42834,51.93743,55.90438,107.0,98.0,35.022300720214844,27.15997450692313,100.33333333333333,83.14285714285714,1.0,6.123233995736766e-17
2019-03-04,42.77215,57.49388,82.38673,56.2,73.0,9.2,243.3,1012.1,3.9,0.0,221.7,119.0,Unhealthy for Sensitive Groups,2019,3,4,Monday,Spring,0,37.81708,29.13628,21.78514,46.84074,39.1684,107.0,71.0,39.5675900777181,30.158118656703405,111.0,90.0,1.0,6.123233995736766e-17
2019-03-05,32.9966,48.6772,77.45953,55.8,70.2,16.1,238.9,1011.9,3.9,0.0,225.8,95.0,Moderate,2019,3,5,Tuesday,Spring,0,42.77215,38.11354,28.64206,57.49388,52.60775,119.0,86.0,37.86194356282552,30.780196053641184,107.0,91.28571428571429,1.0,6.123233995736766e-17
2019-03-06,30.93085,49.73796,80.5552,55.4,67.0,13.9,195.1,1013.1,4.6,0.0,247.6,91.0,Moderate,2019,3,6,Wednesday,Spring,0,32.9966,37.81708,20.17307,48.6772,35.43435,95.0,68.0,35.56653277079264,32.31702150617327,101.66666666666667,94.57142857142857,1.0,6.123233995736766e-17
2019-03-07,36.77039,56.46466,94.36535,56.1,70.2,15.0,222.0,1014.2,3.8,0.0,249.3,104.0,Unhealthy for Sensitive Groups,2019,3,7,Thursday,Spring,0,30.93085,42.77215,14.45265,49.73796,19.88337,91.0,56.0,33.56594657897949,35.50527000427246,96.66666666666667,101.42857142857143,1.0,6.123233995736766e-17
2019-03-08,39.28432,56.40148,87.14412,56.1,69.5,13.9,227.3,1015.6,3.8,0.0,230.2,110.0,Unhealthy for Sensitive Groups,2019,3,8,Friday,Spring,0,36.77039,32.9966,29.13628,56.46466,40.8523,104.0,87.0,35.66185315450033,36.95499011448452,101.66666666666667,104.71428571428571,1.0,6.123233995736766e-17
2019-03-09,38.47787,52.41934,76.07606,57.3,68.2,9.2,211.6,1015.8,4.1,0.0,238.9,108.0,Unhealthy for Sensitive Groups,2019,3,9,Saturday,Spring,1,39.28432,30.93085,38.11354,56.40148,51.93743,110.0,107.0,38.1775271097819,37.00703729901995,107.33333333333333,104.85714285714286,1.0,6.123233995736766e-17
2019-03-10,38.13417,61.74318,95.79637,59.4,59.6,11.4,265.4,1017.8,4.3,0.0,245.5,107.0,Unhealthy for Sensitive Groups,2019,3,10,Sunday,Spring,0,38.47787,36.77039,37.81708,52.41934,46.84074,108.0,107.0,38.632120768229164,37.05233573913574,108.33333333333333,104.85714285714286,1.0,6.123233995736766e-17
2019-03-11,35.58868,58.75066,90.32184,60.0,60.0,11.4,264.5,1019.3,4.1,0.0,267.7,101.0,Unhealthy for Sensitive Groups,2019,3,11,Monday,Spring,0,38.13417,39.28432,42.77215,61.74318,57.49388,107.0,119.0,37.40024058024088,36.026126044137136,105.33333333333333,102.28571428571429,1.0,6.123233995736766e-17
2019-03-12,42.65812,80.5418,130.3406,61.6,51.9,17.2,307.8,1019.0,4.5,0.0,270.5,119.0,Unhealthy for Sensitive Groups,2019,3,12,Tuesday,Spring,0,35.58868,38.47787,32.9966,58.75066,48.6772,101.0,95.0,38.79365666707357,37.40634291512625,109.0,105.71428571428571,1.0,6.123233995736766e-17
2019-03-13,49.89682,91.22721,129.9989,63.3,47.9,15.0,310.4,1018.0,4.5,0.1016,278.9,136.0,Unhealthy for Sensitive Groups,2019,3,13,Wednesday,Spring,0,42.65812,38.13417,30.93085,80.5418,49.73796,119.0,91.0,42.71453984578451,40.115767342703684,118.66666666666667,112.14285714285714,1.0,6.123233995736766e-17
2019-03-14,37.86544,67.81692,95.57528,65.1,46.2,11.4,303.2,1019.8,4.5,0.0,184.5,107.0,Unhealthy for Sensitive Groups,2019,3,14,Thursday,Spring,0,49.89682,35.58868,36.77039,91.22721,56.46466,136.0,104.0,43.47345987955729,40.272203172956196,120.66666666666667,112.57142857142857,1.0,6.123233995736766e-17
2019-03-15,40.10194,71.52461,102.0278,63.7,45.5,13.9,302.5,1020.9,4.9,0.0,231.4,112.0,Unhealthy for Sensitive Groups,2019,3,15,Friday,Spring,0,37.86544,42.65812,39.28432,67.81692,56.40148,107.0,110.0,42.62140019734701,40.389005933489116,118.33333333333333,112.85714285714286,1.0,6.123233995736766e-17
2019-03-16,42.38421,70.11082,99.33906,62.3,52.1,11.4,232.6,1018.2,4.6,0.0,257.1,118.0,Unhealthy for Sensitive Groups,2019,3,16,Saturday,Spring,1,40.10194,49.89682,38.47787,71.52461,52.41934,112.0,108.0,40.11719640096029,40.94705418178013,112.33333333333333,114.28571428571429,1.0,6.123233995736766e-17
2019-03-17,46.21405,76.3802,110.0718,61.6,59.8,17.2,200.8,1018.7,3.9,0.0,239.3,127.0,Unhealthy for Sensitive Groups,2019,3,17,Sunday,Spring,0,42.38421,37.86544,38.13417,70.11082,61.74318,118.0,107.0,42.90006637573242,42.10132271902902,119.0,117.14285714285714,1.0,6.123233995736766e-17
2019-03-18,44.82338,79.71615,131.7545,59.7,65.0,16.1,206.7,1018.7,4.0,3.3,212.5,124.0,Unhealthy for Sensitive Groups,2019,3,18,Monday,Spring,0,46.21405,40.10194,35.58868,76.3802,58.75066,127.0,101.0,44.47387949625651,43.42056546892439,123.0,120.42857142857143,1.0,6.123233995736766e-17
2019-03-19,41.30026,61.91215,103.0484,57.5,73.0,15.0,189.3,1015.5,3.5,0.5,221.7,115.0,Unhealthy for Sensitive Groups,2019,3,19,Tuesday,Spring,0,44.82338,42.38421,42.65812,79.71615,80.5418,124.0,119.0,44.112562815348305,43.226585388183594,122.0,119.85714285714286,1.0,6.123233995736766e-17
2019-03-20,36.5945,66.12016,134.1117,59.1,70.7,16.1,197.8,1016.0,3.9,11.2,248.3,104.0,Unhealthy for Sensitive Groups,2019,3,20,Wednesday,Spring,0,41.30026,46.21405,49.89682,61.91215,91.22721,115.0,136.0,40.906046549479164,41.326254163469585,114.33333333333333,115.28571428571429,1.0,6.123233995736766e-17
2019-03-21,35.95021,64.12838,98.97897,61.3,59.6,13.9,328.7,1017.8,4.6,0.5,263.3,102.0,Unhealthy for Sensitive Groups,2019,3,21,Thursday,Spring,0,36.5945,44.82338,37.86544,66.12016,67.81692,104.0,107.0,37.948323567708336,41.0526499067034,107.0,114.57142857142857,1.0,6.123233995736766e-17
2019-03-22,43.73703,79.94156,117.745,63.6,51.0,13.9,286.0,1016.9,4.6,0.0,259.4,121.0,Unhealthy for Sensitive Groups,2019,3,22,Friday,Spring,0,35.95021,41.30026,40.10194,64.12838,71.52461,102.0,112.0,38.760580698649086,41.5719484601702,109.0,115.85714285714286,1.0,6.123233995736766e-17
2019-03-23,54.37518,90.24561,129.6616,63.3,52.9,13.9,219.3,1015.4,3.9,0.0,286.7,147.0,Unhealthy for Sensitive Groups,2019,3,23,Saturday,Spring,1,43.73703,36.5945,42.38421,79.94156,70.11082,121.0,118.0,44.68747329711914,43.284944261823384,123.33333333333333,120.0,1.0,6.123233995736766e-17
2019-03-24,60.6389,92.35364,131.6898,63.8,60.5,15.0,205.7,1016.0,3.0,0.0,266.6,154.0,Unhealthy,2019,3,24,Sunday,Spring,0,54.37518,35.95021,46.21405,90.24561,76.3802,147.0,127.0,52.91703669230143,45.34563718523298,140.66666666666666,123.85714285714286,1.0,6.123233995736766e-17
2019-03-25,41.25777,73.01793,117.2013,62.3,72.2,28.9,184.8,1017.6,2.5,0.0,208.5,115.0,Unhealthy for Sensitive Groups,2019,3,25,Monday,Spring,0,60.6389,43.73703,44.82338,92.35364,79.71615,154.0,124.0,52.090616861979164,44.83626447405134,138.66666666666666,122.57142857142857,1.0,6.123233995736766e-17
2019-03-26,6.971779,12.60324,21.35443,57.0,81.2,12.8,128.7,1019.2,4.0,14.0,167.2,29.0,Good,2019,3,26,Tuesday,Spring,0,41.25777,54.37518,41.30026,73.01793,61.91215,115.0,115.0,36.289483388264976,39.93219593593052,99.33333333333333,110.28571428571429,1.0,6.123233995736766e-17
2019-03-27,12.46203,26.44141,51.46672,59.6,73.4,10.3,295.1,1019.6,4.6,7.9,273.2,52.0,Moderate,2019,3,27,Wednesday,Spring,0,6.971779,60.6389,36.5945,12.60324,66.12016,29.0,104.0,20.230526606241863,36.48470006670271,65.33333333333333,102.85714285714286,1.0,6.123233995736766e-17
2019-03-28,19.88052,47.58356,89.40727,63.3,69.5,12.8,195.6,1019.0,4.7,0.0,272.7,67.0,Moderate,2019,3,28,Thursday,Spring,0,12.46203,41.25777,35.95021,26.44141,64.12838,52.0,102.0,13.104776382446289,34.18902996608189,49.333333333333336,97.85714285714286,1.0,6.123233995736766e-17
2019-03-29,11.24831,27.92495,52.92594,65.9,71.1,15.0,212.7,1016.5,3.3,0.0,188.4,47.0,Good,2019,3,29,Friday,Spring,0,19.88052,6.971779,43.73703,47.58356,79.94156,67.0,121.0,14.53028678894043,29.5477842603411,55.333333333333336,87.28571428571429,1.0,6.123233995736766e-17
2019-03-30,9.471533,13.87452,22.24422,64.1,81.2,11.4,258.9,1016.3,2.5,0.0,149.8,39.0,Good,2019,3,30,Saturday,Spring,1,11.24831,12.46203,54.37518,27.92495,90.24561,47.0,147.0,13.533454259236654,23.132977621895925,51.0,71.85714285714286,1.0,6.123233995736766e-17
2019-03-31,16.38571,39.30902,65.09758,65.4,74.2,19.7,322.8,1014.0,3.2,9.7,226.0,60.0,Moderate,2019,3,31,Sunday,Spring,0,9.471533,19.88052,60.6389,13.87452,92.35364,39.0,154.0,12.368517557779947,16.811093194144114,48.666666666666664,58.42857142857143,1.0,6.123233995736766e-17
2019-04-01,12.32195,37.95909,66.70949,64.9,61.3,12.8,243.4,1015.7,4.7,3.6,248.1,51.0,Moderate,2019,4,1,Monday,Spring,0,16.38571,11.24831,41.25777,39.30902,73.01793,60.0,115.0,12.726397514343262,12.677404539925712,50.0,49.285714285714285,0.8660254037844387,-0.4999999999999998
2019-04-02,12.2542,46.60712,82.78534,65.1,53.9,10.3,251.4,1015.6,5.0,0.0,278.4,51.0,Moderate,2019,4,2,Tuesday,Spring,0,12.32195,9.471533,6.971779,37.95909,12.60324,51.0,29.0,13.653953234354654,13.432036127362933,54.0,52.42857142857143,0.8660254037844387,-0.4999999999999998
2019-04-03,14.985585,45.27888,78.72545,65.0,68.2,13.9,209.4,1016.4,4.0,0.0,239.9,57.0,Moderate,2019,4,3,Wednesday,Spring,0,12.2542,16.38571,12.46203,46.60712,26.44141,51.0,52.0,13.18724505106608,13.792543956211635,53.0,53.142857142857146,0.8660254037844387,-0.4999999999999998
2019-04-04,17.71697,43.95064,74.66555,65.2,79.4,15.0,174.7,1017.5,3.2,0.3,209.3,63.0,Moderate,2019,4,4,Thursday,Spring,0,14.985585,12.32195,19.88052,45.27888,47.58356,57.0,67.0,14.98558521270752,13.483465467180524,57.0,52.57142857142857,0.8660254037844387,-0.4999999999999998
2019-04-05,9.647753,23.247217,39.161587,64.7,85.3,10.3,279.1,1017.6,2.3,3.0,179.1,40.0,Good,2019,4,5,Friday,Spring,0,17.71697,12.2542,11.24831,43.95064,27.92495,63.0,47.0,14.116769472757975,13.254814420427595,53.333333333333336,51.57142857142857,0.8660254037844387,-0.4999999999999998
2019-04-06,1.578535,2.543793,3.657623,59.9,92.8,6.9,91.5,1017.3,3.2,0.0,157.8,7.0,Good,2019,4,6,Saturday,Spring,1,9.647753,14.985585,9.471533,23.247217,13.87452,40.0,39.0,9.647752722104391,12.127243297440666,36.666666666666664,47.0,0.8660254037844387,-0.4999999999999998
2019-04-07,34.19151,89.03094,202.7916,62.3,80.9,10.3,94.5,1017.0,4.6,4.3,187.4,97.0,Moderate,2019,4,7,Sunday,Spring,0,1.578535,17.71697,16.38571,2.543793,39.30902,7.0,60.0,15.139265656471252,14.670928938048226,48.0,52.285714285714285,0.8660254037844387,-0.4999999999999998
2019-04-08,44.50512,91.88023,189.5178,64.6,75.0,9.2,232.9,1014.5,4.2,5.9944,244.4,123.0,Unhealthy for Sensitive Groups,2019,4,8,Monday,Spring,0,34.19151,9.647753,12.32195,89.03094,37.95909,97.0,51.0,26.758387843767803,19.268524561609542,75.66666666666667,62.57142857142857,0.8660254037844387,-0.4999999999999998
2019-04-09,54.27618,103.836,194.899,63.6,79.1,13.9,130.2,1014.5,3.9,6.6,207.1,147.0,Unhealthy for Sensitive Groups,2019,4,9,Tuesday,Spring,0,44.50512,1.578535,12.2542,91.88023,46.60712,123.0,51.0,44.32426961263021,25.271664602415903,122.33333333333333,76.28571428571429,0.8660254037844387,-0.4999999999999998
2019-04-10,45.30752,97.77605,190.2067,66.9,73.9,8.1,222.1,1016.7,4.1,0.0,252.5,125.0,Unhealthy for Sensitive Groups,2019,4,10,Wednesday,Spring,0,54.27618,34.19151,14.985585,103.836,45.27888,147.0,57.0,48.02960713704427,29.60336983203888,131.66666666666666,86.0,0.8660254037844387,-0.4999999999999998
2019-04-11,44.534,94.73742,199.4671,68.1,74.4,12.8,214.6,1016.2,4.1,0.0,231.2,123.0,Unhealthy for Sensitive Groups,2019,4,11,Thursday,Spring,0,45.30752,44.50512,17.71697,97.77605,43.95064,125.0,63.0,48.03923416137695,33.4343741110393,131.66666666666666,94.57142857142857,0.8660254037844387,-0.4999999999999998
2019-04-12,52.34261,101.2263,196.0284,69.5,75.3,9.2,230.4,1016.3,3.7,0.0,221.6,142.0,Unhealthy for Sensitive Groups,2019,4,12,Friday,Spring,0,44.534,54.27618,9.647753,94.73742,23.247217,123.0,40.0,47.394710540771484,39.53363934585026,130.0,109.14285714285714,0.8660254037844387,-0.4999999999999998
2019-04-13,47.40037,80.49952,129.1464,70.3,75.4,11.4,291.9,1016.3,3.7,0.2032,238.5,130.0,Unhealthy for Sensitive Groups,2019,4,13,Saturday,Spring,1,52.34261,45.30752,1.578535,101.2263,2.543793,142.0,7.0,48.09232711791992,46.079616001674104,131.66666666666666,126.71428571428571,0.8660254037844387,-0.4999999999999998
2019-04-14,51.26613,74.92903,97.75806,68.3,83.4,10.3,118.4,1016.2,3.6,3.0,246.4,140.0,Unhealthy for Sensitive Groups,2019,4,14,Sunday,Spring,0,47.40037,44.534,34.19151,80.49952,89.03094,130.0,97.0,50.33636983235677,48.51884732927595,137.33333333333334,132.85714285714286,0.8660254037844387,-0.4999999999999998
2019-04-15,48.306465,75.59981,113.168304,68.3,83.1,15.0,204.6,1015.5,3.6,0.0,243.7,133.0,Unhealthy for Sensitive Groups,2019,4,15,Monday,Spring,0,51.26613,52.34261,44.50512,74.92903,91.88023,140.0,123.0,48.990988413492836,49.061896732875276,134.33333333333334,134.28571428571428,0.8660254037844387,-0.4999999999999998
2019-04-16,45.3468,76.27058,128.57855,69.7,77.8,16.1,293.3,1016.8,3.5,0.1016,249.3,125.0,Unhealthy for Sensitive Groups,2019,4,16,Tuesday,Spring,0,48.306465,47.40037,54.27618,75.59981,103.836,133.0,147.0,48.30646514892578,47.786271231515066,132.66666666666666,131.14285714285714,0.8660254037844387,-0.4999999999999998
2019-04-17,42.38714,76.94135,143.9888,66.5,74.7,10.3,301.1,1018.8,4.9,6.6,167.0,118.0,Unhealthy for Sensitive Groups,2019,4,17,Wednesday,Spring,0,45.3468,51.26613,45.30752,76.27058,97.77605,125.0,125.0,45.3468017578125,47.36907359531948,125.33333333333333,130.14285714285714,0.8660254037844387,-0.4999999999999998
2019-04-18,39.427475,77.61213,159.39905,67.2,63.4,11.4,274.4,1017.3,5.0,0.0,267.3,111.0,Unhealthy for Sensitive Groups,2019,4,18,Thursday,Spring,0,42.38714,48.306465,44.534,76.94135,94.73742,118.0,123.0,42.38713836669922,46.63956996372768,118.0,128.42857142857142,0.8660254037844387,-0.4999999999999998
2019-04-19,36.46781,78.2829,174.8093,63.5,71.9,16.1,126.2,1015.9,4.3,25.9,257.4,103.0,Unhealthy for Sensitive Groups,2019,4,19,Friday,Spring,0,39.427475,45.3468,52.34261,77.61213,101.2263,111.0,142.0,39.42747497558594,44.3717417035784,110.66666666666667,122.85714285714286,0.8660254037844387,-0.4999999999999998
2019-04-20,54.08985,126.7054,227.614,64.1,68.5,15.0,184.9,1014.8,4.4,0.0,261.3,147.0,Unhealthy for Sensitive Groups,2019,4,20,Saturday,Spring,1,36.46781,42.38714,47.40037,78.2829,80.49952,103.0,130.0,43.32837931315104,45.32738167898996,120.33333333333333,125.28571428571429,0.8660254037844387,-0.4999999999999998
2019-04-21,67.3083,113.8776,203.873,64.5,74.8,11.4,74.4,1013.9,3.6,0.0,230.3,157.0,Unhealthy,2019,4,21,Sunday,Spring,0,54.08985,39.427475,51.26613,126.7054,74.92903,147.0,140.0,52.621986389160156,47.61911991664341,135.66666666666666,127.71428571428571,0.8660254037844387,-0.4999999999999998
2019-04-22,66.11098,106.1847,171.7863,64.4,79.6,15.0,165.5,1015.0,3.3,6.1,239.8,156.0,Unhealthy,2019,4,22,Monday,Spring,0,67.3083,36.46781,48.306465,113.8776,75.59981,157.0,133.0,62.50304158528646,50.1626216343471,153.33333333333334,131.0,0.8660254037844387,-0.4999999999999998
2019-04-23,70.87636,124.3336,210.43,66.5,77.1,10.3,150.8,1016.8,3.4,0.0,218.1,159.0,Unhealthy,2019,4,23,Tuesday,Spring,0,66.11098,54.08985,45.3468,106.1847,76.27058,156.0,125.0,68.09854380289714,53.809701102120535,157.33333333333334,135.85714285714286,0.8660254037844387,-0.4999999999999998
2019-04-24,71.99305,134.5313,235.0499,70.4,72.8,9.2,185.3,1018.3,3.3,3.3,265.5,160.0,Unhealthy,2019,4,24,Wednesday,Spring,0,70.87636,67.3083,42.38714,124.3336,76.94135,159.0,118.0,69.66012827555339,58.03911699567522,158.33333333333334,141.85714285714286,0.8660254037844387,-0.4999999999999998
2019-04-25,58.53045,101.6337,173.6123,69.4,78.6,11.4,146.7,1017.5,3.5,1.3,247.9,153.0,Unhealthy,2019,4,25,Thursday,Spring,0,71.99305,66.11098,39.427475,134.5313,77.61213,160.0,111.0,67.13328552246094,60.76811327253069,157.33333333333334,147.85714285714286,0.8660254037844387,-0.4999999999999998
2019-04-26,61.14175,96.01418,153.2152,67.7,86.2,9.2,305.7,1015.0,3.0,8.6,240.1,154.0,Unhealthy,2019,4,26,Friday,Spring,0,58.53045,70.87636,36.46781,101.6337,78.2829,153.0,103.0,63.8884162902832,64.29296166556222,155.66666666666666,155.14285714285714,0.8660254037844387,-0.4999999999999998
2019-04-27,63.61803,102.814,168.5193,72.8,74.8,11.4,282.9,1013.5,3.0,0.3,262.2,155.0,Unhealthy,2019,4,27,Saturday,Spring,1,61.14175,71.99305,54.08985,96.01418,126.7054,154.0,147.0,61.09674326578776,65.65413011823382,154.0,156.28571428571428,0.8660254037844387,-0.4999999999999998
2019-04-28,58.49122,99.95783,161.9803,74.3,72.2,11.4,297.8,1012.5,3.6,0.0,293.0,153.0,Unhealthy,2019,4,28,Sunday,Spring,0,63.61803,58.53045,67.3083,102.814,113.8776,155.0,157.0,61.083666483561196,64.39454759870257,154.0,155.71428571428572,0.8660254037844387,-0.4999999999999998
2019-04-29,72.13489,105.1152,139.0163,75.1,70.5,16.1,254.6,1012.9,3.3,0.0,272.3,160.0,Unhealthy,2019,4,29,Monday,Spring,0,58.49122,61.14175,66.11098,99.95783,106.1847,153.0,156.0,64.74804560343425,65.25510624476841,156.0,156.28571428571428,0.8660254037844387,-0.4999999999999998
2019-04-30,69.440025,106.54067,154.89555,74.8,67.2,12.8,300.7,1012.8,3.3,0.0,277.6,158.0,Unhealthy,2019,4,30,Tuesday,Spring,0,72.13489,63.61803,70.87636,105.1152,124.3336,160.0,159.0,66.68871053059895,65.04991585867745,157.0,156.14285714285714,0.8660254037844387,-0.4999999999999998
2019-05-01,66.74516,107.96615,170.7748,74.9,59.4,18.3,317.8,1013.0,4.0,0.0,304.9,157.0,Unhealthy,2019,5,1,Wednesday,Spring,0,69.440025,58.49122,71.99305,106.54067,134.5313,158.0,160.0,69.44002532958984,64.3002177647182,158.33333333333334,155.71428571428572,0.49999999999999994,-0.8660254037844387
2019-05-02,64.05029,109.391624,186.65405,74.9,56.4,15.0,259.5,1014.1,4.9,0.0,304.7,155.0,Unhealthy,2019,5,2,Thursday,Spring,0,66.74516,72.13489,58.53045,107.96615,101.6337,157.0,153.0,66.74516042073567,65.08876691545758,156.66666666666666,156.0,0.49999999999999994,-0.8660254037844387
2019-05-03,61.35543,110.8171,202.5333,67.9,81.2,20.8,83.7,1015.0,3.6,6.1,210.5,154.0,Unhealthy,2019,5,3,Friday,Spring,0,64.05029,69.440025,61.14175,109.391624,96.01418,155.0,154.0,64.05029551188152,65.11929266793388,155.33333333333334,156.0,0.49999999999999994,-0.8660254037844387
2019-05-04,36.11361,60.53604,103.2563,69.5,71.9,13.9,288.1,1013.2,4.6,0.0,264.7,103.0,Unhealthy for Sensitive Groups,2019,5,4,Saturday,Spring,1,61.35543,66.74516,63.61803,110.8171,102.814,154.0,155.0,53.83977762858073,61.190089634486604,137.33333333333334,148.57142857142858,0.49999999999999994,-0.8660254037844387
2019-05-05,43.52667,89.04618,147.4871,72.7,61.0,13.9,289.5,1013.9,4.6,0.0,288.6,121.0,Unhealthy for Sensitive Groups,2019,5,5,Sunday,Spring,0,36.11361,64.05029,58.49122,60.53604,99.95783,103.0,153.0,46.99856948852539,59.05229677472796,126.0,144.0,0.49999999999999994,-0.8660254037844387
2019-05-06,68.20153,153.5489,236.6922,71.4,56.3,12.8,284.5,1011.8,4.3,0.0,300.9,158.0,Unhealthy,2019,5,6,Monday,Spring,0,43.52667,61.35543,72.13489,89.04618,105.1152,121.0,160.0,49.2806027730306,58.490388597760884,127.33333333333333,143.71428571428572,0.49999999999999994,-0.8660254037844387
2019-05-07,77.59604,160.7926,236.2697,72.9,58.2,12.8,209.2,1011.3,3.7,0.0,310.0,162.0,Unhealthy,2019,5,7,Tuesday,Spring,0,68.20153,36.11361,69.440025,153.5489,106.54067,158.0,158.0,63.108079274495445,59.65553338187082,147.0,144.28571428571428,0.49999999999999994,-0.8660254037844387
2019-05-08,82.84937,156.7628,230.6889,73.9,59.7,13.9,304.8,1010.4,3.5,0.0,321.1,165.0,Unhealthy,2019,5,8,Wednesday,Spring,0,77.59604,43.52667,66.74516,160.7926,107.96615,162.0,157.0,76.2156473795573,61.95613479614258,161.66666666666666,145.42857142857142,0.49999999999999994,-0.8660254037844387
2019-05-09,90.13139,158.8267,235.7001,74.7,61.9,12.8,298.9,1009.6,2.9,0.0,319.5,169.0,Unhealthy,2019,5,9,Thursday,Spring,0,82.84937,68.20153,64.05029,156.7628,109.391624,165.0,155.0,83.52560170491536,65.68200629098075,165.33333333333334,147.42857142857142,0.49999999999999994,-0.8660254037844387
2019-05-10,80.79465,156.0188,225.6661,75.6,58.3,11.4,293.3,1011.3,3.1,0.0,305.1,164.0,Unhealthy,2019,5,10,Friday,Spring,0,90.13139,77.59604,61.35543,158.8267,110.8171,169.0,154.0,84.59180450439453,68.45903723580497,166.0,148.85714285714286,0.49999999999999994,-0.8660254037844387
2019-05-11,69.90105,126.4892,195.967,76.9,54.9,15.0,317.0,1013.5,3.5,0.0,286.6,158.0,Unhealthy,2019,5,11,Saturday,Spring,1,80.79465,82.84937,36.11361,156.0188,60.53604,164.0,103.0,80.27569580078125,73.28581401279995,163.66666666666666,156.71428571428572,0.49999999999999994,-0.8660254037844387
2019-05-12,49.95431,98.15083,154.4102,70.3,58.5,15.0,154.7,1014.4,4.2,0.3,282.5,137.0,Unhealthy for Sensitive Groups,2019,5,12,Sunday,Spring,0,69.90105,90.13139,43.52667,126.4892,89.04618,158.0,121.0,66.88333511352539,74.20404870169503,153.0,159.0,0.49999999999999994,-0.8660254037844387
2019-05-13,60.82521,97.00924,131.8485,66.6,72.6,8.1,70.2,1014.0,3.9,0.0,269.4,154.0,Unhealthy,2019,5,13,Monday,Spring,0,49.95431,80.79465,68.20153,98.15083,153.5489,137.0,158.0,60.22685623168945,73.15028871808734,149.66666666666666,158.42857142857142,0.49999999999999994,-0.8660254037844387
2019-05-14,55.24312,93.53535,138.3717,70.0,66.1,16.1,273.2,1013.5,3.9,0.0,271.6,150.0,Unhealthy for Sensitive Groups,2019,5,14,Tuesday,Spring,0,60.82521,69.90105,77.59604,97.00924,160.7926,154.0,162.0,55.34088007609049,69.95701435634068,147.0,156.71428571428572,0.49999999999999994,-0.8660254037844387
2019-05-15,38.46384,61.91457,83.46609,69.0,69.9,13.9,207.5,1014.6,4.1,1.0,242.5,108.0,Unhealthy for Sensitive Groups,2019,5,15,Wednesday,Spring,0,55.24312,49.95431,82.84937,93.53535,156.7628,150.0,165.0,51.51072311401367,63.616224016462056,137.33333333333334,148.57142857142858,0.49999999999999994,-0.8660254037844387
2019-05-16,37.041866,60.742474,85.93441,70.3,76.1,11.4,285.9,1015.1,3.7,5.8,248.1,105.0,Unhealthy for Sensitive Groups,2019,5,16,Thursday,Spring,0,38.46384,60.82521,90.13139,61.91457,158.8267,108.0,169.0,43.58294169108073,56.03200585501535,121.0,139.42857142857142,0.49999999999999994,-0.8660254037844387
2019-05-17,35.619892,59.57038,88.402725,72.2,64.4,13.9,320.4,1013.9,4.6,0.8,294.7,101.0,Unhealthy for Sensitive Groups,2019,5,17,Friday,Spring,0,37.041866,55.24312,80.79465,60.742474,156.0188,105.0,164.0,37.041866302490234,49.57846941266741,104.66666666666667,130.42857142857142,0.49999999999999994,-0.8660254037844387
2019-05-18,34.19792,58.398285,90.87105,73.6,57.8,18.3,307.9,1013.3,4.6,0.0,297.0,97.0,Moderate,2019,5,18,Saturday,Spring,1,35.619892,38.46384,69.90105,59.57038,126.4892,101.0,158.0,35.619893391927086,44.47802298409598,101.0,121.71428571428571,0.49999999999999994,-0.8660254037844387
2019-05-19,32.775948,57.22619,93.33936,72.9,60.7,12.8,194.8,1014.6,4.5,1.0,275.7,94.0,Moderate,2019,5,19,Sunday,Spring,0,34.19792,37.041866,49.95431,58.398285,98.15083,97.0,137.0,34.19792048136393,42.02397101266043,97.33333333333333,115.57142857142857,0.49999999999999994,-0.8660254037844387
2019-05-20,31.353973,56.054096,95.80768,74.7,63.1,11.4,283.0,1015.9,4.0,0.0,268.3,91.0,Moderate,2019,5,20,Monday,Spring,0,32.775948,35.619892,60.82521,57.22619,97.00924,94.0,154.0,32.77594757080078,37.81379427228655,94.0,106.57142857142857,0.49999999999999994,-0.8660254037844387
2019-05-21,29.932,54.882,98.276,75.7,64.9,12.8,220.5,1015.1,3.7,0.0,262.3,89.0,Moderate,2019,5,21,Tuesday,Spring,0,31.353973,34.19792,55.24312,56.054096,93.53535,91.0,150.0,31.353973388671875,34.19792011805943,91.33333333333333,97.85714285714286,0.49999999999999994,-0.8660254037844387
2019-05-22,30.84661,52.547222,88.885666,73.6,71.8,17.2,212.0,1014.2,3.7,0.0,271.1,90.0,Moderate,2019,5,22,Wednesday,Spring,0,29.932,32.775948,38.46384,54.882,61.91457,89.0,108.0,30.71086057027181,33.109744208199636,90.0,95.28571428571429,0.49999999999999994,-0.8660254037844387
2019-05-23,31.76122,50.21245,79.49533,73.1,71.9,10.3,287.2,1013.3,4.0,3.6,240.1,92.0,Moderate,2019,5,23,Thursday,Spring,0,30.84661,31.353973,37.041866,52.547222,60.742474,90.0,105.0,30.846609751383465,32.35536629813058,90.33333333333333,93.42857142857143,0.49999999999999994,-0.8660254037844387
2019-05-24,32.67583,47.87767,70.105,73.4,76.3,15.0,296.9,1012.6,3.4,0.0,268.3,94.0,Moderate,2019,5,24,Friday,Spring,0,31.76122,29.932,35.619892,50.21245,59.57038,92.0,101.0,31.761220296223957,31.934786115373885,92.0,92.42857142857143,0.49999999999999994,-0.8660254037844387
2019-05-25,31.57847,48.85,65.54165,74.1,66.7,16.1,311.2,1010.4,4.7,2.0,253.4,92.0,Moderate,2019,5,25,Saturday,Spring,1,32.67583,30.84661,34.19792,47.87767,58.398285,94.0,97.0,32.005174001057945,31.560578754970006,92.66666666666667,91.71428571428571,0.49999999999999994,-0.8660254037844387
2019-05-26,24.19978,42.58689,57.38907,72.8,66.0,12.8,306.4,1010.8,4.8,1.0,267.8,76.0,Moderate,2019,5,26,Sunday,Spring,0,31.57847,31.76122,32.775948,48.85,57.22619,92.0,94.0,29.48469352722168,30.335411889212473,87.33333333333333,89.14285714285714,0.49999999999999994,-0.8660254037844387
2019-05-27,28.42597,48.49021,60.62778,75.3,63.4,13.9,243.8,1011.7,4.1,0.0,285.1,85.0,Moderate,2019,5,27,Monday,Spring,0,24.19978,32.67583,31.353973,42.58689,56.054096,76.0,91.0,28.068073272705078,29.917125701904297,84.33333333333333,88.28571428571429,0.49999999999999994,-0.8660254037844387
2019-05-28,23.6934,44.45653,56.97035,75.0,63.2,13.9,234.4,1011.9,4.1,0.0,284.4,75.0,Moderate,2019,5,28,Tuesday,Spring,0,28.42597,31.57847,29.932,48.49021,54.882,85.0,89.0,25.439716339111328,29.0258971623012,78.66666666666667,86.28571428571429,0.49999999999999994,-0.8660254037844387
2019-05-29,21.68111,34.47083,43.75542,71.3,78.3,17.2,185.2,1011.8,3.6,13.0,258.1,71.0,Moderate,2019,5,29,Wednesday,Spring,0,23.6934,24.19978,30.84661,44.45653,52.547222,75.0,90.0,24.600159962972004,27.7165402003697,77.0,83.57142857142857,0.49999999999999994,-0.8660254037844387
2019-05-30,21.00417,29.08194,35.03125,68.5,85.5,11.4,151.1,1011.8,3.4,10.9,248.9,70.0,Moderate,2019,5,30,Thursday,Spring,0,21.68111,28.42597,31.76122,34.47083,50.21245,71.0,92.0,22.1262264251709,26.179818562098912,72.0,80.42857142857143,0.49999999999999994,-0.8660254037844387
2019-05-31,16.80368,26.60449,34.56716,70.4,79.9,6.9,166.1,1012.0,3.7,65.8114,236.2,61.0,Moderate,2019,5,31,Friday,Spring,0,21.00417,23.6934,32.67583,29.08194,47.87767,70.0,94.0,19.82965342203776,23.912368501935685,67.33333333333333,75.71428571428571,0.49999999999999994,-0.8660254037844387
2019-06-01,7.209444,9.823889,12.21917,71.6,80.9,13.9,189.3,1012.8,3.7,8.4,249.0,30.0,Good,2019,6,1,Saturday,Monsoon,1,16.80368,21.68111,31.57847,26.60449,48.85,61.0,92.0,15.005764643351236,20.431079047066824,53.666666666666664,66.85714285714286,1.2246467991473532e-16,-1.0
2019-06-02,6.01912,8.559958,10.60907,70.6,80.2,16.1,97.2,1013.3,4.3,15.5,244.0,25.0,Good,2019,6,2,Sunday,Monsoon,0,7.209444,21.00417,24.19978,9.823889,42.58689,30.0,76.0,10.010748227437338,17.833842005048478,38.666666666666664,59.57142857142857,1.2246467991473532e-16,-1.0
2019-06-03,5.011552,6.641916,8.192476,71.2,77.6,9.2,272.6,1013.4,4.6,0.0,239.1,21.0,Good,2019,6,3,Monday,Monsoon,0,6.01912,16.80368,28.42597,8.559958,48.49021,25.0,85.0,6.080038706461589,14.488925116402763,25.333333333333332,50.42857142857143,1.2246467991473532e-16,-1.0
2019-06-04,3.593889,4.859514,6.000833,73.1,73.8,8.1,235.6,1012.3,4.3,0.9906,254.1,15.0,Good,2019,6,4,Tuesday,Monsoon,0,5.011552,7.209444,23.6934,6.641916,44.45653,21.0,75.0,4.874853690465291,11.617566483361381,20.333333333333332,41.857142857142854,1.2246467991473532e-16,-1.0
2019-06-05,1.192305,1.375336,1.565802,73.1,82.8,10.3,195.2,1011.6,4.2,0.3,170.2,5.0,Good,2019,6,5,Wednesday,Monsoon,0,3.593889,6.01912,21.68111,4.859514,34.47083,15.0,71.0,3.265915274620056,8.690594281469073,13.666666666666666,32.42857142857143,1.2246467991473532e-16,-1.0
2019-06-06,0.361978,0.451996,0.57047,73.2,86.8,8.1,192.0,1013.5,4.2,4.6,118.0,2.0,Good,2019,6,6,Thursday,Monsoon,0,1.192305,5.011552,21.00417,1.375336,29.08194,5.0,70.0,1.7160573204358418,5.741709785802024,7.333333333333333,22.714285714285715,1.2246467991473532e-16,-1.0
2019-06-07,0.26774,0.416572,0.543171,74.8,75.8,9.2,257.9,1014.4,5.0,17.0,211.0,1.0,Good,2019,6,7,Friday,Monsoon,0,0.361978,3.593889,16.80368,0.451996,26.60449,2.0,61.0,0.6073409914970398,3.3794325845582143,2.6666666666666665,14.142857142857142,1.2246467991473532e-16,-1.0
2019-06-08,0.304978,0.412553,0.502635,76.0,71.3,10.3,259.0,1012.8,4.8,0.0,225.1,1.0,Good,2019,6,8,Saturday,Monsoon,1,0.26774,1.192305,7.209444,0.416572,9.823889,1.0,30.0,0.3115653395652771,2.3930802941322327,1.3333333333333333,10.0,1.2246467991473532e-16,-1.0
2019-06-09,0.229066,0.293158,0.33148,76.0,73.4,16.1,241.9,1010.8,4.3,0.0,241.0,1.0,Good,2019,6,9,Sunday,Monsoon,0,0.304978,0.361978,6.01912,0.412553,8.559958,1.0,25.0,0.26726134121418,1.565929691706385,1.0,6.571428571428571,1.2246467991473532e-16,-1.0
2019-06-10,0.240582,0.318197,0.40871,74.2,77.6,19.7,198.8,1009.4,4.0,4.3,260.1,1.0,Good,2019,6,10,Monday,Monsoon,0,0.229066,0.26774,5.011552,0.293158,6.641916,1.0,21.0,0.2582086722056071,0.8843625698770795,1.0,3.7142857142857144,1.2246467991473532e-16,-1.0
2019-06-11,0.205345,0.248809,0.285461,75.3,75.3,13.9,190.6,1009.2,4.0,2.0066,269.4,1.0,Good,2019,6,11,Tuesday,Monsoon,0,0.240582,0.304978,3.593889,0.318197,4.859514,1.0,15.0,0.22499766945838928,0.40028485655784607,1.0,1.7142857142857142,1.2246467991473532e-16,-1.0
2019-06-12,0.148387,0.169403,0.189509,76.7,72.8,12.8,121.2,1010.3,4.4,0.0,251.4,1.0,Good,2019,6,12,Wednesday,Monsoon,0,0.205345,0.229066,1.192305,0.248809,1.375336,1.0,5.0,0.19810466965039572,0.251153718147959,1.0,1.1428571428571428,1.2246467991473532e-16,-1.0
2019-06-13,0.199519,0.231351,0.244391,77.0,73.9,10.3,110.5,1009.9,4.1,0.0,254.6,1.0,Good,2019,6,13,Thursday,Monsoon,0,0.148387,0.240582,0.361978,0.169403,0.451996,1.0,2.0,0.18441699941953024,0.22794528944151743,1.0,1.0,1.2246467991473532e-16,-1.0
2019-06-14,0.187117,0.225205,0.330004,78.7,72.7,11.4,270.8,1007.8,4.0,0.0,234.6,1.0,Good,2019,6,14,Friday,Monsoon,0,0.199519,0.205345,0.26774,0.231351,0.416572,1.0,1.0,0.1783409963051478,0.21642771576132094,1.0,1.0,1.2246467991473532e-16,-1.0
2019-06-15,0.175035,0.183296,0.183885,78.4,71.6,12.8,302.7,1007.8,4.6,9.7,263.6,1.0,Good,2019,6,15,Saturday,Monsoon,1,0.187117,0.148387,0.304978,0.225205,0.412553,1.0,1.0,0.18722366293271384,0.19786442816257477,1.0,1.0,1.2246467991473532e-16,-1.0
2019-06-16,0.283592,0.349507,0.361544,79.4,65.8,10.3,269.7,1007.0,4.1,0.0,282.7,1.0,Good,2019,6,16,Sunday,Monsoon,0,0.175035,0.199519,0.229066,0.183296,0.293158,1.0,1.0,0.21524799366792044,0.20565385477883474,1.0,1.0,1.2246467991473532e-16,-1.0
2019-06-17,1.476927,2.4111423,3.3492205,75.9,75.1,13.9,275.6,1007.6,3.9,5.0038,207.6,6.0,Good,2019,6,17,Monday,Monsoon,0,0.283592,0.187117,0.240582,0.349507,0.318197,1.0,1.0,0.6451846758524576,0.38227457446711405,2.6666666666666665,1.7142857142857142,1.2246467991473532e-16,-1.0
2019-06-18,2.670262,4.4727774,6.336897,74.9,76.1,15.0,305.8,1009.3,4.3,14.5,263.3,11.0,Good,2019,6,18,Tuesday,Monsoon,0,1.476927,0.175035,0.205345,2.4111423,0.248809,6.0,1.0,1.4769270420074463,0.7344055878264564,6.0,3.142857142857143,1.2246467991473532e-16,-1.0
2019-06-19,3.863597,6.534413,9.3245735,75.5,76.3,13.9,294.3,1010.0,4.5,1.3,253.5,16.0,Good,2019,6,19,Wednesday,Monsoon,0,2.670262,0.283592,0.148387,4.4727774,0.169403,11.0,1.0,2.670262018839518,1.265149861574173,11.0,5.285714285714286,1.2246467991473532e-16,-1.0
2019-06-20,5.056932,8.596048,12.31225,76.0,74.6,10.3,225.2,1010.8,4.9,0.0,220.9,21.0,Good,2019,6,20,Thursday,Monsoon,0,3.863597,1.476927,0.199519,6.534413,0.231351,16.0,1.0,3.8635969956715903,1.9590660014322825,16.0,8.142857142857142,1.2246467991473532e-16,-1.0
2019-06-21,5.204198,7.370268,8.744572,76.3,77.4,12.8,215.9,1011.6,4.8,0.0,247.6,22.0,Good,2019,6,21,Friday,Monsoon,0,5.056932,2.670262,0.187117,8.596048,0.225205,21.0,1.0,4.708242257436116,2.6757918425968716,19.666666666666668,11.142857142857142,1.2246467991473532e-16,-1.0
2019-06-22,3.055894,3.469731,3.671201,71.1,93.9,8.1,20.7,1012.8,3.9,20.3,153.1,13.0,Good,2019,6,22,Saturday,Monsoon,1,5.204198,3.863597,0.175035,7.370268,0.183296,22.0,1.0,4.439007918039958,3.0873431137629916,18.666666666666668,12.857142857142858,1.2246467991473532e-16,-1.0
2019-06-23,3.651509,4.667179,5.20688,75.5,86.7,8.1,203.0,1012.9,4.5,13.5,167.9,15.0,Good,2019,6,23,Sunday,Monsoon,0,3.055894,5.056932,0.283592,3.469731,0.349507,13.0,1.0,3.970533609390259,3.568474122456142,16.666666666666668,14.857142857142858,1.2246467991473532e-16,-1.0
2019-06-24,4.082946,5.437045,6.28729,78.0,80.7,11.4,228.0,1013.3,4.8,0.8,210.0,17.0,Good,2019,6,24,Monday,Monsoon,0,3.651509,5.204198,1.476927,4.667179,2.4111423,15.0,6.0,3.596782922744751,3.940762519836426,15.0,16.428571428571427,1.2246467991473532e-16,-1.0
2019-06-25,4.275603,5.517158,6.44083,79.0,76.6,10.3,280.6,1012.3,4.6,0.0,226.8,18.0,Good,2019,6,25,Tuesday,Monsoon,0,4.082946,3.055894,2.670262,5.437045,4.4727774,17.0,11.0,4.003352562586467,4.170096908296857,16.666666666666668,17.428571428571427,1.2246467991473532e-16,-1.0
2019-06-26,5.876106,7.648188,8.753035,76.7,81.8,12.8,139.7,1009.5,4.2,0.0,169.5,24.0,Good,2019,6,26,Wednesday,Monsoon,0,4.275603,3.651509,3.863597,5.517158,6.534413,18.0,16.0,4.744884808858235,4.457598175321307,19.666666666666668,18.571428571428573,1.2246467991473532e-16,-1.0
2019-06-27,4.364094,5.581595,6.221702,76.0,81.4,10.3,262.7,1006.6,4.2,4.6,166.1,18.0,Good,2019,6,27,Thursday,Monsoon,0,5.876106,4.082946,5.056932,7.648188,8.596048,24.0,21.0,4.838600794474284,4.3586212907518656,20.0,18.142857142857142,1.2246467991473532e-16,-1.0
2019-06-28,5.917751,7.61469,8.373016,76.5,80.2,10.3,254.6,1006.1,3.8,5.1,92.6,25.0,Good,2019,6,28,Friday,Monsoon,0,4.364094,4.275603,5.204198,5.581595,7.370268,18.0,22.0,5.385983467102051,4.460557426725115,22.333333333333332,18.571428571428573,1.2246467991473532e-16,-1.0
2019-06-29,6.221373,8.053248,9.27042,76.3,78.0,11.4,274.4,1007.2,4.3,0.0,247.3,26.0,Good,2019,6,29,Saturday,Monsoon,1,5.917751,5.876106,3.055894,7.61469,3.469731,25.0,13.0,5.5010725657145185,4.912768738610404,23.0,20.428571428571427,1.2246467991473532e-16,-1.0
2019-06-30,6.565378,8.308536,9.263645,76.7,79.4,11.4,205.7,1008.0,4.1,0.0,200.1,27.0,Good,2019,6,30,Sunday,Monsoon,0,6.221373,4.364094,3.651509,8.053248,4.667179,26.0,15.0,6.23483403523763,5.329035758972168,26.0,22.142857142857142,1.2246467991473532e-16,-1.0
2019-07-01,13.69623,17.09166,18.15614,77.2,79.2,12.8,177.0,1008.4,3.8,4.0894,241.9,54.0,Moderate,2019,7,1,Monday,Monsoon,0,6.565378,5.917751,4.082946,8.308536,5.437045,27.0,17.0,8.827660401662191,6.702362060546875,35.666666666666664,27.428571428571427,-0.4999999999999997,-0.8660254037844388
2019-07-02,3.672116,4.914761,5.674234,77.6,81.1,17.2,223.2,1008.5,4.3,1.5,192.6,15.0,Good,2019,7,2,Tuesday,Monsoon,0,13.69623,6.221373,4.275603,17.09166,5.517158,54.0,18.0,7.97790805498759,6.616149663925171,32.0,27.0,-0.4999999999999997,-0.8660254037844388
2019-07-03,2.694489,3.840082,4.498096,77.4,82.2,12.8,229.3,1008.8,5.1,0.0,171.0,11.0,Good,2019,7,3,Wednesday,Monsoon,0,3.672116,6.565378,5.876106,4.914761,7.648188,15.0,24.0,6.687611659367879,6.161632980619158,26.666666666666668,25.142857142857142,-0.4999999999999997,-0.8660254037844388
2019-07-04,3.372095,4.693408,5.500355,77.8,79.6,16.1,211.6,1007.5,4.5,0.0,125.4,14.0,Good,2019,7,4,Thursday,Monsoon,0,2.694489,13.69623,4.364094,3.840082,5.581595,11.0,18.0,3.2462333838144937,6.019918884549822,13.333333333333334,24.571428571428573,-0.4999999999999997,-0.8660254037844388
2019-07-05,6.996997,22.6359,37.0351,77.1,82.1,13.9,217.7,1005.7,4.6,0.3,175.2,29.0,Good,2019,7,5,Friday,Monsoon,0,3.372095,3.672116,5.917751,4.693408,7.61469,14.0,25.0,4.354526996612549,6.174096890858242,18.0,25.142857142857142,-0.4999999999999997,-0.8660254037844388
2019-07-06,1.874036,2.455853,2.754688,75.4,88.0,13.9,253.5,1004.5,4.7,10.9,129.4,8.0,Good,2019,7,6,Saturday,Monsoon,1,6.996997,2.694489,6.221373,22.6359,8.053248,29.0,26.0,4.081042647361755,5.553048729896545,17.0,22.571428571428573,-0.4999999999999997,-0.8660254037844388
2019-07-07,2.026253,2.351434,2.531747,73.6,91.8,8.1,227.2,1004.3,4.6,65.8,107.5,8.0,Good,2019,7,7,Sunday,Monsoon,0,1.874036,3.372095,6.565378,2.455853,8.308536,8.0,27.0,3.632428606351217,4.904602272169931,15.0,19.857142857142858,-0.4999999999999997,-0.8660254037844388
2019-07-08,2.392698,2.957466,3.337357,74.4,90.6,11.4,182.2,1005.4,4.3,2.3,69.1,10.0,Good,2019,7,8,Monday,Monsoon,0,2.026253,6.996997,13.69623,2.351434,17.09166,8.0,54.0,2.097662329673767,3.289812002863203,8.666666666666666,13.571428571428571,-0.4999999999999997,-0.8660254037844388
2019-07-09,1.797827,2.180936,2.423735,73.0,91.4,13.9,103.1,1005.6,4.3,3.3,67.3,7.0,Good,2019,7,9,Tuesday,Monsoon,0,2.392698,1.874036,3.672116,2.957466,4.914761,10.0,15.0,2.0722593466440835,3.022056426320757,8.333333333333334,12.428571428571429,-0.4999999999999997,-0.8660254037844388
2019-07-10,2.214365,2.428119,2.551751,72.2,94.6,6.9,145.2,1005.0,4.1,18.8976,108.1,9.0,Good,2019,7,10,Wednesday,Monsoon,0,1.797827,2.026253,2.694489,2.180936,3.840082,7.0,11.0,2.134963353474935,2.9534672839300975,8.666666666666666,12.142857142857142,-0.4999999999999997,-0.8660254037844388
2019-07-11,1.349271,1.737628,2.03651,71.8,93.1,18.3,101.0,1005.0,4.2,5.6,58.1,6.0,Good,2019,7,11,Thursday,Monsoon,0,2.214365,2.392698,3.372095,2.428119,4.693408,9.0,14.0,1.7871543566385906,2.6644924197878157,7.333333333333333,11.0,-0.4999999999999997,-0.8660254037844388
2019-07-12,0.406897,0.440517,0.448276,67.4,99.2,18.3,95.9,1006.3,3.1,115.3,27.8,2.0,Good,2019,7,12,Friday,Monsoon,0,1.349271,1.797827,6.996997,1.737628,22.6359,6.0,29.0,1.3235110243161519,1.7230495810508728,5.666666666666667,7.142857142857143,-0.4999999999999997,-0.8660254037844388
2019-07-13,0.6180002,0.99797463,1.4122467,69.6,93.4,12.8,96.8,1007.3,4.3,39.9,40.8,3.0,Good,2019,7,13,Saturday,Monsoon,1,0.406897,2.214365,1.874036,0.440517,2.455853,2.0,8.0,0.7913894255956014,1.5436159031731742,3.6666666666666665,6.428571428571429,-0.4999999999999997,-0.8660254037844388
2019-07-14,0.8291034,1.5554323,2.3762174,70.5,95.1,9.2,134.1,1005.9,4.1,2.5,52.1,3.0,Good,2019,7,14,Sunday,Monsoon,0,0.6180002,1.349271,2.026253,0.99797463,2.351434,3.0,8.0,0.6180002093315125,1.3725945353507996,2.6666666666666665,5.714285714285714,-0.4999999999999997,-0.8660254037844388
2019-07-15,1.0402066,2.11289,3.340188,73.2,87.0,8.1,214.8,1006.0,3.7,27.4,134.9,4.0,Good,2019,7,15,Monday,Monsoon,0,0.8291034,0.406897,2.392698,1.5554323,2.957466,3.0,10.0,0.8291033903757731,1.1793814642088754,3.3333333333333335,4.857142857142857,-0.4999999999999997,-0.8660254037844388
2019-07-16,1.2513098,2.6703477,4.3041587,72.6,86.4,10.3,243.3,1009.5,4.1,6.1,130.8,5.0,Good,2019,7,16,Tuesday,Monsoon,0,1.0402066,0.6180002,1.797827,2.11289,2.180936,4.0,7.0,1.0402065714200337,1.1013075709342957,4.0,4.571428571428571,-0.4999999999999997,-0.8660254037844388
2019-07-17,1.462413,3.2278051,5.2681293,75.3,83.2,10.3,259.9,1009.8,4.4,0.0,192.2,6.0,Good,2019,7,17,Wednesday,Monsoon,0,1.2513098,0.8291034,2.214365,2.6703477,2.428119,5.0,9.0,1.2513097524642944,0.9938858492033822,5.0,4.142857142857143,-0.4999999999999997,-0.8660254037844388
2019-07-18,1.6735162,3.7852628,6.2321,75.0,86.9,9.2,197.7,1010.2,4.3,52.6,224.0,7.0,Good,2019,7,18,Thursday,Monsoon,0,1.462413,1.0402066,1.349271,3.2278051,1.737628,6.0,6.0,1.46241295337677,1.0402065770966666,6.0,4.285714285714286,-0.4999999999999997,-0.8660254037844388
2019-07-19,1.8846194,4.3427205,7.1960707,75.4,88.7,10.3,104.7,1010.7,4.4,0.0,213.9,8.0,Good,2019,7,19,Friday,Monsoon,0,1.6735162,1.2513098,0.406897,3.7852628,0.440517,7.0,2.0,1.6735161542892456,1.251309769494193,7.0,5.142857142857143,-0.4999999999999997,-0.8660254037844388
2019-07-20,2.0957227,4.9001784,8.160042,75.0,87.2,9.2,176.8,1012.3,4.1,0.0,200.5,9.0,Good,2019,7,20,Saturday,Monsoon,1,1.8846194,1.462413,0.6180002,4.3427205,0.99797463,8.0,3.0,1.8846193949381511,1.4624129789216178,8.0,6.0,-0.4999999999999997,-0.8660254037844388
2019-07-21,2.3068259,5.457636,9.124012,76.0,80.6,9.2,228.9,1011.3,4.5,0.0,166.7,10.0,Good,2019,7,21,Sunday,Monsoon,0,2.0957227,1.6735162,0.8291034,4.9001784,1.5554323,9.0,3.0,2.0957226355870566,1.6735161883490426,9.0,7.0,-0.4999999999999997,-0.8660254037844388
2019-07-22,2.517929,6.0150933,10.087983,75.6,84.1,8.1,258.3,1010.3,4.2,0.5,173.2,10.0,Good,2019,7,22,Monday,Monsoon,0,2.3068259,1.8846194,1.0402066,5.457636,2.11289,10.0,4.0,2.306825876235962,1.8846194062914168,9.666666666666666,7.857142857142857,-0.4999999999999997,-0.8660254037844388
2019-07-23,2.7290323,6.5725513,11.051953,74.7,88.4,10.3,226.1,1008.8,4.1,17.5,102.4,11.0,Good,2019,7,23,Tuesday,Monsoon,0,2.517929,2.0957227,1.2513098,6.0150933,2.6703477,10.0,5.0,2.5179290771484375,2.0957226242337907,10.333333333333334,8.714285714285714,-0.4999999999999997,-0.8660254037844388
2019-07-24,2.9401355,7.1300087,12.015924,71.6,97.3,9.2,134.1,1008.7,3.9,1.1938,28.1,12.0,Good,2019,7,24,Wednesday,Monsoon,0,2.7290323,2.3068259,1.462413,6.5725513,3.2278051,11.0,6.0,2.729032278060913,2.3068258421761647,11.0,9.571428571428571,-0.4999999999999997,-0.8660254037844388
2019-07-25,3.1512387,7.6874666,12.979895,73.2,90.1,10.3,175.5,1009.2,4.6,0.8,133.7,13.0,Good,2019,7,25,Thursday,Monsoon,0,2.9401355,2.517929,1.6735162,7.1300087,3.7852628,12.0,7.0,2.9401354789733887,2.517929060118539,12.0,10.428571428571429,-0.4999999999999997,-0.8660254037844388
2019-07-26,3.362342,8.244925,13.943866,73.4,90.3,8.1,183.2,1008.5,4.5,10.4,143.7,14.0,Good,2019,7,26,Friday,Monsoon,0,3.1512387,2.7290323,1.8846194,7.6874666,4.3427205,13.0,8.0,3.1512386798858643,2.729032278060913,13.0,11.285714285714286,-0.4999999999999997,-0.8660254037844388
2019-07-27,3.573445,8.8023815,14.907837,74.5,88.1,11.4,250.3,1008.8,4.2,3.8,143.5,15.0,Good,2019,7,27,Saturday,Monsoon,1,3.362342,2.9401355,2.0957227,8.244925,4.9001784,14.0,9.0,3.36234188079834,2.9401354789733887,14.0,12.142857142857142,-0.4999999999999997,-0.8660254037844388
2019-07-28,3.7845483,9.359839,15.871807,76.3,85.3,12.8,208.5,1010.4,4.7,8.1,165.9,16.0,Good,2019,7,28,Sunday,Monsoon,0,3.573445,3.1512387,2.3068259,8.8023815,5.457636,15.0,10.0,3.5734450817108154,3.1512386798858643,15.0,13.0,-0.4999999999999997,-0.8660254037844388
2019-07-29,3.9956515,9.917297,16.835777,77.1,81.7,12.8,205.3,1010.7,4.8,0.0,168.2,17.0,Good,2019,7,29,Monday,Monsoon,0,3.7845483,3.362342,2.517929,9.359839,6.0150933,16.0,10.0,3.784548282623291,3.36234188079834,16.0,14.0,-0.4999999999999997,-0.8660254037844388
2019-07-30,4.2067547,10.474754,17.79975,75.3,80.4,12.8,168.2,1010.6,4.6,0.0,128.8,18.0,Good,2019,7,30,Tuesday,Monsoon,0,3.9956515,3.573445,2.7290323,9.917297,6.5725513,17.0,11.0,3.9956514835357666,3.5734450817108154,17.0,15.0,-0.4999999999999997,-0.8660254037844388
2019-07-31,4.4178576,11.032212,18.76372,75.4,81.3,12.8,193.8,1009.3,4.7,0.0,203.6,18.0,Good,2019,7,31,Wednesday,Monsoon,0,4.2067547,3.7845483,2.9401355,10.474754,7.1300087,18.0,12.0,4.206754604975383,3.784548248563494,17.666666666666668,15.857142857142858,-0.4999999999999997,-0.8660254037844388
2019-08-01,4.628961,11.58967,19.72769,75.0,83.1,12.8,198.5,1009.1,4.6,0.0,146.5,19.0,Good,2019,8,1,Thursday,Monsoon,0,4.4178576,3.9956515,3.1512387,11.032212,7.6874666,18.0,13.0,4.417857805887858,3.9956514494759694,18.333333333333332,16.714285714285715,-0.8660254037844385,-0.5000000000000004
2019-08-02,3.117156,3.867916,4.438373,75.6,83.7,13.9,197.9,1008.3,4.6,0.2032,100.3,13.0,Good,2019,8,2,Friday,Monsoon,0,4.628961,4.2067547,3.362342,11.58967,8.244925,19.0,14.0,4.05465825398763,3.9606248991830006,16.666666666666668,16.571428571428573,-0.8660254037844385,-0.5000000000000004
2019-08-03,2.747062,3.259731,3.518028,75.5,84.4,12.8,206.8,1008.3,4.4,3.8,113.9,11.0,Good,2019,8,3,Saturday,Monsoon,1,3.117156,4.4178576,3.573445,3.867916,8.8023815,13.0,15.0,3.4977263609568277,3.8425701686314175,14.333333333333334,16.0,-0.8660254037844385,-0.5000000000000004
2019-08-04,2.583913,3.272511,3.711853,75.3,86.1,6.9,239.7,1006.9,4.4,0.0,189.2,11.0,Good,2019,8,4,Sunday,Monsoon,0,2.747062,4.628961,3.7845483,3.259731,9.359839,11.0,16.0,2.8160436948140464,3.67105085509164,11.666666666666666,15.285714285714286,-0.8660254037844385,-0.5000000000000004
2019-08-05,2.186548,2.912099,3.336754,74.2,92.4,13.9,135.2,1005.3,4.2,20.8,149.2,9.0,Good,2019,8,5,Monday,Monsoon,0,2.583913,3.117156,3.9956515,3.272511,9.917297,11.0,17.0,2.505841016769409,3.412607499531337,10.333333333333334,14.142857142857142,-0.8660254037844385,-0.5000000000000004
2019-08-06,2.212675,3.256258,3.918287,75.9,85.7,15.0,230.6,1006.1,4.6,1.0,202.8,9.0,Good,2019,8,6,Tuesday,Monsoon,0,2.186548,2.747062,4.2067547,2.912099,10.474754,9.0,18.0,2.327712059020996,3.127738986696516,9.666666666666666,12.857142857142858,-0.8660254037844385,-0.5000000000000004
2019-08-07,2.118007,2.681734,2.926715,75.4,86.5,10.3,248.2,1005.5,5.1,23.9,167.5,9.0,Good,2019,8,7,Wednesday,Monsoon,0,2.212675,2.583913,4.4178576,3.256258,11.032212,9.0,18.0,2.172410011291504,2.799188886369978,9.0,11.571428571428571,-0.8660254037844385,-0.5000000000000004
2019-08-08,1.870461,2.618944,3.131608,76.5,83.8,15.0,174.3,1005.1,5.0,2.8,137.8,8.0,Good,2019,8,8,Thursday,Monsoon,0,2.118007,2.186548,4.628961,2.681734,11.58967,9.0,19.0,2.067047675450643,2.4051174436296736,8.666666666666666,10.0,-0.8660254037844385,-0.5000000000000004
2019-08-09,2.496929,4.175942,5.841652,75.3,83.2,12.8,198.8,1009.6,5.1,0.5,151.9,10.0,Good,2019,8,9,Friday,Monsoon,0,1.870461,2.212675,3.117156,2.618944,3.867916,8.0,13.0,2.1617989540100098,2.316513572420393,9.0,9.571428571428571,-0.8660254037844385,-0.5000000000000004
2019-08-10,2.620588,3.434042,3.974625,76.8,80.9,11.4,221.8,1009.1,4.6,0.0,220.8,11.0,Good,2019,8,10,Saturday,Monsoon,1,2.496929,2.118007,2.747062,4.175942,3.259731,10.0,11.0,2.3293259938557944,2.2984458718981062,9.666666666666666,9.571428571428571,-0.8660254037844385,-0.5000000000000004
2019-08-11,2.459489,3.243699,3.66279,76.5,84.8,6.9,102.7,1009.3,4.8,20.1,136.8,10.0,Good,2019,8,11,Sunday,Monsoon,0,2.620588,1.870461,2.583913,3.434042,3.272511,11.0,11.0,2.5256687005360923,2.2806710175105502,10.333333333333334,9.428571428571429,-0.8660254037844385,-0.5000000000000004
2019-08-12,2.986933,3.951057,4.507709,77.1,84.3,13.9,177.6,1008.8,4.7,0.5,235.8,12.0,Good,2019,8,12,Monday,Monsoon,0,2.459489,2.496929,2.186548,3.243699,2.912099,10.0,9.0,2.6890033880869546,2.3950117315564836,11.0,9.857142857142858,-0.8660254037844385,-0.5000000000000004
2019-08-13,2.415435,3.051998,3.455123,74.5,88.0,11.4,240.2,1010.4,4.6,16.3,177.6,10.0,Good,2019,8,13,Tuesday,Monsoon,0,2.986933,2.620588,2.212675,3.951057,3.256258,12.0,9.0,2.620619058609009,2.4239774431501115,10.666666666666666,10.0,-0.8660254037844385,-0.5000000000000004
2019-08-14,2.519202,3.291435,3.76823,76.5,83.9,13.9,182.6,1011.3,5.0,0.8,181.8,10.0,Good,2019,8,14,Wednesday,Monsoon,0,2.415435,2.459489,2.118007,3.051998,2.681734,10.0,9.0,2.640523354212443,2.481291021619524,10.666666666666666,10.142857142857142,-0.8660254037844385,-0.5000000000000004
2019-08-15,2.440307,3.143004,3.556305,74.6,86.6,12.8,201.1,1012.6,4.8,0.4064,118.9,10.0,Good,2019,8,15,Thursday,Monsoon,0,2.519202,2.986933,1.870461,3.291435,2.618944,10.0,8.0,2.4583146572113037,2.5626975808824812,10.0,10.428571428571429,-0.8660254037844385,-0.5000000000000004
2019-08-16,3.091142,4.989261,6.42792,74.1,89.8,10.3,272.5,1011.3,4.2,27.4,144.7,13.0,Good,2019,8,16,Friday,Monsoon,0,2.440307,2.415435,2.496929,3.143004,4.175942,10.0,10.0,2.6835502783457437,2.647585153579712,11.0,10.857142857142858,-0.8660254037844385,-0.5000000000000004
2019-08-17,2.178301,2.581715,2.744935,74.1,89.6,6.9,187.7,1011.9,4.6,14.2,101.2,9.0,Good,2019,8,17,Saturday,Monsoon,1,3.091142,2.519202,2.620588,4.989261,3.434042,13.0,11.0,2.5699166456858316,2.5844013009752547,10.666666666666666,10.571428571428571,-0.8660254037844385,-0.5000000000000004
2019-08-18,2.743474,3.224381,3.463854,73.8,91.7,11.4,184.9,1013.1,4.2,7.9,147.2,11.0,Good,2019,8,18,Sunday,Monsoon,0,2.178301,2.440307,2.459489,2.581715,3.243699,9.0,10.0,2.6709723472595215,2.6249705723353793,11.0,10.714285714285714,-0.8660254037844385,-0.5000000000000004
2019-08-19,2.577215,3.119456,3.454892,75.7,84.5,12.8,212.8,1013.1,4.5,1.5,169.0,11.0,Good,2019,8,19,Monday,Monsoon,0,2.743474,3.091142,2.986933,3.224381,3.951057,11.0,12.0,2.4996633529663086,2.5664394242422923,10.333333333333334,10.571428571428571,-0.8660254037844385,-0.5000000000000004
2019-08-20,2.992715,3.517802,3.792189,74.9,84.6,6.9,204.4,1011.8,4.3,3.3,221.0,12.0,Good,2019,8,20,Tuesday,Monsoon,0,2.577215,2.178301,2.415435,3.119456,3.051998,11.0,10.0,2.771134614944458,2.6489079679761613,11.333333333333334,10.857142857142858,-0.8660254037844385,-0.5000000000000004
2019-08-21,3.866893,4.807734,5.305817,76.2,83.4,12.8,208.9,1011.5,4.3,1.3,201.5,16.0,Good,2019,8,21,Wednesday,Monsoon,0,2.992715,2.743474,2.519202,3.517802,3.291435,12.0,10.0,3.1456076304117837,2.841435262135097,13.0,11.714285714285714,-0.8660254037844385,-0.5000000000000004
2019-08-22,3.102717,3.858667,4.264905,76.0,83.6,10.3,294.2,1011.7,4.5,6.1,239.9,13.0,Good,2019,8,22,Thursday,Monsoon,0,3.866893,2.577215,2.440307,4.807734,3.143004,16.0,10.0,3.320774952570597,2.9360652651105608,13.666666666666666,12.142857142857142,-0.8660254037844385,-0.5000000000000004
2019-08-23,5.534786,6.708776,7.223345,75.7,85.1,11.4,209.1,1011.2,4.1,0.0,211.5,23.0,Good,2019,8,23,Friday,Monsoon,0,3.102717,2.992715,3.091142,3.858667,4.989261,13.0,13.0,4.168132066726685,3.2851573058537076,17.333333333333332,13.571428571428571,-0.8660254037844385,-0.5000000000000004
2019-08-24,1.900842,2.320391,2.658741,73.9,87.7,11.4,176.9,1012.9,4.3,24.6,118.9,8.0,Good,2019,8,24,Saturday,Monsoon,1,5.534786,3.866893,2.178301,6.708776,2.581715,23.0,9.0,3.5127816994984946,3.2455202851976668,14.666666666666666,13.428571428571429,-0.8660254037844385,-0.5000000000000004
2019-08-25,2.403417,2.932663,3.325174,72.8,89.3,9.2,259.2,1012.9,4.6,8.9,184.8,10.0,Good,2019,8,25,Sunday,Monsoon,0,1.900842,3.102717,2.743474,2.320391,3.224381,8.0,11.0,3.2796817620595298,3.1969407285962785,13.666666666666666,13.285714285714286,-0.8660254037844385,-0.5000000000000004
2019-08-26,3.425835,4.021535,4.32524,75.3,85.2,11.4,153.6,1012.7,4.8,4.3,234.7,14.0,Good,2019,8,26,Monday,Monsoon,0,2.403417,5.534786,2.577215,2.932663,3.119456,10.0,11.0,2.5766979853312173,3.3181721482958113,10.666666666666666,13.714285714285714,-0.8660254037844385,-0.5000000000000004
2019-08-27,3.130602,3.727702,4.02653,76.7,82.3,9.2,69.2,1011.9,4.8,4.3,231.8,13.0,Good,2019,8,27,Tuesday,Monsoon,0,3.425835,1.900842,2.992715,4.021535,3.517802,14.0,12.0,2.9866179625193277,3.3378702913011824,12.333333333333334,13.857142857142858,-0.8660254037844385,-0.5000000000000004
2019-08-28,3.301615,3.894326,4.168336,77.3,80.6,12.8,200.0,1013.1,4.5,0.0,245.6,14.0,Good,2019,8,28,Wednesday,Monsoon,0,3.130602,2.403417,3.866893,3.727702,4.807734,13.0,16.0,3.2860172589619956,3.2571162836892262,13.666666666666666,13.571428571428571,-0.8660254037844385,-0.5000000000000004
2019-08-29,3.051735,3.524864,3.816261,75.9,85.3,8.1,304.0,1014.4,4.3,0.0,134.5,13.0,Good,2019,8,29,Thursday,Monsoon,0,3.301615,3.425835,3.102717,3.894326,3.858667,14.0,13.0,3.1613172690073648,3.249833141054426,13.333333333333334,13.571428571428571,-0.8660254037844385,-0.5000000000000004
2019-08-30,2.872212,3.571795,3.993696,77.2,80.6,9.2,261.2,1011.0,4.9,0.0,227.3,12.0,Good,2019,8,30,Friday,Monsoon,0,3.051735,3.130602,5.534786,3.524864,6.708776,13.0,23.0,3.0751872857411704,2.8694653851645335,13.0,12.0,-0.8660254037844385,-0.5000000000000004
2019-08-31,2.11296,2.33564,2.463779,74.3,89.3,6.9,209.0,1009.6,4.2,36.8,168.4,9.0,Good,2019,8,31,Saturday,Monsoon,1,2.872212,3.301615,1.900842,3.571795,2.320391,12.0,8.0,2.6789689858754477,2.899767977850778,11.333333333333334,12.142857142857142,-0.8660254037844385,-0.5000000000000004
2019-09-01,2.364316,2.659526,2.803023,74.1,88.6,9.2,61.6,1012.1,4.5,18.0,120.1,10.0,Good,2019,9,1,Sunday,Autumn,0,2.11296,3.051735,2.403417,2.33564,2.932663,9.0,10.0,2.449829339981079,2.894182103020804,10.333333333333334,12.142857142857142,-1.0,-1.8369701987210297e-16
2019-09-02,3.08274,3.659778,4.035569,75.6,82.4,6.9,273.2,1011.0,4.9,12.2,248.6,13.0,Good,2019,9,2,Monday,Autumn,0,2.364316,2.872212,3.425835,2.659526,4.021535,10.0,14.0,2.520005385080973,2.845168556485857,10.666666666666666,12.0,-1.0,-1.8369701987210297e-16
2019-09-03,2.733546,3.319095,3.561825,74.5,89.2,10.3,131.3,1011.0,4.2,0.0,185.4,11.0,Good,2019,9,3,Tuesday,Autumn,0,3.08274,2.11296,3.130602,3.659778,3.727702,13.0,13.0,2.726867357889811,2.7884462901524136,11.333333333333334,11.714285714285714,-1.0,-1.8369701987210297e-16
2019-09-04,2.124617,2.570561,2.830814,74.0,87.9,8.1,234.1,1010.6,4.9,23.4,130.9,9.0,Good,2019,9,4,Wednesday,Autumn,0,2.733546,2.364316,3.301615,3.319095,3.894326,11.0,14.0,2.6469677289326987,2.6203037330082486,11.0,11.0,-1.0,-1.8369701987210297e-16
2019-09-05,2.373133,2.870264,3.163056,74.1,88.4,8.1,246.5,1010.4,4.6,43.9,132.2,10.0,Good,2019,9,5,Thursday,Autumn,0,2.124617,3.08274,3.051735,2.570561,3.524864,9.0,13.0,2.4104320208231607,2.5233605929783414,10.0,10.571428571428571,-1.0,-1.8369701987210297e-16
2019-09-06,2.085646,2.430256,2.59845,73.9,88.6,11.4,264.3,1009.5,4.2,21.8,105.7,9.0,Good,2019,9,6,Friday,Autumn,0,2.373133,2.733546,2.872212,2.870264,3.571795,10.0,12.0,2.1944653193155923,2.4109940188271657,9.333333333333334,10.142857142857142,-1.0,-1.8369701987210297e-16
2019-09-07,1.926967,2.304585,2.516753,74.7,86.8,9.2,210.7,1010.2,4.5,8.4,136.8,8.0,Good,2019,9,7,Saturday,Autumn,1,2.085646,2.124617,2.11296,2.430256,2.33564,9.0,9.0,2.128581960995992,2.3844235794884816,9.0,10.0,-1.0,-1.8369701987210297e-16
2019-09-08,2.285133,2.769987,3.01689,74.3,90.1,11.4,197.4,1011.0,4.5,2.3876,179.1,10.0,Good,2019,9,8,Sunday,Autumn,0,1.926967,2.373133,2.364316,2.304585,2.659526,8.0,10.0,2.0992486079533896,2.3731117078236172,9.0,10.0,-1.0,-1.8369701987210297e-16
2019-09-09,2.562504,3.197899,3.616057,75.4,86.4,10.3,211.1,1009.8,4.8,7.4,170.6,11.0,Good,2019,9,9,Monday,Autumn,0,2.285133,2.085646,3.08274,2.769987,3.659778,10.0,13.0,2.258201320966085,2.2987922770636424,9.666666666666666,9.714285714285714,-1.0,-1.8369701987210297e-16
2019-09-10,2.49898,2.940785,3.139116,74.3,89.1,6.9,176.7,1009.8,4.2,32.0,156.2,10.0,Good,2019,9,10,Tuesday,Autumn,0,2.562504,1.926967,2.733546,3.197899,3.319095,11.0,11.0,2.4488723278045654,2.265282852309091,10.333333333333334,9.571428571428571,-1.0,-1.8369701987210297e-16
2019-09-11,3.702509,4.301015,4.618659,74.9,87.2,10.3,176.4,1011.7,4.1,0.0,146.6,15.0,Good,2019,9,11,Wednesday,Autumn,0,2.49898,2.285133,2.124617,2.940785,2.570561,10.0,9.0,2.92133100827535,2.490695970399039,12.0,10.428571428571429,-1.0,-1.8369701987210297e-16
2019-09-12,2.749455,3.290708,3.554702,75.1,88.6,12.8,179.1,1013.1,4.2,1.5,86.2,11.0,Good,2019,9,12,Thursday,Autumn,0,3.702509,2.562504,2.373133,4.301015,2.870264,15.0,10.0,2.9836479822794595,2.544456260544913,12.0,10.571428571428571,-1.0,-1.8369701987210297e-16
2019-09-13,1.912224,2.239259,2.399643,73.1,90.3,13.9,116.3,1014.3,4.4,4.6,93.1,8.0,Good,2019,9,13,Friday,Autumn,0,2.749455,2.49898,2.085646,3.290708,2.430256,11.0,9.0,2.788062651952108,2.5196817091533115,11.333333333333334,10.428571428571429,-1.0,-1.8369701987210297e-16
2019-09-14,2.569284,2.897145,3.046169,71.1,96.4,6.9,134.5,1015.0,4.0,5.1,133.5,11.0,Good,2019,9,14,Saturday,Autumn,1,1.912224,3.702509,1.926967,2.239259,2.304585,8.0,8.0,2.410320997238159,2.611441271645682,10.0,10.857142857142858,-1.0,-1.8369701987210297e-16
2019-09-15,2.916948,3.221566,3.347112,72.3,91.7,8.1,300.7,1014.0,4.1,1.0,190.5,12.0,Good,2019,9,15,Sunday,Autumn,0,2.569284,2.749455,2.285133,2.897145,2.769987,11.0,10.0,2.46615203221639,2.701700585229056,10.333333333333334,11.142857142857142,-1.0,-1.8369701987210297e-16
2019-09-16,3.485564,4.023589,4.297264,72.4,90.5,10.3,255.9,1012.3,3.8,3.8,163.7,15.0,Good,2019,9,16,Monday,Autumn,0,2.916948,1.912224,2.562504,3.221566,3.197899,12.0,11.0,2.990598678588867,2.833566290991647,12.666666666666666,11.714285714285714,-1.0,-1.8369701987210297e-16
2019-09-17,3.108431,3.200261,3.21998,68.9,97.8,5.8,148.7,1014.5,3.6,25.4,60.0,13.0,Good,2019,9,17,Tuesday,Autumn,0,3.485564,2.569284,2.49898,4.023589,2.940785,15.0,10.0,3.170314391454061,2.920630727495466,13.333333333333334,12.142857142857142,-1.0,-1.8369701987210297e-16
2019-09-18,2.140594,2.194363,2.200373,66.6,97.5,9.2,87.2,1018.5,3.9,1.2192,27.6,9.0,Good,2019,9,18,Wednesday,Autumn,0,3.108431,2.916948,3.702509,3.200261,4.301015,13.0,15.0,2.9115296999613443,2.697500024523054,12.333333333333334,11.285714285714286,-1.0,-1.8369701987210297e-16
2019-09-19,3.26931,3.646944,3.854228,67.9,89.9,4.7,27.3,1019.7,4.1,2.0,86.5,14.0,Good,2019,9,19,Thursday,Autumn,0,2.140594,3.485564,2.749455,2.194363,3.290708,9.0,11.0,2.8394450346628823,2.7717650277273997,12.0,11.714285714285714,-1.0,-1.8369701987210297e-16
2019-09-20,4.362859,5.546566,6.177641,70.9,81.1,10.3,286.6,1017.2,4.4,0.0,229.4,18.0,Good,2019,9,20,Friday,Autumn,0,3.26931,3.108431,1.912224,3.646944,2.239259,14.0,8.0,3.2575875918070474,3.1218557017190114,13.666666666666666,13.142857142857142,-1.0,-1.8369701987210297e-16
2019-09-21,3.221154,4.00765,4.368046,71.7,77.6,9.2,244.9,1015.7,5.1,0.0,193.5,13.0,Good,2019,9,21,Saturday,Autumn,1,4.362859,2.140594,2.569284,5.546566,2.897145,18.0,11.0,3.617774248123169,3.214979989188058,15.0,13.428571428571429,-1.0,-1.8369701987210297e-16
2019-09-22,3.262651,3.784309,3.994302,70.5,87.2,8.1,123.1,1018.4,4.5,0.0,168.4,14.0,Good,2019,9,22,Sunday,Autumn,0,3.221154,3.26931,2.916948,4.00765,3.221566,13.0,12.0,3.6155545711517334,3.2643661158425465,15.0,13.714285714285714,-1.0,-1.8369701987210297e-16
2019-09-23,3.167015,3.768431,4.053107,71.3,86.2,9.2,174.1,1018.8,4.2,0.0,131.3,13.0,Good,2019,9,23,Monday,Autumn,0,3.262651,4.362859,3.485564,3.784309,4.023589,14.0,15.0,3.216940005620321,3.2188591275896346,13.333333333333334,13.428571428571429,-1.0,-1.8369701987210297e-16
2019-09-24,4.372289,5.096029,5.594045,71.7,88.6,11.4,228.4,1019.7,3.9,6.9,107.2,18.0,Good,2019,9,24,Tuesday,Autumn,0,3.167015,3.221154,3.108431,3.768431,3.200261,13.0,13.0,3.600651741027832,3.3994102818625316,15.0,14.142857142857142,-1.0,-1.8369701987210297e-16
2019-09-25,2.401905,2.824803,3.047392,69.0,94.5,9.2,144.2,1022.0,3.6,47.5,100.1,10.0,Good,2019,9,25,Wednesday,Autumn,0,4.372289,3.262651,2.140594,5.096029,2.194363,18.0,9.0,3.3137364387512207,3.4367404324667796,13.666666666666666,14.285714285714286,-1.0,-1.8369701987210297e-16
2019-09-26,2.165773,2.734717,3.173156,68.8,92.4,10.3,181.5,1022.9,4.6,8.9,75.1,9.0,Good,2019,9,26,Thursday,Autumn,0,2.401905,3.167015,3.26931,2.824803,3.646944,10.0,14.0,2.9799890518188477,3.2790922777993337,12.333333333333334,13.571428571428571,-1.0,-1.8369701987210297e-16
2019-09-27,2.391397,2.963859,3.384173,68.6,91.9,11.4,194.7,1021.1,4.5,3.8,63.6,10.0,Good,2019,9,27,Friday,Autumn,0,2.165773,4.372289,4.362859,2.734717,5.546566,9.0,18.0,2.3196916580200195,2.997454881668091,9.666666666666666,12.428571428571429,-1.0,-1.8369701987210297e-16
2019-09-28,1.848175,2.146315,2.302439,68.7,85.3,10.3,118.6,1019.1,4.9,0.8,60.1,8.0,Good,2019,9,28,Saturday,Autumn,1,2.391397,2.401905,3.221154,2.963859,4.00765,10.0,13.0,2.1351149876912436,2.801315035138811,9.0,11.714285714285714,-1.0,-1.8369701987210297e-16
2019-09-29,2.136995,2.750733,3.077615,67.7,86.1,12.8,112.2,1018.7,5.2,0.0,48.2,9.0,Good,2019,9,29,Sunday,Autumn,0,1.848175,2.165773,3.262651,2.146315,3.784309,8.0,14.0,2.1255223751068115,2.6405070509229387,9.0,11.0,-1.0,-1.8369701987210297e-16
2019-09-30,3.252779,4.130523,4.531005,68.5,87.2,11.4,200.3,1016.2,4.6,0.5,142.6,14.0,Good,2019,9,30,Monday,Autumn,0,2.136995,2.391397,3.167015,2.750733,3.768431,9.0,13.0,2.412649710973104,2.6527590411049977,10.333333333333334,11.142857142857142,-1.0,-1.8369701987210297e-16
2019-10-01,1.838774,2.347161,2.712096,69.6,84.8,10.3,285.9,1015.9,5.1,3.0,181.0,8.0,Good,2019,10,1,Tuesday,Autumn,0,3.252779,1.848175,4.372289,4.130523,5.096029,14.0,18.0,2.4095160166422525,2.29082829611642,10.333333333333334,9.714285714285714,-0.8660254037844386,0.5000000000000001
2019-10-02,3.233112,4.051478,4.47992,69.9,83.6,9.2,260.5,1016.7,4.9,0.0,152.3,13.0,Good,2019,10,2,Wednesday,Autumn,0,1.838774,2.136995,2.401905,2.347161,2.824803,8.0,10.0,2.774888356526693,2.4095721585409984,11.666666666666666,10.142857142857142,-0.8660254037844386,0.5000000000000001
2019-10-03,4.073158,4.951447,5.494678,70.7,83.4,12.8,197.5,1017.0,4.3,0.0,139.0,17.0,Good,2019,10,3,Thursday,Autumn,0,3.233112,3.252779,2.165773,4.051478,2.734717,13.0,9.0,3.0483479499816895,2.682055711746216,12.666666666666666,11.285714285714286,-0.8660254037844386,0.5000000000000001
2019-10-04,4.113382,4.952721,5.422461,70.5,83.5,10.3,270.1,1017.0,4.5,0.0,161.5,17.0,Good,2019,10,4,Friday,Autumn,0,4.073158,1.838774,2.391397,4.951447,2.963859,17.0,10.0,3.8065505822499595,2.928053549357823,15.666666666666666,12.285714285714286,-0.8660254037844386,0.5000000000000001
2019-10-05,3.628023,4.421128,5.333987,71.3,84.1,10.3,267.0,1017.0,4.4,0.0,184.8,15.0,Good,2019,10,5,Saturday,Autumn,1,4.113382,3.233112,1.848175,4.952721,2.146315,17.0,8.0,3.938187519709269,3.1823175294058665,16.333333333333332,13.285714285714286,-0.8660254037844386,0.5000000000000001
2019-10-06,4.662372,5.207333,5.535253,70.8,81.1,10.3,272.1,1018.1,4.5,0.0,181.3,19.0,Good,2019,10,6,Sunday,Autumn,0,3.628023,4.073158,2.136995,4.421128,2.750733,15.0,9.0,4.134592294692993,3.543085677283151,17.0,14.714285714285714,-0.8660254037844386,0.5000000000000001
2019-10-07,5.627091,6.183148,6.461969,71.1,78.0,11.4,242.7,1018.5,4.3,0.0,189.0,23.0,Good,2019,10,7,Monday,Autumn,0,4.662372,4.113382,3.252779,5.207333,4.130523,19.0,14.0,4.639161984125773,3.882273094994681,19.0,16.0,-0.8660254037844386,0.5000000000000001
2019-10-08,5.362906,5.792869,6.042671,69.5,83.9,12.8,207.7,1018.7,4.2,0.0,172.9,22.0,Good,2019,10,8,Tuesday,Autumn,0,5.627091,3.628023,1.838774,6.183148,2.347161,23.0,8.0,5.217456340789795,4.3857205254690985,21.333333333333332,18.0,-0.8660254037844386,0.5000000000000001
2019-10-09,3.276849,3.513122,3.568152,67.7,82.0,11.4,274.2,1018.8,5.1,1.3,185.6,14.0,Good,2019,10,9,Wednesday,Autumn,0,5.362906,4.662372,3.233112,5.792869,4.051478,22.0,13.0,4.755615313847859,4.391968658992222,19.666666666666668,18.142857142857142,-0.8660254037844386,0.5000000000000001
2019-10-10,3.763071,4.154173,4.30689,68.2,79.4,11.4,264.8,1017.5,4.8,0.0,197.9,16.0,Good,2019,10,10,Thursday,Autumn,0,3.276849,5.627091,4.073158,3.513122,4.951447,14.0,17.0,4.134275356928508,4.347670555114746,17.333333333333332,18.0,-0.8660254037844386,0.5000000000000001
2019-10-11,5.017911,5.549689,5.811003,67.1,79.3,10.3,251.0,1017.5,4.6,0.0,204.6,21.0,Good,2019,10,11,Friday,Autumn,0,3.763071,5.362906,4.113382,4.154173,4.952721,16.0,17.0,4.019277016321818,4.476888997214181,17.0,18.571428571428573,-0.8660254037844386,0.5000000000000001
2019-10-12,6.165523,6.817564,7.125693,67.1,77.5,12.8,203.5,1018.3,4.4,0.0,212.1,26.0,Good,2019,10,12,Saturday,Autumn,1,5.017911,3.276849,3.628023,5.549689,4.421128,21.0,15.0,4.982168356577556,4.839389017650059,21.0,20.142857142857142,-0.8660254037844386,0.5000000000000001
2019-10-13,7.134072,7.810905,8.052163,67.3,77.6,8.1,186.8,1019.0,4.3,0.0,195.1,30.0,Good,2019,10,13,Sunday,Autumn,0,6.165523,3.763071,4.662372,6.817564,5.207333,26.0,19.0,6.1058352788289385,5.192488976887295,25.666666666666668,21.714285714285715,-0.8660254037844386,0.5000000000000001
2019-10-14,9.150078,10.19541,10.65098,68.1,77.0,13.9,192.0,1020.3,4.2,0.0,197.2,38.0,Good,2019,10,14,Monday,Autumn,0,7.134072,5.017911,5.627091,7.810905,6.183148,30.0,23.0,7.483224232991536,5.695772818156651,31.333333333333332,23.857142857142858,-0.8660254037844386,0.5000000000000001
2019-10-15,8.520185,9.59159,10.1442,67.8,78.7,11.4,233.8,1021.3,4.0,0.0,186.8,36.0,Good,2019,10,15,Tuesday,Autumn,0,9.150078,6.165523,5.362906,10.19541,5.792869,38.0,22.0,8.26811170578003,6.146812745503017,34.666666666666664,25.857142857142858,-0.8660254037844386,0.5000000000000001
2019-10-16,7.039094,7.934436,8.306133,68.7,77.1,11.4,186.5,1021.6,4.2,0.0,171.5,29.0,Good,2019,10,16,Wednesday,Autumn,0,8.520185,7.134072,3.276849,9.59159,3.513122,36.0,14.0,8.236452420552572,6.684276308332171,34.333333333333336,28.0,-0.8660254037844386,0.5000000000000001
2019-10-17,6.718767,7.661225,7.986878,68.1,79.8,9.2,217.2,1021.5,4.2,1.5,174.2,28.0,Good,2019,10,17,Thursday,Autumn,0,7.039094,9.150078,3.763071,7.934436,4.154173,29.0,16.0,7.426015535990397,7.106518609183175,31.0,29.714285714285715,-0.8660254037844386,0.5000000000000001
2019-10-18,17.289433,35.653706,76.84063,68.0,80.8,8.1,210.0,1021.6,4.0,0.0,172.0,62.0,Moderate,2019,10,18,Friday,Autumn,0,6.718767,8.520185,5.017911,7.661225,5.549689,28.0,21.0,10.349097887674967,8.859593118940081,39.666666666666664,35.57142857142857,-0.8660254037844386,0.5000000000000001
2019-10-19,27.860098,63.646183,145.69438,68.7,76.7,11.4,250.9,1022.0,4.2,0.0,177.6,84.0,Moderate,2019,10,19,Saturday,Autumn,1,17.289433,7.039094,6.165523,35.653706,6.817564,62.0,26.0,17.289432525634766,11.958818095070976,58.0,43.857142857142854,-0.8660254037844386,0.5000000000000001
2019-10-20,38.430763,91.638664,214.54814,66.3,83.8,6.9,222.7,1021.0,3.6,0.0,133.4,108.0,Unhealthy for Sensitive Groups,2019,10,20,Sunday,Autumn,0,27.860098,6.718767,7.134072,63.646183,7.810905,84.0,30.0,27.860097885131836,16.429774011884415,84.66666666666667,55.0,-0.8660254037844386,0.5000000000000001
2019-10-21,49.00143,119.63114,283.4019,66.6,79.5,10.3,282.1,1018.0,3.6,0.0,184.0,134.0,Unhealthy for Sensitive Groups,2019,10,21,Monday,Autumn,0,38.430763,17.289433,9.150078,91.638664,10.19541,108.0,38.0,38.43076388041178,22.1228243964059,108.66666666666667,68.71428571428571,-0.8660254037844386,0.5000000000000001
2019-10-22,59.572094,147.62363,352.25565,64.7,77.3,11.4,252.6,1015.8,3.9,0.0,216.2,153.0,Unhealthy,2019,10,22,Tuesday,Autumn,0,49.00143,27.860098,8.520185,119.63114,9.59159,134.0,36.0,49.00142923990885,29.415954181126185,131.66666666666666,85.42857142857143,-0.8660254037844386,0.5000000000000001
2019-10-23,70.14276,175.6161,421.1094,62.5,82.4,8.1,182.9,1016.5,3.5,0.0,131.4,159.0,Unhealthy,2019,10,23,Wednesday,Autumn,0,59.572094,38.430763,7.039094,147.62363,7.934436,153.0,29.0,59.572095235188804,38.43076378958566,148.66666666666666,104.0,-0.8660254037844386,0.5000000000000001
2019-10-24,60.76708,124.8051,300.5625,63.0,77.4,11.4,203.3,1018.0,3.8,0.0,202.7,154.0,Unhealthy,2019,10,24,Thursday,Autumn,0,70.14276,49.00143,6.718767,175.6161,7.661225,159.0,28.0,63.493977864583336,46.151951108660015,155.33333333333334,122.0,-0.8660254037844386,0.5000000000000001
2019-10-25,72.97544,141.4147,304.2095,61.6,84.0,4.7,219.4,1018.2,3.2,0.0,112.0,160.0,Unhealthy,2019,10,25,Friday,Autumn,0,60.76708,59.572094,17.289433,124.8051,35.653706,154.0,62.0,67.96176020304362,54.107095173427034,157.66666666666666,136.0,-0.8660254037844386,0.5000000000000001
2019-10-26,56.43471,104.1831,233.0057,63.6,79.8,11.4,273.1,1018.5,3.8,0.0,187.7,151.0,Unhealthy,2019,10,26,Saturday,Autumn,1,72.97544,70.14276,27.860098,141.4147,63.646183,160.0,84.0,63.39241027832031,58.189182826450896,155.0,145.57142857142858,-0.8660254037844386,0.5000000000000001
2019-10-27,53.06312,94.65951,206.0127,63.0,75.5,10.3,242.3,1018.1,4.2,0.0,200.3,144.0,Unhealthy for Sensitive Groups,2019,10,27,Sunday,Autumn,0,56.43471,60.76708,38.430763,104.1831,91.638664,151.0,108.0,60.824424743652344,60.279519762311665,151.66666666666666,150.71428571428572,-0.8660254037844386,0.5000000000000001
2019-10-28,49.04139,86.10717,175.1909,63.4,78.5,6.9,149.2,1020.0,4.1,0.0,103.0,134.0,Unhealthy for Sensitive Groups,2019,10,28,Monday,Autumn,0,53.06312,72.97544,49.00143,94.65951,119.63114,144.0,134.0,52.84640757242838,60.28522818429129,143.0,150.71428571428572,-0.8660254037844386,0.5000000000000001
2019-10-29,45.65837,79.7776,162.5809,63.3,77.0,11.4,194.7,1020.4,4.1,0.0,140.7,126.0,Unhealthy for Sensitive Groups,2019,10,29,Tuesday,Autumn,0,49.04139,56.43471,59.572094,86.10717,147.62363,134.0,153.0,49.254294077555336,58.297553471156526,134.66666666666666,146.85714285714286,-0.8660254037844386,0.5000000000000001
2019-10-30,43.98356,81.45322,181.4954,63.4,78.6,10.3,268.6,1018.9,4.2,0.0,142.1,122.0,Unhealthy for Sensitive Groups,2019,10,30,Wednesday,Autumn,0,45.65837,53.06312,70.14276,79.7776,175.6161,126.0,159.0,46.22777303059896,54.56052453177316,127.33333333333333,141.57142857142858,-0.8660254037844386,0.5000000000000001
2019-10-31,43.98502,83.36842,179.402,63.9,76.5,9.2,210.2,1018.2,4.4,0.0,181.0,122.0,Unhealthy for Sensitive Groups,2019,10,31,Thursday,Autumn,0,43.98356,49.04139,60.76708,81.45322,124.8051,122.0,154.0,44.54231643676758,52.16308757237026,123.33333333333333,137.0,-0.8660254037844386,0.5000000000000001
2019-11-01,58.03766,100.6141,207.3977,63.2,78.9,10.3,230.7,1018.8,4.0,0.0,157.3,152.0,Unhealthy,2019,11,1,Friday,Autumn,0,43.98502,45.65837,72.97544,83.36842,141.4147,122.0,160.0,48.66874567667643,50.02911867414202,132.0,135.85714285714286,-0.5000000000000004,0.8660254037844384
2019-11-02,60.44642,100.2054,199.8273,63.6,80.6,9.2,191.4,1020.1,3.6,0.0,173.9,154.0,Unhealthy,2019,11,2,Saturday,Autumn,1,58.03766,43.98356,56.43471,100.6141,104.1831,152.0,151.0,54.156365712483726,50.60221971784319,142.66666666666666,136.28571428571428,-0.5000000000000004,0.8660254037844384
2019-11-03,59.01357,105.9107,233.6422,64.6,79.6,9.2,179.1,1019.8,3.7,0.0,172.1,153.0,Unhealthy,2019,11,3,Sunday,Autumn,0,60.44642,43.98502,53.06312,100.2054,94.65951,154.0,144.0,59.1658821105957,51.452283586774556,153.0,137.57142857142858,-0.5000000000000004,0.8660254037844384
2019-11-04,48.9728,89.53701,209.8854,63.6,79.9,9.2,233.5,1019.0,4.0,0.0,163.8,134.0,Unhealthy for Sensitive Groups,2019,11,4,Monday,Autumn,0,59.01357,58.03766,49.04139,105.9107,86.10717,153.0,134.0,56.14426294962565,51.44248526436942,147.0,137.57142857142858,-0.5000000000000004,0.8660254037844384
2019-11-05,50.27204,88.24993,193.0157,63.5,77.8,12.8,201.4,1016.3,3.8,0.0,135.8,137.0,Unhealthy for Sensitive Groups,2019,11,5,Tuesday,Autumn,0,48.9728,60.44642,45.65837,89.53701,79.7776,134.0,126.0,52.752803802490234,52.10158102852957,141.33333333333334,139.14285714285714,-0.5000000000000004,0.8660254037844384
2019-11-06,70.63659,120.6807,243.8835,62.2,79.6,9.2,179.6,1015.8,3.2,0.0,149.3,159.0,Unhealthy,2019,11,6,Wednesday,Autumn,0,50.27204,59.01357,43.98356,88.24993,81.45322,137.0,122.0,56.62714385986328,55.909156799316406,143.33333333333334,144.42857142857142,-0.5000000000000004,0.8660254037844384
2019-11-07,67.24419,122.4486,271.5673,64.4,78.7,9.2,222.1,1017.0,3.5,0.0,157.7,157.0,Unhealthy,2019,11,7,Thursday,Autumn,0,70.63659,48.9728,43.98502,120.6807,83.36842,159.0,122.0,62.71760559082031,59.23189490182059,151.0,149.42857142857142,-0.5000000000000004,0.8660254037844384
2019-11-08,71.27513,128.5141,252.6854,63.5,80.9,5.8,142.0,1019.2,3.5,0.0,138.4,159.0,Unhealthy,2019,11,8,Friday,Autumn,0,67.24419,50.27204,58.03766,122.4486,100.6141,157.0,152.0,69.71863555908203,61.1229624067034,158.33333333333334,150.42857142857142,-0.5000000000000004,0.8660254037844384
2019-11-09,65.86279,117.6214,245.0577,63.2,80.9,9.2,238.8,1019.3,3.9,0.0,162.4,156.0,Unhealthy,2019,11,9,Saturday,Autumn,1,71.27513,70.63659,60.44642,128.5141,100.2054,159.0,154.0,68.1273701985677,61.89673015049526,157.33333333333334,150.71428571428572,-0.5000000000000004,0.8660254037844384
2019-11-10,49.44594,96.44348,225.862,62.8,81.0,10.3,264.2,1018.5,4.1,0.0,175.6,135.0,Unhealthy for Sensitive Groups,2019,11,10,Sunday,Autumn,0,65.86279,67.24419,59.01357,117.6214,105.9107,156.0,153.0,62.194620768229164,60.52992575509207,150.0,148.14285714285714,-0.5000000000000004,0.8660254037844384
2019-11-11,51.59877,99.63274,235.0019,62.2,79.9,9.2,260.5,1017.0,4.2,0.0,178.9,141.0,Unhealthy for Sensitive Groups,2019,11,11,Monday,Autumn,0,49.44594,71.27513,48.9728,96.44348,89.53701,135.0,134.0,55.635833740234375,60.905064174107146,144.0,149.14285714285714,-0.5000000000000004,0.8660254037844384
2019-11-12,65.64451,114.4025,212.9341,61.7,82.2,8.1,201.0,1018.7,3.8,0.0,170.2,156.0,Unhealthy,2019,11,12,Tuesday,Autumn,0,51.59877,65.86279,50.27204,99.63274,88.24993,141.0,137.0,55.563072204589844,63.10113089425223,144.0,151.85714285714286,-0.5000000000000004,0.8660254037844384
2019-11-13,64.37751,111.9437,218.1368,63.0,81.0,8.1,165.7,1021.6,3.6,0.0,163.5,156.0,Unhealthy,2019,11,13,Wednesday,Autumn,0,65.64451,49.44594,70.63659,114.4025,120.6807,156.0,159.0,60.540262858072914,62.20697675432478,151.0,151.42857142857142,-0.5000000000000004,0.8660254037844384
2019-11-14,65.30368,119.2952,231.4537,63.4,77.0,10.3,166.6,1023.1,4.0,0.0,135.4,156.0,Unhealthy,2019,11,14,Thursday,Autumn,0,64.37751,51.59877,67.24419,111.9437,122.4486,156.0,157.0,65.10856628417969,61.929761614118306,156.0,151.28571428571428,-0.5000000000000004,0.8660254037844384
2019-11-15,66.18626,128.8331,281.7014,63.4,75.5,10.3,239.3,1021.1,4.3,0.0,180.7,157.0,Unhealthy,2019,11,15,Friday,Autumn,0,65.30368,65.64451,71.27513,119.2952,128.5141,156.0,159.0,65.28914896647136,61.20277949741909,156.33333333333334,151.0,-0.5000000000000004,0.8660254037844384
2019-11-16,60.68623,109.9728,238.8911,61.8,82.9,11.4,276.5,1019.7,4.1,0.0,158.7,154.0,Unhealthy,2019,11,16,Saturday,Autumn,1,66.18626,64.37751,65.86279,128.8331,117.6214,157.0,156.0,64.05872217814128,60.463270459856304,155.66666666666666,150.71428571428572,-0.5000000000000004,0.8660254037844384
2019-11-17,58.41474,105.7931,218.1177,63.3,82.3,9.2,248.2,1018.3,4.0,0.0,163.5,153.0,Unhealthy,2019,11,17,Sunday,Autumn,0,60.68623,65.30368,49.44594,109.9728,96.44348,154.0,135.0,61.76240921020508,61.744528089250835,154.66666666666666,153.28571428571428,-0.5000000000000004,0.8660254037844384
2019-11-18,67.12714,118.3901,239.6137,62.8,78.2,8.1,192.0,1018.8,3.8,0.0,147.2,157.0,Unhealthy,2019,11,18,Monday,Autumn,0,58.41474,66.18626,51.59877,105.7931,99.63274,153.0,141.0,62.076035817464195,63.96286610194615,154.66666666666666,155.57142857142858,-0.5000000000000004,0.8660254037844384
2019-11-19,86.85524,145.3361,258.6405,61.4,79.6,9.2,181.3,1018.2,3.0,0.2032,158.6,167.0,Unhealthy,2019,11,19,Tuesday,Autumn,0,67.12714,60.68623,65.64451,118.3901,114.4025,157.0,156.0,70.79903920491536,66.99297060285296,159.0,157.14285714285714,-0.5000000000000004,0.8660254037844384
2019-11-20,84.96813,136.6794,242.6847,61.2,79.1,8.1,208.5,1019.6,2.9,0.0,118.4,166.0,Unhealthy,2019,11,20,Wednesday,Autumn,0,86.85524,58.41474,64.37751,145.3361,111.9437,167.0,156.0,79.6501693725586,69.93448802403041,163.33333333333334,158.57142857142858,-0.5000000000000004,0.8660254037844384
2019-11-21,84.67921,139.226,249.5371,61.4,77.0,9.2,227.3,1021.1,3.1,0.0,129.4,166.0,Unhealthy,2019,11,21,Thursday,Autumn,0,84.96813,67.12714,65.30368,136.6794,119.2952,166.0,156.0,85.50085957845052,72.70242037091937,166.33333333333334,160.0,-0.5000000000000004,0.8660254037844384
2019-11-22,79.59781,134.8447,270.149,59.9,79.3,9.2,238.0,1021.0,3.0,0.0,134.5,163.0,Unhealthy,2019,11,22,Friday,Autumn,0,84.67921,86.85524,66.18626,139.226,128.8331,166.0,157.0,83.0817159016927,74.61835643223354,165.0,160.85714285714286,-0.5000000000000004,0.8660254037844384
2019-11-23,85.33072,147.2368,260.9027,59.2,79.7,8.1,222.1,1019.8,3.2,0.0,108.3,166.0,Unhealthy,2019,11,23,Saturday,Autumn,1,79.59781,84.96813,60.68623,134.8447,109.9728,163.0,154.0,83.20257822672527,78.13899775913784,165.0,162.57142857142858,-0.5000000000000004,0.8660254037844384
2019-11-24,89.46936,148.6815,257.4252,59.1,85.0,8.1,247.6,1018.9,3.0,0.0,153.3,169.0,Unhealthy,2019,11,24,Sunday,Autumn,0,85.33072,84.67921,58.41474,147.2368,105.7931,166.0,153.0,84.79929606119792,82.57537187848773,166.0,164.85714285714286,-0.5000000000000004,0.8660254037844384
2019-11-25,77.14873,129.1139,225.0858,59.9,82.2,9.2,228.0,1020.8,3.0,0.0,106.9,162.0,Unhealthy,2019,11,25,Monday,Autumn,0,89.46936,79.59781,67.12714,148.6815,118.3901,169.0,157.0,83.98293558756511,84.00702776227679,165.66666666666666,165.57142857142858,-0.5000000000000004,0.8660254037844384
2019-11-26,89.77693,144.6286,247.3951,61.0,78.1,9.2,238.4,1021.0,2.6,0.0,166.2,169.0,Unhealthy,2019,11,26,Tuesday,Autumn,0,77.14873,85.33072,86.85524,129.1139,145.3361,162.0,167.0,85.46500651041667,84.42441231863839,166.66666666666666,165.85714285714286,-0.5000000000000004,0.8660254037844384
2019-11-27,97.84074,161.213,295.1053,58.5,79.2,8.1,232.7,1021.7,2.9,0.0,152.2,173.0,Unhealthy,2019,11,27,Wednesday,Autumn,0,89.77693,89.46936,84.96813,144.6286,136.6794,169.0,166.0,88.25546518961589,86.2633558000837,168.0,166.85714285714286,-0.5000000000000004,0.8660254037844384
2019-11-28,80.54972,145.4218,282.0512,57.8,71.6,9.2,255.4,1021.9,3.6,0.0,159.6,164.0,Unhealthy,2019,11,28,Thursday,Autumn,0,97.84074,77.14873,84.67921,161.213,139.226,173.0,166.0,89.38912963867188,85.67342921665737,168.66666666666666,166.57142857142858,-0.5000000000000004,0.8660254037844384
2019-11-29,89.62521,186.6047,321.9979,56.8,66.5,8.1,46.5,1020.6,3.9,0.0,157.0,169.0,Unhealthy,2019,11,29,Friday,Autumn,0,80.54972,89.77693,79.59781,145.4218,134.8447,164.0,163.0,89.33855692545573,87.10591561453683,168.66666666666666,167.42857142857142,-0.5000000000000004,0.8660254037844384
2019-11-30,74.78498,139.9157,296.8152,55.8,71.3,11.4,307.8,1019.4,4.1,0.0,182.5,161.0,Unhealthy,2019,11,30,Saturday,Autumn,1,89.62521,97.84074,85.33072,186.6047,147.2368,169.0,166.0,81.65330505371094,85.59938158307757,164.66666666666666,166.71428571428572,-0.5000000000000004,0.8660254037844384
2019-12-01,70.03913,124.9733,239.733,54.3,70.4,10.3,249.0,1019.3,4.2,0.1016,178.2,159.0,Unhealthy,2019,12,1,Sunday,Winter,0,74.78498,80.54972,89.46936,139.9157,148.6815,161.0,169.0,78.14977518717448,82.82363455636161,163.0,165.28571428571428,-2.4492935982947064e-16,1.0
2019-12-02,66.90573,104.9943,168.0819,53.1,79.7,9.2,228.9,1019.8,3.7,0.3048,158.0,157.0,Unhealthy,2019,12,2,Monday,Winter,0,70.03913,89.62521,77.14873,124.9733,129.1139,159.0,162.0,70.57661437988281,81.360349382673,159.0,164.57142857142858,-2.4492935982947064e-16,1.0
2019-12-03,72.02865,110.0076,174.5324,54.3,78.1,8.1,226.6,1019.5,3.7,0.1016,163.8,160.0,Unhealthy,2019,12,3,Tuesday,Winter,0,66.90573,74.78498,89.77693,104.9943,144.6286,157.0,169.0,69.6578369140625,78.82488032749721,158.66666666666666,163.28571428571428,-2.4492935982947064e-16,1.0
2019-12-04,82.76439,119.9974,196.152,53.7,78.6,10.3,171.0,1022.8,3.4,0.0,173.9,165.0,Unhealthy,2019,12,4,Wednesday,Winter,0,72.02865,70.03913,97.84074,110.0076,161.213,160.0,173.0,73.89958953857422,76.67111642020089,160.66666666666666,162.14285714285714,-2.4492935982947064e-16,1.0
2019-12-05,97.50592,146.8011,222.3506,53.8,77.0,6.9,207.9,1025.5,2.8,0.0,167.5,173.0,Unhealthy,2019,12,5,Thursday,Winter,0,82.76439,66.90573,80.54972,119.9974,145.4218,165.0,164.0,84.09965260823567,79.0934306553432,166.0,163.42857142857142,-2.4492935982947064e-16,1.0
2019-12-06,97.89364,147.3031,225.2226,52.9,70.9,8.1,173.1,1025.0,3.6,0.0,167.2,173.0,Unhealthy,2019,12,6,Friday,Winter,0,97.50592,72.02865,89.62521,146.8011,186.6047,173.0,169.0,92.72131601969402,80.2746342250279,170.33333333333334,164.0,-2.4492935982947064e-16,1.0
2019-12-07,84.33663,134.6319,218.4657,53.1,70.1,8.1,183.2,1023.3,3.8,0.0,166.2,166.0,Unhealthy,2019,12,7,Saturday,Winter,1,97.89364,82.76439,74.78498,147.3031,139.9157,173.0,161.0,93.24539693196614,81.63915579659599,170.66666666666666,164.71428571428572,-2.4492935982947064e-16,1.0
2019-12-08,86.36007,163.0282,320.1328,52.1,71.7,8.1,186.3,1022.2,4.1,0.0,169.0,167.0,Unhealthy,2019,12,8,Sunday,Winter,0,84.33663,97.50592,70.03913,134.6319,124.9733,166.0,159.0,89.53011322021484,83.97071838378906,168.66666666666666,165.85714285714286,-2.4492935982947064e-16,1.0
2019-12-09,75.0024,130.24,243.1778,52.0,76.4,11.4,199.2,1021.3,3.7,0.0,172.0,161.0,Unhealthy,2019,12,9,Monday,Winter,0,86.36007,97.89364,66.90573,163.0282,104.9943,167.0,157.0,81.89970143636067,85.12738582066127,164.66666666666666,166.42857142857142,-2.4492935982947064e-16,1.0
2019-12-10,70.74201,108.0963,176.0681,52.6,78.7,8.1,215.0,1018.5,3.6,0.0,122.1,159.0,Unhealthy,2019,12,10,Tuesday,Winter,0,75.0024,84.33663,72.02865,130.24,110.0076,161.0,160.0,77.36816151936848,84.9435806274414,162.33333333333334,166.28571428571428,-2.4492935982947064e-16,1.0
2019-12-11,60.56964,88.27911,161.2621,53.4,78.7,9.2,238.2,1017.3,3.7,0.0,85.6,154.0,Unhealthy,2019,12,11,Wednesday,Winter,0,70.74201,86.36007,82.76439,108.0963,119.9974,159.0,165.0,68.77135213216145,81.7729023524693,158.0,164.71428571428572,-2.4492935982947064e-16,1.0
2019-12-12,80.0806,101.816,141.3022,53.1,83.7,5.8,172.5,1020.0,3.2,0.0,69.7,164.0,Unhealthy,2019,12,12,Thursday,Winter,0,60.56964,75.0024,97.50592,88.27911,146.8011,154.0,173.0,70.46408335367839,79.28357042585101,159.0,163.42857142857142,-2.4492935982947064e-16,1.0
2019-12-13,68.65964,75.58095,78.1871,50.3,93.4,10.3,88.8,1021.8,2.9,0.0,32.1,158.0,Unhealthy,2019,12,13,Friday,Winter,0,80.0806,70.74201,97.89364,101.816,147.3031,164.0,173.0,69.76995849609375,75.10728454589844,158.66666666666666,161.28571428571428,-2.4492935982947064e-16,1.0
2019-12-14,31.94374,42.17307,72.64913,51.6,88.6,10.3,182.3,1022.5,4.1,33.3,122.0,93.0,Moderate,2019,12,14,Saturday,Winter,1,68.65964,60.56964,84.33663,75.58095,134.6319,158.0,166.0,60.22799173990885,67.62258584158761,138.33333333333334,150.85714285714286,-2.4492935982947064e-16,1.0
2019-12-15,59.02693,77.61254,113.8807,50.9,83.9,8.1,226.9,1020.7,3.9,0.0,110.6,153.0,Unhealthy,2019,12,15,Sunday,Winter,0,31.94374,80.0806,86.36007,42.17307,163.0282,93.0,167.0,53.210103352864586,63.71785191127232,134.66666666666666,148.85714285714286,-2.4492935982947064e-16,1.0
2019-12-16,58.8047,80.25435,128.6105,50.8,82.7,9.2,247.8,1020.3,3.6,0.0,156.8,153.0,Unhealthy,2019,12,16,Monday,Winter,0,59.02693,68.65964,75.0024,77.61254,130.24,153.0,161.0,49.925123850504555,61.4038941519601,133.0,147.71428571428572,-2.4492935982947064e-16,1.0
2019-12-17,61.50036,82.22517,122.8893,49.6,81.2,8.1,255.2,1020.3,3.7,0.0,169.6,154.0,Unhealthy,2019,12,17,Tuesday,Winter,0,58.8047,31.94374,70.74201,80.25435,108.0963,153.0,159.0,59.777329762776695,60.083657945905415,153.33333333333334,147.0,-2.4492935982947064e-16,1.0
2019-12-18,65.83894,87.05571,132.6619,48.9,77.8,11.4,191.0,1020.1,4.2,0.0,153.0,156.0,Unhealthy,2019,12,18,Wednesday,Winter,0,61.50036,59.02693,60.56964,82.22517,88.27911,154.0,154.0,62.04800033569336,60.83641542707171,154.33333333333334,147.28571428571428,-2.4492935982947064e-16,1.0
2019-12-19,65.97871,83.71536,114.6251,49.5,78.5,10.3,243.0,1019.3,3.6,0.1016,148.0,156.0,Unhealthy,2019,12,19,Thursday,Winter,0,65.83894,58.8047,80.0806,87.05571,101.816,156.0,164.0,64.43933614095052,58.821859632219585,155.33333333333334,146.14285714285714,-2.4492935982947064e-16,1.0
2019-12-20,88.42539,134.7989,226.2064,50.4,77.0,8.1,212.4,1017.2,3.5,0.0,155.4,168.0,Unhealthy,2019,12,20,Friday,Winter,0,65.97871,61.50036,68.65964,83.71536,75.58095,156.0,158.0,73.41434733072917,61.64553887503488,160.0,147.57142857142858,-2.4492935982947064e-16,1.0
2019-12-21,103.502,136.1353,196.807,51.2,79.5,9.2,263.0,1018.0,3.1,0.0,143.9,176.0,Unhealthy,2019,12,21,Saturday,Winter,1,88.42539,65.83894,31.94374,134.7989,42.17307,168.0,93.0,85.9686991373698,71.86814716884068,166.66666666666666,159.42857142857142,-2.4492935982947064e-16,1.0
2019-12-22,83.03039,118.7387,234.1227,51.1,72.2,11.4,273.0,1017.8,3.8,0.0,158.3,165.0,Unhealthy,2019,12,22,Sunday,Winter,0,103.502,65.97871,59.02693,136.1353,77.61254,176.0,153.0,91.65259297688802,75.29721232822963,169.66666666666666,161.14285714285714,-2.4492935982947064e-16,1.0
2019-12-23,80.80534,114.0852,191.9783,49.4,74.5,8.1,253.7,1018.6,4.3,0.0,152.0,164.0,Unhealthy,2019,12,23,Monday,Winter,0,83.03039,88.42539,58.8047,118.7387,80.25435,165.0,153.0,89.11257680257161,78.4401615687779,168.33333333333334,162.71428571428572,-2.4492935982947064e-16,1.0
2019-12-24,73.58855,107.9545,187.0592,48.8,77.0,9.2,240.5,1019.8,3.5,0.0,170.4,160.0,Unhealthy,2019,12,24,Tuesday,Winter,0,80.80534,103.502,61.50036,114.0852,82.22517,164.0,154.0,79.14142608642578,80.16704559326172,163.0,163.57142857142858,-2.4492935982947064e-16,1.0
2019-12-25,82.46411,118.7994,209.1052,47.1,74.7,8.1,180.7,1018.4,3.5,0.0,172.5,165.0,Unhealthy,2019,12,25,Wednesday,Winter,0,73.58855,83.03039,65.83894,107.9545,87.05571,160.0,156.0,78.95266723632812,82.54206957135882,163.0,164.85714285714286,-2.4492935982947064e-16,1.0
2019-12-26,82.9093,120.6315,198.8308,45.1,73.9,9.2,153.8,1017.4,3.6,0.0,165.5,165.0,Unhealthy,2019,12,26,Thursday,Winter,0,82.46411,80.80534,65.97871,118.7994,83.71536,165.0,156.0,79.65398661295573,84.96072605678013,163.33333333333334,166.14285714285714,-2.4492935982947064e-16,1.0
2019-12-27,80.16911,111.7883,213.4818,45.3,72.3,9.2,203.5,1018.1,3.4,0.0,159.0,164.0,Unhealthy,2019,12,27,Friday,Winter,0,82.9093,73.58855,88.42539,120.6315,134.7989,165.0,168.0,81.84750874837239,83.78125762939453,164.66666666666666,165.57142857142858,-2.4492935982947064e-16,1.0
2019-12-28,104.82,134.7128,203.1288,46.4,68.9,6.9,134.6,1020.4,3.1,0.4064,174.2,176.0,Unhealthy,2019,12,28,Saturday,Winter,1,80.16911,82.46411,103.502,111.7883,136.1353,164.0,176.0,89.29947153727214,83.96954345703125,168.33333333333334,165.57142857142858,-2.4492935982947064e-16,1.0
2019-12-29,117.0423,151.3344,225.2334,47.5,69.0,8.1,145.6,1020.6,3.1,0.0,172.0,183.0,Unhealthy,2019,12,29,Sunday,Winter,0,104.82,82.9093,83.03039,134.7128,118.7387,176.0,165.0,100.67713673909505,88.82838766915458,174.33333333333334,168.14285714285714,-2.4492935982947064e-16,1.0
2019-12-30,116.0365,158.866,255.4157,47.6,68.0,8.1,145.2,1021.5,3.5,0.0,172.1,182.0,Unhealthy,2019,12,30,Monday,Winter,0,117.0423,80.16911,80.80534,151.3344,114.0852,183.0,164.0,112.63293202718098,93.86140986851284,180.33333333333334,170.71428571428572,-2.4492935982947064e-16,1.0
2019-12-31,139.5653,196.9312,241.8994,47.8,66.1,8.1,138.1,1023.2,3.2,0.0,170.0,194.0,Unhealthy,2019,12,31,Tuesday,Winter,0,116.0365,104.82,73.58855,158.866,107.9545,182.0,160.0,124.21470133463542,103.28666142054966,186.33333333333334,175.57142857142858,-2.4492935982947064e-16,1.0
2020-01-01,137.2214,178.6197,228.3831,48.6,70.7,5.8,131.3,1025.3,2.9,0.0,145.7,193.0,Unhealthy,2020,1,1,Wednesday,Winter,0,139.5653,117.0423,82.46411,196.9312,118.7994,194.0,165.0,130.94107055664062,111.10913194928851,189.66666666666666,179.57142857142858,0.49999999999999994,0.8660254037844387
2020-01-02,133.6891,160.4747,190.4052,50.3,73.7,6.9,59.6,1025.6,2.9,0.0,110.0,191.0,Unhealthy,2020,1,2,Thursday,Winter,0,137.2214,116.0365,82.9093,178.6197,120.6315,193.0,165.0,136.8252716064453,118.36338915143695,192.66666666666666,183.28571428571428,0.49999999999999994,0.8660254037844387
2020-01-03,117.3546,125.154,127.2202,46.0,91.2,8.1,104.7,1021.7,2.3,0.0,26.5,183.0,Unhealthy,2020,1,3,Friday,Winter,0,133.6891,139.5653,80.16911,160.4747,111.7883,191.0,164.0,129.42170206705728,123.67560141427177,189.0,186.0,0.49999999999999994,0.8660254037844387
2020-01-04,66.22839,71.84955,85.9844,47.1,93.4,8.1,202.7,1018.5,2.7,0.0,109.9,157.0,Unhealthy,2020,1,4,Saturday,Winter,1,117.3546,137.2214,104.82,125.154,134.7128,183.0,176.0,105.75736490885417,118.16251482282367,177.0,183.28571428571428,0.49999999999999994,0.8660254037844387
2020-01-05,52.30509,68.0739,112.7043,47.1,80.3,9.2,287.6,1017.3,4.4,0.0,129.7,142.0,Unhealthy for Sensitive Groups,2020,1,5,Sunday,Winter,0,66.22839,133.6891,117.0423,71.84955,151.3344,157.0,183.0,78.62936147054036,108.91434260777065,160.66666666666666,177.42857142857142,0.49999999999999994,0.8660254037844387
2020-01-06,75.45167,94.20998,134.3484,46.3,79.7,9.2,185.7,1019.7,3.6,0.0,165.5,161.0,Unhealthy,2020,1,6,Monday,Winter,0,52.30509,117.3546,116.0365,68.0739,158.866,142.0,182.0,64.66171773274739,103.11650957380023,153.33333333333334,174.42857142857142,0.49999999999999994,0.8660254037844387
2020-01-07,81.27001,94.36108,126.225,49.0,81.7,8.1,291.5,1019.3,2.9,0.0,128.7,164.0,Unhealthy,2020,1,7,Tuesday,Winter,0,75.45167,66.22839,139.5653,94.20998,196.9312,161.0,194.0,69.67559051513672,94.78861018589565,155.66666666666666,170.14285714285714,0.49999999999999994,0.8660254037844387
2020-01-08,98.97469,103.6597,111.6383,48.3,89.7,4.7,141.2,1019.0,2.1,0.6096,84.3,173.0,Unhealthy,2020,1,8,Wednesday,Winter,0,81.27001,52.30509,137.2214,94.36108,178.6197,164.0,193.0,85.23212432861328,89.32479422433036,166.0,167.28571428571428,0.49999999999999994,0.8660254037844387
2020-01-09,67.8364,72.31882,76.66586,47.9,92.7,4.7,76.1,1018.9,2.3,1.5,79.9,157.0,Unhealthy,2020,1,9,Thursday,Winter,0,98.97469,75.45167,133.6891,103.6597,160.4747,173.0,191.0,82.6937026977539,79.91726575578961,164.66666666666666,162.42857142857142,0.49999999999999994,0.8660254037844387
2020-01-10,66.57103,81.47934,125.0448,48.9,84.8,8.1,250.8,1019.2,2.8,0.0,136.2,157.0,Unhealthy,2020,1,10,Friday,Winter,0,67.8364,81.27001,117.3546,72.31882,125.154,157.0,183.0,77.79404195149739,72.66247013636998,162.33333333333334,158.71428571428572,0.49999999999999994,0.8660254037844387
2020-01-11,79.40425,97.32533,146.6619,49.2,81.0,6.9,186.2,1020.1,2.9,0.0,161.8,163.0,Unhealthy,2020,1,11,Saturday,Winter,1,66.57103,98.97469,66.22839,81.47934,71.84955,157.0,157.0,71.27056121826172,74.54473549979073,159.0,159.57142857142858,0.49999999999999994,0.8660254037844387
2020-01-12,89.27517,111.0058,175.7241,49.5,78.4,8.1,207.8,1018.2,2.8,0.0,177.6,168.0,Unhealthy,2020,1,12,Sunday,Winter,0,79.40425,67.8364,52.30509,97.32533,68.0739,163.0,142.0,78.41681671142578,79.82617514474052,162.66666666666666,163.28571428571428,0.49999999999999994,0.8660254037844387
2020-01-13,94.75287,116.1454,166.2091,51.0,77.4,9.2,215.9,1016.6,2.9,0.0,175.6,171.0,Unhealthy,2020,1,13,Monday,Winter,0,89.27517,66.57103,75.45167,111.0058,94.20998,168.0,161.0,87.81076304117839,82.58348955426898,167.33333333333334,164.71428571428572,0.49999999999999994,0.8660254037844387
2020-01-14,98.46233,127.4733,207.0436,52.4,75.5,9.2,277.2,1016.8,3.4,0.0,178.9,173.0,Unhealthy,2020,1,14,Tuesday,Winter,0,94.75287,79.40425,81.27001,116.1454,94.36108,171.0,164.0,94.16345723470052,85.03953552246094,170.66666666666666,166.0,0.49999999999999994,0.8660254037844387
2020-01-15,85.04601,101.8726,134.9947,53.1,74.5,11.4,285.5,1018.8,3.6,0.0,189.6,166.0,Unhealthy,2020,1,15,Wednesday,Winter,0,98.46233,89.27517,98.97469,127.4733,103.6597,173.0,173.0,92.75373840332031,83.04972403390067,170.0,165.0,0.49999999999999994,0.8660254037844387
2020-01-16,84.15689,101.3273,127.9974,49.8,85.8,5.8,24.3,1020.1,2.4,0.0,44.8,166.0,Unhealthy,2020,1,16,Thursday,Winter,0,85.04601,94.75287,67.8364,101.8726,72.31882,166.0,157.0,89.22174580891927,85.38122231619698,168.33333333333334,166.28571428571428,0.49999999999999994,0.8660254037844387
2020-01-17,47.55358,48.33337,49.10722,47.8,98.0,10.3,89.6,1021.2,2.2,0.0,39.5,131.0,Unhealthy for Sensitive Groups,2020,1,17,Friday,Winter,0,84.15689,98.46233,66.57103,101.3273,81.47934,166.0,157.0,72.25216166178386,82.66444396972656,154.33333333333334,162.57142857142858,0.49999999999999994,0.8660254037844387
2020-01-18,85.25247,119.2243,206.6357,49.6,84.9,9.2,231.5,1020.9,2.4,0.0,171.0,166.0,Unhealthy,2020,1,18,Saturday,Winter,1,47.55358,85.04601,79.40425,48.33337,97.32533,131.0,163.0,72.32098134358723,83.49990408761161,154.33333333333334,163.0,0.49999999999999994,0.8660254037844387
2020-01-19,80.05741,113.0657,229.2507,47.9,74.3,12.8,87.5,1018.9,3.4,0.0,151.8,164.0,Unhealthy,2020,1,19,Sunday,Winter,0,85.25247,84.15689,89.27517,119.2243,111.0058,166.0,168.0,70.95448811848958,82.1830814906529,153.66666666666666,162.42857142857142,0.49999999999999994,0.8660254037844387
2020-01-20,83.94928,123.2228,217.4166,47.0,70.7,9.2,304.4,1018.7,3.7,0.0,186.2,166.0,Unhealthy,2020,1,20,Monday,Winter,0,80.05741,47.55358,94.75287,113.0657,116.1454,164.0,171.0,83.08638763427734,80.63971165248326,165.33333333333334,161.71428571428572,0.49999999999999994,0.8660254037844387
2020-01-21,137.484,194.2185,281.3361,46.9,75.9,5.8,102.0,1021.0,2.6,0.0,137.9,193.0,Unhealthy,2020,1,21,Tuesday,Winter,0,83.94928,85.25247,98.46233,123.2228,127.4733,166.0,173.0,100.49689483642578,86.21423448835101,174.33333333333334,164.57142857142858,0.49999999999999994,0.8660254037844387
2020-01-22,110.6249,161.5139,247.0368,48.5,67.9,11.4,317.7,1021.0,3.6,0.0,200.4,179.0,Unhealthy,2020,1,22,Wednesday,Winter,0,137.484,80.05741,85.04601,194.2185,101.8726,193.0,166.0,110.6860580444336,89.8683613368443,179.33333333333334,166.42857142857142,0.49999999999999994,0.8660254037844387
2020-01-23,79.76374,116.0683,177.0421,48.1,71.3,62.2,235.6,1016.8,4.0,0.0,156.8,164.0,Unhealthy,2020,1,23,Thursday,Winter,0,110.6249,83.94928,84.15689,161.5139,101.3273,179.0,166.0,109.29087829589844,89.24076843261719,178.66666666666666,166.14285714285714,0.49999999999999994,0.8660254037844387
2020-01-24,78.19467,110.619,203.7791,46.4,79.6,13.9,155.2,1016.3,3.4,0.0,170.3,163.0,Unhealthy,2020,1,24,Friday,Winter,0,79.76374,137.484,47.55358,116.0683,48.33337,164.0,131.0,89.52777099609375,93.6180670601981,168.66666666666666,170.71428571428572,0.49999999999999994,0.8660254037844387
2020-01-25,96.17504,124.4999,199.4057,48.2,77.2,9.2,233.5,1017.6,2.7,3.9878,147.5,172.0,Unhealthy,2020,1,25,Saturday,Winter,1,78.19467,110.6249,85.25247,110.619,119.2243,163.0,166.0,84.71115112304688,95.17843409946987,166.33333333333334,171.57142857142858,0.49999999999999994,0.8660254037844387
2020-01-26,96.12997,120.4747,180.5904,48.2,80.6,8.1,247.5,1016.0,2.6,0.0,126.9,172.0,Unhealthy,2020,1,26,Sunday,Winter,0,96.17504,79.76374,80.05741,124.4999,113.0657,172.0,164.0,90.16655985514323,97.47451346261161,169.0,172.71428571428572,0.49999999999999994,0.8660254037844387
2020-01-27,98.35847,134.3763,219.7666,48.4,79.7,11.4,200.8,1015.0,2.8,0.0,107.7,173.0,Unhealthy,2020,1,27,Monday,Winter,0,96.12997,78.19467,83.94928,120.4747,123.2228,172.0,166.0,96.88782501220703,99.53296879359654,172.33333333333334,173.71428571428572,0.49999999999999994,0.8660254037844387
2020-01-28,113.553,155.5553,252.4788,50.4,73.9,10.3,291.5,1016.3,3.1,0.7112,194.9,181.0,Unhealthy,2020,1,28,Tuesday,Winter,0,98.35847,96.17504,137.484,134.3763,194.2185,173.0,193.0,102.68047841389973,96.114255632673,175.33333333333334,172.0,0.49999999999999994,0.8660254037844387
2020-01-29,80.33364,109.5357,195.7287,53.7,72.2,9.2,260.2,1019.2,3.7,0.0,157.7,164.0,Unhealthy,2020,1,29,Wednesday,Winter,0,113.553,96.12997,110.6249,155.5553,161.5139,181.0,179.0,97.41503651936848,91.78693280901227,172.66666666666666,169.85714285714286,0.49999999999999994,0.8660254037844387
2020-01-30,82.37316,118.659,210.2277,50.3,74.1,11.4,221.7,1017.3,3.5,0.0,172.0,165.0,Unhealthy,2020,1,30,Thursday,Winter,0,80.33364,98.35847,79.76374,109.5357,116.0683,164.0,164.0,92.08660125732422,92.15970720563617,170.0,170.0,0.49999999999999994,0.8660254037844387
2020-01-31,75.70938,106.6049,181.397,50.7,77.1,10.3,235.6,1016.3,3.4,0.0,172.3,161.0,Unhealthy,2020,1,31,Friday,Winter,0,82.37316,113.553,78.19467,118.659,110.619,165.0,163.0,79.47206115722656,91.80466570172992,163.33333333333334,169.71428571428572,0.49999999999999994,0.8660254037844387
2020-02-01,70.9367,124.2059,281.2823,51.1,76.3,13.9,193.1,1018.0,3.3,0.0,107.1,159.0,Unhealthy,2020,2,1,Saturday,Winter,1,75.70938,80.33364,96.17504,106.6049,124.4999,161.0,172.0,76.33974711100261,88.19918823242188,161.66666666666666,167.85714285714286,0.8660254037844386,0.5000000000000001
2020-02-02,68.91687,102.4727,194.6208,50.0,73.6,8.1,232.3,1019.1,3.7,0.0,169.5,158.0,Unhealthy,2020,2,2,Sunday,Winter,0,70.9367,82.37316,96.12997,124.2059,120.4747,159.0,172.0,71.85431671142578,84.31160300118583,159.33333333333334,165.85714285714286,0.8660254037844386,0.5000000000000001
2020-02-03,85.28758,118.506,196.9593,48.6,77.5,10.3,210.6,1020.5,3.3,0.0,170.0,166.0,Unhealthy,2020,2,3,Monday,Winter,0,68.91687,75.70938,98.35847,102.4727,134.3763,158.0,173.0,75.04705047607422,82.444333757673,161.0,164.85714285714286,0.8660254037844386,0.5000000000000001
2020-02-04,84.28388,116.1141,216.2955,49.7,76.0,10.3,243.2,1019.2,2.9,0.0,167.4,166.0,Unhealthy,2020,2,4,Tuesday,Winter,0,85.28758,70.9367,113.553,118.506,155.5553,166.0,181.0,79.49611155192058,78.26303100585938,163.33333333333334,162.71428571428572,0.8660254037844386,0.5000000000000001
2020-02-05,84.58427,122.9353,251.0806,49.7,76.3,10.3,235.6,1016.7,3.1,0.0,177.9,166.0,Unhealthy,2020,2,5,Wednesday,Winter,0,84.28388,68.91687,80.33364,116.1141,109.5357,166.0,164.0,84.7185770670573,78.8702632359096,166.0,163.0,0.8660254037844386,0.5000000000000001
2020-02-06,84.05397,137.5798,314.1439,49.4,75.7,11.4,191.5,1018.3,3.1,0.0,163.0,166.0,Unhealthy,2020,2,6,Thursday,Winter,0,84.58427,85.28758,82.37316,122.9353,118.659,166.0,165.0,84.307373046875,79.11037881033761,166.0,163.14285714285714,0.8660254037844386,0.5000000000000001
2020-02-07,80.92965,125.6309,277.3268,50.8,74.1,13.9,198.7,1020.3,3.2,0.0,190.0,164.0,Unhealthy,2020,2,7,Friday,Winter,0,84.05397,84.28388,75.70938,137.5798,106.6049,166.0,161.0,83.18929545084636,79.85613141741071,165.33333333333334,163.57142857142858,0.8660254037844386,0.5000000000000001
2020-02-08,74.4595,148.5369,388.5389,50.2,68.6,10.3,177.4,1021.7,3.4,0.0,161.8,161.0,Unhealthy,2020,2,8,Saturday,Winter,1,80.92965,84.58427,70.9367,125.6309,124.2059,164.0,159.0,79.81437428792317,80.35938916887555,163.66666666666666,163.85714285714286,0.8660254037844386,0.5000000000000001
2020-02-09,79.8831,135.756,277.2183,49.2,68.5,9.2,323.1,1023.1,3.2,11.2014,176.5,164.0,Unhealthy,2020,2,9,Sunday,Winter,0,74.4595,84.05397,68.91687,148.5369,102.4727,161.0,158.0,78.42408498128255,81.92599378313336,163.0,164.71428571428572,0.8660254037844386,0.5000000000000001
2020-02-10,77.20728,107.9383,223.0832,50.2,67.9,10.3,218.6,1021.3,3.4,28.194,201.6,162.0,Unhealthy,2020,2,10,Monday,Winter,0,79.8831,80.92965,85.28758,135.756,118.506,164.0,166.0,77.18329620361328,80.77166530064174,162.33333333333334,164.14285714285714,0.8660254037844386,0.5000000000000001
2020-02-11,85.18531,110.3593,224.9001,51.3,69.9,11.4,238.0,1021.5,3.4,0.0,199.0,166.0,Unhealthy,2020,2,11,Tuesday,Winter,0,77.20728,74.4595,84.28388,107.9383,116.1141,162.0,166.0,80.75856526692708,80.9004407610212,164.0,164.14285714285714,0.8660254037844386,0.5000000000000001
2020-02-12,83.64704,112.4854,231.7366,52.9,71.5,11.4,193.9,1020.6,3.5,0.0,213.3,166.0,Unhealthy,2020,2,12,Wednesday,Winter,0,85.18531,79.8831,84.58427,110.3593,122.9353,166.0,166.0,82.01321156819661,80.7665514264788,164.66666666666666,164.14285714285714,0.8660254037844386,0.5000000000000001
2020-02-13,84.56376,119.3592,233.9861,54.3,71.9,13.9,189.8,1017.3,3.3,0.0,212.8,166.0,Unhealthy,2020,2,13,Thursday,Winter,0,83.64704,77.20728,84.05397,112.4854,137.5798,166.0,166.0,84.46537017822266,80.8393783569336,166.0,164.14285714285714,0.8660254037844386,0.5000000000000001
2020-02-14,82.94429,107.7009,208.6938,55.3,73.7,11.4,222.0,1013.5,3.2,0.0,158.9,165.0,Unhealthy,2020,2,14,Friday,Winter,0,84.56376,85.18531,80.92965,119.3592,125.6309,166.0,164.0,83.71836344401042,81.12718418666294,165.66666666666666,164.28571428571428,0.8660254037844386,0.5000000000000001
2020-02-15,88.95834,111.3894,200.0509,56.0,76.8,11.4,180.8,1016.0,2.7,0.0,87.0,168.0,Unhealthy,2020,2,15,Saturday,Winter,1,82.94429,83.64704,74.4595,107.7009,148.5369,165.0,161.0,85.48879750569661,83.19844709123883,166.33333333333334,165.28571428571428,0.8660254037844386,0.5000000000000001
2020-02-16,104.0931,128.7336,220.2423,57.5,76.6,9.2,210.6,1019.5,2.2,0.0,116.1,176.0,Unhealthy,2020,2,16,Sunday,Winter,0,88.95834,84.56376,79.8831,111.3894,135.756,168.0,164.0,91.99857838948567,86.65701838902065,169.66666666666666,167.0,0.8660254037844386,0.5000000000000001
2020-02-17,102.9535,128.9711,234.7935,58.2,78.3,10.3,246.7,1020.1,2.2,0.0,131.1,176.0,Unhealthy,2020,2,17,Monday,Winter,0,104.0931,82.94429,77.20728,128.7336,107.9383,176.0,162.0,98.66831461588542,90.33504922049386,173.33333333333334,169.0,0.8660254037844386,0.5000000000000001
2020-02-18,94.07912,121.9897,243.3347,57.3,79.0,9.2,202.3,1017.8,2.3,0.889,186.6,171.0,Unhealthy,2020,2,18,Tuesday,Winter,0,102.9535,88.95834,85.18531,128.9711,110.3593,176.0,166.0,100.37523905436198,91.6055930001395,174.33333333333334,169.71428571428572,0.8660254037844386,0.5000000000000001
2020-02-19,88.28112,113.8975,211.6399,58.5,78.9,8.1,214.7,1020.0,2.5,0.0,134.2,168.0,Unhealthy,2020,2,19,Wednesday,Winter,0,94.07912,104.0931,83.64704,121.9897,112.4854,171.0,166.0,95.10457865397136,92.26760428292411,171.66666666666666,170.0,0.8660254037844386,0.5000000000000001
2020-02-20,94.97252,119.6095,219.9774,57.7,80.5,10.3,227.0,1021.3,2.0,0.0,160.6,171.0,Unhealthy,2020,2,20,Thursday,Winter,0,88.28112,102.9535,84.56376,113.8975,119.3592,168.0,166.0,92.44425201416016,93.75457000732422,170.0,170.71428571428572,0.8660254037844386,0.5000000000000001
2020-02-21,88.32046,97.23692,134.2861,55.2,87.3,8.1,239.4,1025.4,1.8,0.0,87.7,168.0,Unhealthy,2020,2,21,Friday,Winter,0,94.97252,94.07912,82.94429,119.6095,107.7009,171.0,165.0,90.52469889322917,94.52259390694755,169.0,171.14285714285714,0.8660254037844386,0.5000000000000001
2020-02-22,48.2191,66.78693,153.265,57.5,77.8,5.8,259.0,1025.2,3.6,6.4,203.6,132.0,Unhealthy for Sensitive Groups,2020,2,22,Saturday,Winter,1,88.32046,88.28112,88.95834,97.23692,111.3894,168.0,168.0,77.17069244384766,88.70270211356026,157.0,166.0,0.8660254037844386,0.5000000000000001
2020-02-23,61.68678,112.9176,304.8487,56.1,72.1,10.3,154.6,1023.1,3.5,0.0,197.7,154.0,Unhealthy,2020,2,23,Sunday,Winter,0,48.2191,94.97252,104.0931,66.78693,128.7336,132.0,176.0,66.07544581095378,82.64465604509626,151.33333333333334,162.85714285714286,0.8660254037844386,0.5000000000000001
2020-02-24,44.48763,91.04041,246.1793,54.6,70.6,11.4,151.3,1019.9,3.7,0.0,181.9,123.0,Unhealthy for Sensitive Groups,2020,2,24,Monday,Winter,0,61.68678,88.32046,102.9535,112.9176,128.9711,154.0,176.0,51.4645029703776,74.29238891601562,136.33333333333334,155.28571428571428,0.8660254037844386,0.5000000000000001
2020-02-25,34.37078,69.96737,197.1332,53.9,75.6,11.4,111.2,1017.8,3.9,0.0,137.9,98.0,Moderate,2020,2,25,Tuesday,Winter,0,44.48763,48.2191,94.07912,91.04041,121.9897,123.0,171.0,46.84839630126953,65.76262664794922,125.0,144.85714285714286,0.8660254037844386,0.5000000000000001
2020-02-26,19.66966,32.0027,76.62313,50.9,88.8,9.2,109.3,1018.2,4.3,0.6096,109.9,67.0,Moderate,2020,2,26,Wednesday,Winter,0,34.37078,61.68678,88.28112,69.96737,113.8975,98.0,168.0,32.84269014994303,55.96098954336984,96.0,130.42857142857142,0.8660254037844386,0.5000000000000001
2020-02-27,29.0442,58.96433,160.1588,54.7,76.8,10.3,235.1,1019.2,4.3,0.0,197.2,87.0,Moderate,2020,2,27,Thursday,Winter,0,19.66966,44.48763,94.97252,32.0027,119.6095,67.0,171.0,27.694880803426106,46.54265839712961,84.0,118.42857142857143,0.8660254037844386,0.5000000000000001
2020-02-28,37.93062,77.68022,192.6514,56.7,76.4,10.3,233.3,1019.1,3.9,0.0,178.8,107.0,Unhealthy for Sensitive Groups,2020,2,28,Friday,Winter,0,29.0442,34.37078,88.32046,58.96433,97.23692,87.0,168.0,28.881493250528973,39.344109943934846,87.0,109.71428571428571,0.8660254037844386,0.5000000000000001
2020-02-29,40.54257,72.41721,163.9278,58.1,74.3,9.2,204.9,1018.2,4.1,0.0,182.4,113.0,Unhealthy for Sensitive Groups,2020,2,29,Saturday,Winter,1,37.93062,19.66966,48.2191,77.68022,66.78693,107.0,132.0,35.83912913004557,38.24746240888323,102.33333333333333,107.0,0.8660254037844386,0.5000000000000001
2020-03-01,39.13406,36.14983,235.5546,58.4,75.0,10.3,292.1,1018.3,4.2,0.0,189.5,110.0,Unhealthy for Sensitive Groups,2020,3,1,Sunday,Spring,0,40.54257,29.0442,61.68678,72.41721,112.9176,113.0,154.0,39.202415466308594,35.02564539228167,110.0,100.71428571428571,1.0,6.123233995736766e-17
2020-03-02,40.71115,39.421627,205.3269,56.1,74.3,12.8,217.0,1017.2,4.2,0.0,194.5,114.0,Unhealthy for Sensitive Groups,2020,3,2,Monday,Spring,0,39.13406,37.93062,44.48763,36.14983,91.04041,110.0,123.0,40.129259745279946,34.48614856175014,112.33333333333333,99.42857142857143,1.0,6.123233995736766e-17
2020-03-03,33.9678,42.693424,191.7967,57.5,70.9,10.3,217.5,1015.8,4.1,0.0,217.7,97.0,Moderate,2020,3,3,Tuesday,Spring,0,40.71115,40.54257,34.37078,39.421627,69.96737,114.0,98.0,37.937670389811196,34.42857987540109,107.0,99.28571428571429,1.0,6.123233995736766e-17
2020-03-04,35.38186,45.96522,161.8298,58.2,69.4,15.0,182.1,1016.5,4.2,0.0,185.6,100.0,Moderate,2020,3,4,Wednesday,Spring,0,33.9678,39.13406,19.66966,42.693424,32.0027,97.0,67.0,36.686936696370445,36.673179626464844,103.66666666666667,104.0,1.0,6.123233995736766e-17
2020-03-05,40.44466,49.237015,208.5455,57.3,70.0,13.9,168.3,1017.2,4.1,0.0,209.1,113.0,Unhealthy for Sensitive Groups,2020,3,5,Thursday,Spring,0,35.38186,40.71115,29.0442,45.96522,58.96433,100.0,87.0,36.598106384277344,38.30181666782924,103.33333333333333,107.71428571428571,1.0,6.123233995736766e-17
2020-03-06,35.66541,52.508812,219.3315,58.5,63.0,9.2,111.8,1018.0,4.3,0.5,180.8,101.0,Unhealthy for Sensitive Groups,2020,3,6,Friday,Spring,0,40.44466,33.9678,37.93062,49.237015,77.68022,113.0,107.0,37.16397603352865,37.97821535382952,104.66666666666667,106.85714285714286,1.0,6.123233995736766e-17
2020-03-07,29.15717,55.78061,113.4749,52.7,84.5,9.2,82.6,1019.8,4.1,8.1,122.8,87.0,Moderate,2020,3,7,Saturday,Spring,1,35.66541,35.38186,40.54257,52.508812,72.41721,101.0,113.0,35.08907953898112,36.35172980172293,100.33333333333333,103.14285714285714,1.0,6.123233995736766e-17
2020-03-08,28.59333,59.052406,152.1388,54.8,73.2,15.0,293.4,1017.2,4.2,0.0,261.0,86.0,Moderate,2020,3,8,Sunday,Spring,0,29.15717,40.44466,39.13406,55.78061,36.14983,87.0,110.0,31.138636271158855,34.84591129847935,91.33333333333333,99.71428571428571,1.0,6.123233995736766e-17
2020-03-09,31.13153,62.324203,118.5083,57.8,74.6,15.0,210.2,1015.3,4.6,0.0,250.9,91.0,Moderate,2020,3,9,Monday,Spring,0,28.59333,35.66541,40.71115,59.052406,39.421627,86.0,114.0,29.627343495686848,33.477394104003906,88.0,96.42857142857143,1.0,6.123233995736766e-17
2020-03-10,33.27005,65.596,162.9951,61.2,71.9,15.0,246.3,1016.3,4.3,0.0,213.6,96.0,Moderate,2020,3,10,Tuesday,Spring,0,31.13153,29.15717,33.9678,62.324203,42.693424,91.0,97.0,30.99830373128255,33.37771551949637,91.0,96.28571428571429,1.0,6.123233995736766e-17
2020-03-11,37.81845,68.8678,171.1984,61.9,66.8,13.9,295.6,1017.0,4.2,0.0,240.5,107.0,Unhealthy for Sensitive Groups,2020,3,11,Wednesday,Spring,0,33.27005,28.59333,35.38186,65.596,45.96522,96.0,100.0,34.073343912760414,33.72580010550363,98.0,97.28571428571429,1.0,6.123233995736766e-17
2020-03-12,35.72331,72.139595,234.4022,62.7,55.4,10.3,269.2,1019.9,4.6,0.0,252.3,102.0,Unhealthy for Sensitive Groups,2020,3,12,Thursday,Spring,0,37.81845,31.13153,40.44466,68.8678,49.237015,107.0,113.0,35.603936513264976,33.05132130214146,101.66666666666667,95.71428571428571,1.0,6.123233995736766e-17
2020-03-13,41.15294,75.41139,192.8354,56.1,68.4,11.4,103.1,1021.9,4.0,0.0,128.1,115.0,Unhealthy for Sensitive Groups,2020,3,13,Friday,Spring,0,35.72331,33.27005,35.66541,72.139595,52.508812,102.0,101.0,38.23156611124674,33.8352541242327,108.0,97.71428571428571,1.0,6.123233995736766e-17
2020-03-14,27.53958,47.08789,118.7559,57.9,76.8,10.3,161.7,1019.6,4.5,0.0,193.7,83.0,Moderate,2020,3,14,Saturday,Spring,1,41.15294,37.81845,29.15717,75.41139,55.78061,115.0,87.0,34.80527559916178,33.604169845581055,100.0,97.14285714285714,1.0,6.123233995736766e-17
2020-03-15,29.52633,91.37177,302.1441,58.5,65.9,12.8,166.8,1019.7,4.7,0.0,225.4,88.0,Moderate,2020,3,15,Sunday,Spring,0,27.53958,35.72331,28.59333,47.08789,59.052406,83.0,86.0,32.73961639404297,33.737455640520366,95.33333333333333,97.42857142857143,1.0,6.123233995736766e-17
2020-03-16,31.34536,67.93475,180.9621,58.2,61.8,13.9,209.6,1019.4,5.1,0.0,246.6,91.0,Moderate,2020,3,16,Monday,Spring,0,29.52633,41.15294,31.13153,91.37177,62.324203,88.0,91.0,29.470423380533855,33.76800264630999,87.33333333333333,97.42857142857143,1.0,6.123233995736766e-17
2020-03-17,38.03766,85.55189,205.3551,60.3,69.5,15.0,204.6,1019.7,4.5,0.0,263.3,107.0,Unhealthy for Sensitive Groups,2020,3,17,Tuesday,Spring,0,31.34536,27.53958,33.27005,67.93475,65.596,91.0,96.0,32.96978314717611,34.449089595249724,95.33333333333333,99.0,1.0,6.123233995736766e-17
2020-03-18,36.393127,82.09765,195.8159,60.6,67.5,16.1,215.5,1018.0,4.1,0.0,249.2,103.0,Unhealthy for Sensitive Groups,2020,3,18,Wednesday,Spring,0,38.03766,29.52633,37.81845,85.55189,68.8678,107.0,107.0,35.258715311686196,34.2454719543457,100.33333333333333,98.42857142857143,1.0,6.123233995736766e-17
2020-03-19,34.748596,78.64341,186.2767,60.4,66.8,16.1,205.2,1016.3,4.1,0.6096,207.9,99.0,Moderate,2020,3,19,Thursday,Spring,0,36.393127,31.34536,35.72331,82.09765,72.139595,103.0,102.0,36.39312744140625,34.106227329799104,103.0,98.0,1.0,6.123233995736766e-17
2020-03-20,33.104065,75.18917,176.7375,61.0,62.9,10.3,244.3,1017.0,3.9,10.3886,236.6,95.0,Moderate,2020,3,20,Friday,Spring,0,34.748596,38.03766,41.15294,78.64341,75.41139,99.0,115.0,34.74859619140625,32.95638820103237,99.0,95.14285714285714,1.0,6.123233995736766e-17
2020-03-21,31.459534,71.73493,167.1983,58.1,67.7,16.1,153.9,1017.5,3.8,0.6096,226.2,92.0,Moderate,2020,3,21,Saturday,Spring,1,33.104065,36.393127,27.53958,75.18917,47.08789,95.0,83.0,33.10406494140625,33.51638167245047,95.33333333333333,96.42857142857143,1.0,6.123233995736766e-17
2020-03-22,29.815002,68.2807,157.6591,58.4,73.5,15.0,188.5,1018.2,3.9,0.0,182.0,88.0,Moderate,2020,3,22,Sunday,Spring,0,31.459534,34.748596,29.52633,71.73493,91.37177,92.0,88.0,31.45953369140625,33.55762045724051,91.66666666666667,96.42857142857143,1.0,6.123233995736766e-17
2020-03-23,28.17047,64.82646,148.1199,57.5,83.4,15.0,131.9,1017.7,4.3,13.5,229.7,85.0,Moderate,2020,3,23,Monday,Spring,0,29.815002,33.104065,31.34536,68.2807,67.93475,88.0,91.0,29.81500180562337,33.104064668927876,88.33333333333333,95.57142857142857,1.0,6.123233995736766e-17
2020-03-24,26.525938,61.37222,138.5807,60.5,78.1,12.8,203.2,1016.8,4.6,0.0,229.5,81.0,Moderate,2020,3,24,Tuesday,Spring,0,28.17047,31.459534,38.03766,64.82646,85.55189,85.0,107.0,28.170469919840496,31.4595331464495,84.66666666666667,91.85714285714286,1.0,6.123233995736766e-17
2020-03-25,24.881407,57.91798,129.0415,64.1,75.8,17.2,227.7,1015.5,4.2,0.0,223.5,78.0,Moderate,2020,3,25,Wednesday,Spring,0,26.525938,29.815002,36.393127,61.37222,82.09765,81.0,103.0,26.525938034057617,29.81500162397112,81.33333333333333,88.28571428571429,1.0,6.123233995736766e-17
2020-03-26,23.236876,54.46374,119.5023,66.9,72.2,11.4,196.8,1016.3,4.2,0.0,258.0,74.0,Moderate,2020,3,26,Thursday,Spring,0,24.881407,28.17047,34.748596,57.91798,78.64341,78.0,99.0,24.881406784057617,28.170470101492747,77.66666666666667,84.71428571428571,1.0,6.123233995736766e-17
2020-03-27,21.592344,51.009502,109.9631,68.4,70.9,15.0,302.1,1018.1,4.1,0.0,256.9,71.0,Moderate,2020,3,27,Friday,Spring,0,23.236876,26.525938,33.104065,54.46374,75.18917,74.0,95.0,23.236875534057617,26.52593857901437,74.33333333333333,81.28571428571429,1.0,6.123233995736766e-17
2020-03-28,19.947811,47.555267,100.4239,68.8,56.6,16.1,311.5,1015.9,5.1,3.3,289.7,68.0,Moderate,2020,3,28,Saturday,Spring,1,21.592344,24.881407,31.459534,51.009502,71.73493,71.0,92.0,21.59234364827474,24.881406784057617,71.0,77.85714285714286,1.0,6.123233995736766e-17
2020-03-29,18.30328,44.10103,90.8847,66.5,53.4,12.8,271.2,1013.9,4.9,0.0,293.2,64.0,Moderate,2020,3,29,Sunday,Spring,0,19.947811,23.236876,29.815002,47.555267,68.2807,68.0,88.0,19.947811762491863,23.236874989100865,67.66666666666667,74.42857142857143,1.0,6.123233995736766e-17
2020-03-30,27.034,40.64679,81.3455,66.0,56.8,10.3,286.3,1015.2,5.3,0.0,302.3,82.0,Moderate,2020,3,30,Monday,Spring,0,18.30328,21.592344,28.17047,44.10103,64.82646,64.0,85.0,21.76169713338216,23.074522290910995,71.33333333333333,74.0,1.0,6.123233995736766e-17
2020-03-31,33.64566,37.19255,71.8063,66.1,61.1,17.2,200.5,1016.3,4.9,25.4,254.0,96.0,Moderate,2020,3,31,Tuesday,Spring,0,27.034,19.947811,26.525938,40.64679,61.37222,82.0,81.0,26.327646891276043,24.091625486101425,80.66666666666667,76.14285714285714,1.0,6.123233995736766e-17
2020-04-01,32.26859,39.01197,80.04696,63.7,68.7,25.3,267.1,1016.2,4.6,0.8,249.4,93.0,Moderate,2020,4,1,Wednesday,Spring,0,33.64566,18.30328,24.881407,37.19255,57.91798,96.0,78.0,30.982749938964844,25.146937234061106,90.33333333333333,78.28571428571429,0.8660254037844387,-0.4999999999999998
2020-04-02,22.14651,27.5442,54.13519,64.7,56.8,12.8,299.3,1015.4,5.1,0.8,271.4,72.0,Moderate,2020,4,2,Thursday,Spring,0,32.26859,27.034,23.236876,39.01197,54.46374,93.0,74.0,29.353586196899414,24.991170610700333,87.0,78.0,0.8660254037844387,-0.4999999999999998
2020-04-03,30.15352,36.95864,63.72464,65.1,51.5,12.8,184.5,1015.9,5.0,0.0,280.7,89.0,Moderate,2020,4,3,Friday,Spring,0,22.14651,33.64566,21.592344,27.5442,51.009502,72.0,71.0,28.189539591471355,26.214195796421595,84.66666666666667,80.57142857142857,0.8660254037844387,-0.4999999999999998
2020-04-04,37.42298,41.51527,57.09408,64.9,52.9,15.0,207.5,1017.0,4.6,0.0,274.4,106.0,Unhealthy for Sensitive Groups,2020,4,4,Saturday,Spring,1,30.15352,32.26859,19.947811,36.95864,47.555267,89.0,68.0,29.907670338948567,28.710648672921316,89.0,86.0,0.8660254037844387,-0.4999999999999998
2020-04-05,47.59879,53.52052,80.38436,64.8,53.0,13.9,234.4,1018.2,4.1,0.0,267.9,131.0,Unhealthy for Sensitive Groups,2020,4,5,Sunday,Spring,0,37.42298,22.14651,18.30328,41.51527,44.10103,106.0,64.0,38.39176368713379,32.895721435546875,108.66666666666667,95.57142857142857,0.8660254037844387,-0.4999999999999998
2020-04-06,54.33964,60.96831,93.22112,65.8,54.0,15.0,184.9,1015.9,4.1,0.0,288.9,147.0,Unhealthy for Sensitive Groups,2020,4,6,Monday,Spring,0,47.59879,30.15352,27.034,53.52052,40.64679,131.0,82.0,46.45380401611328,36.79652731759207,128.0,104.85714285714286,0.8660254037844387,-0.4999999999999998
2020-04-07,47.29448,57.38969,97.59687,67.0,53.4,12.8,224.2,1014.4,4.0,0.0,294.5,130.0,Unhealthy for Sensitive Groups,2020,4,7,Tuesday,Spring,0,54.33964,37.42298,33.64566,60.96831,37.19255,147.0,96.0,49.744303385416664,38.74635859898159,136.0,109.71428571428571,0.8660254037844387,-0.4999999999999998
2020-04-08,50.98586,62.778,101.3632,67.2,56.1,21.9,196.9,1015.7,3.7,0.0,231.4,139.0,Unhealthy for Sensitive Groups,2020,4,8,Wednesday,Spring,0,47.29448,47.59879,32.26859,57.38969,39.01197,130.0,93.0,50.87332661946615,41.420254298618865,138.66666666666666,116.28571428571429,0.8660254037844387,-0.4999999999999998
2020-04-09,37.51783,50.60566,106.7408,66.0,47.8,13.9,282.6,1016.7,4.3,0.0,257.3,106.0,Unhealthy for Sensitive Groups,2020,4,9,Thursday,Spring,0,50.98586,54.33964,22.14651,62.778,27.5442,139.0,72.0,45.266056060791016,43.61615725925991,125.0,121.14285714285714,0.8660254037844387,-0.4999999999999998
2020-04-10,47.63451,54.40954,75.71375,66.9,46.2,13.9,203.9,1019.1,3.9,0.0,299.7,131.0,Unhealthy for Sensitive Groups,2020,4,10,Friday,Spring,0,37.51783,47.29448,30.15352,50.60566,36.95864,106.0,89.0,45.37939961751302,46.113441467285156,125.33333333333333,127.14285714285714,0.8660254037844387,-0.4999999999999998
2020-04-11,75.2878,80.8916,105.7014,64.5,63.0,16.1,193.3,1019.9,2.9,1.0,247.6,161.0,Unhealthy,2020,4,11,Saturday,Spring,1,47.63451,50.98586,37.42298,54.40954,41.51527,131.0,106.0,53.480047861735024,51.52270180838449,132.66666666666666,135.0,0.8660254037844387,-0.4999999999999998
2020-04-12,63.74528,67.39158,91.09253,66.9,68.4,11.4,212.4,1018.1,3.2,0.3,297.4,155.0,Unhealthy,2020,4,12,Sunday,Spring,0,75.2878,37.51783,47.59879,80.8916,53.52052,161.0,131.0,62.22253163655599,53.82934352329799,149.0,138.42857142857142,0.8660254037844387,-0.4999999999999998
2020-04-13,56.5796,60.26368,81.63095,70.4,69.4,15.0,215.3,1016.8,3.4,0.0,253.1,152.0,Unhealthy,2020,4,13,Monday,Spring,0,63.74528,47.63451,54.33964,67.39158,60.96831,155.0,147.0,65.20422871907552,54.14933776855469,156.0,139.14285714285714,0.8660254037844387,-0.4999999999999998
2020-04-14,38.31603,41.18198,53.5048,69.8,67.6,10.3,235.2,1019.2,4.2,2.0,244.6,108.0,Unhealthy for Sensitive Groups,2020,4,14,Tuesday,Spring,0,56.5796,75.2878,47.29448,60.26368,57.38969,152.0,130.0,52.880303700764976,52.86670194353376,138.33333333333334,136.0,0.8660254037844387,-0.4999999999999998
2020-04-15,21.95072,23.96041,33.72046,69.4,64.5,15.0,227.7,1018.2,5.1,1.3,258.0,72.0,Moderate,2020,4,15,Wednesday,Spring,0,38.31603,63.74528,50.98586,41.18198,62.778,108.0,139.0,38.94878323872884,48.718824931553435,110.66666666666667,126.42857142857143,0.8660254037844387,-0.4999999999999998
2020-04-16,31.72342,34.98528,57.11439,68.5,72.5,8.1,84.8,1015.4,4.3,8.9916,182.2,92.0,Moderate,2020,4,16,Thursday,Spring,0,21.95072,56.5796,37.51783,23.96041,50.60566,72.0,106.0,30.663389205932617,47.891051973615376,90.66666666666667,124.42857142857143,0.8660254037844387,-0.4999999999999998
2020-04-17,34.04761,35.93354,45.19681,68.5,80.2,17.2,216.7,1014.5,3.6,2.0,197.3,97.0,Moderate,2020,4,17,Friday,Spring,0,31.72342,38.31603,47.63451,34.98528,54.40954,92.0,131.0,29.240583419799805,45.9500664302281,87.0,119.57142857142857,0.8660254037844387,-0.4999999999999998
2020-04-18,20.00018,22.5932,38.99861,67.5,72.2,15.0,281.2,1016.2,4.4,3.8,260.9,68.0,Moderate,2020,4,18,Saturday,Spring,1,34.04761,21.95072,75.2878,35.93354,80.8916,97.0,161.0,28.590403238932293,38.05183437892369,85.66666666666667,106.28571428571429,0.8660254037844387,-0.4999999999999998
2020-04-19,19.198,22.34503,35.53658,65.7,67.2,12.8,225.8,1016.3,4.9,0.0,266.5,66.0,Moderate,2020,4,19,Sunday,Spring,0,20.00018,31.72342,63.74528,22.5932,67.39158,68.0,155.0,24.415263493855793,31.68793705531529,77.0,93.57142857142857,0.8660254037844387,-0.4999999999999998
2020-04-20,18.55693,21.17258,32.998,65.6,65.5,11.4,177.6,1016.8,4.8,1.5,266.2,65.0,Moderate,2020,4,20,Monday,Spring,0,19.198,34.04761,56.5796,22.34503,60.26368,66.0,152.0,19.2517032623291,26.256126948765345,66.33333333333333,81.14285714285714,0.8660254037844387,-0.4999999999999998
2020-04-21,9.659475,10.37066,16.84163,60.7,77.2,11.4,69.5,1017.4,4.7,17.0,177.2,40.0,Good,2020,4,21,Tuesday,Spring,0,18.55693,20.00018,38.31603,21.17258,41.18198,65.0,108.0,15.804801940917969,22.162333624703543,57.0,71.42857142857143,0.8660254037844387,-0.4999999999999998
2020-04-22,13.85106,14.38051,15.43266,60.2,79.5,9.2,160.0,1016.0,4.6,9.4,253.2,55.0,Moderate,2020,4,22,Wednesday,Spring,0,9.659475,19.198,21.95072,10.37066,23.96041,40.0,72.0,14.022488594055176,21.00523935045515,53.333333333333336,69.0,0.8660254037844387,-0.4999999999999998
2020-04-23,24.18947,24.96809,29.7358,60.9,84.0,8.1,297.4,1015.5,4.1,4.1,205.4,76.0,Moderate,2020,4,23,Thursday,Spring,0,13.85106,18.55693,31.72342,14.38051,34.98528,55.0,92.0,15.900001843770346,19.928960936410085,57.0,66.71428571428571,0.8660254037844387,-0.4999999999999998
2020-04-24,28.48257,29.32965,32.05808,61.4,83.4,20.8,140.5,1014.0,4.0,3.4036,241.5,85.0,Moderate,2020,4,24,Friday,Spring,0,24.18947,9.659475,34.04761,24.96809,35.93354,76.0,97.0,22.17436695098877,19.13395513807024,72.0,65.0,0.8660254037844387,-0.4999999999999998
2020-04-25,25.412,25.77926,26.93347,63.2,86.4,11.4,152.8,1015.0,3.8,1.2954,216.3,79.0,Moderate,2020,4,25,Saturday,Spring,1,28.48257,13.85106,20.00018,29.32965,22.5932,85.0,68.0,26.028013865152996,19.907072475978307,80.0,66.57142857142857,0.8660254037844387,-0.4999999999999998
2020-04-26,28.97069,29.52201,31.7833,63.4,87.3,9.2,155.1,1018.2,3.6,8.6106,157.0,86.0,Moderate,2020,4,26,Sunday,Spring,0,25.412,24.18947,19.198,25.77926,22.34503,79.0,66.0,27.621753692626953,21.303171021597727,83.33333333333333,69.42857142857143,0.8660254037844387,-0.4999999999999998
2020-04-27,21.89253,22.36229,23.13604,63.4,85.3,9.2,126.6,1020.6,4.1,4.6,207.2,72.0,Moderate,2020,4,27,Monday,Spring,0,28.97069,28.48257,18.55693,29.52201,21.17258,86.0,65.0,25.425073623657227,21.779685292925155,79.0,70.42857142857143,0.8660254037844387,-0.4999999999999998
2020-04-28,19.87513,20.38563,21.99084,63.8,80.3,15.0,233.5,1018.3,4.6,0.0,233.1,67.0,Moderate,2020,4,28,Tuesday,Spring,0,21.89253,25.412,9.659475,22.36229,10.37066,72.0,40.0,23.579449971516926,23.239064489092147,75.0,74.28571428571429,0.8660254037844387,-0.4999999999999998
2020-04-29,19.60391,20.01567,22.24589,63.7,84.7,16.1,155.7,1017.2,4.7,3.8,240.9,67.0,Moderate,2020,4,29,Wednesday,Spring,0,19.87513,28.97069,13.85106,20.38563,14.38051,67.0,55.0,20.457190195719402,24.060900279453822,68.66666666666667,76.0,0.8660254037844387,-0.4999999999999998
2020-04-30,19.03461,19.54717,23.07041,65.4,84.2,10.3,219.1,1017.8,4.6,0.3,244.6,66.0,Moderate,2020,4,30,Thursday,Spring,0,19.60391,21.89253,24.18947,20.01567,24.96809,67.0,76.0,19.504550298055012,23.32449177333287,66.66666666666667,74.57142857142857,0.8660254037844387,-0.4999999999999998
2020-05-01,20.72341,21.17423,22.08522,64.9,85.4,6.9,124.7,1016.4,4.7,4.3,150.5,69.0,Moderate,2020,5,1,Friday,Spring,0,19.03461,19.87513,28.48257,19.54717,29.32965,66.0,85.0,19.787310282389324,22.216040202549525,67.33333333333333,72.28571428571429,0.49999999999999994,-0.8660254037844387
2020-05-02,19.97618,20.48415,22.53115,67.4,80.0,9.2,217.6,1015.8,5.0,0.3,229.3,68.0,Moderate,2020,5,2,Saturday,Spring,1,20.72341,19.60391,25.412,21.17423,25.77926,69.0,79.0,19.911399841308594,21.439494269234793,67.66666666666667,70.71428571428571,0.49999999999999994,-0.8660254037844387
2020-05-03,23.55346,24.45068,27.09266,68.4,78.1,11.4,268.2,1016.3,4.5,0.0,256.6,75.0,Moderate,2020,5,3,Sunday,Spring,0,19.97618,19.03461,28.97069,20.48415,29.52201,68.0,86.0,21.417682647705078,20.665604182652064,70.66666666666667,69.14285714285714,0.49999999999999994,-0.8660254037844387
2020-05-04,15.33579,15.8992,16.78505,64.8,85.6,6.9,50.1,1017.7,4.8,8.1,164.6,58.0,Moderate,2020,5,4,Monday,Spring,0,23.55346,20.72341,21.89253,24.45068,22.36229,75.0,72.0,19.621809323628742,19.72892693110875,67.0,67.14285714285714,0.49999999999999994,-0.8660254037844387
2020-05-05,14.86821,15.90637,18.97757,64.4,84.5,13.9,118.4,1016.2,4.6,0.0,223.3,57.0,Moderate,2020,5,5,Tuesday,Spring,0,15.33579,19.97618,19.87513,15.8992,20.38563,58.0,67.0,17.91915289560954,19.013652665274485,63.333333333333336,65.71428571428571,0.49999999999999994,-0.8660254037844387
2020-05-06,9.663459,10.3877,14.81725,65.1,78.7,9.2,248.5,1015.4,5.1,0.0,248.6,40.0,Good,2020,5,6,Wednesday,Spring,0,14.86821,23.55346,19.60391,15.90637,20.01567,57.0,67.0,13.28915278116862,17.59358814784459,51.666666666666664,61.857142857142854,0.49999999999999994,-0.8660254037844387
2020-05-07,14.40192,14.99817,15.54814,60.3,83.7,15.0,82.8,1016.5,5.1,9.7,263.6,56.0,Moderate,2020,5,7,Thursday,Spring,0,9.663459,15.33579,19.03461,10.3877,19.54717,40.0,66.0,12.977862993876139,16.9317752293178,51.0,60.42857142857143,0.49999999999999994,-0.8660254037844387
2020-05-08,17.12354,18.03121,23.49766,64.6,72.1,12.8,222.6,1014.3,5.4,0.0,257.1,62.0,Moderate,2020,5,8,Friday,Spring,0,14.40192,14.86821,20.72341,14.99817,21.17423,56.0,69.0,13.729640007019043,16.417508261544363,52.666666666666664,59.42857142857143,0.49999999999999994,-0.8660254037844387
2020-05-09,18.87685,20.05822,23.65287,68.8,74.0,9.2,260.3,1016.6,5.1,0.0,276.9,65.0,Moderate,2020,5,9,Saturday,Spring,1,17.12354,9.663459,19.97618,18.03121,20.48415,62.0,68.0,16.800770441691082,16.260461262294225,61.0,59.0,0.49999999999999994,-0.8660254037844387
2020-05-10,22.75632,24.89477,34.07584,66.8,79.5,12.8,140.3,1017.8,4.5,0.3,217.0,73.0,Moderate,2020,5,10,Sunday,Spring,0,18.87685,14.40192,23.55346,20.05822,24.45068,65.0,75.0,19.58557065327962,16.146584374564036,66.66666666666667,58.714285714285715,0.49999999999999994,-0.8660254037844387
2020-05-11,31.84663,34.35665,46.11684,65.1,76.5,8.1,17.4,1018.2,4.5,0.0,241.8,93.0,Moderate,2020,5,11,Monday,Spring,0,22.75632,17.12354,15.33579,24.89477,15.8992,73.0,58.0,24.493267059326172,18.505275862557546,77.0,63.714285714285715,0.49999999999999994,-0.8660254037844387
2020-05-12,23.34893,24.68101,31.00799,68.9,72.6,10.3,252.8,1016.3,4.5,0.0,232.0,75.0,Moderate,2020,5,12,Tuesday,Spring,0,31.84663,18.87685,14.86821,34.35665,15.90637,93.0,57.0,25.9839604695638,19.71680736541748,80.33333333333333,66.28571428571429,0.49999999999999994,-0.8660254037844387
2020-05-13,19.82399,22.24156,33.87506,71.6,67.6,11.4,284.2,1014.8,5.0,0.0,260.8,67.0,Moderate,2020,5,13,Wednesday,Spring,0,23.34893,22.75632,9.663459,24.68101,10.3877,75.0,40.0,25.00651677449544,21.16831180027553,78.33333333333333,70.14285714285714,0.49999999999999994,-0.8660254037844387
2020-05-14,24.98642,26.87785,35.89697,74.0,67.0,15.0,247.1,1014.3,5.0,0.1016,278.7,78.0,Moderate,2020,5,14,Thursday,Spring,0,19.82399,31.84663,14.40192,22.24156,14.99817,67.0,56.0,22.71977996826172,22.680383137294225,73.33333333333333,73.28571428571429,0.49999999999999994,-0.8660254037844387
2020-05-15,25.22014,25.90282,31.82186,72.9,77.2,9.2,284.9,1012.4,4.2,0.3,237.2,79.0,Moderate,2020,5,15,Friday,Spring,0,24.98642,23.34893,17.12354,26.87785,18.03121,78.0,62.0,23.343516667683918,23.837040219988143,74.66666666666667,75.71428571428571,0.49999999999999994,-0.8660254037844387
2020-05-16,26.83702,28.34125,36.50246,74.2,71.5,13.9,233.0,1011.7,4.1,0.0,283.4,82.0,Moderate,2020,5,16,Saturday,Spring,1,25.22014,19.82399,18.87685,25.90282,20.05822,79.0,65.0,25.681193669637043,24.97420746939523,79.66666666666667,78.14285714285714,0.49999999999999994,-0.8660254037844387
2020-05-17,20.99861,24.09268,43.63931,74.6,65.5,15.0,206.3,1011.9,5.0,0.0,284.4,70.0,Moderate,2020,5,17,Sunday,Spring,0,26.83702,24.98642,22.75632,28.34125,24.89477,82.0,73.0,24.35192362467448,24.723105839320592,77.0,77.71428571428571,0.49999999999999994,-0.8660254037844387
2020-05-18,21.57585,24.09728,35.5904,73.8,71.4,12.8,215.2,1010.6,4.5,0.0,227.4,71.0,Moderate,2020,5,18,Monday,Spring,0,20.99861,25.22014,31.84663,24.09268,34.35665,70.0,93.0,23.13715998331706,23.25585147312709,74.33333333333333,74.57142857142857,0.49999999999999994,-0.8660254037844387
2020-05-19,18.09914,19.26693,26.64534,73.3,63.9,10.3,161.2,1010.8,4.9,0.3,261.5,64.0,Moderate,2020,5,19,Tuesday,Spring,0,21.57585,26.83702,23.34893,24.09728,24.68101,71.0,75.0,20.224533081054688,22.505881445748464,68.33333333333333,73.0,0.49999999999999994,-0.8660254037844387
2020-05-20,18.72136,20.38817,26.97154,71.3,70.0,13.9,232.8,1009.1,4.6,0.0,170.7,65.0,Moderate,2020,5,20,Wednesday,Spring,0,18.09914,20.99861,19.82399,19.26693,22.24156,64.0,67.0,19.465449651082356,22.34836278642927,66.66666666666667,72.71428571428571,0.49999999999999994,-0.8660254037844387
2020-05-21,15.85918,16.35379,20.43271,73.2,78.8,12.8,272.5,1008.6,4.8,0.0,85.4,59.0,Moderate,2020,5,21,Thursday,Spring,0,18.72136,21.57585,24.98642,20.38817,26.87785,65.0,78.0,17.559893290201824,21.04447146824428,62.666666666666664,70.0,0.49999999999999994,-0.8660254037844387
2020-05-22,17.3156,18.11927,21.71314,74.9,78.4,9.2,258.5,1010.7,4.3,0.0,176.5,62.0,Moderate,2020,5,22,Friday,Spring,0,15.85918,18.09914,25.22014,16.35379,25.90282,59.0,79.0,17.298713048299152,19.915251323154994,62.0,67.57142857142857,0.49999999999999994,-0.8660254037844387
2020-05-23,13.3923,14.38405,18.09813,74.9,81.1,12.8,227.3,1011.9,4.6,0.0,62.4,54.0,Moderate,2020,5,23,Saturday,Spring,1,17.3156,18.72136,26.83702,18.11927,28.34125,62.0,82.0,15.522359848022461,17.994576862880162,58.333333333333336,63.57142857142857,0.49999999999999994,-0.8660254037844387
2020-05-24,14.98512,17.16719,29.74324,76.0,71.0,10.3,266.4,1011.3,4.8,0.0,164.8,57.0,Moderate,2020,5,24,Sunday,Spring,0,13.3923,15.85918,20.99861,14.38405,24.09268,54.0,70.0,15.231006304423014,17.135506902422225,57.666666666666664,61.714285714285715,0.49999999999999994,-0.8660254037844387
2020-05-25,17.3127,21.54254,42.86643,74.3,71.9,13.9,326.7,1011.6,4.4,1.0,255.1,62.0,Moderate,2020,5,25,Monday,Spring,0,14.98512,17.3156,21.57585,17.16719,24.09728,57.0,71.0,15.230039914449057,16.52648557935442,57.666666666666664,60.42857142857143,0.49999999999999994,-0.8660254037844387
2020-05-26,18.4713,20.27618,35.93512,68.8,83.1,15.0,85.7,1012.2,4.0,28.7,261.3,64.0,Moderate,2020,5,26,Tuesday,Spring,0,17.3127,13.3923,18.09914,21.54254,19.26693,62.0,64.0,16.92304007212321,16.579651287623815,61.0,60.42857142857143,0.49999999999999994,-0.8660254037844387
2020-05-27,21.1058,26.16666,39.37233,66.9,86.5,15.0,88.0,1011.2,4.1,19.8,248.4,70.0,Moderate,2020,5,27,Wednesday,Spring,0,18.4713,14.98512,18.72136,20.27618,20.38817,64.0,65.0,18.963267008463543,16.920285769871303,65.33333333333333,61.142857142857146,0.49999999999999994,-0.8660254037844387
2020-05-28,17.51751,21.81097,35.26707,69.3,79.8,9.2,126.6,1012.2,5.2,0.0,229.6,62.0,Moderate,2020,5,28,Thursday,Spring,0,21.1058,17.3127,15.85918,26.16666,16.35379,70.0,59.0,19.0315367380778,17.157189914158412,65.33333333333333,61.57142857142857,0.49999999999999994,-0.8660254037844387
2020-05-29,11.00244,14.18647,22.35322,69.1,75.6,10.3,207.8,1014.3,5.2,13.0048,251.8,46.0,Good,2020,5,29,Friday,Spring,0,17.51751,18.4713,17.3156,21.81097,18.11927,62.0,62.0,16.541916847229004,16.25531005859375,59.333333333333336,59.285714285714285,0.49999999999999994,-0.8660254037844387
2020-05-30,16.00674,19.48265,32.15512,70.0,78.4,10.3,348.6,1015.3,4.8,10.9982,242.2,59.0,Moderate,2020,5,30,Saturday,Spring,1,11.00244,21.1058,13.3923,14.18647,14.38405,46.0,54.0,14.842230161031088,16.628801618303573,55.666666666666664,60.0,0.49999999999999994,-0.8660254037844387
2020-05-31,17.39376,21.48282,29.81,70.1,83.0,8.1,241.9,1016.0,4.7,0.0,126.3,62.0,Moderate,2020,5,31,Sunday,Spring,0,16.00674,17.51751,14.98512,19.48265,17.16719,59.0,57.0,14.800980567932129,16.972893169948033,55.666666666666664,60.714285714285715,0.49999999999999994,-0.8660254037844387
2020-06-01,16.17385,20.52806,31.25722,71.0,77.0,12.8,271.3,1015.3,4.9,0.0,277.6,60.0,Moderate,2020,6,1,Monday,Monsoon,0,17.39376,11.00244,17.3127,21.48282,21.54254,62.0,62.0,16.524783452351887,16.810200146266393,60.333333333333336,60.42857142857143,1.2246467991473532e-16,-1.0
2020-06-02,14.64929,21.26434,49.54976,72.5,68.9,12.8,297.5,1013.5,5.3,24.9936,250.9,56.0,Moderate,2020,6,2,Tuesday,Monsoon,0,16.17385,16.00674,18.4713,20.52806,20.27618,60.0,64.0,16.07229995727539,16.26419871194022,59.333333333333336,59.285714285714285,1.2246467991473532e-16,-1.0
2020-06-03,18.94118,25.1252,46.52693,71.2,77.3,11.4,166.0,1013.0,5.0,0.0,215.5,65.0,Moderate,2020,6,3,Wednesday,Monsoon,0,14.64929,17.39376,21.1058,21.26434,26.16666,56.0,70.0,16.588106155395508,15.954967090061732,60.333333333333336,58.57142857142857,1.2246467991473532e-16,-1.0
2020-06-04,26.72777,31.87396,45.80261,69.3,85.1,6.9,221.5,1012.8,4.3,0.0,108.4,82.0,Moderate,2020,6,4,Thursday,Monsoon,0,18.94118,16.17385,17.51751,25.1252,21.81097,65.0,62.0,20.10607973734538,17.270718574523926,67.66666666666667,61.42857142857143,1.2246467991473532e-16,-1.0
2020-06-05,13.58063,14.14076,15.41507,66.3,94.2,9.2,82.0,1011.8,4.6,0.2032,41.5,54.0,Moderate,2020,6,5,Friday,Monsoon,0,26.72777,14.64929,11.00244,31.87396,14.18647,82.0,46.0,19.74985980987549,17.639031410217285,67.0,62.57142857142857,1.2246467991473532e-16,-1.0
2020-06-06,8.347654,9.817395,15.43872,68.6,91.8,11.4,195.0,1010.7,4.7,0.0,61.0,35.0,Good,2020,6,6,Saturday,Monsoon,1,13.58063,18.94118,16.00674,14.14076,19.48265,54.0,59.0,16.218684832255047,16.544876234872,57.0,59.142857142857146,1.2246467991473532e-16,-1.0
2020-06-07,9.243173,13.18368,22.97817,73.2,83.7,10.3,251.2,1010.1,5.1,21.9964,214.0,39.0,Good,2020,6,7,Sunday,Monsoon,0,8.347654,26.72777,17.39376,9.817395,21.48282,35.0,62.0,10.390485763549805,15.38050651550293,42.666666666666664,55.857142857142854,1.2246467991473532e-16,-1.0
2020-06-16,5.88078,8.163831,18.65864,73.1,90.8,9.2,119.9,1007.8,4.9,0.0,42.8,25.0,Good,2020,6,16,Tuesday,Monsoon,0,8.183179,9.575957,19.31655,10.12611,26.97794,34.0,66.0,6.779863357543945,11.184900965009417,28.333333333333332,43.285714285714285,1.2246467991473532e-16,-1.0
2020-06-17,7.956863,11.69362,24.28432,74.7,87.4,12.8,206.8,1006.8,4.7,0.0,217.2,33.0,Good,2020,6,17,Wednesday,Monsoon,0,5.88078,6.275631,18.84783,8.163831,26.39997,25.0,65.0,7.340274016062419,9.629048551831927,30.666666666666668,38.714285714285715,1.2246467991473532e-16,-1.0
2020-06-18,7.240655,9.751724,19.80885,73.8,92.7,8.1,196.2,1007.5,4.6,15.0114,84.2,30.0,Good,2020,6,18,Thursday,Monsoon,0,7.956863,8.183179,17.61394,11.69362,23.6883,33.0,63.0,7.0260993639628095,8.147150788988386,29.333333333333332,34.0,1.2246467991473532e-16,-1.0
2020-06-19,11.00087,13.67928,17.9817,73.1,93.7,6.9,211.0,1009.5,4.2,0.9906,91.7,46.0,Good,2020,6,19,Friday,Monsoon,0,7.240655,5.88078,11.91699,9.751724,16.86507,30.0,50.0,8.73279587427775,8.016276427677699,36.333333333333336,33.42857142857143,1.2246467991473532e-16,-1.0
2020-06-20,16.65977,19.79593,26.51289,72.8,92.2,6.9,191.2,1010.6,4.2,0.889,89.6,61.0,Moderate,2020,6,20,Saturday,Monsoon,1,11.00087,7.956863,9.575957,13.67928,12.69438,46.0,40.0,11.633764584859213,9.028249536241804,45.666666666666664,36.42857142857143,1.2246467991473532e-16,-1.0
2020-06-21,16.54731,21.5058,30.37118,72.6,91.4,5.8,188.7,1009.7,4.1,0.0,174.0,60.0,Moderate,2020,6,21,Sunday,Monsoon,0,16.65977,7.240655,6.275631,19.79593,9.075815,61.0,26.0,14.735982894897461,10.495632239750453,55.666666666666664,41.285714285714285,1.2246467991473532e-16,-1.0
2020-06-22,8.619591,10.57775,15.1806,72.3,95.2,11.4,232.9,1009.8,3.8,20.193,94.8,36.0,Good,2020,6,22,Monday,Monsoon,0,16.54731,11.00087,8.183179,21.5058,10.12611,60.0,34.0,13.94222323099772,10.557976790836879,52.333333333333336,41.57142857142857,1.2246467991473532e-16,-1.0
2020-06-23,13.7614,22.64285,59.09264,74.6,87.9,9.2,179.3,1012.8,4.8,13.8176,111.8,54.0,Moderate,2020,6,23,Tuesday,Monsoon,0,8.619591,16.65977,5.88078,10.57775,8.163831,36.0,25.0,12.976100285847982,11.683779648372106,50.0,45.714285714285715,1.2246467991473532e-16,-1.0
2020-06-24,12.89105,19.48005,47.0665,75.1,86.4,8.1,155.3,1012.8,4.5,0.7112,185.1,53.0,Moderate,2020,6,24,Wednesday,Monsoon,0,13.7614,16.54731,7.956863,22.64285,11.69362,54.0,33.0,11.757347106933594,12.388663564409528,47.666666666666664,48.57142857142857,1.2246467991473532e-16,-1.0
2020-06-25,14.44771,18.02588,22.20771,73.3,93.8,5.8,214.6,1010.5,4.4,0.0,100.0,56.0,Moderate,2020,6,25,Thursday,Monsoon,0,12.89105,8.619591,7.240655,19.48005,9.751724,53.0,30.0,13.700053532918295,13.418242863246373,54.333333333333336,52.285714285714285,1.2246467991473532e-16,-1.0
2020-06-26,7.893257,11.40295,26.20291,73.4,89.6,8.1,230.7,1008.0,4.9,0.0,72.0,33.0,Good,2020,6,26,Friday,Monsoon,0,14.44771,13.7614,11.00087,18.02588,13.67928,56.0,46.0,11.744005839029947,12.974298204694476,47.333333333333336,50.42857142857143,1.2246467991473532e-16,-1.0
2020-06-27,10.92556,15.87233,35.05072,75.3,85.0,15.0,223.6,1007.7,5.0,5.0038,160.3,46.0,Good,2020,6,27,Saturday,Monsoon,1,7.893257,12.89105,16.65977,11.40295,19.79593,33.0,61.0,11.088842391967773,12.155125481741768,45.0,48.285714285714285,1.2246467991473532e-16,-1.0
2020-06-28,11.84247,15.28094,21.38202,72.9,92.9,10.3,107.8,1009.1,4.2,5.0038,105.6,49.0,Good,2020,6,28,Sunday,Monsoon,0,10.92556,14.44771,16.54731,15.87233,21.5058,46.0,60.0,10.220429102579752,11.48300552368164,42.666666666666664,46.714285714285715,1.2246467991473532e-16,-1.0
2020-06-29,11.30245,18.02957,42.30435,73.2,89.9,8.1,197.3,1010.8,4.5,5.9944,64.4,47.0,Good,2020,6,29,Monday,Monsoon,0,11.84247,7.893257,8.619591,15.28094,10.57775,49.0,36.0,11.356826782226562,11.866271155221122,47.333333333333336,48.285714285714285,1.2246467991473532e-16,-1.0
2020-06-30,18.02207,26.34789,57.22458,74.4,86.6,13.9,193.2,1011.2,4.6,0.0,173.7,63.0,Moderate,2020,6,30,Tuesday,Monsoon,0,11.30245,10.92556,13.7614,18.02957,22.64285,47.0,54.0,13.722330093383789,12.474938256399971,53.0,49.57142857142857,1.2246467991473532e-16,-1.0
2020-07-01,19.48183,28.51758,57.08512,76.5,82.5,6.9,249.2,1009.8,4.3,0.0,206.4,67.0,Moderate,2020,7,1,Wednesday,Monsoon,0,18.02207,11.84247,12.89105,26.34789,19.48005,63.0,53.0,16.268783569335938,13.416478293282646,59.0,51.57142857142857,-0.4999999999999997,-0.8660254037844388
2020-07-02,17.66793,27.25626,61.35816,76.8,80.4,13.9,221.8,1007.9,4.2,28.9814,169.6,63.0,Moderate,2020,7,2,Thursday,Monsoon,0,19.48183,11.30245,14.44771,28.51758,18.02588,67.0,56.0,18.390610376993816,13.87650980268206,64.33333333333333,52.57142857142857,-0.4999999999999997,-0.8660254037844388
2020-07-03,15.91625,21.43113,36.66316,75.3,84.0,10.3,176.7,1009.5,4.2,0.508,139.3,59.0,Moderate,2020,7,3,Friday,Monsoon,0,17.66793,18.02207,7.893257,27.25626,11.40295,63.0,33.0,17.688670476277668,15.022651672363281,63.0,56.285714285714285,-0.4999999999999997,-0.8660254037844388
2020-07-04,14.41573,18.48015,23.81818,72.0,93.6,8.1,153.2,1009.7,3.9,3.6068,76.3,56.0,Moderate,2020,7,4,Saturday,Monsoon,1,15.91625,19.48183,10.92556,21.43113,15.87233,59.0,46.0,15.999970436096191,15.521247455051967,59.333333333333336,57.714285714285715,-0.4999999999999997,-0.8660254037844388
2020-07-05,10.78637,17.19212,40.45086,75.3,84.6,9.2,204.8,1008.4,4.7,0.2032,205.1,45.0,Good,2020,7,5,Sunday,Monsoon,0,14.41573,17.66793,11.84247,18.48015,15.28094,56.0,49.0,13.706116994222006,15.37037604195731,53.333333333333336,57.142857142857146,-0.4999999999999997,-0.8660254037844388
2020-07-06,6.68109,9.545991,22.21833,73.8,92.7,13.9,214.5,1008.1,4.6,2.4892,132.1,28.0,Good,2020,7,6,Monday,Monsoon,0,10.78637,15.91625,11.30245,17.19212,18.02957,45.0,47.0,10.627730210622152,14.710181713104248,43.0,54.42857142857143,-0.4999999999999997,-0.8660254037844388
2020-07-07,8.584123,12.13112,26.34722,75.5,88.1,8.1,222.6,1011.5,4.8,75.0062,119.9,36.0,Good,2020,7,7,Tuesday,Monsoon,0,6.68109,14.41573,18.02207,9.545991,26.34789,28.0,63.0,8.683860937754313,13.361903531210762,36.333333333333336,50.57142857142857,-0.4999999999999997,-0.8660254037844388
2020-07-08,6.749465,10.42235,24.57187,77.0,84.6,113.0,220.5,1011.3,4.9,2.2098,118.6,28.0,Good,2020,7,8,Wednesday,Monsoon,0,8.584123,10.78637,19.48183,12.13112,28.51758,36.0,67.0,7.338225841522217,11.542994158608574,30.666666666666668,45.0,-0.4999999999999997,-0.8660254037844388
2020-07-09,9.991151,11.59081,16.22519,74.1,94.4,8.1,55.0,1008.1,4.1,3.4036,99.6,42.0,Good,2020,7,9,Thursday,Monsoon,0,6.749465,6.68109,17.66793,10.42235,27.25626,28.0,63.0,8.441579500834147,10.446311337607247,35.333333333333336,42.0,-0.4999999999999997,-0.8660254037844388
2020-07-10,8.340984,10.57571,14.38729,73.1,95.2,8.1,218.1,1006.8,4.2,22.8092,85.2,35.0,Good,2020,7,10,Friday,Monsoon,0,9.991151,8.584123,15.91625,11.59081,21.43113,42.0,59.0,8.360533396402994,9.36413049697876,35.0,38.57142857142857,-0.4999999999999997,-0.8660254037844388
2020-07-11,7.218529,10.09622,18.36109,73.8,91.4,8.1,197.4,1006.1,4.3,5.0038,64.4,30.0,Good,2020,7,11,Saturday,Monsoon,1,8.340984,6.749465,14.41573,10.57571,18.48015,35.0,56.0,8.51688814163208,8.335958889552526,35.666666666666664,34.857142857142854,-0.4999999999999997,-0.8660254037844388
2020-07-12,12.47597,16.31267,23.09922,73.1,92.6,10.3,202.8,1007.2,4.0,115.189,68.9,52.0,Moderate,2020,7,12,Sunday,Monsoon,0,7.218529,9.991151,10.78637,10.09622,17.19212,30.0,45.0,9.345161279042562,8.577330316816058,39.0,35.857142857142854,-0.4999999999999997,-0.8660254037844388
2020-07-13,9.853923,14.1045,30.353,73.5,90.0,8.1,194.3,1007.9,4.0,40.5892,74.3,41.0,Good,2020,7,13,Monday,Monsoon,0,12.47597,8.340984,6.68109,16.31267,9.545991,52.0,28.0,9.84947411219279,9.030592169080462,41.0,37.714285714285715,-0.4999999999999997,-0.8660254037844388
2020-07-14,10.22458,16.12998,33.07876,74.0,90.1,6.9,203.6,1010.5,4.6,2.4892,127.0,43.0,Good,2020,7,14,Tuesday,Monsoon,0,9.853923,7.218529,8.584123,14.1045,12.13112,41.0,36.0,10.85149097442627,9.264943190983363,45.333333333333336,38.714285714285715,-0.4999999999999997,-0.8660254037844388
2020-07-15,11.95862,21.31236,55.3807,75.8,84.9,13.9,209.4,1010.6,4.5,27.813,194.5,50.0,Good,2020,7,15,Wednesday,Monsoon,0,10.22458,12.47597,6.749465,16.12998,10.42235,43.0,28.0,10.679040908813477,10.009108202798027,44.666666666666664,41.857142857142854,-0.4999999999999997,-0.8660254037844388
2020-07-16,9.405402,16.01633,41.16779,75.9,86.1,12.8,209.8,1010.2,4.8,6.7056,190.3,39.0,Good,2020,7,16,Thursday,Monsoon,0,11.95862,9.853923,9.991151,21.31236,11.59081,50.0,42.0,10.529534022013346,9.925429821014404,44.0,41.42857142857143,-0.4999999999999997,-0.8660254037844388
2020-07-17,8.979005,15.43761,44.17401,75.5,84.3,10.3,187.5,1010.8,4.7,0.0,105.3,37.0,Good,2020,7,17,Friday,Monsoon,0,9.405402,10.22458,8.340984,16.01633,10.57571,39.0,35.0,10.11434237162272,10.016575608934675,42.0,41.714285714285715,-0.4999999999999997,-0.8660254037844388
2020-07-18,9.484535,11.15595,15.05057,71.8,96.0,8.1,4.8,1012.0,3.8,52.9844,83.7,40.0,Good,2020,7,18,Saturday,Monsoon,1,8.979005,11.95862,7.218529,15.43761,10.09622,37.0,30.0,9.289647420247396,10.340290750776019,38.666666666666664,43.142857142857146,-0.4999999999999997,-0.8660254037844388
2020-07-19,8.616349,9.378824,10.14788,70.7,98.3,5.8,92.9,1009.5,3.5,41.0972,55.0,36.0,Good,2020,7,19,Sunday,Monsoon,0,9.484535,9.405402,12.47597,11.15595,16.31267,40.0,52.0,9.026629765828451,9.788916315351214,37.666666666666664,40.857142857142854,-0.4999999999999997,-0.8660254037844388
2020-07-20,9.858085,10.2234,10.2556,69.8,99.5,8.1,95.4,1008.2,3.5,5.8928,46.6,41.0,Good,2020,7,20,Monday,Monsoon,0,8.616349,8.979005,9.853923,9.378824,14.1045,36.0,41.0,9.319656372070312,9.7895108631679,39.0,40.857142857142854,-0.4999999999999997,-0.8660254037844388
2020-07-21,10.70497,13.29076,20.06629,70.6,94.3,8.1,144.9,1010.0,4.0,8.001,76.9,45.0,Good,2020,7,21,Tuesday,Monsoon,0,9.858085,9.484535,10.22458,10.2234,16.12998,41.0,43.0,9.726468086242676,9.858138084411621,40.666666666666664,41.142857142857146,-0.4999999999999997,-0.8660254037844388
2020-07-22,8.426484,12.63943,28.62448,73.2,88.6,9.2,199.0,1009.3,4.8,0.508,165.0,35.0,Good,2020,7,22,Wednesday,Monsoon,0,10.70497,8.616349,11.95862,13.29076,21.31236,45.0,50.0,9.663179715474447,9.35354723249163,40.333333333333336,39.0,-0.4999999999999997,-0.8660254037844388
2020-07-23,9.477531,12.08256,20.16389,71.7,96.7,12.8,186.4,1011.2,4.1,17.2974,115.9,39.0,Good,2020,7,23,Thursday,Monsoon,0,8.426484,9.858085,9.405402,12.63943,16.01633,35.0,39.0,9.536328633626303,9.363851411002022,39.666666666666664,39.0,-0.4999999999999997,-0.8660254037844388
2020-07-24,9.388458,13.85408,36.82622,72.6,92.9,10.3,215.2,1014.3,4.1,12.5984,146.2,39.0,Good,2020,7,24,Friday,Monsoon,0,9.477531,10.70497,8.979005,12.08256,15.43761,39.0,37.0,9.097491264343262,9.422344752720424,37.666666666666664,39.285714285714285,-0.4999999999999997,-0.8660254037844388
2020-07-25,10.01967,16.54719,51.74946,73.9,89.9,10.3,225.2,1015.4,4.4,0.7112,158.7,42.0,Good,2020,7,25,Saturday,Monsoon,1,9.388458,8.426484,9.484535,13.85408,11.15595,39.0,40.0,9.62855307261149,9.49879251207624,40.0,39.57142857142857,-0.4999999999999997,-0.8660254037844388
2020-07-26,15.1666,23.3175,52.05765,75.9,86.5,8.1,255.3,1014.3,4.5,10.3124,187.8,57.0,Moderate,2020,7,26,Sunday,Monsoon,0,10.01967,9.477531,8.616349,16.54719,9.378824,42.0,36.0,11.524909337361654,10.434542655944824,46.0,42.57142857142857,-0.4999999999999997,-0.8660254037844388
2020-07-27,13.57986,21.84281,56.78819,75.9,85.9,12.8,263.3,1011.5,4.8,3.7084,120.1,54.0,Moderate,2020,7,27,Monday,Monsoon,0,15.1666,9.388458,9.858085,23.3175,10.2234,57.0,41.0,12.922043164571127,10.966224806649345,51.0,44.42857142857143,-0.4999999999999997,-0.8660254037844388
2020-07-28,11.60907,16.46355,28.50546,73.5,90.3,11.4,146.1,1011.1,4.3,8.001,31.8,48.0,Good,2020,7,28,Tuesday,Monsoon,0,13.57986,10.01967,10.70497,21.84281,13.29076,54.0,45.0,13.45184326171875,11.09538187299456,53.0,44.857142857142854,-0.4999999999999997,-0.8660254037844388
2020-07-29,11.94435,19.74961,47.9779,73.4,90.2,10.3,197.3,1012.3,4.6,0.9144,122.4,50.0,Good,2020,7,29,Wednesday,Monsoon,0,11.60907,15.1666,8.426484,16.46355,12.63943,48.0,35.0,12.37775993347168,11.597934177943639,50.666666666666664,47.0,-0.4999999999999997,-0.8660254037844388
2020-07-30,11.5532,18.20554,35.80003,73.8,88.8,10.3,207.2,1012.6,4.6,1.016,147.9,48.0,Good,2020,7,30,Thursday,Monsoon,0,11.94435,13.57986,9.477531,19.74961,12.08256,50.0,39.0,11.7022066116333,11.894458225795201,48.666666666666664,48.285714285714285,-0.4999999999999997,-0.8660254037844388
2020-07-31,10.59894,17.96807,43.62524,74.4,87.7,9.2,240.2,1011.3,4.3,0.1016,148.6,44.0,Good,2020,7,31,Friday,Monsoon,0,11.5532,11.60907,9.388458,18.20554,13.85408,48.0,39.0,11.365496635437012,12.067384174891881,47.333333333333336,49.0,-0.4999999999999997,-0.8660254037844388
2020-08-01,9.205313,13.56164,31.86684,74.6,88.5,9.2,262.3,1010.6,4.3,0.3048,81.9,38.0,Good,2020,8,1,Saturday,Monsoon,1,10.59894,11.94435,10.01967,17.96807,16.54719,44.0,42.0,10.452484130859375,11.951047488621303,43.333333333333336,48.42857142857143,-0.8660254037844385,-0.5000000000000004
2020-08-02,10.3049,17.09272,47.36263,77.4,83.7,12.8,230.5,1008.1,5.2,3.2004,158.1,43.0,Good,2020,8,2,Sunday,Monsoon,0,9.205313,11.5532,15.1666,13.56164,23.3175,38.0,57.0,10.036384264628092,11.256518908909388,41.666666666666664,46.42857142857143,-0.8660254037844385,-0.5000000000000004
2020-08-03,11.15436,15.74872,29.32668,76.2,87.7,9.2,235.4,1005.3,4.5,3.9878,161.2,46.0,Good,2020,8,3,Monday,Monsoon,0,10.3049,10.59894,13.57986,17.09272,21.84281,43.0,54.0,10.221524238586426,10.910018920898438,42.333333333333336,45.285714285714285,-0.8660254037844385,-0.5000000000000004
2020-08-04,10.83007,19.73128,62.61606,78.7,78.7,13.9,166.7,1003.8,5.0,0.4064,232.3,45.0,Good,2020,8,4,Tuesday,Monsoon,0,11.15436,9.205313,11.60907,15.74872,16.46355,46.0,48.0,10.763109842936197,10.798733166285924,44.666666666666664,44.857142857142854,-0.8660254037844385,-0.5000000000000004
2020-08-05,6.10353,10.7547,32.02575,75.9,87.9,9.2,235.7,1006.2,4.7,10.0076,223.2,25.0,Good,2020,8,5,Wednesday,Monsoon,0,10.83007,10.3049,11.94435,19.73128,19.74961,45.0,50.0,9.362653096516928,9.964330264500209,38.666666666666664,41.285714285714285,-0.8660254037844385,-0.5000000000000004
2020-08-06,5.374397,8.855447,35.79647,77.1,84.8,13.9,184.6,1010.5,5.7,11.9888,140.5,22.0,Good,2020,8,6,Thursday,Monsoon,0,6.10353,11.15436,11.5532,10.7547,18.20554,25.0,48.0,7.435998757680257,9.081644126347133,30.666666666666668,37.57142857142857,-0.8660254037844385,-0.5000000000000004
2020-08-07,7.763193,12.07101,29.17865,77.4,85.6,9.2,199.0,1010.8,5.0,24.003,158.5,32.0,Good,2020,8,7,Friday,Monsoon,0,5.374397,10.83007,10.59894,8.855447,17.96807,22.0,44.0,6.413706620534261,8.676537445613317,26.333333333333332,35.857142857142854,-0.8660254037844385,-0.5000000000000004
2020-08-08,8.298801,10.15397,17.12317,75.1,91.2,9.2,188.0,1008.9,4.2,2.9972,157.6,35.0,Good,2020,8,8,Saturday,Monsoon,1,7.763193,6.10353,9.205313,12.07101,13.56164,32.0,38.0,7.145463784535726,8.547035830361503,29.666666666666668,35.42857142857143,-0.8660254037844385,-0.5000000000000004
2020-08-09,8.147045,11.05381,22.78334,74.4,93.4,13.9,129.6,1009.4,4.0,0.508,125.0,34.0,Good,2020,8,9,Sunday,Monsoon,0,8.298801,5.374397,10.3049,10.15397,17.09272,35.0,43.0,8.069679896036783,8.238770825522286,33.666666666666664,34.142857142857146,-0.8660254037844385,-0.5000000000000004
2020-08-10,10.50907,15.44267,32.25605,74.4,90.6,6.9,199.8,1010.1,4.6,1.4986,117.4,44.0,Good,2020,8,10,Monday,Monsoon,0,8.147045,7.763193,11.15436,11.05381,15.74872,34.0,46.0,8.98497231801351,8.146586622510638,37.666666666666664,33.857142857142854,-0.8660254037844385,-0.5000000000000004
2020-08-11,6.197622,8.57943,17.98151,73.9,92.6,11.4,186.3,1008.9,3.9,19.9898,134.2,26.0,Good,2020,8,11,Tuesday,Monsoon,0,10.50907,8.298801,10.83007,15.44267,19.73128,44.0,45.0,8.284579118092855,7.484808376857212,34.666666666666664,31.142857142857142,-0.8660254037844385,-0.5000000000000004
2020-08-12,7.67531,12.98508,37.02368,74.6,88.3,9.2,152.6,1008.8,4.7,0.508,78.1,32.0,Good,2020,8,12,Wednesday,Monsoon,0,6.197622,8.147045,6.10353,8.57943,10.7547,26.0,25.0,8.127334117889404,7.709348406110491,34.0,32.142857142857146,-0.8660254037844385,-0.5000000000000004
2020-08-13,9.460509,13.99855,30.18283,75.9,87.1,11.4,202.0,1008.5,4.3,16.51,86.2,39.0,Good,2020,8,13,Thursday,Monsoon,0,7.67531,10.50907,5.374397,12.98508,8.855447,32.0,22.0,7.777813752492269,8.293078763144356,32.333333333333336,34.57142857142857,-0.8660254037844385,-0.5000000000000004
2020-08-14,7.640657,9.77715,22.65925,75.6,89.1,11.4,199.4,1007.8,4.9,0.7874,156.4,32.0,Good,2020,8,14,Friday,Monsoon,0,9.460509,6.197622,7.763193,13.99855,12.07101,39.0,32.0,8.258825461069742,8.275573594229561,34.333333333333336,34.57142857142857,-0.8660254037844385,-0.5000000000000004
2020-08-15,8.79114,11.98929,28.95853,73.8,90.0,8.1,188.2,1007.9,4.8,0.6096,134.4,37.0,Good,2020,8,15,Saturday,Monsoon,1,7.640657,7.67531,8.298801,9.77715,10.15397,32.0,35.0,8.630768616994223,8.345907620021276,36.0,34.857142857142854,-0.8660254037844385,-0.5000000000000004
2020-08-16,7.492453,11.17771,26.33261,75.4,85.6,10.3,255.5,1008.0,4.9,28.0162,176.6,31.0,Good,2020,8,16,Sunday,Monsoon,0,8.79114,9.460509,8.147045,11.98929,11.05381,37.0,34.0,7.97474988301595,8.252394471849714,33.333333333333336,34.42857142857143,-0.8660254037844385,-0.5000000000000004
2020-08-17,6.866911,7.075336,7.075336,76.2,88.2,9.2,227.8,1008.0,4.6,14.1986,167.9,29.0,Good,2020,8,17,Monday,Monsoon,0,7.492453,7.640657,10.50907,11.17771,15.44267,31.0,44.0,7.716834545135498,7.732085977281843,32.333333333333336,32.285714285714285,-0.8660254037844385,-0.5000000000000004
2020-08-18,7.5570593,8.199605,9.061121,72.6,97.8,6.9,105.0,1008.9,3.5,8.001,196.8,31.0,Good,2020,8,18,Tuesday,Monsoon,0,6.866911,8.79114,6.197622,7.075336,8.57943,29.0,26.0,7.305474440256755,7.926291329520089,30.333333333333332,33.0,-0.8660254037844385,-0.5000000000000004
2020-08-19,8.247208,9.323874,11.046905,74.0,91.4,11.4,218.9,1009.2,4.1,1.397,197.8,34.0,Good,2020,8,19,Wednesday,Monsoon,0,7.5570593,7.492453,7.67531,8.199605,12.98508,31.0,32.0,7.557059288024902,8.007990973336357,31.333333333333332,33.285714285714285,-0.8660254037844385,-0.5000000000000004
2020-08-20,8.937355,10.448144,13.032689,73.8,90.6,16.1,214.9,1010.8,4.7,3.2004,214.8,37.0,Good,2020,8,20,Thursday,Monsoon,0,8.247208,6.866911,9.460509,9.323874,13.99855,34.0,39.0,8.247207323710123,7.933254650660923,34.0,33.0,-0.8660254037844385,-0.5000000000000004
2020-08-21,9.627503,11.572413,15.018474,74.9,84.9,10.3,204.3,1013.1,5.4,1.1938,183.9,40.0,Good,2020,8,21,Friday,Monsoon,0,8.937355,7.5570593,7.640657,10.448144,9.77715,37.0,32.0,8.937355359395346,8.217089857373919,37.0,34.142857142857146,-0.8660254037844385,-0.5000000000000004
2020-08-22,10.317652,12.696683,17.00426,73.2,87.5,11.4,197.8,1013.0,4.8,4.8006,148.3,43.0,Good,2020,8,22,Saturday,Monsoon,1,9.627503,8.247208,8.79114,11.572413,11.98929,40.0,37.0,9.627503395080566,8.435163021087646,40.0,35.0,-0.8660254037844385,-0.5000000000000004
2020-08-23,11.0078,13.820951,18.990044,75.0,83.4,10.3,199.0,1012.0,5.0,0.0,149.7,46.0,Good,2020,8,23,Sunday,Monsoon,0,10.317652,8.937355,7.492453,12.696683,11.17771,43.0,31.0,10.317651748657227,8.937355450221471,43.0,37.142857142857146,-0.8660254037844385,-0.5000000000000004
2020-08-24,11.697948,14.945221,20.975828,75.2,87.3,9.2,224.6,1011.8,5.0,24.9936,140.8,49.0,Good,2020,8,24,Monday,Monsoon,0,11.0078,9.627503,6.866911,13.820951,7.075336,46.0,29.0,11.007800102233887,9.627503667558942,46.0,40.0,-0.8660254037844385,-0.5000000000000004
2020-08-25,12.388096,16.06949,22.961613,75.2,90.7,9.2,176.0,1012.6,4.6,8.9916,171.4,52.0,Moderate,2020,8,25,Tuesday,Monsoon,0,11.697948,10.317652,7.5570593,14.945221,8.199605,49.0,31.0,11.697948137919107,10.317651748657227,49.0,43.0,-0.8660254037844385,-0.5000000000000004
2020-08-26,13.078244,17.19376,24.947397,74.9,91.2,11.4,213.3,1013.0,4.2,4.3942,161.2,53.0,Moderate,2020,8,26,Wednesday,Monsoon,0,12.388096,11.0078,8.247208,16.06949,9.323874,52.0,34.0,12.38809617360433,11.00779982975551,51.333333333333336,45.714285714285715,-0.8660254037844385,-0.5000000000000004
2020-08-27,13.768393,18.31803,26.933182,73.7,92.6,10.3,245.5,1012.6,4.1,4.2926,207.8,55.0,Moderate,2020,8,27,Thursday,Monsoon,0,13.078244,11.697948,8.937355,17.19376,10.448144,53.0,37.0,13.07824420928955,11.697948047092982,53.333333333333336,48.285714285714285,-0.8660254037844385,-0.5000000000000004
2020-08-28,14.458541,19.442299,28.918966,74.7,86.3,12.8,204.3,1010.9,5.1,0.0,184.7,56.0,Moderate,2020,8,28,Friday,Monsoon,0,13.768393,12.388096,9.627503,18.31803,11.572413,55.0,40.0,13.768392562866211,12.388096264430455,54.666666666666664,50.57142857142857,-0.8660254037844385,-0.5000000000000004
2020-08-29,15.148689,20.566568,30.90475,74.7,83.6,10.3,185.3,1011.9,5.0,2.6924,185.7,57.0,Moderate,2020,8,29,Saturday,Monsoon,1,14.458541,13.078244,10.317652,19.442299,12.696683,56.0,43.0,14.458540916442871,13.078244481767927,56.0,52.57142857142857,-0.8660254037844385,-0.5000000000000004
2020-08-30,15.838837,21.690838,32.890533,75.0,85.0,10.3,260.6,1012.5,5.1,0.6096,190.7,59.0,Moderate,2020,8,30,Sunday,Monsoon,0,15.148689,13.768393,11.0078,20.566568,13.820951,57.0,46.0,15.148688952128092,13.768392562866211,57.333333333333336,54.42857142857143,-0.8660254037844385,-0.5000000000000004
2020-08-31,16.528986,22.815105,34.87632,76.8,80.8,11.4,276.2,1012.1,5.0,36.8046,195.1,60.0,Moderate,2020,8,31,Monday,Monsoon,0,15.838837,14.458541,11.697948,21.690838,14.945221,59.0,49.0,15.838837305704752,14.458540780203682,58.666666666666664,56.0,-0.8660254037844385,-0.5000000000000004
2020-09-01,17.219133,23.939375,36.862103,75.3,91.5,12.8,179.9,1014.0,4.5,18.1102,127.4,62.0,Moderate,2020,9,1,Tuesday,Autumn,0,16.528986,15.148689,12.388096,22.815105,16.06949,60.0,52.0,16.528985341389973,15.148688997541155,60.333333333333336,57.42857142857143,-1.0,-1.8369701987210297e-16
2020-09-02,17.90928,25.063644,38.84789,75.6,88.3,12.8,199.9,1016.8,4.6,12.0904,169.6,63.0,Moderate,2020,9,2,Wednesday,Autumn,0,17.219133,15.838837,13.078244,23.939375,17.19376,62.0,53.0,17.219133377075195,15.83883707863944,61.666666666666664,58.857142857142854,-1.0,-1.8369701987210297e-16
2020-09-03,18.59943,26.187914,40.83367,75.1,85.9,11.4,244.5,1017.7,4.9,0.0,148.4,65.0,Moderate,2020,9,3,Thursday,Autumn,0,17.90928,16.528986,13.768393,25.063644,18.31803,63.0,55.0,17.909281412760418,16.528985295976913,63.333333333333336,60.285714285714285,-1.0,-1.8369701987210297e-16
2020-09-04,19.289577,27.312183,42.819458,76.1,82.7,9.2,253.4,1015.7,4.9,1.016,192.5,66.0,Moderate,2020,9,4,Friday,Autumn,0,18.59943,17.219133,14.458541,26.187914,19.442299,65.0,56.0,18.599429448445637,17.219133377075195,64.66666666666667,61.714285714285715,-1.0,-1.8369701987210297e-16
2020-09-05,19.979727,28.436453,44.80524,75.7,82.5,10.3,273.4,1013.5,5.1,43.9928,217.5,68.0,Moderate,2020,9,5,Saturday,Autumn,1,19.289577,17.90928,15.148689,27.312183,20.566568,66.0,57.0,19.289578119913738,17.90928159441267,66.33333333333333,63.285714285714285,-1.0,-1.8369701987210297e-16
2020-12-20,93.13543,147.609,255.2984,51.1,74.0,8.1,201.2,1020.8,2.8,0.0,145.3,170.0,Unhealthy,2020,12,20,Sunday,Winter,0,19.979727,18.59943,15.838837,28.436453,21.690838,68.0,59.0,44.13491121927897,28.951651981898717,101.33333333333333,79.14285714285714,-2.4492935982947064e-16,1.0
2020-12-21,104.0632,154.2989,241.5392,51.1,71.1,8.1,231.1,1019.8,2.8,0.0,165.1,176.0,Unhealthy,2020,12,21,Monday,Winter,0,93.13543,19.289577,16.528986,147.609,22.815105,170.0,60.0,72.39278602600098,41.456539971487864,138.0,95.71428571428571,-2.4492935982947064e-16,1.0
2020-12-22,90.92822,151.7836,249.3437,51.3,67.7,11.4,239.1,1019.1,3.3,0.0,162.1,169.0,Unhealthy,2020,12,22,Tuesday,Winter,0,104.0632,19.979727,17.219133,154.2989,23.939375,176.0,62.0,96.0422846476237,51.98640986851284,171.66666666666666,111.0,-2.4492935982947064e-16,1.0
2020-12-23,105.2378,180.6469,286.7129,50.0,71.2,6.9,231.9,1018.2,3.4,0.0,163.6,177.0,Unhealthy,2020,12,23,Wednesday,Winter,0,90.92822,93.13543,17.90928,151.7836,25.063644,169.0,63.0,100.07640838623047,64.46191270010812,174.0,127.28571428571429,-2.4492935982947064e-16,1.0
2020-12-24,108.0169,181.3098,304.7368,49.7,74.0,10.3,248.9,1017.9,3.0,0.0,159.9,178.0,Unhealthy,2020,12,24,Thursday,Winter,0,105.2378,104.0632,18.59943,180.6469,26.187914,177.0,65.0,101.39430745442708,77.23583684648786,174.66666666666666,143.42857142857142,-2.4492935982947064e-16,1.0
2020-12-25,108.0606,167.0514,267.3784,49.2,63.1,12.8,353.3,1017.6,3.6,0.0,173.2,178.0,Unhealthy,2020,12,25,Friday,Winter,0,108.0169,90.92822,19.289577,181.3098,27.312183,178.0,66.0,107.10509999593098,89.91741153172084,177.66666666666666,159.42857142857142,-2.4492935982947064e-16,1.0
2020-12-26,100.8836,146.1724,221.6572,48.4,68.5,8.1,201.9,1018.3,3.5,0.0,171.3,174.0,Unhealthy,2020,12,26,Saturday,Winter,1,108.0606,105.2378,19.979727,167.0514,28.436453,178.0,68.0,105.65369923909505,101.47510746547154,176.66666666666666,174.57142857142858,-2.4492935982947064e-16,1.0
2020-12-27,104.4739,153.2559,256.0477,48.9,75.8,9.2,235.0,1017.2,3.0,0.0,161.3,176.0,Unhealthy,2020,12,27,Sunday,Winter,0,100.8836,108.0169,93.13543,146.1724,147.609,174.0,170.0,104.47269948323567,103.09488895961216,176.0,175.42857142857142,-2.4492935982947064e-16,1.0
2020-12-28,92.4216,133.046,215.3997,48.3,75.8,8.1,173.8,1017.5,3.2,0.0,165.0,170.0,Unhealthy,2020,12,28,Monday,Winter,0,104.4739,108.0606,104.0632,153.2559,154.2989,176.0,176.0,99.25969950358073,101.43180302211216,173.33333333333334,174.57142857142858,-2.4492935982947064e-16,1.0
2020-12-29,96.24055,145.6364,249.4246,47.6,72.4,8.1,259.5,1018.0,3.2,0.0,176.3,172.0,Unhealthy,2020,12,29,Tuesday,Winter,0,92.4216,100.8836,90.92822,133.046,151.7836,170.0,169.0,97.71201578776042,102.19070652553013,172.66666666666666,175.0,-2.4492935982947064e-16,1.0
2020-12-30,108.909,160.2203,255.68306,47.5,72.3,6.9,131.5,1019.8,2.7,0.0,165.5,179.0,Unhealthy,2020,12,30,Wednesday,Winter,0,96.24055,104.4739,105.2378,145.6364,180.6469,172.0,177.0,99.1903813680013,102.7151630946568,173.66666666666666,175.28571428571428,-2.4492935982947064e-16,1.0
2020-12-31,114.15415,168.11015,261.94153,47.9,69.6,9.2,201.7,1019.6,2.9,0.0,179.1,181.0,Unhealthy,2020,12,31,Thursday,Winter,0,108.909,92.4216,108.0169,160.2203,181.3098,179.0,178.0,106.43456522623698,103.59191349574498,177.33333333333334,175.71428571428572,-2.4492935982947064e-16,1.0
2021-01-01,119.39931,176.0,268.2,47.9,72.1,9.2,229.2,1020.4,3.1,0.0,180.0,184.0,Unhealthy,2021,1,1,Friday,Winter,0,114.15415,96.24055,108.0606,168.11015,167.0514,181.0,178.0,114.1541519165039,105.21172877720424,181.33333333333334,176.57142857142858,0.49999999999999994,0.8660254037844387
2021-01-02,127.07572,186.8,277.6,48.6,67.8,5.8,168.9,1020.1,2.9,0.7112,178.4,188.0,Unhealthy,2021,1,2,Saturday,Winter,1,119.39931,108.909,100.8836,176.0,146.1724,184.0,174.0,120.20972696940105,108.95346069335938,184.33333333333334,178.57142857142858,0.49999999999999994,0.8660254037844387
2021-01-03,124.49172,201.9,318.9,52.2,62.6,6.9,221.1,1018.9,2.9,0.0,174.4,187.0,Unhealthy,2021,1,3,Sunday,Winter,0,127.07572,114.15415,104.4739,186.8,153.2559,188.0,176.0,123.65558369954427,111.81314958844867,186.33333333333334,180.14285714285714,0.49999999999999994,0.8660254037844387
2021-01-04,206.03137,286.7,371.0,55.8,70.4,6.9,182.8,1020.6,1.6,0.0,74.5,256.0,Very Unhealthy,2021,1,4,Monday,Winter,0,124.49172,119.39931,92.4216,201.9,133.046,187.0,170.0,152.5329386393229,128.0431169782366,210.33333333333334,192.42857142857142,0.49999999999999994,0.8660254037844387
2021-01-05,172.48563,250.7,345.0,55.5,72.9,8.1,7.2,1021.3,1.7,0.0,59.9,223.0,Very Unhealthy,2021,1,5,Tuesday,Winter,0,206.03137,127.07572,96.24055,286.7,145.6364,256.0,172.0,167.66957346598306,138.93527112688338,222.0,199.71428571428572,0.49999999999999994,0.8660254037844387
2021-01-06,138.93988,214.7,319.0,57.3,66.4,11.4,332.5,1018.4,3.6,0.0,181.8,194.0,Unhealthy,2021,1,6,Wednesday,Winter,0,172.48563,124.49172,108.909,250.7,160.2203,223.0,179.0,172.48562622070312,143.22539738246374,224.33333333333334,201.85714285714286,0.49999999999999994,0.8660254037844387
2021-01-07,95.83948,199.1,352.5,55.8,61.6,15.0,318.1,1016.6,4.0,0.0,179.6,172.0,Unhealthy,2021,1,7,Thursday,Winter,0,138.93988,206.03137,114.15415,214.7,168.11015,194.0,181.0,135.75499471028647,140.60901532854353,196.33333333333334,200.57142857142858,0.49999999999999994,0.8660254037844387
2021-01-08,93.64894,192.8,344.1,53.0,63.9,11.4,231.9,1016.8,4.0,0.0,176.7,171.0,Unhealthy,2021,1,8,Friday,Winter,0,95.83948,172.48563,119.39931,199.1,176.0,172.0,184.0,109.47609965006511,136.9303915841239,179.0,198.71428571428572,0.49999999999999994,0.8660254037844387
2021-01-09,112.92558,189.1,289.9,54.5,65.4,11.4,354.0,1016.3,3.6,1.6002,178.5,181.0,Unhealthy,2021,1,9,Saturday,Winter,1,93.64894,138.93988,127.07572,192.8,186.8,171.0,188.0,100.80466715494792,134.90894317626953,174.66666666666666,197.71428571428572,0.49999999999999994,0.8660254037844387
2021-01-10,106.61199,182.0,290.4,55.1,58.4,13.9,353.2,1015.5,3.6,0.0,175.4,177.0,Unhealthy,2021,1,10,Sunday,Winter,0,112.92558,95.83948,124.49172,189.1,201.9,181.0,187.0,104.39550526936848,132.35469600132532,176.33333333333334,196.28571428571428,0.49999999999999994,0.8660254037844387
2021-01-11,99.509514,158.7,260.9,53.1,67.7,8.1,165.4,1016.2,3.2,0.0,160.5,174.0,Unhealthy,2021,1,11,Monday,Winter,0,106.61199,93.64894,206.03137,182.0,286.7,177.0,256.0,106.34902954101562,117.13728768484933,177.33333333333334,184.57142857142858,0.49999999999999994,0.8660254037844387
2021-01-12,96.44064,139.5,229.5,51.8,78.7,11.4,190.9,1016.5,2.5,0.0,111.8,172.0,Unhealthy,2021,1,12,Tuesday,Winter,0,99.509514,112.92558,172.48563,158.7,250.7,174.0,223.0,100.85404968261719,106.27371869768415,174.33333333333334,177.28571428571428,0.49999999999999994,0.8660254037844387
2021-01-13,95.08398,128.2,199.5,51.5,78.5,13.9,203.3,1016.2,2.2,0.0,116.9,171.0,Unhealthy,2021,1,13,Wednesday,Winter,0,96.44064,106.61199,138.93988,139.5,214.7,172.0,194.0,97.01137797037761,100.00858960832868,172.33333333333334,174.0,0.49999999999999994,0.8660254037844387
2021-01-14,83.96429,111.4,176.5,52.2,78.1,10.3,228.5,1017.1,2.2,0.0,154.8,166.0,Unhealthy,2021,1,14,Thursday,Winter,0,95.08398,99.509514,95.83948,128.2,199.1,171.0,172.0,91.82963562011719,98.3121337890625,169.66666666666666,173.14285714285714,0.49999999999999994,0.8660254037844387
2021-01-15,93.469536,130.2,244.4,51.9,81.1,12.8,238.9,1015.9,2.2,0.0,182.0,171.0,Unhealthy,2021,1,15,Friday,Winter,0,83.96429,96.44064,93.64894,111.4,192.8,166.0,171.0,90.83926645914714,98.28650447300502,169.33333333333334,173.14285714285714,0.49999999999999994,0.8660254037844387
2021-01-16,72.63293,97.8,172.4,52.5,74.7,10.3,233.3,1014.4,2.7,0.0,131.6,160.0,Unhealthy,2021,1,16,Saturday,Winter,1,93.469536,95.08398,112.92558,130.2,189.1,171.0,181.0,83.35558319091797,92.53041076660156,165.66666666666666,170.14285714285714,0.49999999999999994,0.8660254037844387
2021-01-17,68.59288,100.4,172.7,54.6,71.8,8.1,210.9,1019.2,3.1,0.0,126.2,158.0,Unhealthy,2021,1,17,Sunday,Winter,0,72.63293,83.96429,106.61199,97.8,182.0,160.0,177.0,78.23178100585938,87.09910910470145,163.0,167.42857142857142,0.49999999999999994,0.8660254037844387
2021-01-18,73.598274,105.4,189.3,54.1,71.8,9.2,247.6,1019.5,3.1,0.0,162.6,160.0,Unhealthy,2021,1,18,Monday,Winter,0,68.59288,93.469536,99.509514,100.4,158.7,158.0,174.0,71.60802714029948,83.39750344412667,159.33333333333334,165.42857142857142,0.49999999999999994,0.8660254037844387
2021-01-19,60.327972,92.8,201.2,53.7,70.4,12.8,292.6,1015.5,3.7,0.0,148.7,153.0,Unhealthy,2021,1,19,Tuesday,Winter,0,73.598274,72.63293,96.44064,105.4,139.5,160.0,172.0,67.50637563069661,78.2385504586356,157.0,162.71428571428572,0.49999999999999994,0.8660254037844387
2021-01-20,64.941,93.6,180.0,51.1,73.3,11.4,211.0,1014.5,3.1,0.0,103.9,156.0,Unhealthy,2021,1,20,Wednesday,Winter,0,60.327972,68.59288,95.08398,92.8,128.2,153.0,171.0,66.28908284505208,73.93241119384766,156.33333333333334,160.57142857142858,0.49999999999999994,0.8660254037844387
2021-01-21,66.36662,112.8,254.4,49.8,70.7,11.4,191.3,1014.0,2.8,0.0,160.8,157.0,Unhealthy,2021,1,21,Thursday,Winter,0,64.941,73.598274,83.96429,93.6,111.4,156.0,166.0,63.87853240966797,71.418459211077,155.33333333333334,159.28571428571428,0.49999999999999994,0.8660254037844387
2021-01-22,98.611534,149.7,257.5,50.0,72.5,11.4,235.5,1017.5,2.8,0.0,172.4,173.0,Unhealthy,2021,1,22,Friday,Winter,0,66.36662,60.327972,93.469536,112.8,130.2,157.0,171.0,76.6397196451823,72.15303039550781,162.0,159.57142857142858,0.49999999999999994,0.8660254037844387
2021-01-23,97.85789,125.7,202.0,51.1,76.6,9.2,229.1,1016.7,2.7,0.0,190.6,173.0,Unhealthy,2021,1,23,Saturday,Winter,1,98.611534,64.941,72.63293,149.7,97.8,173.0,160.0,87.61201477050781,75.75659615652901,167.66666666666666,161.42857142857142,0.49999999999999994,0.8660254037844387
2021-01-24,85.804,115.1,209.7,51.4,75.2,11.4,254.4,1017.3,3.0,0.0,186.4,167.0,Unhealthy,2021,1,24,Sunday,Winter,0,97.85789,66.36662,68.59288,125.7,100.4,173.0,158.0,94.09114074707031,78.21532767159599,171.0,162.71428571428572,0.49999999999999994,0.8660254037844387
2021-01-25,79.465126,108.4,196.0,50.2,73.1,10.3,206.3,1018.6,3.0,0.0,172.3,163.0,Unhealthy,2021,1,25,Monday,Winter,0,85.804,98.611534,73.598274,115.1,105.4,167.0,160.0,87.70900472005208,79.05344935825893,167.66666666666666,163.14285714285714,0.49999999999999994,0.8660254037844387
2021-01-26,84.35277,115.0,200.2,49.9,70.0,5.8,330.9,1018.1,3.2,0.0,180.7,166.0,Unhealthy,2021,1,26,Tuesday,Winter,0,79.465126,97.85789,60.327972,108.4,92.8,163.0,153.0,83.2072982788086,82.48556300571987,165.33333333333334,165.0,0.49999999999999994,0.8660254037844387
2021-01-27,94.277756,136.0,260.6,49.8,67.5,9.2,195.5,1018.3,3.5,0.0,178.5,171.0,Unhealthy,2021,1,27,Wednesday,Winter,0,84.35277,85.804,64.941,115.0,93.6,166.0,156.0,86.0318832397461,86.67652784075055,166.66666666666666,167.14285714285714,0.49999999999999994,0.8660254037844387
2021-01-28,87.3385,132.8,263.7,49.4,67.1,12.8,153.2,1020.0,3.4,0.0,197.2,167.0,Unhealthy,2021,1,28,Thursday,Winter,0,94.277756,79.465126,66.36662,136.0,112.8,171.0,157.0,88.65634155273438,89.6725104195731,168.0,168.57142857142858,0.49999999999999994,0.8660254037844387
2021-01-29,78.33288,116.7,245.2,50.1,65.3,12.8,189.1,1018.7,3.4,0.0,202.7,163.0,Unhealthy,2021,1,29,Friday,Winter,0,87.3385,84.35277,98.611534,132.8,149.7,167.0,173.0,86.64971160888672,86.7755595615932,167.0,167.14285714285714,0.49999999999999994,0.8660254037844387
2021-01-30,71.046875,110.9,219.4,48.9,64.3,11.4,190.2,1016.8,3.8,0.0,193.4,159.0,Unhealthy,2021,1,30,Saturday,Winter,1,78.33288,94.277756,97.85789,116.7,125.7,163.0,173.0,78.90608469645183,82.94541495186942,163.0,165.14285714285714,0.49999999999999994,0.8660254037844387
2021-01-31,76.88657,135.0,277.5,48.6,64.1,12.8,198.0,1019.0,3.8,0.0,179.6,162.0,Unhealthy,2021,1,31,Sunday,Winter,0,71.046875,87.3385,85.804,110.9,115.1,159.0,167.0,75.42210896809895,81.67149680001395,161.33333333333334,164.42857142857142,0.49999999999999994,0.8660254037844387
2021-02-01,85.751625,138.6,267.6,48.9,66.9,9.2,189.5,1021.0,3.4,0.0,165.4,167.0,Unhealthy,2021,2,1,Monday,Winter,0,76.88657,78.33288,79.465126,135.0,108.4,162.0,163.0,77.89502461751302,82.56956808907645,162.66666666666666,165.0,0.8660254037844386,0.5000000000000001
2021-02-02,84.71592,140.3,266.9,50.5,64.9,11.4,192.4,1021.2,3.4,0.0,204.7,166.0,Unhealthy,2021,2,2,Tuesday,Winter,0,85.751625,71.046875,84.35277,138.6,115.0,167.0,166.0,82.45137278238933,82.62144688197544,165.0,165.0,0.8660254037844386,0.5000000000000001
2021-02-03,87.37537,133.8,252.8,52.2,63.5,9.2,228.2,1021.0,3.5,0.0,209.2,167.0,Unhealthy,2021,2,3,Wednesday,Winter,0,84.71592,76.88657,94.277756,140.3,136.0,166.0,171.0,85.94763692220052,81.63539123535156,166.66666666666666,164.42857142857142,0.8660254037844386,0.5000000000000001
2021-02-04,79.06233,114.5,220.9,52.8,63.6,9.2,93.4,1021.2,3.9,0.0,215.7,163.0,Unhealthy,2021,2,4,Thursday,Winter,0,87.37537,85.751625,87.3385,133.8,132.8,167.0,167.0,83.7178726196289,80.45308140345982,165.33333333333334,163.85714285714286,0.8660254037844386,0.5000000000000001
2021-02-05,85.97323,150.6,331.9,50.7,68.0,15.0,324.2,1020.5,3.5,0.0,150.3,167.0,Unhealthy,2021,2,5,Friday,Winter,0,79.06233,84.71592,78.33288,114.5,116.7,163.0,163.0,84.13697560628255,81.54456002371651,165.66666666666666,164.42857142857142,0.8660254037844386,0.5000000000000001
2021-02-06,62.712616,90.2,176.9,49.5,74.1,13.9,108.0,1019.0,3.8,1.3,159.8,155.0,Unhealthy,2021,2,6,Saturday,Winter,1,85.97323,87.37537,71.046875,150.6,110.9,167.0,159.0,75.91605885823567,80.35395159040179,161.66666666666666,163.85714285714286,0.8660254037844386,0.5000000000000001
2021-02-07,57.588688,94.3,198.0,48.3,69.0,9.2,110.4,1020.0,4.4,0.0,217.2,152.0,Unhealthy,2021,2,7,Sunday,Winter,0,62.712616,79.06233,76.88657,90.2,135.0,155.0,162.0,68.75817743937175,77.59711074829102,158.0,162.42857142857142,0.8660254037844386,0.5000000000000001
2021-02-08,88.945625,155.9,288.7,52.8,61.8,6.9,105.1,1020.3,3.6,0.0,221.9,168.0,Unhealthy,2021,2,8,Monday,Winter,0,57.588688,85.97323,85.751625,94.3,138.6,152.0,167.0,69.74897638956706,78.05339649745396,158.33333333333334,162.57142857142858,0.8660254037844386,0.5000000000000001
2021-02-09,81.000755,130.6,242.4,54.5,65.3,11.4,188.8,1017.9,3.9,0.0,211.0,164.0,Unhealthy,2021,2,9,Tuesday,Winter,0,88.945625,62.712616,84.71592,155.9,140.3,168.0,166.0,75.84502283732097,77.52265875680106,161.33333333333334,162.28571428571428,0.8660254037844386,0.5000000000000001
2021-02-10,85.794136,121.6,220.6,54.0,75.6,10.3,242.2,1016.1,3.1,0.0,160.3,167.0,Unhealthy,2021,2,10,Wednesday,Winter,0,81.000755,57.588688,87.37537,130.6,133.8,164.0,167.0,85.24683888753255,77.29676873343331,166.33333333333334,162.28571428571428,0.8660254037844386,0.5000000000000001
2021-02-11,76.97694,104.0,196.2,55.2,76.0,9.2,222.4,1015.0,2.9,0.0,207.7,162.0,Unhealthy,2021,2,11,Thursday,Winter,0,85.794136,88.945625,79.06233,121.6,114.5,167.0,163.0,81.2572758992513,76.99885504586356,164.33333333333334,162.14285714285714,0.8660254037844386,0.5000000000000001
2021-02-12,75.45021,101.0,181.3,56.3,75.2,9.2,246.8,1016.1,2.8,0.0,162.3,161.0,Unhealthy,2021,2,12,Friday,Winter,0,76.97694,81.000755,85.97323,104.0,150.6,162.0,167.0,79.40709431966145,75.4955667768206,163.33333333333334,161.28571428571428,0.8660254037844386,0.5000000000000001
2021-02-13,63.230667,94.9,196.8,56.6,75.4,8.1,224.5,1017.3,2.8,0.0,145.9,155.0,Unhealthy,2021,2,13,Saturday,Winter,1,75.45021,85.794136,62.712616,101.0,90.2,161.0,155.0,71.8859380086263,75.56957408360073,159.33333333333334,161.28571428571428,0.8660254037844386,0.5000000000000001
2021-02-14,53.09532,83.6,185.7,57.7,74.5,12.8,210.7,1018.3,2.7,0.0,165.7,144.0,Unhealthy for Sensitive Groups,2021,2,14,Sunday,Winter,0,63.230667,76.97694,57.588688,94.9,94.3,155.0,152.0,63.92539978027344,74.92766462053571,153.33333333333334,160.14285714285714,0.8660254037844386,0.5000000000000001
2021-02-15,44.426514,75.3,212.4,57.3,73.9,10.3,239.8,1016.8,2.4,0.0,197.5,123.0,Unhealthy for Sensitive Groups,2021,2,15,Monday,Winter,0,53.09532,75.45021,88.945625,83.6,155.9,144.0,168.0,53.58416748046875,68.56779153006417,140.66666666666666,153.71428571428572,0.8660254037844386,0.5000000000000001
2021-02-16,63.48728,123.6,367.8,56.4,70.9,10.3,207.5,1017.1,3.1,0.0,184.9,155.0,Unhealthy,2021,2,16,Tuesday,Winter,0,44.426514,63.230667,81.000755,75.3,130.6,123.0,164.0,53.66970570882162,66.06586674281529,140.66666666666666,152.42857142857142,0.8660254037844386,0.5000000000000001
2021-02-17,50.914124,85.7,211.5,55.7,66.3,15.0,244.8,1018.8,3.5,0.0,203.0,139.0,Unhealthy for Sensitive Groups,2021,2,17,Wednesday,Winter,0,63.48728,53.09532,85.794136,123.6,121.6,155.0,167.0,52.942639668782554,61.0830078125,139.0,148.42857142857142,0.8660254037844386,0.5000000000000001
2021-02-18,41.250847,68.2,184.8,54.6,61.5,10.3,127.8,1021.8,3.9,0.0,180.5,115.0,Unhealthy for Sensitive Groups,2021,2,18,Thursday,Winter,0,50.914124,44.426514,76.97694,85.7,104.0,139.0,162.0,51.88408406575521,55.97928074428013,136.33333333333334,141.71428571428572,0.8660254037844386,0.5000000000000001
2021-02-19,36.756725,63.4,154.3,54.9,61.5,11.4,113.7,1022.4,3.9,0.0,222.5,104.0,Unhealthy for Sensitive Groups,2021,2,19,Friday,Winter,0,41.250847,63.48728,75.45021,68.2,101.0,115.0,161.0,42.973898569742836,50.45163999285017,119.33333333333333,133.57142857142858,0.8660254037844386,0.5000000000000001
2021-02-20,37.62365,64.4,156.5,56.6,59.5,11.4,341.0,1019.8,4.1,0.0,226.6,106.0,Unhealthy for Sensitive Groups,2021,2,20,Saturday,Winter,1,36.756725,50.914124,63.230667,63.4,94.9,104.0,155.0,38.543740590413414,46.7934946332659,108.33333333333333,126.57142857142857,0.8660254037844386,0.5000000000000001
2021-02-21,42.636913,77.4,182.4,58.0,61.4,9.2,263.1,1018.0,3.8,0.0,241.4,119.0,Unhealthy for Sensitive Groups,2021,2,21,Sunday,Winter,0,37.62365,41.250847,53.09532,64.4,83.6,106.0,144.0,39.0057627360026,45.29943629673549,109.66666666666667,123.0,0.8660254037844386,0.5000000000000001
2021-02-22,45.87999,76.0,167.2,58.8,66.0,10.3,223.5,1019.5,3.1,6.4008,246.2,127.0,Unhealthy for Sensitive Groups,2021,2,22,Monday,Winter,0,42.636913,36.756725,44.426514,77.4,75.3,119.0,123.0,42.04685084025065,45.50707571847098,117.33333333333333,123.57142857142857,0.8660254037844386,0.5000000000000001
2021-02-23,68.12426,97.3,199.7,60.5,68.6,10.3,227.3,1017.9,2.9,0.0,225.7,158.0,Unhealthy,2021,2,23,Tuesday,Winter,0,45.87999,37.62365,63.48728,76.0,123.6,127.0,155.0,52.21372095743815,46.16950116838728,134.66666666666666,124.0,0.8660254037844386,0.5000000000000001
2021-02-24,80.80998,106.1,211.1,60.7,69.5,11.4,245.3,1015.4,2.9,0.0,177.8,164.0,Unhealthy,2021,2,24,Wednesday,Winter,0,68.12426,42.636913,50.914124,97.3,85.7,158.0,139.0,64.93807729085286,50.440338134765625,149.66666666666666,127.57142857142857,0.8660254037844386,0.5000000000000001
2021-02-25,86.70917,103.6,176.4,60.9,75.6,10.3,199.9,1013.1,2.2,0.0,177.0,167.0,Unhealthy,2021,2,25,Thursday,Winter,0,80.80998,45.87999,41.250847,106.1,68.2,164.0,115.0,78.5478032430013,56.93438393729074,163.0,135.0,0.8660254037844386,0.5000000000000001
2021-02-26,82.410736,97.5,209.2,61.5,76.6,13.9,204.4,1011.8,2.2,8.001,173.7,165.0,Unhealthy,2021,2,26,Friday,Winter,0,86.70917,68.12426,36.756725,103.6,63.4,167.0,104.0,83.30996195475261,63.456385476248606,165.33333333333334,143.71428571428572,0.8660254037844386,0.5000000000000001
2021-02-27,69.75538,87.0,188.7,63.6,72.4,13.9,286.3,1011.8,2.4,0.0,179.9,158.0,Unhealthy,2021,2,27,Saturday,Winter,1,82.410736,80.80998,37.62365,97.5,64.4,165.0,106.0,79.62509409586589,68.04663249424526,163.33333333333334,151.14285714285714,0.8660254037844386,0.5000000000000001
2021-02-28,60.546432,82.0,191.5,64.8,65.7,13.9,252.5,1013.3,3.1,0.0,198.8,154.0,Unhealthy,2021,2,28,Sunday,Winter,0,69.75538,86.70917,42.636913,87.0,77.4,158.0,119.0,70.90418243408203,70.60513523646763,159.0,156.14285714285714,0.8660254037844386,0.5000000000000001
2021-03-01,53.984245,104.8,296.2,63.3,61.5,15.0,215.0,1015.5,3.6,0.0,240.7,147.0,Unhealthy for Sensitive Groups,2021,3,1,Monday,Spring,0,60.546432,82.410736,45.87999,82.0,76.0,154.0,127.0,61.4286855061849,71.76288604736328,153.0,159.0,1.0,6.123233995736766e-17
2021-03-02,51.77577,156.0,473.0,59.7,49.7,16.1,180.8,1016.5,4.5,0.0,244.1,141.0,Unhealthy for Sensitive Groups,2021,3,2,Tuesday,Spring,0,53.984245,69.75538,68.12426,104.8,97.3,147.0,158.0,55.435482025146484,69.42738723754883,147.33333333333334,156.57142857142858,1.0,6.123233995736766e-17
2021-03-03,66.346954,134.1,362.0,58.8,50.7,15.0,204.4,1017.2,3.8,0.0,254.1,157.0,Unhealthy,2021,3,3,Wednesday,Spring,0,51.77577,60.546432,80.80998,156.0,106.1,141.0,164.0,57.36898930867513,67.36124038696289,148.33333333333334,155.57142857142858,1.0,6.123233995736766e-17
2021-03-04,63.147,103.0,240.9,59.3,55.8,13.9,195.5,1016.8,3.7,0.0,169.6,155.0,Unhealthy,2021,3,4,Thursday,Spring,0,66.346954,53.984245,86.70917,134.1,103.6,157.0,167.0,60.423240661621094,63.995216369628906,151.0,153.85714285714286,1.0,6.123233995736766e-17
2021-03-05,51.86828,82.1,194.8,59.1,69.1,12.8,204.9,1015.3,3.4,0.0,224.2,141.0,Unhealthy for Sensitive Groups,2021,3,5,Friday,Spring,0,63.147,51.77577,82.410736,103.0,97.5,155.0,165.0,60.45407740275065,59.63200814383371,151.0,150.42857142857142,1.0,6.123233995736766e-17
2021-03-06,39.428825,55.7,151.4,58.1,74.4,12.8,193.5,1016.2,3.5,6.1,210.3,111.0,Unhealthy for Sensitive Groups,2021,3,6,Saturday,Spring,1,51.86828,66.346954,69.75538,82.1,87.0,141.0,158.0,51.48136774698893,55.29964338030134,135.66666666666666,143.71428571428572,1.0,6.123233995736766e-17
2021-03-07,44.58926,60.1,121.1,58.5,79.8,9.2,126.0,1018.0,3.0,0.0,162.0,123.0,Unhealthy for Sensitive Groups,2021,3,7,Sunday,Spring,0,39.428825,63.147,60.546432,55.7,82.0,111.0,154.0,45.29545466105143,53.02004732404436,125.0,139.28571428571428,1.0,6.123233995736766e-17
2021-03-08,33.364784,52.9,135.8,62.3,71.1,16.1,305.4,1019.3,3.0,0.0,227.6,96.0,Moderate,2021,3,8,Monday,Spring,0,44.58926,51.86828,53.984245,60.1,104.8,123.0,147.0,39.12762324015299,50.07441002982004,110.0,132.0,1.0,6.123233995736766e-17
2021-03-09,28.924498,59.1,152.9,63.3,60.8,16.1,291.8,1018.5,4.2,0.0,228.5,86.0,Moderate,2021,3,9,Tuesday,Spring,0,33.364784,39.428825,51.77577,52.9,156.0,96.0,141.0,35.62618064880371,46.809942790440154,101.66666666666667,124.14285714285714,1.0,6.123233995736766e-17
2021-03-10,26.713287,46.2,106.1,62.9,65.3,13.9,298.4,1019.0,4.0,0.0,225.9,82.0,Moderate,2021,3,10,Wednesday,Spring,0,28.924498,44.58926,66.346954,59.1,134.1,86.0,157.0,29.6675230662028,41.14799036298479,88.0,113.42857142857143,1.0,6.123233995736766e-17
2021-03-11,27.02998,45.4,114.3,63.0,61.7,13.9,289.0,1020.3,4.1,0.5,248.6,82.0,Moderate,2021,3,11,Thursday,Spring,0,26.713287,33.364784,63.147,46.2,103.0,82.0,155.0,27.55592155456543,35.988416126796174,83.33333333333333,103.0,1.0,6.123233995736766e-17
2021-03-12,28.377943,46.5,117.9,64.8,63.0,12.8,242.6,1022.3,3.5,0.0,252.9,85.0,Moderate,2021,3,12,Friday,Spring,0,27.02998,28.924498,51.86828,45.4,82.1,82.0,141.0,27.3737366994222,32.6326539175851,83.0,95.0,1.0,6.123233995736766e-17
2021-03-13,21.764359,37.2,98.0,62.1,65.2,10.3,210.6,1021.1,3.8,0.0,171.0,71.0,Moderate,2021,3,13,Saturday,Spring,1,28.377943,26.713287,39.428825,46.5,55.7,85.0,111.0,25.724093755086262,30.109158652169363,79.33333333333333,89.28571428571429,1.0,6.123233995736766e-17
2021-03-14,36.549774,105.7,297.0,61.5,70.9,13.9,217.4,1017.1,3.7,0.0,209.3,104.0,Unhealthy for Sensitive Groups,2021,3,14,Sunday,Spring,0,21.764359,27.02998,44.58926,37.2,60.1,71.0,123.0,28.897358576456707,28.960660661969865,86.66666666666667,86.57142857142857,1.0,6.123233995736766e-17
2021-03-15,39.834618,105.0,282.8,63.0,66.6,12.8,213.6,1016.5,3.3,0.0,243.9,112.0,Unhealthy for Sensitive Groups,2021,3,15,Monday,Spring,0,36.549774,28.377943,33.364784,105.7,52.9,104.0,96.0,32.71625010172526,29.884922572544642,95.66666666666667,88.85714285714286,1.0,6.123233995736766e-17
2021-03-16,42.950287,89.5,249.3,64.0,63.6,15.0,211.3,1016.8,3.3,0.0,203.2,119.0,Unhealthy for Sensitive Groups,2021,3,16,Tuesday,Spring,0,39.834618,21.764359,28.924498,105.0,59.1,112.0,86.0,39.77822621663412,31.888606752668107,111.66666666666667,93.57142857142857,1.0,6.123233995736766e-17
2021-03-17,50.52691,125.5,304.8,64.5,59.8,13.9,203.2,1016.2,3.1,0.0,246.1,138.0,Unhealthy for Sensitive Groups,2021,3,17,Wednesday,Spring,0,42.950287,36.549774,26.713287,89.5,46.2,119.0,82.0,44.43727111816406,35.29055268423898,123.0,101.57142857142857,1.0,6.123233995736766e-17
2021-03-18,63.210617,117.0,210.6,64.8,57.8,15.0,212.6,1017.2,2.8,0.0,243.9,155.0,Unhealthy,2021,3,18,Thursday,Spring,0,50.52691,39.834618,27.02998,125.5,45.4,138.0,82.0,52.229270935058594,40.45921516418457,137.33333333333334,112.0,1.0,6.123233995736766e-17
2021-03-19,59.21909,134.0,278.8,65.6,58.4,10.3,255.3,1016.7,2.8,0.0,246.7,153.0,Unhealthy,2021,3,19,Friday,Spring,0,63.210617,42.950287,28.377943,117.0,46.5,155.0,85.0,57.65220514933268,44.86509323120117,148.66666666666666,121.71428571428571,1.0,6.123233995736766e-17
2021-03-20,55.04467,140.1,269.7,65.6,51.0,12.8,292.9,1014.8,3.3,0.0,243.8,149.0,Unhealthy for Sensitive Groups,2021,3,20,Saturday,Spring,1,59.21909,50.52691,21.764359,134.0,37.2,153.0,71.0,59.15812555948893,49.61942345755441,152.33333333333334,132.85714285714286,1.0,6.123233995736766e-17
2021-03-21,51.471672,111.3,237.8,65.9,47.5,36.9,302.6,1015.8,3.6,0.0,256.8,140.0,Unhealthy for Sensitive Groups,2021,3,21,Sunday,Spring,0,55.04467,63.210617,36.549774,140.1,105.7,149.0,104.0,55.24514389038086,51.75112315586635,147.33333333333334,138.0,1.0,6.123233995736766e-17
2021-03-22,55.680103,114.8,239.76666,66.0,49.0,12.8,234.8,1018.6,2.8,0.0,263.2,151.0,Unhealthy,2021,3,22,Monday,Spring,0,51.471672,59.21909,39.834618,111.3,105.0,140.0,112.0,54.06548182169596,54.01476396833147,146.66666666666666,143.57142857142858,1.0,6.123233995736766e-17
2021-03-23,59.88854,118.3,241.73334,67.1,49.8,15.0,246.6,1019.8,2.5,0.0,259.2,153.0,Unhealthy,2021,3,23,Tuesday,Spring,0,55.680103,55.04467,42.950287,114.8,89.5,151.0,119.0,55.68010457356771,56.43451418195452,148.0,148.42857142857142,1.0,6.123233995736766e-17
2021-03-24,64.09697,121.8,243.7,67.8,47.0,12.8,295.7,1018.0,3.1,0.0,248.8,155.0,Unhealthy,2021,3,24,Wednesday,Spring,0,59.88854,51.471672,50.52691,118.3,125.5,153.0,138.0,59.888537089029946,58.373094286237446,153.0,150.85714285714286,1.0,6.123233995736766e-17
2021-03-25,78.471725,153.1,295.5,65.7,40.5,11.4,265.4,1016.1,3.5,0.0,282.5,163.0,Unhealthy,2021,3,25,Thursday,Spring,0,64.09697,55.680103,63.210617,121.8,117.0,155.0,155.0,67.48574447631836,60.55325262887137,157.0,152.0,1.0,6.123233995736766e-17
2021-03-26,121.66298,188.0,335.7,63.4,45.1,13.9,207.6,1016.2,2.2,0.0,298.5,185.0,Unhealthy,2021,3,26,Friday,Spring,0,78.471725,59.88854,59.21909,153.1,134.0,163.0,153.0,88.07722473144531,69.47380828857422,167.66666666666666,156.57142857142858,1.0,6.123233995736766e-17
2021-03-27,119.13736,159.8,265.9,63.6,53.9,11.4,232.0,1016.7,1.4,0.0,298.5,184.0,Unhealthy,2021,3,27,Saturday,Spring,1,121.66298,64.09697,55.04467,188.0,140.1,185.0,149.0,106.4240214029948,78.6299067905971,177.33333333333334,161.57142857142858,1.0,6.123233995736766e-17
2021-03-28,80.79629,124.6,242.5,63.2,56.2,11.4,266.3,1015.5,1.4,0.0,281.5,164.0,Unhealthy,2021,3,28,Sunday,Spring,0,119.13736,78.471725,51.471672,159.8,111.3,184.0,140.0,107.1988754272461,82.81913757324219,177.66666666666666,165.0,1.0,6.123233995736766e-17
2021-03-29,113.44646,200.1,362.1,63.9,58.4,10.3,252.7,1013.5,1.4,0.0,245.8,181.0,Unhealthy,2021,3,29,Monday,Spring,0,80.79629,121.66298,55.680103,124.6,114.8,164.0,151.0,104.4600346883138,91.07147380283901,176.33333333333334,169.28571428571428,1.0,6.123233995736766e-17
2021-03-30,161.19989,250.0,478.8,66.5,57.7,9.2,165.4,1008.1,1.9,0.0,224.0,212.0,Very Unhealthy,2021,3,30,Tuesday,Spring,0,113.44646,119.13736,59.88854,200.1,118.3,181.0,153.0,118.48087819417317,105.54452405657086,185.66666666666666,177.71428571428572,1.0,6.123233995736766e-17
2021-03-31,128.76495,197.8,387.7,64.5,70.6,9.2,321.1,1005.5,2.0,0.0,207.2,189.0,Unhealthy,2021,3,31,Wednesday,Spring,0,161.19989,80.79629,64.09697,250.0,121.8,212.0,155.0,134.4704335530599,114.78280748639789,194.0,182.57142857142858,1.0,6.123233995736766e-17
2021-04-01,104.2589,182.1,399.3,64.1,69.3,18.3,182.6,1007.5,3.3,9.9,252.9,176.0,Unhealthy,2021,4,1,Thursday,Spring,0,128.76495,113.44646,78.471725,197.8,153.1,189.0,163.0,131.4079157511393,118.46669006347656,192.33333333333334,184.42857142857142,0.8660254037844387,-0.4999999999999998
2021-04-02,79.75285,166.4,410.9,63.9,49.9,13.9,187.3,1012.3,3.9,0.0,291.4,164.0,Unhealthy,2021,4,2,Friday,Spring,0,104.2589,161.19989,121.66298,182.1,188.0,176.0,185.0,104.25890350341797,112.47952924455915,176.33333333333334,181.42857142857142,0.8660254037844387,-0.4999999999999998
2021-04-03,111.30421,210.3,436.6,64.5,38.2,12.8,201.6,1015.5,3.8,0.0,287.1,180.0,Unhealthy,2021,4,3,Saturday,Spring,1,79.75285,128.76495,119.13736,166.4,159.8,164.0,184.0,98.43865458170573,111.36050742013114,173.33333333333334,180.85714285714286,0.8660254037844387,-0.4999999999999998
2021-04-04,158.03337,263.5,488.6,63.5,37.2,11.4,160.9,1016.0,2.4,0.0,300.2,208.0,Very Unhealthy,2021,4,4,Sunday,Spring,0,111.30421,104.2589,80.79629,210.3,124.6,180.0,164.0,116.3634770711263,122.39437648228237,184.0,187.14285714285714,0.8660254037844387,-0.4999999999999998
2021-04-05,193.06917,299.5,521.9,63.3,46.1,12.8,178.2,1018.0,1.7,0.0,309.8,243.0,Very Unhealthy,2021,4,5,Monday,Spring,0,158.03337,79.75285,113.44646,263.5,200.1,208.0,181.0,154.13558197021484,133.76904950823103,210.33333333333334,196.0,0.8660254037844387,-0.4999999999999998
2021-04-06,192.1301,295.2,509.3,64.4,51.2,9.2,307.3,1017.3,1.5,0.0,297.0,242.0,Very Unhealthy,2021,4,6,Tuesday,Spring,0,193.06917,111.30421,161.19989,299.5,250.0,243.0,212.0,181.07754516601562,138.1876504080636,231.0,200.28571428571428,0.8660254037844387,-0.4999999999999998
2021-04-07,160.08682,252.2,443.2,66.8,56.8,8.1,206.8,1017.7,1.8,0.0,280.7,211.0,Very Unhealthy,2021,4,7,Wednesday,Spring,0,192.1301,158.03337,128.76495,295.2,197.8,242.0,189.0,181.76202901204428,142.6622031075614,232.0,203.42857142857142,0.8660254037844387,-0.4999999999999998
2021-04-08,100.587395,170.0,374.5,68.8,54.5,16.1,282.8,1015.4,2.8,0.0,295.5,174.0,Unhealthy,2021,4,8,Thursday,Spring,0,160.08682,193.06917,104.2589,252.2,182.1,211.0,176.0,150.9347712198893,142.13770185198103,209.0,203.14285714285714,0.8660254037844387,-0.4999999999999998
2021-04-09,59.0498,122.8,315.9,66.5,54.9,18.3,274.2,1016.9,3.9,0.0,301.4,153.0,Unhealthy,2021,4,9,Friday,Spring,0,100.587395,192.1301,79.75285,170.0,166.4,174.0,164.0,106.57467269897461,139.18012292044503,179.33333333333334,201.57142857142858,0.8660254037844387,-0.4999999999999998
2021-04-10,57.782825,116.9,254.0,67.1,48.5,11.4,291.0,1018.3,4.8,1.0,314.4,152.0,Unhealthy,2021,4,10,Saturday,Spring,1,59.0498,160.08682,111.30421,122.8,210.3,153.0,180.0,72.4733403523763,131.53421129499162,159.66666666666666,197.57142857142858,0.8660254037844387,-0.4999999999999998
2021-04-11,92.21757,183.9,383.0,68.9,38.6,8.1,248.2,1018.6,3.9,0.0,316.7,170.0,Unhealthy,2021,4,11,Sunday,Spring,0,57.782825,100.587395,158.03337,116.9,263.5,152.0,208.0,69.6833979288737,122.13195364815849,158.33333333333334,192.14285714285714,0.8660254037844387,-0.4999999999999998
2021-04-12,131.36679,239.6,456.8,68.0,38.5,15.0,218.5,1019.3,2.6,0.9906,275.2,190.0,Unhealthy,2021,4,12,Monday,Spring,0,92.21757,59.0498,193.06917,183.9,299.5,170.0,243.0,93.78906122843425,113.31732831682477,170.66666666666666,184.57142857142858,0.8660254037844387,-0.4999999999999998
2021-04-13,123.479065,236.2,495.2,67.0,43.5,9.2,129.9,1018.1,2.7,0.0,275.9,186.0,Unhealthy,2021,4,13,Tuesday,Spring,0,131.36679,57.782825,192.1301,239.6,295.2,190.0,242.0,115.68780771891277,103.51003810337612,182.0,176.57142857142858,0.8660254037844387,-0.4999999999999998
2021-04-14,118.612465,211.0,434.5,69.3,48.5,10.3,238.6,1017.0,2.9,0.0,297.6,184.0,Unhealthy,2021,4,14,Wednesday,Spring,0,123.479065,92.21757,160.08682,236.2,252.2,186.0,211.0,124.4861068725586,97.5851298740932,186.66666666666666,172.71428571428572,0.8660254037844387,-0.4999999999999998
2021-04-15,96.021576,200.7,435.1,69.6,51.6,30.0,289.4,1016.0,3.1,0.0,276.2,172.0,Unhealthy,2021,4,15,Thursday,Spring,0,118.612465,131.36679,100.587395,211.0,170.0,184.0,174.0,112.7043685913086,96.93287004743304,180.66666666666666,172.42857142857142,0.8660254037844387,-0.4999999999999998
2021-04-16,58.48644,103.9,261.1,62.6,71.2,10.3,118.7,1017.1,3.8,11.9,267.9,153.0,Unhealthy,2021,4,16,Friday,Spring,0,96.021576,123.479065,59.0498,200.7,122.8,172.0,153.0,91.04015986124675,96.85238974434989,169.66666666666666,172.42857142857142,0.8660254037844387,-0.4999999999999998
2021-04-17,54.991894,90.8,219.2,64.7,72.3,15.0,296.1,1017.6,3.5,1.3,245.3,149.0,Unhealthy for Sensitive Groups,2021,4,17,Saturday,Spring,1,58.48644,118.612465,57.782825,103.9,116.9,153.0,152.0,69.8333028157552,96.4536852155413,158.0,172.0,0.8660254037844387,-0.4999999999999998
2021-04-18,39.16676,71.9,162.1,64.4,64.6,20.8,288.3,1017.3,4.7,0.3,279.9,110.0,Unhealthy for Sensitive Groups,2021,4,18,Sunday,Spring,0,54.991894,96.021576,92.21757,90.8,183.9,149.0,170.0,50.88169733683268,88.87499836512974,137.33333333333334,163.42857142857142,0.8660254037844387,-0.4999999999999998
2021-04-19,47.267963,101.7,265.8,65.6,62.4,10.3,244.5,1013.2,4.9,7.4,276.7,130.0,Unhealthy for Sensitive Groups,2021,4,19,Monday,Spring,0,39.16676,58.48644,131.36679,71.9,239.6,110.0,190.0,47.142205556233726,76.86088017054966,129.66666666666666,154.85714285714286,0.8660254037844387,-0.4999999999999998
2021-04-20,70.521645,153.0,369.2,69.2,56.4,15.0,216.6,1014.0,4.3,0.0,305.4,159.0,Unhealthy,2021,4,20,Tuesday,Spring,0,47.267963,54.991894,123.479065,101.7,236.2,130.0,186.0,52.31878916422526,69.2955344063895,133.0,151.0,0.8660254037844387,-0.4999999999999998
2021-04-21,82.94474,148.7,311.0,65.4,65.4,10.3,89.2,1017.9,3.3,0.0,179.8,165.0,Unhealthy,2021,4,21,Wednesday,Spring,0,70.521645,39.16676,118.612465,153.0,211.0,159.0,184.0,66.91144943237305,64.2001451764788,151.33333333333334,148.28571428571428,0.8660254037844387,-0.4999999999999998
2021-04-22,33.574562,61.2,150.6,64.7,61.9,12.8,246.3,1018.8,4.9,6.6,230.9,96.0,Moderate,2021,4,22,Thursday,Spring,0,82.94474,47.267963,96.021576,148.7,200.7,165.0,172.0,62.34698232014974,55.27914319719587,140.0,137.42857142857142,0.8660254037844387,-0.4999999999999998
2021-05-01,46.875423,64.4,109.9,66.6,73.5,15.7,164.0,1017.6,3.8,0.3,203.5,129.0,Unhealthy for Sensitive Groups,2021,5,1,Saturday,Spring,1,43.908504,83.6451,49.44898,64.8,122.1,122.0,135.0,51.59020487467448,61.51220485142299,135.33333333333334,148.28571428571428,0.49999999999999994,-0.8660254037844387
2021-05-02,53.947758,69.9,93.0,63.4,88.1,6.9,106.4,1017.5,3.5,4.2926,206.2,146.0,Unhealthy for Sensitive Groups,2021,5,2,Sunday,Spring,0,46.875423,63.986687,56.09547,64.4,137.6,129.0,151.0,48.24389521280924,61.205388750348774,132.33333333333334,147.57142857142858,0.49999999999999994,-0.8660254037844387
2021-05-03,55.608917,77.0,121.9,67.0,81.0,19.7,281.4,1015.2,3.5,0.0,213.0,151.0,Unhealthy,2021,5,3,Monday,Spring,0,53.947758,43.908504,60.91898,69.9,152.9,146.0,154.0,52.14403279622396,60.44680840628488,142.0,147.14285714285714,0.49999999999999994,-0.8660254037844387
2021-05-04,49.94302,66.3,88.4,65.3,86.2,15.0,155.8,1015.3,3.4,0.0,211.6,137.0,Unhealthy for Sensitive Groups,2021,5,4,Tuesday,Spring,0,55.608917,46.875423,75.155266,77.0,197.4,151.0,161.0,53.16656494140625,56.845058986118865,144.66666666666666,143.71428571428572,0.49999999999999994,-0.8660254037844387
2021-05-05,29.447567,39.4,65.0,65.8,82.3,12.8,148.9,1015.6,4.3,1.5,92.1,87.0,Moderate,2021,5,5,Wednesday,Spring,0,49.94302,53.947758,83.6451,66.3,201.1,137.0,166.0,44.99983469645182,49.10255377633231,125.0,132.42857142857142,0.49999999999999994,-0.8660254037844387
2021-05-06,35.755993,51.0,83.0,67.0,76.1,6.9,109.1,1017.3,3.9,0.8,211.6,102.0,Unhealthy for Sensitive Groups,2021,5,6,Thursday,Spring,0,29.447567,55.608917,63.986687,39.4,116.3,87.0,155.0,38.38219324747721,45.06959751674107,108.66666666666667,124.85714285714286,0.49999999999999994,-0.8660254037844387
2021-05-07,45.750084,61.4,85.6,68.0,77.6,9.2,121.3,1017.7,4.1,0.0,166.4,126.0,Unhealthy for Sensitive Groups,2021,5,7,Friday,Spring,0,35.755993,49.94302,43.908504,51.0,64.8,102.0,122.0,36.98454793294271,45.33268029349191,105.0,125.42857142857143,0.49999999999999994,-0.8660254037844387
2021-05-08,34.883106,54.1,105.6,68.6,65.9,12.8,257.6,1017.1,4.3,0.1016,258.9,99.0,Moderate,2021,5,8,Saturday,Spring,1,45.750084,29.447567,46.875423,61.4,64.4,126.0,129.0,38.79639434814453,43.61949212210519,109.0,121.14285714285714,0.49999999999999994,-0.8660254037844387
2021-05-09,32.369503,59.6,139.0,68.4,61.2,18.3,217.2,1015.2,5.2,0.0,257.3,94.0,Moderate,2021,5,9,Sunday,Spring,0,34.883106,35.755993,53.947758,54.1,69.9,99.0,146.0,37.667564392089844,40.53688430786133,106.33333333333333,113.71428571428571,0.49999999999999994,-0.8660254037844387
2021-05-10,51.06542,72.9,120.1,66.0,79.9,8.1,100.8,1014.0,4.0,1.3,245.8,139.0,Unhealthy for Sensitive Groups,2021,5,10,Monday,Spring,0,32.369503,45.750084,55.608917,59.6,77.0,94.0,151.0,39.4393424987793,39.88781302315848,110.66666666666667,112.0,0.49999999999999994,-0.8660254037844387
2021-05-11,53.236294,75.1,135.2,65.1,84.5,11.4,240.0,1013.0,3.9,7.9,232.1,145.0,Unhealthy for Sensitive Groups,2021,5,11,Tuesday,Spring,0,51.06542,34.883106,49.94302,72.9,66.3,139.0,137.0,45.557071685791016,40.35828072684152,126.0,113.14285714285714,0.49999999999999994,-0.8660254037844387
2021-05-12,50.07457,63.7,90.3,64.7,87.0,11.4,123.6,1011.4,4.1,7.1,118.4,137.0,Unhealthy for Sensitive Groups,2021,5,12,Wednesday,Spring,0,53.236294,32.369503,29.447567,75.1,39.4,145.0,87.0,51.458760579427086,43.30499540056501,140.33333333333334,120.28571428571429,0.49999999999999994,-0.8660254037844387
2021-05-13,42.092113,53.9,78.9,63.9,85.6,5.8,96.4,1012.2,4.1,5.1,197.4,117.0,Unhealthy for Sensitive Groups,2021,5,13,Thursday,Spring,0,50.07457,51.06542,35.755993,63.7,51.0,137.0,102.0,48.46765899658203,44.21015548706055,133.0,122.42857142857143,0.49999999999999994,-0.8660254037844387
2021-05-14,44.26607,63.2,113.6,68.6,71.2,12.8,299.2,1010.6,5.0,0.0,252.1,123.0,Unhealthy for Sensitive Groups,2021,5,14,Friday,Spring,0,42.092113,53.236294,45.750084,53.9,61.4,117.0,126.0,45.47758483886719,43.99815368652344,125.66666666666667,122.0,0.49999999999999994,-0.8660254037844387
2021-05-15,41.642994,63.1,124.5,70.5,66.2,13.9,295.9,1012.9,5.4,0.0,287.1,116.0,Unhealthy for Sensitive Groups,2021,5,15,Saturday,Spring,1,44.26607,50.07457,34.883106,63.2,54.1,123.0,99.0,42.667059580485024,44.96385192871094,118.66666666666667,124.42857142857143,0.49999999999999994,-0.8660254037844387
2021-05-16,43.14052,75.9,142.0,74.0,56.5,15.0,274.1,1014.7,5.1,0.0,297.4,120.0,Unhealthy for Sensitive Groups,2021,5,16,Sunday,Spring,0,41.642994,42.092113,32.369503,63.1,59.6,116.0,94.0,43.016527811686196,46.50256838117327,119.66666666666667,128.14285714285714,0.49999999999999994,-0.8660254037844387
2021-05-17,48.49187,83.4,167.3,73.5,61.1,10.3,325.9,1015.2,4.9,0.0,256.7,133.0,Unhealthy for Sensitive Groups,2021,5,17,Monday,Spring,0,43.14052,44.26607,51.06542,75.9,72.9,120.0,139.0,44.42512766520182,46.13491875784738,123.0,127.28571428571429,0.49999999999999994,-0.8660254037844387
2021-05-18,58.18544,89.3,172.9,73.4,68.2,10.3,282.9,1013.8,4.2,0.0,164.3,152.0,Unhealthy,2021,5,18,Tuesday,Spring,0,48.49187,41.642994,53.236294,83.4,75.1,133.0,145.0,49.939276377360024,46.84193965366909,135.0,128.28571428571428,0.49999999999999994,-0.8660254037844387
2021-05-19,65.49092,81.9,107.9,69.4,84.3,4.7,51.1,1013.6,3.3,0.0,71.9,156.0,Unhealthy,2021,5,19,Wednesday,Spring,0,58.18544,43.14052,50.07457,89.3,63.7,152.0,137.0,57.389410654703774,49.04427555629185,147.0,131.0,0.49999999999999994,-0.8660254037844387
2021-05-20,28.06463,33.2,39.9,67.5,94.4,6.9,101.5,1013.4,3.7,8.6,85.5,85.0,Moderate,2021,5,20,Thursday,Spring,0,65.49092,48.49187,42.092113,81.9,53.9,156.0,117.0,50.58033053080241,47.04034941537039,131.0,126.42857142857143,0.49999999999999994,-0.8660254037844387
2021-05-21,18.0777,32.2,107.8,71.9,80.9,16.1,211.2,1012.6,4.7,3.0,250.3,64.0,Moderate,2021,5,21,Friday,Spring,0,28.06463,58.18544,44.26607,33.2,63.2,85.0,123.0,37.21108373006185,43.29915346418108,101.66666666666667,118.0,0.49999999999999994,-0.8660254037844387
2021-05-22,15.6741495,28.8,83.7,75.5,72.5,39.1,229.2,1011.6,5.1,0.0,263.8,59.0,Moderate,2021,5,22,Saturday,Spring,1,18.0777,65.49092,41.642994,32.2,63.1,64.0,116.0,20.60549322764079,39.589318547930034,69.33333333333333,109.85714285714286,0.49999999999999994,-0.8660254037844387
2021-05-23,18.879622,38.0,107.0,77.1,69.9,10.3,227.6,1012.2,5.4,0.0,256.0,65.0,Moderate,2021,5,23,Sunday,Spring,0,15.6741495,28.06463,43.14052,28.8,75.9,59.0,120.0,17.543823560078938,36.12347616468157,62.666666666666664,102.0,0.49999999999999994,-0.8660254037844387
2021-05-24,21.818876,43.4,130.6,76.4,68.8,13.9,195.4,1012.0,4.7,0.3,244.8,71.0,Moderate,2021,5,24,Monday,Spring,0,18.879622,18.0777,48.49187,38.0,83.4,65.0,133.0,18.79088242848714,32.313048362731934,65.0,93.14285714285714,0.49999999999999994,-0.8660254037844387
2021-05-25,23.688126,36.5,69.8,71.9,80.4,16.1,179.5,1010.7,4.2,3.8,205.8,75.0,Moderate,2021,5,25,Tuesday,Spring,0,21.818876,15.6741495,58.18544,43.4,89.3,71.0,152.0,21.462207794189453,27.384860583714076,70.33333333333333,82.14285714285714,0.49999999999999994,-0.8660254037844387
2021-05-26,7.658084,9.1,10.3,68.1,96.8,5.8,255.6,1009.5,4.1,5.1,48.2,32.0,Good,2021,5,26,Wednesday,Spring,0,23.688126,18.879622,65.49092,36.5,81.9,75.0,156.0,17.7216952641805,19.12302671160017,59.333333333333336,64.42857142857143,0.49999999999999994,-0.8660254037844387
2021-05-27,9.9278145,12.2,14.1,68.2,98.5,5.8,301.9,1009.8,3.8,31.2,59.3,41.0,Good,2021,5,27,Thursday,Spring,0,7.658084,21.818876,28.06463,9.1,33.2,32.0,85.0,13.758008003234863,16.532052993774414,49.333333333333336,58.142857142857146,0.49999999999999994,-0.8660254037844387
2021-05-28,20.311544,22.8,23.4,66.4,97.5,11.4,76.5,1012.1,4.0,19.685,32.8,68.0,Moderate,2021,5,28,Friday,Spring,0,9.9278145,23.688126,18.0777,12.2,32.2,41.0,64.0,12.63248093922933,16.851173673357284,47.0,58.714285714285715,0.49999999999999994,-0.8660254037844387
2021-05-29,29.764944,36.4,57.6,70.7,85.1,11.4,104.4,1013.9,4.5,0.1016,154.9,88.0,Moderate,2021,5,29,Saturday,Spring,1,20.311544,7.658084,15.6741495,22.8,28.8,68.0,59.0,20.001434326171875,18.864144325256348,65.66666666666667,62.857142857142854,0.49999999999999994,-0.8660254037844387
2021-05-30,37.463276,48.9,79.9,72.0,82.2,9.2,120.6,1012.3,4.5,0.0,234.8,106.0,Unhealthy for Sensitive Groups,2021,5,30,Sunday,Spring,0,29.764944,9.9278145,18.879622,36.4,38.0,88.0,65.0,29.179921468098957,21.518952097211564,87.33333333333333,68.71428571428571,0.49999999999999994,-0.8660254037844387
2021-05-31,29.419024,38.2,59.0,73.9,80.7,12.8,244.9,1009.8,4.1,17.5,239.8,87.0,Moderate,2021,5,31,Monday,Spring,0,37.463276,20.311544,21.818876,48.9,43.4,106.0,71.0,32.21574783325195,22.604687418256486,93.66666666666667,71.0,0.49999999999999994,-0.8660254037844387
2021-06-01,28.962622,40.5,76.1,73.3,78.7,11.4,240.5,1011.6,4.5,0.0,213.2,86.0,Moderate,2021,6,1,Tuesday,Monsoon,0,29.419024,29.764944,23.688126,38.2,36.5,87.0,75.0,31.948307037353516,23.358186858040945,93.0,72.57142857142857,1.2246467991473532e-16,-1.0
2021-06-02,33.464703,48.0,89.7,74.0,74.1,15.0,231.9,1012.7,5.1,0.0,254.3,96.0,Moderate,2021,6,2,Wednesday,Monsoon,0,28.962622,37.463276,7.658084,40.5,9.1,86.0,32.0,30.61544926961263,27.04484667096819,89.66666666666667,81.71428571428571,1.2246467991473532e-16,-1.0
2021-06-03,31.487469,45.2,78.0,75.0,73.4,11.4,233.9,1013.9,5.0,0.0,259.3,92.0,Moderate,2021,6,3,Thursday,Monsoon,0,33.464703,29.419024,9.9278145,48.0,12.2,96.0,41.0,31.30493100484212,30.12479727608817,91.33333333333333,89.0,1.2246467991473532e-16,-1.0
2021-06-04,32.505917,53.7,116.0,75.3,74.8,12.8,259.8,1014.1,5.0,0.0,250.8,94.0,Moderate,2021,6,4,Friday,Monsoon,0,31.487469,28.962622,20.311544,45.2,22.8,92.0,68.0,32.486029307047524,31.866850444248744,94.0,92.71428571428571,1.2246467991473532e-16,-1.0
2021-06-05,34.38746,57.7,112.3,76.0,71.1,12.8,296.8,1012.8,4.7,0.0,241.8,98.0,Moderate,2021,6,5,Saturday,Monsoon,1,32.505917,33.464703,29.764944,53.7,36.4,94.0,88.0,32.79361470540365,32.52720969063895,94.66666666666667,94.14285714285714,1.2246467991473532e-16,-1.0
2021-06-06,29.955378,47.8,104.7,76.2,71.0,13.9,288.9,1011.8,4.5,0.0,251.2,89.0,Moderate,2021,6,6,Sunday,Monsoon,0,34.38746,31.487469,37.463276,57.7,48.9,98.0,106.0,32.28291765848795,31.454652786254883,93.66666666666667,91.71428571428571,1.2246467991473532e-16,-1.0
2021-06-07,36.644455,56.5,102.3,78.7,66.0,12.8,304.6,1009.8,4.9,0.0,277.5,104.0,Unhealthy for Sensitive Groups,2021,6,7,Monday,Monsoon,0,29.955378,32.505917,29.419024,47.8,38.2,89.0,87.0,33.66243044535319,32.48685727800642,97.0,94.14285714285714,1.2246467991473532e-16,-1.0
2021-06-08,39.03078,63.8,124.3,76.3,74.6,12.8,155.7,1008.4,4.4,0.0,254.5,110.0,Unhealthy for Sensitive Groups,2021,6,8,Tuesday,Monsoon,0,36.644455,34.38746,28.962622,56.5,40.5,104.0,86.0,35.210204442342125,33.92516572134836,101.0,97.57142857142857,1.2246467991473532e-16,-1.0
2021-06-09,33.937027,52.8,100.4,74.8,80.6,13.9,194.3,1008.7,4.4,5.8,209.2,97.0,Moderate,2021,6,9,Wednesday,Monsoon,0,39.03078,29.955378,33.464703,63.8,48.0,110.0,96.0,36.537420908610024,33.99264063153948,103.66666666666667,97.71428571428571,1.2246467991473532e-16,-1.0
2021-06-10,32.111134,41.3,61.3,72.9,87.5,11.4,134.5,1008.5,3.9,36.6,168.7,93.0,Moderate,2021,6,10,Thursday,Monsoon,0,33.937027,36.644455,31.487469,52.8,45.2,97.0,92.0,35.02631378173828,34.081735610961914,100.0,97.85714285714286,1.2246467991473532e-16,-1.0
2021-06-11,32.25804,43.5,63.0,72.9,86.6,10.3,310.6,1007.8,4.3,24.4,192.4,93.0,Moderate,2021,6,11,Friday,Monsoon,0,32.111134,39.03078,32.505917,41.3,53.7,93.0,94.0,32.768733978271484,34.04632486615862,94.33333333333333,97.71428571428571,1.2246467991473532e-16,-1.0
2021-06-12,27.39266,31.4,41.9,70.9,90.9,4.7,240.2,1009.2,4.6,30.7,95.9,83.0,Moderate,2021,6,12,Saturday,Monsoon,1,32.25804,33.937027,34.38746,43.5,57.7,93.0,98.0,30.587278366088867,33.04706791469029,89.66666666666667,95.57142857142857,1.2246467991473532e-16,-1.0
2021-06-13,30.549978,36.6,47.6,71.3,94.2,4.7,286.8,1008.8,4.7,0.0,84.0,90.0,Moderate,2021,6,13,Sunday,Monsoon,0,27.39266,32.111134,29.955378,31.4,47.8,83.0,89.0,30.066893259684246,33.13201086861746,88.66666666666667,95.71428571428571,1.2246467991473532e-16,-1.0
2021-06-14,12.554419,17.3,27.4,72.6,94.7,6.9,237.4,1006.6,4.3,18.8,208.6,52.0,Moderate,2021,6,14,Monday,Monsoon,0,30.549978,32.25804,36.644455,36.6,56.5,90.0,104.0,23.499018987019856,29.69057709830148,75.0,88.28571428571429,1.2246467991473532e-16,-1.0
2021-06-15,12.237691,14.7,16.5,71.6,95.3,10.3,108.5,1004.5,4.0,15.0,71.9,51.0,Moderate,2021,6,15,Tuesday,Monsoon,0,12.554419,27.39266,39.03078,17.3,63.8,52.0,110.0,18.447362581888836,25.86299283163888,64.33333333333333,79.85714285714286,1.2246467991473532e-16,-1.0
2021-06-16,9.723389,11.7,13.9,70.8,96.3,10.3,276.9,1007.2,4.2,4.8,96.5,41.0,Good,2021,6,16,Wednesday,Monsoon,0,12.237691,30.549978,33.937027,14.7,52.8,51.0,97.0,11.505166053771973,22.403901645115443,48.0,71.85714285714286,1.2246467991473532e-16,-1.0
2021-06-17,12.721144,19.6,36.6,72.7,90.3,9.2,253.9,1008.3,4.6,8.7884,196.4,52.0,Moderate,2021,6,17,Thursday,Monsoon,0,9.723389,12.554419,32.111134,11.7,41.3,41.0,93.0,11.560741106669107,19.633903094700404,48.0,66.0,1.2246467991473532e-16,-1.0
2021-06-18,12.157338,21.3,45.0,74.4,86.7,6.9,224.0,1009.0,4.8,0.3,151.2,51.0,Moderate,2021,6,18,Friday,Monsoon,0,12.721144,12.237691,32.25804,19.6,43.5,52.0,93.0,11.5339568456014,16.762374060494558,48.0,60.0,1.2246467991473532e-16,-1.0
2021-06-19,8.880049,15.9,36.2,73.2,84.9,10.3,153.4,1008.8,5.2,0.3,153.7,37.0,Good,2021,6,19,Saturday,Monsoon,1,12.157338,9.723389,27.39266,21.3,31.4,51.0,83.0,11.252843538920084,14.117715290614537,46.666666666666664,53.42857142857143,1.2246467991473532e-16,-1.0
2021-06-20,12.617379,21.3,42.3,72.0,90.1,8.1,170.8,1009.4,4.8,2.8,78.0,52.0,Moderate,2021,6,20,Sunday,Monsoon,0,8.880049,12.721144,30.549978,15.9,36.6,37.0,90.0,11.218255360921225,11.555915423801967,46.666666666666664,48.0,1.2246467991473532e-16,-1.0
2021-06-21,11.053255,22.3,75.2,74.4,82.8,12.8,178.5,1009.6,5.3,0.0,194.6,46.0,Good,2021,6,21,Monday,Monsoon,0,12.617379,12.157338,12.554419,21.3,17.3,52.0,52.0,10.85022767384847,11.341463497706822,45.0,47.142857142857146,1.2246467991473532e-16,-1.0
2021-06-22,14.415294,32.2,94.8,76.1,80.3,16.1,195.2,1010.2,5.3,0.0,181.3,56.0,Moderate,2021,6,22,Tuesday,Monsoon,0,11.053255,8.880049,12.237691,22.3,14.7,46.0,51.0,12.695309321085611,11.652549607413155,51.333333333333336,47.857142857142854,1.2246467991473532e-16,-1.0
2021-06-23,13.781521,23.1,58.9,74.6,88.3,9.2,173.1,1011.8,4.5,1.3,164.8,55.0,Moderate,2021,6,23,Wednesday,Monsoon,0,14.415294,12.617379,9.723389,32.2,11.7,56.0,41.0,13.083356539408365,12.232282774788994,52.333333333333336,49.857142857142854,1.2246467991473532e-16,-1.0
2021-06-24,14.739876,26.6,66.0,75.9,82.4,10.3,235.4,1010.8,4.6,7.4,155.9,57.0,Moderate,2021,6,24,Thursday,Monsoon,0,13.781521,11.053255,12.721144,23.1,19.6,55.0,52.0,14.312230110168457,12.520673070635114,56.0,50.57142857142857,1.2246467991473532e-16,-1.0
2021-06-25,17.184193,28.5,59.8,72.6,91.2,11.4,218.0,1009.8,4.2,2.8,121.5,62.0,Moderate,2021,6,25,Friday,Monsoon,0,14.739876,14.415294,12.157338,26.6,21.3,57.0,51.0,15.235196431477865,13.238795144217354,58.0,52.142857142857146,1.2246467991473532e-16,-1.0
2021-06-26,14.51211,19.9,27.4,70.9,93.7,6.9,138.0,1012.3,4.1,34.8,41.7,56.0,Moderate,2021,6,26,Saturday,Monsoon,1,17.184193,13.781521,8.880049,28.5,15.9,62.0,37.0,15.478726069132486,14.043375287737165,58.333333333333336,54.857142857142854,1.2246467991473532e-16,-1.0
2021-06-27,18.085964,28.2,55.4,74.9,85.5,8.1,166.9,1011.8,4.6,4.3,186.1,64.0,Moderate,2021,6,27,Sunday,Monsoon,0,14.51211,14.739876,12.617379,19.9,21.3,56.0,52.0,16.594088872273762,14.82460171835763,60.666666666666664,56.57142857142857,1.2246467991473532e-16,-1.0
2021-06-28,16.780087,29.9,76.6,74.7,84.7,8.1,262.7,1010.1,4.7,0.0,188.8,61.0,Moderate,2021,6,28,Monday,Monsoon,0,18.085964,17.184193,11.053255,28.2,22.3,64.0,46.0,16.459386825561523,15.64272049495152,60.333333333333336,58.714285714285715,1.2246467991473532e-16,-1.0
2021-06-29,17.149157,29.3,63.5,75.3,85.4,8.1,235.3,1009.2,4.4,0.0,143.7,62.0,Moderate,2021,6,29,Tuesday,Monsoon,0,16.780087,14.51211,14.415294,29.9,32.2,61.0,56.0,17.338402430216473,16.033272334507533,62.333333333333336,59.57142857142857,1.2246467991473532e-16,-1.0
2021-06-30,27.565302,40.0,61.2,73.6,93.6,9.2,182.8,1006.9,3.6,2.5,53.4,84.0,Moderate,2021,6,30,Wednesday,Monsoon,0,17.149157,18.085964,13.781521,29.3,23.1,62.0,55.0,20.49818166097005,18.002383913312638,69.0,63.714285714285715,1.2246467991473532e-16,-1.0
2021-07-01,31.802303,39.5,45.1,70.6,96.2,6.9,95.0,1006.8,3.2,53.1,54.7,92.0,Moderate,2021,7,1,Thursday,Monsoon,0,27.565302,16.780087,14.739876,40.0,26.6,84.0,57.0,25.505587259928387,20.439873559134348,79.33333333333333,68.71428571428571,-0.4999999999999997,-0.8660254037844388
2021-07-02,19.055183,22.0,23.9,69.8,97.6,4.7,96.2,1007.8,3.3,46.0,46.2,66.0,Moderate,2021,7,2,Friday,Monsoon,0,31.802303,17.149157,17.184193,39.5,28.5,92.0,62.0,26.14092953999837,20.707157952444895,80.66666666666667,69.28571428571429,-0.4999999999999997,-0.8660254037844388
2021-07-03,14.475654,19.8,34.9,72.6,90.2,10.3,196.0,1010.0,3.9,6.1,66.5,56.0,Moderate,2021,7,3,Saturday,Monsoon,1,19.055183,27.565302,14.51211,22.0,19.9,66.0,56.0,21.777713457743328,20.701949937003,71.33333333333333,69.28571428571429,-0.4999999999999997,-0.8660254037844388
2021-07-04,18.588459,31.4,69.8,74.5,85.4,9.2,214.9,1011.8,4.3,0.3,201.5,65.0,Moderate,2021,7,4,Sunday,Monsoon,0,14.475654,31.802303,18.085964,19.8,28.2,56.0,64.0,17.373098691304524,20.77373491014753,62.333333333333336,69.42857142857143,-0.4999999999999997,-0.8660254037844388
2021-07-05,18.08989,29.0,71.2,74.5,90.5,11.4,184.8,1011.8,4.2,10.4,216.0,64.0,Moderate,2021,7,5,Monday,Monsoon,0,18.588459,19.055183,16.780087,31.4,29.9,65.0,61.0,17.051334063212078,20.960849625723704,61.666666666666664,69.85714285714286,-0.4999999999999997,-0.8660254037844388
2021-07-06,18.75003,31.4,71.2,75.8,87.0,12.8,231.2,1009.8,4.3,0.0,190.4,65.0,Moderate,2021,7,6,Tuesday,Monsoon,0,18.08989,14.475654,17.149157,29.0,29.3,64.0,62.0,18.476126352945965,21.18954590388707,64.66666666666667,70.28571428571429,-0.4999999999999997,-0.8660254037844388
2021-07-07,21.886015,36.8,74.8,75.7,85.6,12.8,196.1,1009.3,4.3,0.0,145.5,72.0,Moderate,2021,7,7,Wednesday,Monsoon,0,18.75003,18.588459,27.565302,31.4,40.0,65.0,84.0,19.5753116607666,20.378219195774623,67.0,68.57142857142857,-0.4999999999999997,-0.8660254037844388
2021-07-08,15.711791,20.9,31.4,72.3,95.5,8.1,136.8,1011.6,4.2,20.6,95.9,59.0,Moderate,2021,7,8,Thursday,Monsoon,0,21.886015,18.08989,31.802303,36.8,39.5,72.0,92.0,18.782612164815266,18.079574584960938,65.33333333333333,63.857142857142854,-0.4999999999999997,-0.8660254037844388
2021-07-09,13.458085,23.9,67.9,73.6,91.0,11.4,207.5,1011.2,4.3,20.3,135.6,54.0,Moderate,2021,7,9,Friday,Monsoon,0,15.711791,18.75003,19.055183,20.9,22.0,59.0,66.0,17.018630345662434,17.279989106314524,61.666666666666664,62.142857142857146,-0.4999999999999997,-0.8660254037844388
2021-07-10,13.501826,20.5,47.6,74.1,90.9,11.4,183.9,1010.5,4.1,69.3,134.9,54.0,Moderate,2021,7,10,Saturday,Monsoon,1,13.458085,21.886015,14.475654,23.9,19.8,54.0,56.0,14.22390079498291,17.140870911734446,55.666666666666664,61.857142857142854,-0.4999999999999997,-0.8660254037844388
2021-07-11,13.62508,21.4,51.6,72.2,94.6,6.9,131.4,1014.2,3.9,0.0,100.8,54.0,Moderate,2021,7,11,Sunday,Monsoon,0,13.501826,15.711791,18.588459,20.5,31.4,54.0,65.0,13.528330485026041,16.431816782270158,54.0,60.285714285714285,-0.4999999999999997,-0.8660254037844388
2021-07-12,15.080348,26.8,69.3,73.5,91.8,8.1,158.0,1013.9,4.7,14.5,184.9,57.0,Moderate,2021,7,12,Monday,Monsoon,0,13.62508,13.458085,18.08989,21.4,29.0,54.0,64.0,14.069084803263346,16.00188228062221,55.0,59.285714285714285,-0.4999999999999997,-0.8660254037844388
2021-07-13,12.140186,23.3,66.7,74.5,88.1,11.4,46.0,1013.5,4.5,28.4,173.7,51.0,Moderate,2021,7,13,Tuesday,Monsoon,0,15.080348,13.501826,18.75003,26.8,31.4,57.0,65.0,13.615204811096191,15.057618822370257,54.0,57.285714285714285,-0.4999999999999997,-0.8660254037844388
2021-07-14,13.488972,19.2,36.4,74.1,90.5,9.2,254.3,1012.9,4.1,0.2032,130.5,54.0,Moderate,2021,7,14,Wednesday,Monsoon,0,12.140186,13.62508,21.886015,23.3,36.8,51.0,72.0,13.569835344950357,13.858041218348912,54.0,54.714285714285715,-0.4999999999999997,-0.8660254037844388
2021-07-15,14.024272,20.3,36.2,73.0,89.0,5.8,102.8,1013.8,4.2,1.3,70.9,55.0,Moderate,2021,7,15,Thursday,Monsoon,0,13.488972,15.080348,15.711791,19.2,20.9,54.0,59.0,13.217809995015463,13.616967064993721,53.333333333333336,54.142857142857146,-0.4999999999999997,-0.8660254037844388
2021-07-16,22.688044,33.0,50.0,71.7,95.0,8.1,341.0,1014.8,4.1,1.5,84.8,73.0,Moderate,2021,7,16,Friday,Monsoon,0,14.024272,12.140186,13.458085,20.3,23.9,55.0,54.0,16.73376242319743,14.935532569885254,60.666666666666664,56.857142857142854,-0.4999999999999997,-0.8660254037844388
2021-07-17,19.798777,26.6,45.1,72.3,94.1,8.1,111.6,1012.3,3.7,8.9,122.8,67.0,Moderate,2021,7,17,Saturday,Monsoon,1,22.688044,13.488972,13.501826,33.0,20.5,73.0,54.0,18.83703072865804,15.835096904209681,65.0,58.714285714285715,-0.4999999999999997,-0.8660254037844388
2021-07-18,15.304234,30.0,102.3,74.4,88.7,11.4,209.1,1010.5,4.2,2.5,53.3,58.0,Moderate,2021,7,18,Sunday,Monsoon,0,19.798777,14.024272,13.62508,26.6,21.4,67.0,54.0,19.26368459065755,16.074975967407227,66.0,59.285714285714285,-0.4999999999999997,-0.8660254037844388
2021-07-19,16.946445,28.2,79.1,74.6,88.9,6.9,203.8,1009.0,4.3,1.0,150.1,61.0,Moderate,2021,7,19,Monday,Monsoon,0,15.304234,22.688044,15.080348,30.0,26.8,58.0,57.0,17.34981854756673,16.341561317443848,62.0,59.857142857142854,-0.4999999999999997,-0.8660254037844388
2021-07-20,19.73615,27.7,50.5,72.6,96.2,6.9,177.6,1008.6,4.1,0.0,84.3,67.0,Moderate,2021,7,20,Tuesday,Monsoon,0,16.946445,19.798777,12.140186,28.2,23.3,61.0,51.0,17.328943252563477,17.426699093409947,62.0,62.142857142857146,-0.4999999999999997,-0.8660254037844388
2021-07-21,13.748535,22.9,58.6,72.9,94.4,11.4,169.5,1007.7,4.1,3.3,139.1,54.0,Moderate,2021,7,21,Wednesday,Monsoon,0,19.73615,15.304234,13.488972,27.7,19.2,67.0,54.0,16.81037712097168,17.463779585702078,60.666666666666664,62.142857142857146,-0.4999999999999997,-0.8660254037844388
2021-07-22,15.904091,24.3,53.9,75.1,88.6,9.2,180.9,1006.9,4.5,7.9,113.0,59.0,Moderate,2021,7,22,Thursday,Monsoon,0,13.748535,16.946445,14.024272,22.9,20.3,54.0,55.0,16.46292559305827,17.73232514517648,60.0,62.714285714285715,-0.4999999999999997,-0.8660254037844388
2021-07-23,11.854914,25.3,78.1,76.2,86.8,11.4,229.4,1007.5,4.6,0.0,198.4,49.0,Good,2021,7,23,Friday,Monsoon,0,15.904091,19.73615,22.688044,24.3,33.0,59.0,73.0,13.835846583048502,16.18473516191755,54.0,59.285714285714285,-0.4999999999999997,-0.8660254037844388
2021-07-24,11.187351,28.9,126.8,77.1,86.3,11.4,164.7,1008.4,4.6,42.9,185.7,47.0,Good,2021,7,24,Saturday,Monsoon,1,11.854914,13.748535,19.798777,25.3,26.6,49.0,67.0,12.982118606567383,14.95453153337751,51.666666666666664,56.42857142857143,-0.4999999999999997,-0.8660254037844388
2021-07-25,10.885821,20.2,67.7,75.4,88.5,13.9,211.0,1008.7,4.2,10.9,144.2,45.0,Good,2021,7,25,Sunday,Monsoon,0,11.187351,15.904091,15.304234,28.9,30.0,47.0,58.0,11.309362093607584,14.32332978929792,47.0,54.57142857142857,-0.4999999999999997,-0.8660254037844388
2021-07-26,10.62877,20.3,66.64,73.1,93.6,3.4,221.5,1007.3,4.0,26.9,63.9,44.0,Good,2021,7,26,Monday,Monsoon,0,10.885821,11.854914,16.946445,20.2,28.2,45.0,61.0,10.900647481282553,13.420804704938616,45.333333333333336,52.142857142857146,-0.4999999999999997,-0.8660254037844388
2021-07-27,10.371719,20.4,65.58,74.1,91.1,12.8,182.1,1005.4,4.3,0.0,100.9,43.0,Good,2021,7,27,Tuesday,Monsoon,0,10.62877,11.187351,19.73615,20.3,27.7,44.0,67.0,10.628770192464193,12.083028793334961,44.0,48.714285714285715,-0.4999999999999997,-0.8660254037844388
2021-07-28,10.114668,20.5,64.52,74.3,88.3,9.2,17.9,1006.2,4.4,17.5,159.5,42.0,Good,2021,7,28,Wednesday,Monsoon,0,10.371719,10.885821,13.748535,20.4,22.9,43.0,54.0,10.371719042460123,11.563904898507255,43.0,47.0,-0.4999999999999997,-0.8660254037844388
2021-07-29,9.857616,20.6,63.46,75.3,84.8,12.8,245.0,1006.7,4.9,18.5,191.8,41.0,Good,2021,7,29,Thursday,Monsoon,0,10.114668,10.62877,15.904091,20.5,24.3,42.0,59.0,10.114667892456055,10.700122833251953,42.0,44.42857142857143,-0.4999999999999997,-0.8660254037844388
2021-07-30,9.600566,20.7,62.4,74.7,89.5,8.1,224.6,1008.0,4.6,9.9,140.1,40.0,Good,2021,7,30,Friday,Monsoon,0,9.857616,10.371719,11.854914,20.6,25.3,41.0,49.0,9.857616742451986,10.378073147365026,41.0,43.142857142857146,-0.4999999999999997,-0.8660254037844388
2021-07-31,9.344824,22.1,85.0,76.8,83.6,11.4,147.9,1008.4,5.0,9.1,164.6,39.0,Good,2021,7,31,Saturday,Monsoon,1,9.600566,10.114668,11.187351,20.7,28.9,40.0,47.0,9.601002057393393,10.11485494886126,40.0,42.0,-0.4999999999999997,-0.8660254037844388
2021-08-01,11.875705,32.5,111.4,75.3,86.5,15.0,203.7,1007.8,5.1,0.3,131.0,49.0,Good,2021,8,1,Sunday,Monsoon,0,9.344824,9.857616,10.885821,22.1,20.2,39.0,45.0,10.273698170979818,10.256266866411481,42.666666666666664,42.57142857142857,-0.8660254037844385,-0.5000000000000004
2021-08-02,10.343748,24.7,93.1,74.5,88.6,11.4,194.4,1008.8,4.8,2.3114,111.4,43.0,Good,2021,8,2,Monday,Monsoon,0,11.875705,9.600566,10.62877,32.5,20.3,49.0,44.0,10.521425565083822,10.21554946899414,43.666666666666664,42.42857142857143,-0.8660254037844385,-0.5000000000000004
2021-08-03,11.021541,25.2,88.9,74.9,89.2,10.3,185.3,1010.2,4.2,0.0,181.2,46.0,Good,2021,8,3,Tuesday,Monsoon,0,10.343748,9.344824,10.371719,24.7,20.4,43.0,43.0,11.080331166585287,10.308381080627441,46.0,42.857142857142854,-0.8660254037844385,-0.5000000000000004
2021-08-04,14.6349,21.8,37.3,72.3,94.7,6.9,186.2,1011.3,4.1,4.3,128.6,56.0,Moderate,2021,8,4,Wednesday,Monsoon,0,11.021541,11.875705,10.114668,25.2,20.5,46.0,42.0,12.000062942504883,10.954128537859235,48.333333333333336,44.857142857142854,-0.8660254037844385,-0.5000000000000004
2021-08-05,19.738726,43.5,130.8,74.0,83.4,11.4,153.6,1010.0,5.0,0.8,114.7,67.0,Moderate,2021,8,5,Thursday,Monsoon,0,14.6349,10.343748,9.857616,21.8,20.6,56.0,41.0,15.131722132364908,12.36571557181222,56.333333333333336,48.57142857142857,-0.8660254037844385,-0.5000000000000004
2021-08-06,22.165276,49.6,143.9,76.3,84.1,9.2,285.7,1009.8,4.9,10.7,160.3,72.0,Moderate,2021,8,6,Friday,Monsoon,0,19.738726,11.021541,9.600566,43.5,20.7,67.0,40.0,18.846300443013508,14.160674095153809,65.0,53.142857142857146,-0.8660254037844385,-0.5000000000000004
2021-08-07,18.78575,35.7,90.2,75.0,86.7,11.4,199.1,1011.2,4.8,7.4,189.1,65.0,Moderate,2021,8,7,Saturday,Monsoon,1,22.165276,14.6349,9.344824,49.6,22.1,72.0,39.0,20.22991689046224,15.509377752031599,68.0,56.857142857142854,-0.8660254037844385,-0.5000000000000004
2021-08-08,14.481392,28.2,104.2,73.9,91.1,17.2,171.9,1012.7,4.2,14.0,66.2,56.0,Moderate,2021,8,8,Sunday,Monsoon,0,18.78575,19.738726,11.875705,35.7,32.5,65.0,49.0,18.47747230529785,15.881618772234235,64.33333333333333,57.857142857142854,-0.8660254037844385,-0.5000000000000004
2021-08-09,12.228194,28.5,98.9,74.9,89.3,10.3,198.0,1012.3,4.5,18.0,156.0,51.0,Moderate,2021,8,9,Monday,Monsoon,0,14.481392,22.165276,10.343748,28.2,24.7,56.0,43.0,15.165111859639486,16.150825364249094,57.333333333333336,59.0,-0.8660254037844385,-0.5000000000000004
2021-08-10,16.077343,37.9,104.8,75.4,87.5,12.8,194.3,1009.7,4.7,0.5,129.6,59.0,Moderate,2021,8,10,Tuesday,Monsoon,0,12.228194,18.78575,11.021541,28.5,25.2,51.0,46.0,14.262309710184732,16.873082842145646,55.333333333333336,60.857142857142854,-0.8660254037844385,-0.5000000000000004
2021-08-11,21.073874,59.3,147.0,76.0,86.5,12.8,194.4,1010.1,4.6,0.8,126.6,70.0,Moderate,2021,8,11,Wednesday,Monsoon,0,16.077343,14.481392,14.6349,37.9,21.8,59.0,56.0,16.459803581237793,17.792936188834055,60.0,62.857142857142854,-0.8660254037844385,-0.5000000000000004
2021-08-12,17.38557,31.0,78.3,74.4,93.3,9.2,165.4,1011.8,4.1,10.4,90.1,62.0,Moderate,2021,8,12,Thursday,Monsoon,0,21.073874,12.228194,19.738726,59.3,43.5,70.0,67.0,18.17892901102702,17.45677116939,63.666666666666664,62.142857142857146,-0.8660254037844385,-0.5000000000000004
2021-08-13,16.75396,38.3,148.0,74.8,90.9,11.4,198.5,1010.3,4.0,3.3,44.3,61.0,Moderate,2021,8,13,Friday,Monsoon,0,17.38557,16.077343,22.165276,31.0,49.6,62.0,72.0,18.404467900594074,16.683726038251603,64.33333333333333,60.57142857142857,-0.8660254037844385,-0.5000000000000004
2021-08-14,13.046396,22.9,53.8,74.7,90.1,9.2,138.6,1007.9,4.5,4.6,28.8,53.0,Moderate,2021,8,14,Saturday,Monsoon,1,16.75396,21.073874,18.78575,38.3,35.7,61.0,65.0,15.728642145792643,15.863818441118513,58.666666666666664,58.857142857142854,-0.8660254037844385,-0.5000000000000004
2021-08-15,10.286058,19.3,43.6,73.9,90.8,9.2,152.4,1010.0,4.4,5.6,67.4,43.0,Good,2021,8,15,Sunday,Monsoon,0,13.046396,17.38557,14.481392,22.9,28.2,53.0,56.0,13.362138112386068,15.264485086713519,52.333333333333336,57.0,-0.8660254037844385,-0.5000000000000004
2021-08-16,16.380829,34.2,91.1,75.4,83.9,10.3,214.0,1012.8,5.0,0.0,180.7,60.0,Moderate,2021,8,16,Monday,Monsoon,0,10.286058,16.75396,12.228194,19.3,28.5,43.0,51.0,13.23776117960612,15.857718603951591,52.0,58.285714285714285,-0.8660254037844385,-0.5000000000000004
2021-08-17,30.167307,53.3,127.5,74.3,88.9,6.9,180.3,1013.4,4.0,18.8,196.7,89.0,Moderate,2021,8,17,Tuesday,Monsoon,0,16.380829,13.046396,16.077343,34.2,37.9,60.0,59.0,18.94473139444987,17.870570591517858,64.0,62.57142857142857,-0.8660254037844385,-0.5000000000000004
2021-08-18,16.522238,28.0,65.9,74.1,90.2,8.1,210.6,1011.9,3.9,4.8,162.7,60.0,Moderate,2021,8,18,Wednesday,Monsoon,0,30.167307,10.286058,21.073874,53.3,59.3,89.0,70.0,21.023457845052082,17.2203369140625,69.66666666666667,61.142857142857146,-0.8660254037844385,-0.5000000000000004
2021-08-19,11.612515,28.3,80.4,73.6,89.0,10.3,197.4,1011.5,4.5,18.3,96.9,48.0,Good,2021,8,19,Thursday,Monsoon,0,16.522238,16.380829,17.38557,28.0,31.0,60.0,62.0,19.434020042419434,16.395614760262625,65.66666666666667,59.142857142857146,-0.8660254037844385,-0.5000000000000004
2021-08-20,13.6757345,32.0,99.0,73.4,89.3,12.8,183.9,1014.3,4.8,0.0,138.6,54.0,Moderate,2021,8,20,Friday,Monsoon,0,11.612515,30.167307,16.75396,28.3,38.3,48.0,61.0,13.936829249064127,15.955868312290736,54.0,58.142857142857146,-0.8660254037844385,-0.5000000000000004
2021-08-21,14.060747,35.7,88.1,73.6,89.0,10.3,219.6,1016.3,4.5,0.0,105.5,55.0,Moderate,2021,8,21,Saturday,Monsoon,1,13.6757345,16.522238,13.046396,32.0,22.9,54.0,53.0,13.116332372029623,16.100775582449778,52.333333333333336,58.42857142857143,-0.8660254037844385,-0.5000000000000004
2021-08-22,11.690029,21.1,53.2,73.8,88.9,9.2,265.2,1013.8,4.1,0.0,120.6,49.0,Good,2021,8,22,Sunday,Monsoon,0,14.060747,11.612515,10.286058,35.7,19.3,55.0,43.0,13.142170270284018,16.301342827933176,52.666666666666664,59.285714285714285,-0.8660254037844385,-0.5000000000000004
2021-08-23,16.63624,21.5,30.2,71.3,96.6,8.1,217.5,1012.2,3.5,24.9,110.4,61.0,Moderate,2021,8,23,Monday,Monsoon,0,11.690029,13.6757345,16.380829,21.1,34.2,49.0,60.0,14.129005432128906,16.3378301348005,55.0,59.42857142857143,-0.8660254037844385,-0.5000000000000004
2021-08-24,18.436281,27.1,45.2,72.7,91.9,8.1,240.6,1010.4,4.1,5.6,100.1,64.0,Moderate,2021,8,24,Tuesday,Monsoon,0,16.63624,14.060747,30.167307,21.5,53.3,61.0,89.0,15.587516784667969,14.661969321114677,58.0,55.857142857142854,-0.8660254037844385,-0.5000000000000004
2021-08-25,14.284261,24.5,52.3,73.5,91.7,8.1,245.6,1008.0,4.3,1.5,66.2,56.0,Moderate,2021,8,25,Wednesday,Monsoon,0,18.436281,11.690029,16.522238,27.1,28.0,64.0,60.0,16.4522606531779,14.342258317129952,60.333333333333336,55.285714285714285,-0.8660254037844385,-0.5000000000000004
2021-08-26,11.629174,25.6,66.5,73.2,92.7,9.2,131.2,1007.7,4.3,1.3,44.2,48.0,Good,2021,8,26,Thursday,Monsoon,0,14.284261,16.63624,11.612515,24.5,28.3,56.0,48.0,14.783238728841146,14.34463814326695,56.0,55.285714285714285,-0.8660254037844385,-0.5000000000000004
2021-08-27,20.954967,28.4,42.2,70.2,94.2,4.7,139.6,1011.7,3.6,41.4,39.4,70.0,Moderate,2021,8,27,Friday,Monsoon,0,11.629174,18.436281,13.6757345,25.6,32.0,48.0,54.0,15.622800827026367,15.38452856881278,58.0,57.57142857142857,-0.8660254037844385,-0.5000000000000004
2021-08-28,17.43314,23.2,37.9,70.6,96.1,12.8,215.1,1011.3,4.0,13.7,109.3,62.0,Moderate,2021,8,28,Saturday,Monsoon,1,20.954967,14.284261,14.060747,28.4,35.7,70.0,55.0,16.6724271774292,15.866298948015485,60.0,58.57142857142857,-0.8660254037844385,-0.5000000000000004
2021-08-29,10.970086,11.4,11.5,68.6,98.6,8.1,94.1,1013.0,4.0,25.1,32.1,46.0,Good,2021,8,29,Sunday,Monsoon,0,17.43314,11.629174,11.690029,23.2,21.1,62.0,49.0,16.452731132507324,15.763449941362653,59.333333333333336,58.142857142857146,-0.8660254037844385,-0.5000000000000004
2021-08-30,14.85645,20.5,36.0,71.5,92.9,5.8,212.2,1015.8,4.3,7.9,99.4,57.0,Moderate,2021,8,30,Monday,Monsoon,0,10.970086,20.954967,16.63624,11.4,21.5,46.0,61.0,14.419891993204752,15.509194237845284,55.0,57.57142857142857,-0.8660254037844385,-0.5000000000000004
2021-08-31,11.636199,20.1,50.2,73.2,88.5,8.1,150.5,1017.1,4.6,23.9,136.9,48.0,Good,2021,8,31,Tuesday,Monsoon,0,14.85645,17.43314,18.436281,20.5,27.1,57.0,64.0,12.487578392028809,14.537753922598702,50.333333333333336,55.285714285714285,-0.8660254037844385,-0.5000000000000004
2021-09-01,10.0309925,19.6,54.1,74.5,86.1,11.4,254.0,1015.6,4.5,0.1016,203.1,42.0,Good,2021,9,1,Wednesday,Autumn,0,11.636199,10.970086,14.284261,20.1,24.5,48.0,56.0,12.17454719543457,13.93014417375837,49.0,53.285714285714285,-1.0,-1.8369701987210297e-16
2021-09-02,14.104095,24.7,57.2,74.0,86.8,10.3,232.3,1014.1,4.3,3.8,178.4,55.0,Moderate,2021,9,2,Thursday,Autumn,0,10.0309925,14.85645,11.629174,19.6,25.6,42.0,48.0,11.923762321472168,14.283704348972865,48.333333333333336,54.285714285714285,-1.0,-1.8369701987210297e-16
2021-09-03,16.500608,24.1,49.6,72.6,89.9,9.2,249.4,1013.2,4.5,5.6,101.4,60.0,Moderate,2021,9,3,Friday,Autumn,0,14.104095,11.636199,20.954967,24.7,28.4,55.0,70.0,13.545232137044271,13.647367341177803,52.333333333333336,52.857142857142854,-1.0,-1.8369701987210297e-16
2021-09-04,14.7677555,27.8,80.3,75.0,82.3,10.3,266.9,1011.6,4.9,0.0,191.0,57.0,Moderate,2021,9,4,Saturday,Autumn,1,16.500608,10.0309925,17.43314,24.1,23.2,60.0,62.0,15.124153137207031,13.266598156520299,57.333333333333336,52.142857142857146,-1.0,-1.8369701987210297e-16
2021-09-05,16.675951,33.1,91.9,76.5,82.9,10.3,254.2,1012.2,4.4,11.7,197.6,61.0,Moderate,2021,9,5,Sunday,Autumn,0,14.7677555,14.104095,10.970086,27.8,11.4,57.0,46.0,15.981438318888346,14.081721714564733,59.333333333333336,54.285714285714285,-1.0,-1.8369701987210297e-16
2021-09-06,11.811635,20.5,50.2,72.6,90.9,11.4,199.5,1015.4,3.9,121.7,154.3,49.0,Good,2021,9,6,Monday,Autumn,0,16.675951,16.500608,14.85645,33.1,20.5,61.0,57.0,14.418447176615397,13.64674813406808,55.666666666666664,53.142857142857146,-1.0,-1.8369701987210297e-16
2021-09-07,12.703395,21.9,57.8,73.4,91.0,10.3,45.3,1016.5,4.4,12.2,100.1,52.0,Moderate,2021,9,7,Tuesday,Autumn,0,11.811635,14.7677555,11.636199,20.5,20.1,49.0,48.0,13.730326970418295,13.799204690115792,54.0,53.714285714285715,-1.0,-1.8369701987210297e-16
2021-09-08,15.055683,30.7,92.0,72.7,89.2,8.1,171.8,1015.4,4.5,35.1,126.0,57.0,Moderate,2021,9,8,Wednesday,Autumn,0,12.703395,16.675951,10.0309925,21.9,19.6,52.0,42.0,13.190237681070963,14.517017636980329,52.666666666666664,55.857142857142854,-1.0,-1.8369701987210297e-16
2021-09-09,16.347466,23.7,39.6,71.1,93.8,4.7,115.5,1014.5,4.3,0.0,121.9,60.0,Moderate,2021,9,9,Thursday,Autumn,0,15.055683,11.811635,14.104095,30.7,24.7,57.0,55.0,14.702181180318197,14.837499073573522,56.333333333333336,56.57142857142857,-1.0,-1.8369701987210297e-16
2021-09-10,19.24884,37.6,103.3,73.1,88.1,11.4,148.2,1014.8,4.6,0.0,193.7,66.0,Moderate,2021,9,10,Friday,Autumn,0,16.347466,12.703395,16.500608,23.7,24.1,60.0,60.0,16.883996327718098,15.230103628976005,61.0,57.42857142857143,-1.0,-1.8369701987210297e-16
2021-09-11,16.03435,32.1,85.4,75.0,84.0,11.4,188.1,1014.3,4.8,0.0,198.5,59.0,Moderate,2021,9,11,Saturday,Autumn,1,19.24884,15.055683,14.7677555,37.6,27.8,66.0,57.0,17.21021842956543,15.411045619419642,61.666666666666664,57.714285714285715,-1.0,-1.8369701987210297e-16
2021-09-12,17.393957,40.0,105.5,75.6,82.2,12.8,209.7,1011.3,4.9,0.5,206.7,62.0,Moderate,2021,9,12,Sunday,Autumn,0,16.03435,16.347466,16.675951,32.1,33.1,59.0,61.0,17.559048970540363,15.51361792428153,62.333333333333336,57.857142857142854,-1.0,-1.8369701987210297e-16
2021-09-13,18.878065,39.2,108.7,73.5,87.2,11.4,72.8,1012.0,4.6,13.2,178.5,65.0,Moderate,2021,9,13,Monday,Autumn,0,17.393957,19.24884,11.811635,40.0,20.5,62.0,49.0,17.435457229614258,16.523107937404088,62.0,60.142857142857146,-1.0,-1.8369701987210297e-16
2021-09-14,20.32351,47.8,135.6,74.4,83.7,10.3,124.6,1013.7,4.7,0.0,189.1,68.0,Moderate,2021,9,14,Tuesday,Autumn,0,18.878065,16.03435,12.703395,39.2,21.9,65.0,52.0,18.865177154541016,17.61169569832938,65.0,62.42857142857143,-1.0,-1.8369701987210297e-16
2021-09-15,16.977718,33.7,82.4,71.7,90.8,10.3,115.5,1015.9,4.5,0.0,35.6,61.0,Moderate,2021,9,15,Wednesday,Autumn,0,20.32351,17.393957,15.055683,47.8,30.7,68.0,57.0,18.726430892944336,17.886272157941544,64.66666666666667,63.0,-1.0,-1.8369701987210297e-16
2021-09-16,22.6339,40.5,87.7,71.9,90.3,4.7,130.2,1014.2,4.2,0.1016,45.6,73.0,Moderate,2021,9,16,Thursday,Autumn,0,16.977718,18.878065,16.347466,33.7,23.7,61.0,60.0,19.978375752766926,18.784334182739258,67.33333333333333,64.85714285714286,-1.0,-1.8369701987210297e-16
2021-09-17,21.575151,27.6,39.5,69.9,95.2,5.8,168.5,1013.5,4.3,0.6096,87.6,71.0,Moderate,2021,9,17,Friday,Autumn,0,22.6339,20.32351,19.24884,40.5,37.6,73.0,66.0,20.39558982849121,19.116664341517858,68.33333333333333,65.57142857142857,-1.0,-1.8369701987210297e-16
2021-09-18,18.502356,35.1,94.7,72.5,86.9,9.2,232.5,1014.3,4.3,0.3,175.1,64.0,Moderate,2021,9,18,Saturday,Autumn,1,21.575151,16.977718,16.03435,27.6,32.1,71.0,59.0,20.903802235921223,19.469236646379745,69.33333333333333,66.28571428571429,-1.0,-1.8369701987210297e-16
2021-09-19,18.03104,39.0,106.6,74.6,84.0,11.4,255.4,1016.0,5.0,0.0,210.4,63.0,Moderate,2021,9,19,Sunday,Autumn,0,18.502356,22.6339,17.393957,35.1,40.0,64.0,62.0,19.369515736897785,19.560248511178152,66.0,66.42857142857143,-1.0,-1.8369701987210297e-16
2021-09-20,16.40251,29.8,70.7,72.8,89.9,11.4,192.8,1015.5,4.1,0.5,136.7,60.0,Moderate,2021,9,20,Monday,Autumn,0,18.03104,21.575151,18.878065,39.0,39.2,63.0,65.0,17.645301818847656,19.2065977369036,62.333333333333336,65.71428571428571,-1.0,-1.8369701987210297e-16
2021-09-21,11.918102,23.2,64.7,73.1,85.0,10.3,213.5,1014.7,5.2,25.4,195.6,50.0,Good,2021,9,21,Tuesday,Autumn,0,16.40251,18.502356,20.32351,29.8,47.8,60.0,68.0,15.45055071512858,18.005825315202987,57.666666666666664,63.142857142857146,-1.0,-1.8369701987210297e-16
2021-09-22,15.672441,26.6,74.3,71.1,90.1,9.2,182.9,1014.5,4.4,19.6,143.6,59.0,Moderate,2021,9,22,Wednesday,Autumn,0,11.918102,18.03104,16.977718,23.2,33.7,50.0,61.0,14.664350827534994,17.819357054574148,56.333333333333336,62.857142857142854,-1.0,-1.8369701987210297e-16
2021-09-23,16.395645,28.7,81.5,72.4,86.8,10.3,170.5,1016.0,4.8,2.3,186.3,60.0,Moderate,2021,9,23,Thursday,Autumn,0,15.672441,16.40251,22.6339,26.6,40.5,59.0,73.0,14.662062644958496,16.92817783355713,56.333333333333336,61.0,-1.0,-1.8369701987210297e-16
2021-09-24,15.51639,33.5,93.7,73.8,82.7,10.3,218.9,1016.2,4.3,0.0,215.2,58.0,Moderate,2021,9,24,Friday,Autumn,0,16.395645,11.918102,21.575151,28.7,27.6,60.0,71.0,15.861491839090982,16.06264046260289,59.0,59.142857142857146,-1.0,-1.8369701987210297e-16
2021-09-25,17.859472,33.2,86.1,72.9,85.4,12.8,31.7,1015.6,4.4,0.0,157.6,63.0,Moderate,2021,9,25,Saturday,Autumn,1,15.51639,15.672441,18.502356,33.5,35.1,58.0,64.0,16.5905024210612,15.970799991062709,60.333333333333336,59.0,-1.0,-1.8369701987210297e-16
2021-09-26,26.27631,43.7,95.1,71.6,86.7,5.8,88.6,1015.0,4.2,21.1,169.3,81.0,Moderate,2021,9,26,Sunday,Autumn,0,17.859472,16.395645,18.03104,33.2,39.0,63.0,63.0,19.884057362874348,17.14869567326137,67.33333333333333,61.57142857142857,-1.0,-1.8369701987210297e-16
2021-09-27,21.124172,45.9,123.0,71.5,89.2,13.9,182.6,1016.4,4.4,0.0,206.9,70.0,Moderate,2021,9,27,Monday,Autumn,0,26.27631,15.51639,16.40251,43.7,29.8,81.0,60.0,21.753318150838215,17.82321889059884,71.33333333333333,63.0,-1.0,-1.8369701987210297e-16
2021-09-28,20.298094,31.6,68.3,70.0,90.8,6.9,132.7,1017.6,4.7,15.5,137.0,68.0,Moderate,2021,9,28,Tuesday,Autumn,0,21.124172,17.859472,11.918102,45.9,23.2,70.0,50.0,22.566191991170246,19.02036053793771,73.0,65.57142857142857,-1.0,-1.8369701987210297e-16
2021-09-29,18.391077,31.0,73.0,71.5,86.0,10.3,192.6,1017.7,4.5,0.3,161.6,64.0,Moderate,2021,9,29,Wednesday,Autumn,0,20.298094,26.27631,15.672441,31.6,26.6,68.0,59.0,19.937781016031902,19.408737182617188,67.33333333333333,66.28571428571429,-1.0,-1.8369701987210297e-16
2021-09-30,18.912943,34.6,80.2,72.8,85.5,10.3,193.0,1018.2,4.4,0.0,136.3,65.0,Moderate,2021,9,30,Thursday,Autumn,0,18.391077,21.124172,16.395645,31.0,28.7,64.0,60.0,19.20070457458496,19.76835114615304,65.66666666666667,67.0,-1.0,-1.8369701987210297e-16
2021-10-01,20.328304,37.9,87.4,72.3,85.8,11.4,185.8,1017.4,4.4,0.0,123.3,68.0,Moderate,2021,10,1,Friday,Autumn,0,18.912943,20.298094,15.51639,34.6,33.5,65.0,58.0,19.210774739583332,20.455767495291575,65.66666666666667,68.42857142857143,-0.8660254037844386,0.5000000000000001
2021-10-02,14.146803,30.5,86.0,71.2,84.6,12.8,137.3,1015.2,4.8,0.1016,92.2,55.0,Moderate,2021,10,2,Saturday,Autumn,1,20.328304,18.391077,17.859472,37.9,33.2,68.0,63.0,17.796016693115234,19.92538615635463,62.666666666666664,67.28571428571429,-0.8660254037844386,0.5000000000000001
2021-10-03,16.168106,31.55,82.4,71.0,87.1,13.9,216.5,1013.1,4.7,3.8,137.6,60.0,Moderate,2021,10,3,Sunday,Autumn,0,14.146803,18.912943,26.27631,30.5,43.7,55.0,81.0,16.881071090698242,18.48135702950614,61.0,64.28571428571429,-0.8660254037844386,0.5000000000000001
2021-10-04,18.18941,32.6,78.8,72.0,85.4,9.2,150.9,1014.1,4.4,2.8,170.7,64.0,Moderate,2021,10,4,Monday,Autumn,0,16.168106,20.328304,21.124172,31.55,45.9,60.0,70.0,16.168106079101562,18.062105178833008,59.666666666666664,63.42857142857143,-0.8660254037844386,0.5000000000000001
2021-10-05,19.13195,34.506382,82.355316,72.0,85.3,10.3,267.4,1016.5,3.9,38.6,173.6,66.0,Moderate,2021,10,5,Tuesday,Autumn,0,18.18941,14.146803,20.298094,32.6,31.6,64.0,68.0,17.829821904500324,17.89551326206752,63.333333333333336,63.142857142857146,-0.8660254037844386,0.5000000000000001
2021-10-06,20.074492,36.412766,85.91064,72.6,84.6,10.3,220.2,1015.8,4.5,0.0,141.7,68.0,Moderate,2021,10,6,Wednesday,Autumn,0,19.13195,16.168106,18.391077,34.506382,31.0,66.0,64.0,19.13195037841797,18.13600104195731,66.0,63.714285714285715,-0.8660254037844386,0.5000000000000001
2021-10-07,21.017033,38.31915,89.46596,72.8,83.2,9.2,290.5,1014.3,4.6,0.0,177.6,70.0,Moderate,2021,10,7,Thursday,Autumn,0,20.074492,18.18941,18.912943,36.412766,34.6,68.0,65.0,20.074491500854492,18.43658529009138,68.0,64.42857142857143,-0.8660254037844386,0.5000000000000001
2021-10-08,21.959574,40.225533,93.02128,72.5,82.1,11.4,261.5,1013.3,4.7,0.0,161.4,72.0,Moderate,2021,10,8,Friday,Autumn,0,21.017033,19.13195,20.328304,38.31915,37.9,70.0,68.0,21.017032623291016,18.66962378365653,70.0,65.0,-0.8660254037844386,0.5000000000000001
2021-10-09,22.902115,42.131916,96.5766,73.3,81.0,11.4,218.9,1013.7,3.8,0.0,209.6,74.0,Moderate,2021,10,9,Saturday,Autumn,1,21.959574,20.074492,14.146803,40.225533,30.5,72.0,55.0,21.95957374572754,19.92038263593401,72.0,67.71428571428571,-0.8660254037844386,0.5000000000000001
2021-10-10,23.844656,44.0383,100.13191,73.7,82.7,9.2,234.4,1014.4,3.8,0.0,189.3,76.0,Moderate,2021,10,10,Sunday,Autumn,0,22.902115,21.017033,16.168106,42.131916,31.55,74.0,60.0,22.902114868164062,21.017032623291016,74.0,70.0,-0.8660254037844386,0.5000000000000001
2021-10-11,24.787197,45.94468,103.68723,73.5,80.9,9.2,250.7,1014.4,4.2,0.0,206.2,78.0,Moderate,2021,10,11,Monday,Autumn,0,23.844656,21.959574,18.18941,44.0383,32.6,76.0,64.0,23.844655990600586,21.95957374572754,76.0,72.0,-0.8660254037844386,0.5000000000000001
2021-10-12,25.72974,47.851063,107.24255,74.1,77.5,10.3,211.4,1014.3,4.5,0.0,215.9,80.0,Moderate,2021,10,12,Tuesday,Autumn,0,24.787197,22.902115,19.13195,45.94468,34.506382,78.0,66.0,24.787197748819988,22.90211514064244,78.0,74.0,-0.8660254037844386,0.5000000000000001
2021-10-13,26.672281,49.757446,110.797874,73.9,74.6,9.2,189.3,1014.7,4.7,0.0,214.4,82.0,Moderate,2021,10,13,Wednesday,Autumn,0,25.72974,23.844656,20.074492,47.851063,36.412766,80.0,68.0,25.729739507039387,23.844656535557338,80.0,76.0,-0.8660254037844386,0.5000000000000001
2021-10-14,27.614822,51.66383,114.353195,73.9,74.7,11.4,302.9,1014.8,4.6,0.0,209.5,84.0,Moderate,2021,10,14,Thursday,Autumn,0,26.672281,24.787197,21.017033,49.757446,38.31915,82.0,70.0,26.67228126525879,24.78719793047224,82.0,78.0,-0.8660254037844386,0.5000000000000001
2021-10-15,28.557364,53.570213,117.90851,73.9,76.3,10.3,269.2,1013.3,4.9,0.0,220.0,86.0,Moderate,2021,10,15,Friday,Autumn,0,27.614822,25.72974,21.959574,51.66383,40.225533,84.0,72.0,27.614822387695312,25.729739325387136,84.0,80.0,-0.8660254037844386,0.5000000000000001
2021-10-16,29.499905,55.476597,121.46383,74.3,79.7,9.2,222.8,1015.4,5.0,0.0,218.9,88.0,Moderate,2021,10,16,Saturday,Autumn,1,28.557364,26.672281,22.902115,53.570213,42.131916,86.0,74.0,28.557363510131836,26.672280720302037,86.0,82.0,-0.8660254037844386,0.5000000000000001
2021-10-17,30.442446,57.38298,125.01915,71.4,84.2,8.1,140.7,1017.3,5.0,9.4,121.1,90.0,Moderate,2021,10,17,Sunday,Autumn,0,29.499905,27.614822,23.844656,55.476597,44.0383,88.0,76.0,29.49990463256836,27.614822115216935,88.0,84.0,-0.8660254037844386,0.5000000000000001
2021-10-18,31.384987,59.28936,128.57446,69.8,94.4,5.8,183.4,1016.0,4.6,3.8,42.0,92.0,Moderate,2021,10,18,Monday,Autumn,0,30.442446,28.557364,24.787197,57.38298,45.94468,90.0,78.0,30.442445755004883,28.557363510131836,90.0,86.0,-0.8660254037844386,0.5000000000000001
2021-10-19,32.327526,61.195744,132.12979,67.9,93.8,10.3,95.6,1015.3,4.4,0.0,25.7,94.0,Moderate,2021,10,19,Tuesday,Autumn,0,31.384987,29.499905,25.72974,59.28936,47.851063,92.0,80.0,31.384986241658527,29.49990436008998,92.0,88.0,-0.8660254037844386,0.5000000000000001
2021-10-20,33.27007,63.102127,135.6851,68.7,91.2,6.9,194.7,1016.9,4.3,5.3,19.9,96.0,Moderate,2021,10,20,Wednesday,Autumn,0,32.327526,30.442446,26.672281,61.195744,49.757446,94.0,82.0,32.327527364095054,30.442445482526505,94.0,90.0,-0.8660254037844386,0.5000000000000001
2021-10-21,34.21261,65.008514,139.24043,68.4,81.2,11.4,257.8,1015.6,5.2,0.0,107.3,98.0,Moderate,2021,10,21,Thursday,Autumn,0,33.27007,31.384987,27.614822,63.102127,51.66383,96.0,84.0,33.270067850748696,31.384986332484655,96.0,92.0,-0.8660254037844386,0.5000000000000001
2021-10-22,35.15515,66.914894,142.79575,66.7,84.7,8.1,232.4,1017.3,4.5,0.0,142.9,99.0,Moderate,2021,10,22,Friday,Autumn,0,34.21261,32.327526,28.557364,65.008514,53.570213,98.0,86.0,34.2126096089681,32.327527454921174,97.66666666666667,93.85714285714286,-0.8660254037844386,0.5000000000000001
2021-10-23,36.097694,68.82127,146.35106,67.8,84.2,13.9,206.3,1020.1,3.9,0.0,109.6,102.0,Unhealthy for Sensitive Groups,2021,10,23,Saturday,Autumn,1,35.15515,33.27007,29.499905,66.914894,55.476597,99.0,88.0,35.1551513671875,33.27006884983608,99.66666666666667,95.85714285714286,-0.8660254037844386,0.5000000000000001
2021-11-20,62.488846,122.2,245.9,57.7,78.4,12.8,242.5,1016.3,3.7,0.0,138.3,155.0,Unhealthy,2021,11,20,Saturday,Autumn,1,36.097694,34.21261,30.442446,68.82127,57.38298,102.0,90.0,44.58056386311849,37.84812600272043,118.66666666666667,105.14285714285714,-0.5000000000000004,0.8660254037844384
2021-11-21,54.20167,104.6,228.8,60.3,77.8,12.8,256.0,1016.4,4.3,0.0,170.5,147.0,Unhealthy for Sensitive Groups,2021,11,21,Sunday,Autumn,0,62.488846,35.15515,31.384987,122.2,59.28936,155.0,92.0,50.929403940836586,41.107652391706196,134.66666666666666,113.0,-0.5000000000000004,0.8660254037844384
2021-11-22,46.38065,84.0,179.9,60.3,74.3,8.1,218.5,1015.8,3.9,0.0,159.3,128.0,Unhealthy for Sensitive Groups,2021,11,22,Monday,Autumn,0,54.20167,36.097694,32.327526,104.6,61.195744,147.0,94.0,54.3570556640625,43.115241459437776,143.33333333333334,117.85714285714286,-0.5000000000000004,0.8660254037844384
2021-11-23,66.23191,101.2,175.9,57.5,79.7,6.9,198.3,1016.8,2.9,0.0,142.0,157.0,Unhealthy,2021,11,23,Tuesday,Autumn,0,46.38065,62.488846,33.27007,84.0,63.102127,128.0,96.0,55.60474395751953,47.82407597133091,144.0,126.57142857142857,-0.5000000000000004,0.8660254037844384
2021-11-24,77.34739,109.9,194.1,58.3,77.5,11.4,192.4,1018.8,2.7,0.0,86.3,162.0,Unhealthy,2021,11,24,Wednesday,Autumn,0,66.23191,54.20167,34.21261,101.2,65.008514,157.0,98.0,63.3199831644694,53.98618752615793,149.0,135.71428571428572,-0.5000000000000004,0.8660254037844384
2021-11-25,71.23446,97.1,172.4,57.1,82.4,8.1,261.6,1018.8,2.3,0.0,120.2,159.0,Unhealthy,2021,11,25,Thursday,Autumn,0,77.34739,46.38065,35.15515,109.9,66.914894,162.0,99.0,71.60458628336589,59.14037431989397,159.33333333333334,144.28571428571428,-0.5000000000000004,0.8660254037844384
2021-11-26,67.08462,91.5,152.3,55.8,83.0,5.8,217.1,1019.6,2.8,0.0,86.0,157.0,Unhealthy,2021,11,26,Friday,Autumn,0,71.23446,66.23191,36.097694,97.1,68.82127,159.0,102.0,71.88882191975911,63.56707763671875,159.33333333333334,152.14285714285714,-0.5000000000000004,0.8660254037844384
2021-11-27,69.32919,100.3,189.9,56.0,79.6,6.9,189.3,1021.0,2.6,0.0,123.6,158.0,Unhealthy,2021,11,27,Saturday,Autumn,1,67.08462,77.34739,62.488846,91.5,122.2,157.0,155.0,69.21608988444011,64.54427010672433,158.0,152.57142857142858,-0.5000000000000004,0.8660254037844384
2021-11-28,58.26644,87.1,175.2,55.8,79.5,9.2,310.9,1021.8,2.9,0.0,155.5,152.0,Unhealthy,2021,11,28,Sunday,Autumn,0,69.32919,71.23446,54.20167,100.3,104.6,158.0,147.0,64.89341735839844,65.12495149884906,155.66666666666666,153.28571428571428,-0.5000000000000004,0.8660254037844384
2021-11-29,56.944252,93.9,175.4,55.7,73.3,10.3,269.3,1020.5,3.4,0.0,179.4,152.0,Unhealthy,2021,11,29,Monday,Autumn,0,58.26644,67.08462,46.38065,87.1,84.0,152.0,128.0,61.51329549153646,66.63403756277901,154.0,156.71428571428572,-0.5000000000000004,0.8660254037844384
2021-11-30,50.070724,82.8,169.1,55.6,77.0,9.2,154.7,1021.8,3.8,0.0,158.8,137.0,Unhealthy for Sensitive Groups,2021,11,30,Tuesday,Autumn,0,56.944252,69.32919,66.23191,93.9,101.2,152.0,157.0,55.09380594889323,64.32529667445591,147.0,153.85714285714286,-0.5000000000000004,0.8660254037844384
2021-12-01,69.14312,118.3,222.7,56.7,70.1,10.3,161.8,1021.8,4.0,0.0,145.6,158.0,Unhealthy,2021,12,1,Wednesday,Winter,0,50.070724,58.26644,77.34739,82.8,109.9,137.0,162.0,58.71936543782552,63.15325818743025,149.0,153.28571428571428,-2.4492935982947064e-16,1.0
2021-12-02,71.89678,129.8,240.4,57.9,69.3,10.3,243.8,1021.0,4.0,0.0,145.3,159.0,Unhealthy,2021,12,2,Thursday,Winter,0,69.14312,56.944252,71.23446,118.3,97.1,158.0,159.0,63.70354207356771,63.2478757585798,151.33333333333334,153.28571428571428,-2.4492935982947064e-16,1.0
2021-12-03,57.06268,85.1,145.8,58.9,75.4,9.2,274.2,1022.0,3.9,0.0,93.4,152.0,Unhealthy,2021,12,3,Friday,Winter,0,71.89678,50.070724,67.08462,129.8,91.5,159.0,157.0,66.03419367472331,61.81617028372629,156.33333333333334,152.57142857142858,-2.4492935982947064e-16,1.0
2021-12-04,55.32609,77.8,144.5,57.8,85.3,10.3,202.3,1021.2,3.2,0.0,171.6,150.0,Unhealthy for Sensitive Groups,2021,12,4,Saturday,Winter,1,57.06268,69.14312,69.32919,85.1,100.3,152.0,158.0,61.42851765950521,59.81572723388672,153.66666666666666,151.42857142857142,-2.4492935982947064e-16,1.0
2021-12-05,39.3929,70.3,144.4,60.3,79.2,8.1,243.9,1021.8,4.3,0.0,156.8,111.0,Unhealthy for Sensitive Groups,2021,12,5,Sunday,Winter,0,55.32609,71.89678,58.26644,77.8,87.1,150.0,152.0,50.59388987223307,57.1195068359375,137.66666666666666,145.57142857142858,-2.4492935982947064e-16,1.0
2021-12-06,47.950348,74.7,136.3,60.0,79.8,4.5,230.2,1017.4,4.0,0.0,151.5,132.0,Unhealthy for Sensitive Groups,2021,12,6,Monday,Winter,0,39.3929,57.06268,56.944252,70.3,93.9,111.0,152.0,47.55644607543945,55.83466339111328,131.0,142.71428571428572,-2.4492935982947064e-16,1.0
2021-12-07,47.54206,79.1,169.6,57.6,72.9,11.4,292.2,1019.3,5.1,0.0,165.8,131.0,Unhealthy for Sensitive Groups,2021,12,7,Tuesday,Winter,0,47.950348,55.32609,50.070724,74.7,82.8,132.0,137.0,44.961769104003906,55.47342572893415,124.66666666666667,141.85714285714286,-2.4492935982947064e-16,1.0
2021-12-08,48.080875,81.4,169.8,55.2,71.8,9.2,260.1,1022.2,4.4,0.0,176.5,132.0,Unhealthy for Sensitive Groups,2021,12,8,Wednesday,Winter,0,47.54206,39.3929,69.14312,79.1,118.3,131.0,158.0,47.85776138305664,52.46453366960798,131.66666666666666,138.14285714285714,-2.4492935982947064e-16,1.0
2021-12-09,44.34578,78.8,173.9,55.2,73.3,9.2,180.5,1023.8,3.9,0.0,177.2,123.0,Unhealthy for Sensitive Groups,2021,12,9,Thursday,Winter,0,48.080875,47.950348,71.89678,81.4,129.8,132.0,159.0,46.6562385559082,48.52867616925921,128.66666666666666,133.0,-2.4492935982947064e-16,1.0
2021-12-10,52.961044,95.6,191.3,54.3,75.4,10.3,278.8,1022.4,4.2,0.0,173.7,144.0,Unhealthy for Sensitive Groups,2021,12,10,Friday,Winter,0,44.34578,47.54206,57.06268,78.8,85.1,123.0,152.0,48.46256637573242,47.94272831508091,133.0,131.85714285714286,-2.4492935982947064e-16,1.0
2021-12-11,60.29771,100.7,204.3,53.1,73.3,8.1,179.3,1021.5,3.7,0.0,176.7,153.0,Unhealthy,2021,12,11,Saturday,Winter,1,52.961044,48.080875,55.32609,95.6,77.8,144.0,150.0,52.534844716389976,48.652959551130024,140.0,132.28571428571428,-2.4492935982947064e-16,1.0
2021-12-12,66.78033,105.4,197.2,52.0,72.6,5.8,228.8,1023.1,3.8,0.0,146.6,157.0,Unhealthy,2021,12,12,Sunday,Winter,0,60.29771,44.34578,39.3929,100.7,70.3,153.0,111.0,60.01302719116211,52.56544930594308,151.33333333333334,138.85714285714286,-2.4492935982947064e-16,1.0
2021-12-13,83.65711,118.5,206.0,51.5,67.8,9.2,236.6,1022.0,4.0,0.0,155.6,166.0,Unhealthy,2021,12,13,Monday,Winter,0,66.78033,52.961044,47.950348,105.4,74.7,157.0,132.0,70.24504979451497,57.666415623256135,158.66666666666666,143.71428571428572,-2.4492935982947064e-16,1.0
2021-12-14,93.27438,119.2,192.0,51.9,70.2,9.2,213.7,1020.8,4.0,0.0,170.1,171.0,Unhealthy,2021,12,14,Tuesday,Winter,0,83.65711,60.29771,47.54206,118.5,79.1,166.0,131.0,81.23727416992188,64.19960457938058,164.66666666666666,149.42857142857142,-2.4492935982947064e-16,1.0
2021-12-15,116.93098,155.8,244.5,50.4,74.6,9.2,161.5,1020.0,3.8,0.0,170.9,183.0,Unhealthy,2021,12,15,Wednesday,Winter,0,93.27438,66.78033,48.080875,119.2,81.4,171.0,132.0,97.95415751139323,74.03533336094448,173.33333333333334,156.71428571428572,-2.4492935982947064e-16,1.0
2021-12-16,84.07158,115.1,202.1,50.0,68.5,8.1,234.5,1020.6,3.8,0.0,174.4,166.0,Unhealthy,2021,12,16,Thursday,Winter,0,116.93098,83.65711,44.34578,155.8,78.8,183.0,123.0,98.09231313069661,79.71044758387974,173.33333333333334,162.85714285714286,-2.4492935982947064e-16,1.0
2021-12-17,51.212177,74.4,159.7,49.9,64.5,12.8,281.9,1020.4,3.9,0.0,171.3,140.0,Unhealthy for Sensitive Groups,2021,12,17,Friday,Winter,0,84.07158,93.27438,52.961044,115.1,95.6,166.0,144.0,84.07157770792644,79.46060943603516,163.0,162.28571428571428,-2.4492935982947064e-16,1.0
2021-12-18,43.85106,60.1,113.4,49.4,67.8,5.8,120.6,1019.8,3.5,0.0,155.5,122.0,Unhealthy for Sensitive Groups,2021,12,18,Saturday,Winter,1,51.212177,116.93098,60.29771,74.4,100.7,140.0,153.0,59.711605072021484,77.11108779907227,142.66666666666666,157.85714285714286,-2.4492935982947064e-16,1.0
2021-12-19,29.741861,43.8,86.7,49.0,73.5,9.2,189.6,1019.9,3.7,0.0,159.7,88.0,Moderate,2021,12,19,Sunday,Winter,0,43.85106,84.07158,66.78033,60.1,105.4,122.0,157.0,41.60169919331869,71.81987844194684,116.66666666666667,148.0,-2.4492935982947064e-16,1.0
2021-12-20,35.33214,46.7,88.0,48.6,73.4,9.2,281.5,1020.6,3.4,0.0,164.8,100.0,Moderate,2021,12,20,Monday,Winter,0,29.741861,51.212177,83.65711,43.8,118.5,88.0,166.0,36.30835405985514,64.91631126403809,103.33333333333333,138.57142857142858,-2.4492935982947064e-16,1.0
2021-12-21,57.883434,88.1,172.0,49.4,70.3,10.3,177.6,1019.8,3.7,0.0,161.9,152.0,Unhealthy,2021,12,21,Tuesday,Winter,0,35.33214,43.85106,93.27438,46.7,119.2,100.0,171.0,40.985812505086265,59.860461371285574,113.33333333333333,135.85714285714286,-2.4492935982947064e-16,1.0
2021-12-22,54.782375,83.5,144.8,48.9,71.3,9.2,118.6,1017.9,3.9,0.0,173.3,148.0,Unhealthy for Sensitive Groups,2021,12,22,Wednesday,Winter,0,57.883434,29.741861,116.93098,88.1,155.8,152.0,183.0,49.33265050252279,50.98208972385952,133.33333333333334,130.85714285714286,-2.4492935982947064e-16,1.0
2021-12-23,56.883625,85.7,156.5,49.1,70.0,8.1,272.7,1017.7,3.9,0.0,177.5,152.0,Unhealthy,2021,12,23,Thursday,Winter,0,54.782375,35.33214,84.07158,83.5,115.1,148.0,166.0,56.51647822062174,47.098096302577424,150.66666666666666,128.85714285714286,-2.4492935982947064e-16,1.0
2021-12-24,56.447742,71.4,100.0,49.6,75.9,10.3,193.8,1018.0,3.7,0.0,158.2,151.0,Unhealthy,2021,12,24,Friday,Winter,0,56.883625,57.883434,51.212177,85.7,74.4,152.0,140.0,56.03791427612305,47.84603418622698,150.33333333333334,130.42857142857142,-2.4492935982947064e-16,1.0
2021-12-25,49.207623,60.4,89.0,49.4,79.6,8.1,283.8,1019.0,3.2,0.0,138.2,135.0,Unhealthy for Sensitive Groups,2021,12,25,Saturday,Winter,1,56.447742,54.782375,43.85106,71.4,60.1,151.0,122.0,54.17966334025065,48.611257553100586,146.0,132.28571428571428,-2.4492935982947064e-16,1.0
2021-12-26,46.553608,60.9,89.1,49.4,77.4,8.1,192.4,1021.5,3.1,0.0,116.1,128.0,Unhealthy for Sensitive Groups,2021,12,26,Sunday,Winter,0,49.207623,56.883625,29.741861,60.4,43.8,135.0,88.0,50.736324310302734,51.012935638427734,138.0,138.0,-2.4492935982947064e-16,1.0
2021-12-27,44.447624,69.1,132.7,49.9,77.7,8.1,263.1,1022.3,2.7,0.0,134.1,123.0,Unhealthy for Sensitive Groups,2021,12,27,Monday,Winter,0,46.553608,56.447742,35.33214,60.9,46.7,128.0,100.0,46.73628489176432,52.315147399902344,128.66666666666666,141.28571428571428,-2.4492935982947064e-16,1.0
2021-12-28,36.33097,48.9,80.9,48.9,78.8,5.8,88.5,1021.9,2.2,0.0,96.3,103.0,Unhealthy for Sensitive Groups,2021,12,28,Tuesday,Winter,0,44.447624,49.207623,57.883434,69.1,88.1,123.0,152.0,42.44406763712565,49.236224038260325,118.0,134.28571428571428,-2.4492935982947064e-16,1.0
2021-12-29,28.214323,28.7,29.1,46.0,98.6,8.1,136.1,1021.7,2.5,0.0,28.8,85.0,Moderate,2021,12,29,Wednesday,Winter,0,36.33097,46.553608,54.782375,48.9,83.5,103.0,148.0,36.33097267150879,45.440787996564595,103.66666666666667,125.28571428571429,-2.4492935982947064e-16,1.0
2021-12-30,53.040413,63.5,88.1,47.6,90.8,3.4,174.9,1024.7,3.0,8.4,140.3,144.0,Unhealthy for Sensitive Groups,2021,12,30,Thursday,Winter,0,28.214323,44.447624,56.883625,28.7,85.7,85.0,152.0,39.19523557027181,44.89175769260952,110.66666666666667,124.14285714285714,-2.4492935982947064e-16,1.0
2021-12-31,58.54371,71.3,111.0,47.1,84.9,8.1,264.4,1024.2,2.4,0.0,153.4,153.0,Unhealthy,2021,12,31,Friday,Winter,0,53.040413,36.33097,56.447742,63.5,71.4,144.0,151.0,46.5994815826416,45.1911814553397,127.33333333333333,124.42857142857143,-2.4492935982947064e-16,1.0
2022-01-01,52.147964,61.07166,81.9789,48.9,80.3,8.1,267.7,1023.8,3.2,0.0,163.7,142.0,Unhealthy for Sensitive Groups,2022,1,1,Saturday,Winter,1,58.54371,28.214323,49.207623,71.3,60.4,153.0,135.0,54.577362060546875,45.61123030526297,146.33333333333334,125.42857142857143,0.49999999999999994,0.8660254037844387
2022-01-02,42.36275,57.894936,89.78503,50.4,77.8,6.9,157.4,1022.3,3.4,0.0,159.9,118.0,Unhealthy for Sensitive Groups,2022,1,2,Sunday,Winter,0,52.147964,53.040413,46.553608,61.07166,60.9,142.0,128.0,51.018141428629555,45.01253645760672,137.66666666666666,124.0,0.49999999999999994,0.8660254037844387
2022-01-03,41.84331,60.25571,95.97588,50.7,76.1,8.1,230.9,1020.6,3.5,0.0,154.8,117.0,Unhealthy for Sensitive Groups,2022,1,3,Monday,Winter,0,42.36275,58.54371,44.447624,57.894936,69.1,118.0,123.0,45.451342264811196,44.64049175807408,125.66666666666667,123.14285714285714,0.49999999999999994,0.8660254037844387
2022-01-04,42.51924,59.687088,88.532364,50.6,76.0,9.2,211.4,1020.6,3.3,0.0,152.7,118.0,Unhealthy for Sensitive Groups,2022,1,4,Tuesday,Winter,0,41.84331,52.147964,36.33097,60.25571,48.9,117.0,103.0,42.24176788330078,45.5245304107666,117.66666666666667,125.28571428571429,0.49999999999999994,0.8660254037844387
2022-01-05,35.878674,50.2664,81.01714,51.6,82.0,9.2,219.0,1020.6,3.0,0.0,127.0,102.0,Unhealthy for Sensitive Groups,2022,1,5,Wednesday,Winter,0,42.51924,42.36275,28.214323,59.687088,28.7,118.0,85.0,40.08040873209635,46.61943762642996,112.33333333333333,127.71428571428571,0.49999999999999994,0.8660254037844387
2022-01-06,22.709566,36.197002,74.20725,54.4,78.2,11.4,291.0,1020.3,3.5,0.0,140.2,73.0,Moderate,2022,1,6,Thursday,Winter,0,35.878674,41.84331,53.040413,50.2664,63.5,102.0,144.0,33.70249366760254,42.286459514072966,97.66666666666667,117.57142857142857,0.49999999999999994,0.8660254037844387
2022-01-07,20.937338,35.605705,62.55806,55.2,79.4,10.3,164.1,1021.3,3.3,0.0,113.6,70.0,Moderate,2022,1,7,Friday,Winter,0,22.709566,42.51924,58.54371,36.197002,71.3,73.0,153.0,26.508525848388672,36.91412081037249,81.66666666666667,105.71428571428571,0.49999999999999994,0.8660254037844387
2022-01-08,12.93769,25.877941,54.173817,54.6,78.5,9.2,260.3,1021.4,3.3,0.0,101.1,53.0,Moderate,2022,1,8,Saturday,Winter,1,20.937338,35.878674,52.147964,35.605705,61.07166,70.0,142.0,18.861531257629395,31.31265299660819,65.33333333333333,93.0,0.49999999999999994,0.8660254037844387
2022-01-09,22.90468,39.22373,74.97647,54.6,76.9,9.2,269.0,1019.0,3.5,0.0,147.0,74.0,Moderate,2022,1,9,Sunday,Winter,0,12.93769,22.709566,42.36275,25.877941,57.894936,53.0,118.0,18.92656930287679,28.532928603036062,65.66666666666667,86.71428571428571,0.49999999999999994,0.8660254037844387
2022-01-10,15.459303,27.63178,62.72375,55.4,77.5,10.3,253.8,1019.5,3.7,0.0,138.1,58.0,Moderate,2022,1,10,Monday,Winter,0,22.90468,20.937338,41.84331,39.22373,60.25571,74.0,117.0,17.100557645161945,24.763784544808523,61.666666666666664,78.28571428571429,0.49999999999999994,0.8660254037844387
2022-01-11,12.47741,22.126915,46.712505,53.7,78.6,6.9,173.1,1019.8,3.5,0.0,158.2,52.0,Moderate,2022,1,11,Tuesday,Winter,0,15.459303,12.93769,42.51924,27.63178,59.687088,58.0,118.0,16.947131156921387,20.47209439958845,61.333333333333336,68.85714285714286,0.49999999999999994,0.8660254037844387
2022-01-12,10.619903,17.303745,37.888454,51.7,77.8,10.3,202.3,1018.7,3.4,0.0,132.4,44.0,Good,2022,1,12,Wednesday,Winter,0,12.47741,22.90468,35.878674,22.126915,50.2664,52.0,102.0,12.852205276489258,16.86369855063302,51.333333333333336,60.57142857142857,0.49999999999999994,0.8660254037844387
2022-01-13,7.1852345,11.202236,26.753786,50.4,80.1,8.1,264.5,1018.5,4.2,3.0,145.0,30.0,Good,2022,1,13,Thursday,Winter,0,10.619903,15.459303,22.709566,17.303745,36.197002,44.0,73.0,10.09418249130249,14.64593689782279,42.0,54.42857142857143,0.49999999999999994,0.8660254037844387
2022-01-14,9.005646,16.178978,28.75289,49.4,83.0,8.1,213.7,1019.4,3.2,0.0,153.1,38.0,Good,2022,1,14,Friday,Winter,0,7.1852345,12.47741,20.937338,11.202236,35.605705,30.0,70.0,8.936927636464437,12.941409451620919,37.333333333333336,49.857142857142854,0.49999999999999994,0.8660254037844387
2022-01-15,10.975028,17.598965,26.016848,50.0,82.8,10.3,213.7,1019.6,3.4,0.0,171.4,46.0,Good,2022,1,15,Saturday,Winter,1,9.005646,10.619903,12.93769,16.178978,25.877941,38.0,53.0,9.0553027788798,12.661029202597481,38.0,48.857142857142854,0.49999999999999994,0.8660254037844387
2022-01-16,11.721531,19.875357,37.918488,50.1,78.6,9.2,249.6,1021.1,3.2,0.0,173.8,49.0,Good,2022,1,16,Sunday,Winter,0,10.975028,7.1852345,22.90468,17.598965,39.22373,46.0,74.0,10.567401568094889,11.063436440059117,44.333333333333336,45.285714285714285,0.49999999999999994,0.8660254037844387
2022-01-17,11.731432,19.596893,37.064022,51.2,77.3,8.1,162.4,1022.4,3.2,0.0,176.6,49.0,Good,2022,1,17,Monday,Winter,0,11.721531,9.005646,15.459303,19.875357,27.63178,49.0,58.0,11.475996971130371,10.53088344846453,48.0,44.0,0.49999999999999994,0.8660254037844387
2022-01-18,11.741332,19.31843,36.20956,51.5,71.2,10.3,186.9,1019.8,3.7,0.0,149.3,49.0,Good,2022,1,18,Tuesday,Winter,0,11.731432,10.975028,12.47741,19.596893,22.126915,49.0,52.0,11.731431643168131,10.425729410988945,49.0,43.57142857142857,0.49999999999999994,0.8660254037844387
2022-01-19,11.751232,19.039965,35.3551,51.9,69.3,11.4,246.0,1017.1,3.9,0.0,191.2,49.0,Good,2022,1,19,Wednesday,Winter,0,11.741332,11.721531,10.619903,19.31843,17.303745,49.0,44.0,11.741332054138184,10.587347916194371,49.0,44.285714285714285,0.49999999999999994,0.8660254037844387
2022-01-20,11.761133,18.761501,34.500637,48.9,82.9,5.8,93.2,1014.6,3.1,0.3,137.4,49.0,Good,2022,1,20,Thursday,Winter,0,11.751232,11.731432,7.1852345,19.039965,11.202236,49.0,30.0,11.751232465108236,11.241047722952706,49.0,47.0,0.49999999999999994,0.8660254037844387
2022-01-21,11.771033,18.483038,33.64617,49.2,83.3,11.4,96.1,1014.5,3.7,1.8,147.9,49.0,Good,2022,1,21,Friday,Winter,0,11.761133,11.741332,9.005646,18.761501,16.178978,49.0,38.0,11.761132876078287,11.636103085109166,49.0,48.57142857142857,0.49999999999999994,0.8660254037844387
2022-01-22,11.780933,18.204575,32.79171,48.0,85.1,6.9,294.9,1013.8,3.1,0.0,143.7,49.0,Good,2022,1,22,Saturday,Winter,1,11.771033,11.751232,10.975028,18.483038,17.598965,49.0,46.0,11.77103328704834,11.751232419695173,49.0,49.0,0.49999999999999994,0.8660254037844387
2022-01-23,11.790834,17.926111,31.937246,48.9,83.3,9.2,110.2,1014.7,2.8,0.0,138.8,49.0,Good,2022,1,23,Sunday,Winter,0,11.780933,11.761133,11.721531,18.204575,19.875357,49.0,49.0,11.780933698018393,11.76113292149135,49.0,49.0,0.49999999999999994,0.8660254037844387
2022-01-24,11.8007345,17.647648,31.082785,50.0,80.8,8.1,292.9,1015.4,2.5,0.0,121.9,49.0,Good,2022,1,24,Monday,Winter,0,11.790834,11.771033,11.731432,17.926111,19.596893,49.0,49.0,11.790834108988443,11.77103328704834,49.0,49.0,0.49999999999999994,0.8660254037844387
2022-01-25,11.810635,17.369183,30.228321,49.5,77.8,10.3,213.9,1015.4,3.5,0.0,152.0,49.0,Good,2022,1,25,Tuesday,Winter,0,11.8007345,11.780933,11.741332,17.647648,19.31843,49.0,49.0,11.800734519958496,11.780933652605329,49.0,49.0,0.49999999999999994,0.8660254037844387
2022-01-26,11.820536,17.09072,29.37386,48.2,77.2,13.9,220.2,1015.6,3.2,0.0,75.4,49.0,Good,2022,1,26,Wednesday,Winter,0,11.810635,11.790834,11.751232,17.369183,19.039965,49.0,49.0,11.810634930928549,11.790834154401507,49.0,49.0,0.49999999999999994,0.8660254037844387
2022-01-27,11.830436,16.812256,28.519396,47.7,74.5,12.8,218.6,1014.9,3.2,0.0,169.6,49.0,Good,2022,1,27,Thursday,Winter,0,11.820536,11.8007345,11.761133,17.09072,18.761501,49.0,49.0,11.8205353418986,11.800734519958496,49.0,49.0,0.49999999999999994,0.8660254037844387
2022-01-28,11.840336,16.533792,27.664934,47.3,73.3,12.8,208.8,1016.0,3.3,0.0,159.8,49.0,Good,2022,1,28,Friday,Winter,0,11.830436,11.810635,11.771033,16.812256,18.483038,49.0,49.0,11.830435752868652,11.810634885515485,49.0,49.0,0.49999999999999994,0.8660254037844387
2022-01-29,11.850236,16.25533,26.81047,47.1,73.6,10.3,234.0,1016.7,3.2,0.0,171.0,49.0,Good,2022,1,29,Saturday,Winter,1,11.840336,11.820536,11.780933,16.533792,18.204575,49.0,49.0,11.840335845947266,11.820535251072474,49.0,49.0,0.49999999999999994,0.8660254037844387
2022-01-30,11.860137,15.976865,25.956009,47.5,79.2,15.0,183.4,1013.0,3.3,0.0,108.3,49.0,Good,2022,1,30,Sunday,Winter,0,11.850236,11.830436,11.790834,16.25533,17.926111,49.0,49.0,11.850236256917318,11.830435616629464,49.0,49.0,0.49999999999999994,0.8660254037844387
2022-01-31,11.870037,15.6984005,25.101545,49.5,71.2,12.8,196.9,1014.1,3.4,0.0,130.8,49.0,Good,2022,1,31,Monday,Winter,0,11.860137,11.840336,11.8007345,15.976865,17.647648,49.0,49.0,11.86013666788737,11.840335982186454,49.0,49.0,0.49999999999999994,0.8660254037844387
2022-02-01,11.879937,15.419937,24.247084,47.7,77.6,11.4,236.7,1011.4,3.0,0.0,127.2,49.0,Good,2022,2,1,Tuesday,Winter,0,11.870037,11.850236,11.810635,15.6984005,17.369183,49.0,49.0,11.870037078857422,11.850236347743444,49.0,49.0,0.8660254037844386,0.5000000000000001
2022-02-02,11.889838,15.141474,23.39262,46.9,82.3,10.3,186.8,1014.6,2.4,0.0,99.0,50.0,Good,2022,2,2,Wednesday,Winter,0,11.879937,11.860137,11.820536,15.419937,17.09072,49.0,49.0,11.879937489827475,11.860136713300433,49.333333333333336,49.142857142857146,0.8660254037844386,0.5000000000000001
2022-02-03,11.899738,14.863009,22.538158,49.6,78.9,5.8,157.3,1016.0,2.3,0.0,163.7,50.0,Good,2022,2,3,Thursday,Winter,0,11.889838,11.870037,11.830436,15.141474,16.812256,50.0,49.0,11.889837900797525,11.870037078857422,49.666666666666664,49.285714285714285,0.8660254037844386,0.5000000000000001
2022-02-04,11.909638,14.584546,21.683695,44.0,93.3,15.0,87.9,1013.3,3.6,41.9,57.5,50.0,Good,2022,2,4,Friday,Winter,0,11.899738,11.879937,11.840336,14.863009,16.533792,50.0,49.0,11.899738311767578,11.879937444414411,50.0,49.42857142857143,0.8660254037844386,0.5000000000000001
2022-02-05,11.919539,14.306083,20.829233,45.5,86.5,9.2,245.2,1012.8,4.0,8.4,146.7,50.0,Good,2022,2,5,Saturday,Winter,1,11.909638,11.889838,11.850236,14.584546,16.25533,50.0,49.0,11.90963872273763,11.889837946210589,50.0,49.57142857142857,0.8660254037844386,0.5000000000000001
2022-02-06,15.532877,22.278513,34.908627,47.8,80.7,6.9,232.1,1016.9,4.0,0.0,190.2,58.0,Moderate,2022,2,6,Sunday,Winter,0,11.919539,11.899738,11.860137,14.306083,15.976865,50.0,49.0,13.120684941609701,12.414515086582728,52.666666666666664,50.857142857142854,0.8660254037844386,0.5000000000000001
2022-02-07,15.547128,21.654602,34.120758,49.5,81.5,10.3,233.4,1016.8,4.0,1.0922,153.7,58.0,Moderate,2022,2,7,Monday,Winter,0,15.532877,11.909638,11.870037,22.278513,15.6984005,58.0,49.0,14.333181381225586,12.93981375013079,55.333333333333336,52.142857142857146,0.8660254037844386,0.5000000000000001
2022-02-08,12.526476,17.87124,37.379925,51.3,76.9,10.3,243.1,1016.0,3.9,0.0,107.6,52.0,Moderate,2022,2,8,Tuesday,Winter,0,15.547128,11.919539,11.879937,21.654602,15.419937,58.0,49.0,14.535493532816568,13.032176426478795,56.0,52.57142857142857,0.8660254037844386,0.5000000000000001
2022-02-09,12.356628,20.56636,40.8304,52.2,69.8,10.3,265.0,1018.2,3.8,0.0,191.2,52.0,Moderate,2022,2,9,Wednesday,Winter,0,12.526476,15.532877,11.889838,17.87124,15.141474,52.0,50.0,13.476744016011557,13.098860740661621,54.0,52.857142857142854,0.8660254037844386,0.5000000000000001
2022-02-10,9.732782,15.389138,36.834827,52.8,69.4,12.8,277.2,1017.2,4.4,0.0,203.4,41.0,Good,2022,2,10,Thursday,Winter,0,12.356628,15.547128,11.899738,20.56636,14.863009,52.0,50.0,11.538628896077475,12.789295605250768,48.333333333333336,51.57142857142857,0.8660254037844386,0.5000000000000001
2022-02-11,9.1933,14.990695,36.950775,50.4,72.9,15.0,216.9,1015.5,4.1,0.0,178.8,38.0,Good,2022,2,11,Friday,Winter,0,9.732782,12.526476,11.909638,15.389138,14.584546,41.0,50.0,10.427570343017578,12.401247297014509,43.666666666666664,49.857142857142854,0.8660254037844386,0.5000000000000001
2022-02-12,9.103892,16.8892,36.577656,51.4,73.7,4.7,212.4,1015.7,4.2,0.0,212.0,38.0,Good,2022,2,12,Saturday,Winter,1,9.1933,12.356628,11.919539,14.990695,14.306083,38.0,50.0,9.343324979146322,11.999011993408203,39.0,48.142857142857146,0.8660254037844386,0.5000000000000001
2022-02-13,9.578376,16.242094,38.54658,52.2,76.2,9.2,198.6,1016.2,3.8,0.0,123.8,40.0,Good,2022,2,13,Sunday,Winter,0,9.103892,9.732782,15.532877,16.8892,22.278513,38.0,58.0,9.291856129964193,11.148368971688408,38.666666666666664,45.57142857142857,0.8660254037844386,0.5000000000000001
2022-02-14,10.105987,17.279276,40.747726,52.9,77.4,12.8,202.3,1016.4,2.9,0.0,199.7,42.0,Good,2022,2,14,Monday,Winter,0,9.578376,9.1933,15.547128,16.242094,21.654602,40.0,58.0,9.596084912618002,10.371063096182686,40.0,43.285714285714285,0.8660254037844386,0.5000000000000001
2022-02-15,10.633596,18.316458,42.94887,54.6,73.4,9.2,205.2,1015.9,3.6,0.0,189.9,44.0,Good,2022,2,15,Tuesday,Winter,0,10.105987,9.103892,12.526476,17.279276,17.87124,42.0,52.0,10.10598627726237,10.100651741027832,42.0,42.142857142857146,0.8660254037844386,0.5000000000000001
2022-02-16,11.161207,19.35364,45.150013,53.4,72.7,11.4,257.7,1013.3,3.5,0.0,204.0,47.0,Good,2022,2,16,Wednesday,Winter,0,10.633596,9.578376,12.356628,18.316458,20.56636,44.0,52.0,10.633596738179525,9.929877281188965,44.333333333333336,41.42857142857143,0.8660254037844386,0.5000000000000001
2022-02-17,11.688818,20.390823,47.35116,53.3,68.3,9.2,254.2,1013.1,3.8,0.0,192.9,49.0,Good,2022,2,17,Thursday,Winter,0,11.161207,10.105987,9.732782,19.35364,15.389138,47.0,41.0,11.16120719909668,10.209310940333776,46.666666666666664,42.57142857142857,0.8660254037844386,0.5000000000000001
2022-02-18,12.216428,21.428005,49.552303,53.8,72.3,8.1,214.4,1014.9,3.5,0.0,195.7,51.0,Moderate,2022,2,18,Friday,Winter,0,11.688818,10.633596,9.1933,20.390823,14.990695,49.0,38.0,11.688817660013834,10.641186305454799,49.0,44.42857142857143,0.8660254037844386,0.5000000000000001
2022-02-19,12.744039,22.465187,51.75345,54.6,69.3,12.8,257.2,1014.4,3.5,0.0,202.1,52.0,Moderate,2022,2,19,Saturday,Winter,1,12.216428,11.161207,9.103892,21.428005,16.8892,51.0,38.0,12.21642812093099,11.16120719909668,50.666666666666664,46.42857142857143,0.8660254037844386,0.5000000000000001
2022-02-20,13.271648,23.502369,53.954594,51.0,69.7,19.7,194.4,1009.7,3.8,0.0,158.5,53.0,Moderate,2022,2,20,Sunday,Winter,0,12.744039,11.688818,9.578376,22.465187,16.242094,52.0,40.0,12.744038263956705,11.688817569187709,52.0,48.285714285714285,0.8660254037844386,0.5000000000000001
2022-02-21,13.799259,24.539553,56.15574,49.9,72.0,15.0,208.9,1011.4,4.0,1.8,200.5,55.0,Moderate,2022,2,21,Monday,Winter,0,13.271648,12.216428,10.105987,23.502369,17.279276,53.0,42.0,13.271648724873861,12.21642793927874,53.333333333333336,50.142857142857146,0.8660254037844386,0.5000000000000001
2022-02-22,14.32687,25.576735,58.356884,51.8,73.3,12.8,205.3,1017.9,3.6,0.0,186.7,56.0,Moderate,2022,2,22,Tuesday,Winter,0,13.799259,12.744039,10.633596,24.539553,18.316458,55.0,44.0,13.799259185791016,12.744038445608956,54.666666666666664,51.857142857142854,0.8660254037844386,0.5000000000000001
2022-02-23,14.85448,26.613916,60.558025,55.2,71.3,11.4,274.7,1021.1,3.2,0.0,222.0,57.0,Moderate,2022,2,23,Wednesday,Winter,0,14.32687,13.271648,11.161207,25.576735,19.35364,56.0,47.0,14.32686964670817,13.271648815699987,56.0,53.285714285714285,0.8660254037844386,0.5000000000000001
2022-02-24,15.382091,27.651098,62.75917,57.0,68.2,9.2,220.5,1020.2,3.7,0.0,222.3,58.0,Moderate,2022,2,24,Thursday,Winter,0,14.85448,13.799259,11.688818,26.613916,20.390823,57.0,49.0,14.854480107625326,13.799259185791016,57.0,54.57142857142857,0.8660254037844386,0.5000000000000001
2022-02-25,15.909701,28.68828,64.96032,55.4,68.9,13.9,259.8,1021.0,3.5,0.0,181.4,59.0,Moderate,2022,2,25,Friday,Winter,0,15.382091,14.32687,12.216428,27.651098,21.428005,58.0,51.0,15.38209056854248,14.326869692121234,58.0,55.714285714285715,0.8660254037844386,0.5000000000000001
2022-02-26,16.437311,29.725464,67.16146,56.5,61.1,11.4,297.7,1022.0,4.4,0.0,227.4,60.0,Moderate,2022,2,26,Saturday,Winter,1,15.909701,14.85448,12.744039,28.68828,22.465187,59.0,52.0,15.909701029459635,14.854480062212263,59.0,56.857142857142854,0.8660254037844386,0.5000000000000001
2022-02-27,16.964922,30.762646,69.3626,57.0,61.7,15.0,301.5,1020.5,4.4,0.0,226.5,61.0,Moderate,2022,2,27,Sunday,Winter,0,16.437311,15.382091,13.271648,29.725464,23.502369,60.0,53.0,16.43731149037679,15.38209056854248,60.0,58.0,0.8660254037844386,0.5000000000000001
2022-02-28,17.492533,31.799828,71.56375,57.0,64.3,36.9,15.9,1018.7,4.2,0.0,247.4,62.0,Moderate,2022,2,28,Monday,Winter,0,16.964922,15.909701,13.799259,30.762646,24.539553,61.0,55.0,16.964921951293945,15.909701074872698,61.0,59.0,0.8660254037844386,0.5000000000000001
2022-03-01,18.020144,32.83701,73.76489,58.2,69.7,10.3,219.3,1020.4,3.9,0.0,233.6,63.0,Moderate,2022,3,1,Tuesday,Spring,0,17.492533,16.437311,14.32687,31.799828,25.576735,62.0,56.0,17.49253273010254,16.437311581202916,62.0,60.0,1.0,6.123233995736766e-17
2022-03-02,18.547752,33.87419,75.96604,58.5,68.5,15.0,287.2,1020.3,3.9,0.0,233.6,65.0,Moderate,2022,3,2,Wednesday,Spring,0,18.020144,16.964922,14.85448,32.83701,26.613916,63.0,57.0,18.020142873128254,16.964921951293945,63.333333333333336,61.142857142857146,1.0,6.123233995736766e-17
2022-03-03,19.075363,34.911373,78.16718,59.0,68.2,17.2,217.7,1019.5,4.2,0.0,246.8,66.0,Moderate,2022,3,3,Thursday,Spring,0,18.547752,17.492533,15.382091,33.87419,27.651098,65.0,58.0,18.547753016153973,17.492532321384974,64.66666666666667,62.285714285714285,1.0,6.123233995736766e-17
2022-03-04,19.602974,35.948555,80.36833,60.3,60.2,11.4,271.7,1018.1,4.4,0.0,253.8,67.0,Moderate,2022,3,4,Friday,Spring,0,19.075363,18.020144,15.909701,34.911373,28.68828,66.0,59.0,19.075363159179688,18.020142691476003,66.0,63.42857142857143,1.0,6.123233995736766e-17
2022-04-22,45.455887,86.770485,188.22441,70.9,68.4,16.1,283.4,1015.2,4.0,0.0,227.7,126.0,Unhealthy for Sensitive Groups,2022,4,22,Friday,Spring,0,19.602974,18.547752,16.437311,35.948555,29.725464,67.0,60.0,28.04474131266276,22.165653501238143,86.33333333333333,72.85714285714286,0.8660254037844387,-0.4999999999999998
2022-04-23,50.591473,111.27338,217.42064,71.6,54.3,13.9,297.2,1014.5,4.6,1.0,304.1,138.0,Unhealthy for Sensitive Groups,2022,4,23,Saturday,Spring,1,45.455887,19.075363,16.964922,86.770485,30.762646,126.0,61.0,38.55011113484701,26.969446454729354,110.33333333333333,83.85714285714286,0.8660254037844387,-0.4999999999999998
2022-04-24,84.48024,184.28894,337.06406,73.5,45.5,15.0,291.2,1012.2,3.8,0.0,307.0,166.0,Unhealthy,2022,4,24,Sunday,Spring,0,50.591473,19.602974,17.492533,111.27338,31.799828,138.0,62.0,60.1758664449056,36.539118903023855,143.33333333333334,98.71428571428571,0.8660254037844387,-0.4999999999999998
2022-04-25,95.76049,208.23676,384.03152,73.7,44.5,10.3,259.8,1012.3,3.3,0.0,318.7,172.0,Unhealthy,2022,4,25,Monday,Spring,0,84.48024,45.455887,18.020144,184.28894,32.83701,166.0,63.0,76.94406763712566,47.64488274710519,158.66666666666666,114.28571428571429,0.8660254037844387,-0.4999999999999998
2022-04-26,98.20896,211.30492,378.78186,74.3,48.8,15.0,273.5,1012.7,3.4,0.0,289.5,173.0,Unhealthy,2022,4,26,Tuesday,Spring,0,95.76049,50.591473,18.547752,208.23676,33.87419,172.0,65.0,92.81656392415364,59.02505547659738,170.33333333333334,129.71428571428572,0.8660254037844387,-0.4999999999999998
2022-04-27,71.52142,152.10378,314.86597,74.0,50.2,13.9,274.1,1013.3,3.7,0.0,320.7,159.0,Unhealthy,2022,4,27,Wednesday,Spring,0,98.20896,84.48024,19.075363,211.30492,34.911373,173.0,66.0,88.49695841471355,66.51734978812081,168.0,143.0,0.8660254037844387,-0.4999999999999998
2022-04-28,81.01774,147.8546,260.64725,74.5,62.1,11.4,265.7,1015.1,3.4,0.0,302.6,164.0,Unhealthy,2022,4,28,Thursday,Spring,0,71.52142,95.76049,19.602974,152.10378,35.948555,159.0,67.0,83.58270772298177,75.29088756016323,165.33333333333334,156.85714285714286,0.8660254037844387,-0.4999999999999998
2022-04-29,70.48303,114.6155,196.2367,69.9,70.6,12.8,164.9,1014.2,3.6,1.5,248.7,159.0,Unhealthy,2022,4,29,Friday,Spring,0,81.01774,98.20896,45.455887,147.8546,86.770485,164.0,126.0,74.34073130289714,78.86619404384068,160.66666666666666,161.57142857142858,0.8660254037844387,-0.4999999999999998
2022-04-30,51.404938,70.296585,101.373726,65.3,83.3,16.1,57.9,1013.1,3.8,3.0,228.2,140.0,Unhealthy for Sensitive Groups,2022,4,30,Saturday,Spring,1,70.48303,71.52142,50.591473,114.6155,111.27338,159.0,138.0,67.63523610432942,78.98240334647042,154.33333333333334,161.85714285714286,0.8660254037844387,-0.4999999999999998
2022-05-01,44.563805,76.18427,148.3739,70.1,72.0,9.2,243.5,1012.5,4.1,0.5,230.1,123.0,Unhealthy for Sensitive Groups,2022,5,1,Sunday,Spring,0,51.404938,81.01774,84.48024,70.296585,184.28894,140.0,166.0,55.483924865722656,73.28005545479911,140.66666666666666,155.71428571428572,0.49999999999999994,-0.8660254037844387
2022-05-02,50.06974,65.18383,97.32806,66.3,85.8,13.9,100.4,1013.2,3.2,0.2032,174.3,137.0,Unhealthy for Sensitive Groups,2022,5,2,Monday,Spring,0,44.563805,70.48303,95.76049,76.18427,208.23676,123.0,172.0,48.67949422200521,66.7528054373605,133.33333333333334,150.71428571428572,0.49999999999999994,-0.8660254037844387
2022-05-03,39.240974,63.45863,117.35994,68.4,77.4,12.8,208.7,1013.5,4.7,5.1,251.2,110.0,Unhealthy for Sensitive Groups,2022,5,3,Tuesday,Spring,0,50.06974,51.404938,98.20896,65.18383,211.30492,137.0,173.0,44.624839782714844,58.32880728585379,123.33333333333333,141.71428571428572,0.49999999999999994,-0.8660254037844387
2022-05-04,36.268936,57.50617,99.79489,69.9,77.9,10.3,252.0,1015.3,4.3,0.0,202.4,103.0,Unhealthy for Sensitive Groups,2022,5,4,Wednesday,Spring,0,39.240974,44.563805,71.52142,63.45863,152.10378,110.0,159.0,41.859883626302086,53.292737688337056,116.66666666666667,133.71428571428572,0.49999999999999994,-0.8660254037844387
2022-05-05,21.259937,41.265583,90.22688,69.5,75.7,10.3,247.0,1014.3,5.2,25.9,165.8,70.0,Moderate,2022,5,5,Thursday,Spring,0,36.268936,50.06974,81.01774,57.50617,147.8546,103.0,164.0,32.25661595662435,44.75590896606445,94.33333333333333,120.28571428571429,0.49999999999999994,-0.8660254037844387
2022-05-06,30.537596,55.81856,111.01774,68.8,79.5,11.4,115.8,1014.9,4.7,0.8,126.3,90.0,Moderate,2022,5,6,Friday,Spring,0,21.259937,39.240974,70.48303,41.265583,114.6155,70.0,159.0,29.35548973083496,39.049418040684294,87.66666666666667,110.42857142857143,0.49999999999999994,-0.8660254037844387
2022-05-07,32.332134,58.41897,125.55902,69.0,79.5,15.0,196.1,1015.3,4.4,0.7112,265.2,94.0,Moderate,2022,5,7,Saturday,Spring,1,30.537596,36.268936,51.404938,55.81856,70.296585,90.0,140.0,28.043222427368164,36.32473182678223,84.66666666666667,103.85714285714286,0.49999999999999994,-0.8660254037844387
2022-05-08,27.07924,47.5002,97.989296,69.3,81.5,16.1,168.7,1014.8,4.4,1.3,236.0,83.0,Moderate,2022,5,8,Sunday,Spring,0,32.332134,21.259937,44.563805,58.41897,76.18427,94.0,123.0,29.982990264892578,33.82693699428013,89.0,98.14285714285714,0.49999999999999994,-0.8660254037844387
2022-05-09,36.794315,65.84037,114.63161,70.9,73.5,9.2,169.7,1014.5,4.2,0.0,280.7,104.0,Unhealthy for Sensitive Groups,2022,5,9,Monday,Spring,0,27.07924,30.537596,50.06974,47.5002,65.18383,83.0,137.0,32.06856346130371,31.930447714669363,93.66666666666667,93.42857142857143,0.49999999999999994,-0.8660254037844387
2022-05-10,40.89049,70.37668,127.31963,72.9,72.7,9.2,260.1,1013.9,4.0,23.4,253.5,114.0,Unhealthy for Sensitive Groups,2022,5,10,Tuesday,Spring,0,36.794315,32.332134,39.240974,65.84037,63.45863,104.0,110.0,34.92134920756022,32.166093008858816,100.33333333333333,94.0,0.49999999999999994,-0.8660254037844387
2022-05-11,27.410082,45.8453,88.797386,70.5,83.2,12.8,84.0,1012.5,4.5,8.9,252.4,83.0,Moderate,2022,5,11,Wednesday,Spring,0,40.89049,27.07924,36.268936,70.37668,57.50617,114.0,103.0,35.03162956237793,30.900542395455496,100.33333333333333,91.14285714285714,0.49999999999999994,-0.8660254037844387
2022-05-12,37.384995,57.32351,97.39782,72.6,77.6,10.3,146.0,1011.4,4.6,0.3,209.5,106.0,Unhealthy for Sensitive Groups,2022,5,12,Thursday,Spring,0,27.410082,36.794315,21.259937,45.8453,41.265583,83.0,70.0,35.228522618611656,33.204121998378206,101.0,96.28571428571429,0.49999999999999994,-0.8660254037844387
2022-05-13,32.53125,47.31407,75.798874,74.4,75.4,9.2,263.6,1007.5,4.5,1.5,252.0,94.0,Moderate,2022,5,13,Friday,Spring,0,37.384995,40.89049,30.537596,57.32351,55.81856,106.0,90.0,32.44210879007975,33.488929748535156,94.33333333333333,96.85714285714286,0.49999999999999994,-0.8660254037844387
2022-05-14,43.469177,62.09548,93.10157,73.6,79.0,15.0,166.6,1008.4,3.9,5.207,248.7,121.0,Unhealthy for Sensitive Groups,2022,5,14,Saturday,Spring,1,32.53125,27.410082,32.332134,47.31407,58.41897,94.0,94.0,37.7951405843099,35.07993589128767,107.0,100.71428571428571,0.49999999999999994,-0.8660254037844387
2022-05-15,63.176537,86.25416,106.00617,72.6,88.4,8.1,176.3,1010.9,3.0,0.0,206.7,155.0,Unhealthy,2022,5,15,Sunday,Spring,0,43.469177,37.384995,27.07924,62.09548,47.5002,121.0,83.0,46.392321268717446,40.23669242858887,123.33333333333333,111.0,0.49999999999999994,-0.8660254037844387
2022-05-16,44.820152,63.67573,88.17882,72.6,84.1,10.3,280.1,1010.8,3.7,0.0,253.2,124.0,Unhealthy for Sensitive Groups,2022,5,16,Monday,Spring,0,63.176537,32.53125,36.794315,86.25416,65.84037,155.0,104.0,50.4886220296224,41.38324056352888,133.33333333333334,113.85714285714286,0.49999999999999994,-0.8660254037844387
2022-05-17,45.80231,96.61965,178.931,74.7,66.1,12.8,308.2,1010.3,4.6,4.3,302.2,126.0,Unhealthy for Sensitive Groups,2022,5,17,Tuesday,Spring,0,44.820152,43.469177,40.89049,63.67573,70.37668,124.0,114.0,51.26633326212565,42.08492905753,135.0,115.57142857142857,0.49999999999999994,-0.8660254037844387
2022-05-18,41.0052,88.78098,182.06644,75.3,55.9,15.0,327.5,1011.8,4.7,0.0,288.5,115.0,Unhealthy for Sensitive Groups,2022,5,18,Wednesday,Spring,0,45.80231,63.176537,27.410082,96.61965,45.8453,126.0,83.0,43.87588755289713,44.02708871023996,121.66666666666667,120.14285714285714,0.49999999999999994,-0.8660254037844387
2022-05-19,47.692913,86.66774,156.97157,74.1,64.5,15.0,284.9,1011.5,4.2,0.0,272.0,131.0,Unhealthy for Sensitive Groups,2022,5,19,Thursday,Spring,0,41.0052,44.820152,37.384995,88.78098,57.32351,115.0,106.0,44.833474477132164,45.49964850289481,124.0,123.71428571428571,0.49999999999999994,-0.8660254037844387
2022-05-20,32.870113,56.79998,107.62847,71.2,75.6,21.9,117.0,1010.7,4.4,6.6,250.6,95.0,Moderate,2022,5,20,Friday,Spring,0,47.692913,45.80231,32.53125,86.66774,47.31407,131.0,94.0,40.5227419535319,45.548057556152344,113.66666666666667,123.85714285714286,0.49999999999999994,-0.8660254037844387
2022-05-21,39.206116,72.848335,150.70317,71.3,73.4,11.4,261.2,1006.5,4.9,8.4,222.8,110.0,Unhealthy for Sensitive Groups,2022,5,21,Saturday,Spring,1,32.870113,41.0052,43.469177,56.79998,62.09548,95.0,121.0,39.923047383626304,44.939048767089844,112.0,122.28571428571429,0.49999999999999994,-0.8660254037844387
2022-05-22,29.693779,55.666122,106.88984,68.3,78.2,10.3,85.7,1006.7,4.8,7.6,243.4,88.0,Moderate,2022,5,22,Sunday,Spring,0,39.206116,47.692913,63.176537,72.848335,86.25416,110.0,155.0,33.923336029052734,40.15579768589565,97.66666666666667,112.71428571428571,0.49999999999999994,-0.8660254037844387
2022-05-23,32.6862,56.732178,112.5214,68.4,77.8,11.4,81.0,1009.1,4.9,16.5,248.7,94.0,Moderate,2022,5,23,Monday,Spring,0,29.693779,32.870113,44.820152,55.666122,63.67573,88.0,124.0,33.86203130086263,38.4223758152553,97.33333333333333,108.42857142857143,0.49999999999999994,-0.8660254037844387
2022-05-24,42.218655,77.390076,145.6513,70.5,73.7,8.1,140.7,1012.3,4.6,0.0,278.8,118.0,Unhealthy for Sensitive Groups,2022,5,24,Tuesday,Spring,0,32.6862,39.206116,45.80231,56.732178,96.61965,94.0,126.0,34.8662109375,37.91042491367885,100.0,107.28571428571429,0.49999999999999994,-0.8660254037844387
2022-05-25,42.60925,69.766045,119.55118,67.3,85.2,13.9,297.1,1013.5,3.9,49.8,196.2,119.0,Unhealthy for Sensitive Groups,2022,5,25,Wednesday,Spring,0,42.218655,29.693779,41.0052,77.390076,88.78098,118.0,115.0,39.17136764526367,38.13957486833845,110.33333333333333,107.85714285714286,0.49999999999999994,-0.8660254037844387
2022-05-26,32.22345,55.36413,105.00207,67.6,80.8,10.3,209.9,1011.2,4.3,41.9,274.1,93.0,Moderate,2022,5,26,Thursday,Spring,0,42.60925,32.6862,47.692913,69.766045,86.66774,119.0,131.0,39.01711781819662,35.92965153285435,110.0,102.42857142857143,0.49999999999999994,-0.8660254037844387
2022-05-27,38.314415,66.90063,121.31552,68.6,80.7,12.8,186.6,1009.5,4.5,1.5,263.1,108.0,Unhealthy for Sensitive Groups,2022,5,27,Friday,Spring,0,32.22345,42.218655,32.870113,55.36413,56.79998,93.0,95.0,37.715704600016274,36.7074089050293,106.66666666666667,104.28571428571429,0.49999999999999994,-0.8660254037844387
2022-05-28,45.605343,66.28852,97.95245,69.0,87.8,5.8,346.0,1009.2,3.7,3.6,211.2,126.0,Unhealthy for Sensitive Groups,2022,5,28,Saturday,Spring,1,38.314415,42.60925,39.206116,66.90063,72.848335,108.0,110.0,38.714402516682945,37.62158421107701,109.0,106.57142857142857,0.49999999999999994,-0.8660254037844387
2022-05-29,50.472057,83.69775,146.91628,71.0,85.2,12.8,181.6,1008.8,3.6,13.6,191.9,138.0,Unhealthy for Sensitive Groups,2022,5,29,Sunday,Spring,0,45.605343,32.22345,29.693779,66.28852,55.666122,126.0,88.0,44.797271728515625,40.58990968976702,124.0,113.71428571428571,0.49999999999999994,-0.8660254037844387
2022-05-30,48.394634,76.45782,127.06069,73.2,83.6,36.9,136.4,1009.9,3.7,1.5,192.9,133.0,Unhealthy for Sensitive Groups,2022,5,30,Monday,Spring,0,50.472057,38.314415,32.6862,83.69775,56.732178,138.0,94.0,48.157344818115234,42.8339718409947,132.33333333333334,119.28571428571429,0.49999999999999994,-0.8660254037844387
2022-05-31,47.164356,73.94752,120.545555,72.1,86.8,10.3,112.8,1010.0,3.8,6.9,226.5,130.0,Unhealthy for Sensitive Groups,2022,5,31,Tuesday,Spring,0,48.394634,45.605343,42.218655,76.45782,77.390076,133.0,118.0,48.677015940348305,43.54050064086914,133.66666666666666,121.0,0.49999999999999994,-0.8660254037844387
2022-06-01,51.70944,88.36855,154.87917,73.2,82.3,8.1,256.6,1010.0,3.9,0.0,204.2,141.0,Unhealthy for Sensitive Groups,2022,6,1,Wednesday,Monsoon,0,47.164356,50.472057,42.60925,73.94752,69.766045,130.0,119.0,49.08947626749674,44.84052767072405,134.66666666666666,124.14285714285714,1.2246467991473532e-16,-1.0
2022-06-02,45.013966,78.03777,133.15233,74.6,79.6,12.8,192.1,1009.8,3.5,0.0,187.1,124.0,Unhealthy for Sensitive Groups,2022,6,2,Thursday,Monsoon,0,51.70944,48.394634,32.22345,88.36855,55.36413,141.0,93.0,47.96258672078451,46.66774422781808,131.66666666666666,128.57142857142858,1.2246467991473532e-16,-1.0
2022-06-03,41.647453,71.88464,131.62814,74.6,80.2,12.8,283.2,1009.1,4.1,8.9,220.6,116.0,Unhealthy for Sensitive Groups,2022,6,3,Friday,Monsoon,0,45.013966,47.164356,38.314415,78.03777,66.90063,124.0,108.0,46.123619079589844,47.14389256068638,127.0,129.71428571428572,1.2246467991473532e-16,-1.0
2022-06-04,51.50251,78.79619,119.21351,73.5,83.4,9.2,81.0,1009.8,3.6,1.0,266.1,140.0,Unhealthy for Sensitive Groups,2022,6,4,Saturday,Monsoon,1,41.647453,51.70944,45.605343,71.88464,66.28852,116.0,126.0,46.05464299519857,47.98634501865932,126.66666666666667,131.71428571428572,1.2246467991473532e-16,-1.0
2022-06-05,56.420494,78.176865,105.76727,71.8,94.1,13.9,67.3,1010.4,3.1,17.0,225.4,151.0,Unhealthy,2022,6,5,Sunday,Monsoon,0,51.50251,45.013966,50.472057,78.79619,83.69775,140.0,138.0,49.85681915283203,48.83612169538225,135.66666666666666,133.57142857142858,1.2246467991473532e-16,-1.0
2022-06-06,62.67045,95.44741,148.88454,74.3,88.2,8.1,237.1,1009.7,3.0,0.0,200.8,155.0,Unhealthy,2022,6,6,Monday,Monsoon,0,56.420494,41.647453,48.394634,78.176865,76.45782,151.0,133.0,56.86448415120443,50.875523703438894,148.66666666666666,136.71428571428572,1.2246467991473532e-16,-1.0
2022-06-07,53.387516,81.6623,123.67653,74.6,85.3,8.1,351.5,1009.3,3.5,0.5,190.1,145.0,Unhealthy for Sensitive Groups,2022,6,7,Tuesday,Monsoon,0,62.67045,51.50251,47.164356,95.44741,73.94752,155.0,130.0,57.492819468180336,51.76454653058733,150.33333333333334,138.85714285714286,1.2246467991473532e-16,-1.0
2022-06-08,46.34532,68.59133,105.97961,73.0,90.4,10.3,234.5,1008.8,3.3,32.5,181.4,128.0,Unhealthy for Sensitive Groups,2022,6,8,Wednesday,Monsoon,0,53.387516,56.420494,51.70944,81.6623,88.36855,145.0,141.0,54.13442866007487,50.99824414934431,142.66666666666666,137.0,1.2246467991473532e-16,-1.0
2022-06-09,43.343857,61.58733,82.3935,72.3,92.7,6.9,160.3,1008.1,3.2,8.4,152.5,120.0,Unhealthy for Sensitive Groups,2022,6,9,Thursday,Monsoon,0,46.34532,62.67045,45.013966,68.59133,78.03777,128.0,124.0,47.69223149617513,50.759657178606304,131.0,136.42857142857142,1.2246467991473532e-16,-1.0
2022-06-10,50.99085,87.12814,135.78468,75.7,79.9,10.3,272.8,1008.2,3.5,1.0,216.4,139.0,Unhealthy for Sensitive Groups,2022,6,10,Friday,Monsoon,0,43.343857,53.387516,41.647453,61.58733,71.88464,120.0,116.0,46.89334233601888,52.09442792619978,129.0,139.71428571428572,1.2246467991473532e-16,-1.0
2022-06-11,46.32372,77.60807,123.69748,76.4,78.6,8.1,258.9,1008.7,3.7,0.0,217.5,128.0,Unhealthy for Sensitive Groups,2022,6,11,Saturday,Monsoon,1,50.99085,46.34532,51.50251,87.12814,78.79619,139.0,140.0,46.88614145914713,51.354600633893696,129.0,138.0,1.2246467991473532e-16,-1.0
2022-06-12,41.825756,78.39601,137.0461,75.3,79.3,9.2,98.8,1009.8,4.1,0.0,197.9,117.0,Unhealthy for Sensitive Groups,2022,6,12,Sunday,Monsoon,0,46.32372,43.343857,56.420494,77.60807,78.176865,128.0,151.0,46.38010787963867,49.26963806152344,128.0,133.14285714285714,1.2246467991473532e-16,-1.0
2022-06-13,46.067913,75.60474,123.64347,74.0,85.2,9.2,88.3,1011.2,4.1,5.1,217.3,127.0,Unhealthy for Sensitive Groups,2022,6,13,Monday,Monsoon,0,41.825756,50.99085,62.67045,78.39601,95.44741,117.0,155.0,44.739129384358726,46.89784731183733,124.0,129.14285714285714,1.2246467991473532e-16,-1.0
2022-06-14,43.29292,70.537766,111.42416,74.5,89.3,9.2,182.0,1009.6,3.2,51.6,215.5,120.0,Unhealthy for Sensitive Groups,2022,6,14,Tuesday,Monsoon,0,46.067913,46.32372,53.387516,75.60474,81.6623,127.0,145.0,43.72886276245117,45.45576204572405,121.33333333333333,125.57142857142857,1.2246467991473532e-16,-1.0
2022-06-15,47.999718,74.419044,110.189445,73.2,90.7,5.8,242.1,1009.0,3.4,54.9,126.0,132.0,Unhealthy for Sensitive Groups,2022,6,15,Wednesday,Monsoon,0,43.29292,41.825756,46.34532,70.537766,68.59133,120.0,128.0,45.78684997558594,45.69210433959961,126.33333333333333,126.14285714285714,1.2246467991473532e-16,-1.0
2022-06-16,44.23248,74.87053,135.9789,75.6,83.4,13.9,232.1,1009.6,3.9,12.7,100.5,123.0,Unhealthy for Sensitive Groups,2022,6,16,Thursday,Monsoon,0,47.999718,46.067913,43.343857,74.419044,61.58733,132.0,120.0,45.17503865559896,45.81905038016183,125.0,126.57142857142857,1.2246467991473532e-16,-1.0
2022-06-17,25.636364,46.288017,90.06002,74.9,76.4,11.4,268.1,1009.3,5.1,6.4,159.2,79.0,Moderate,2022,6,17,Friday,Monsoon,0,44.23248,43.29292,50.99085,74.87053,87.12814,123.0,139.0,39.289520263671875,42.19698115757534,111.33333333333333,118.0,1.2246467991473532e-16,-1.0
2022-06-18,26.385714,42.682934,78.21948,74.1,78.9,11.4,245.3,1009.6,4.3,14.5,122.3,81.0,Moderate,2022,6,18,Saturday,Monsoon,1,25.636364,47.999718,46.32372,46.288017,77.60807,79.0,128.0,32.08485221862793,39.34869466509138,94.33333333333333,111.28571428571429,1.2246467991473532e-16,-1.0
2022-06-19,22.360382,40.819923,85.9384,74.6,76.5,9.2,261.1,1009.2,4.8,26.2,220.0,73.0,Moderate,2022,6,19,Sunday,Monsoon,0,26.385714,44.23248,41.825756,42.682934,78.39601,81.0,117.0,24.794153213500977,36.56792695181711,77.66666666666667,105.0,1.2246467991473532e-16,-1.0
2022-06-20,28.829369,51.646667,100.19562,73.5,74.9,9.2,239.9,1007.8,4.3,0.0,202.7,86.0,Moderate,2022,6,20,Monday,Monsoon,0,22.360382,25.636364,46.067913,40.819923,75.60474,73.0,127.0,25.858488082885742,34.105277742658345,80.0,99.14285714285714,1.2246467991473532e-16,-1.0
2022-06-21,28.287205,50.90177,99.47895,72.3,82.7,12.8,157.1,1011.9,4.1,25.4,221.1,85.0,Moderate,2022,6,21,Tuesday,Monsoon,0,28.829369,26.385714,43.29292,51.646667,70.537766,86.0,120.0,26.492318471272785,31.961604254586355,81.33333333333333,94.14285714285714,1.2246467991473532e-16,-1.0
2022-06-22,27.745039,50.156876,98.76228,74.6,82.5,10.3,179.6,1011.9,4.5,7.6,210.8,84.0,Moderate,2022,6,22,Wednesday,Monsoon,0,28.287205,22.360382,47.999718,50.90177,74.419044,85.0,132.0,28.287204106648762,29.0680787222726,85.0,87.28571428571429,1.2246467991473532e-16,-1.0
2022-06-23,27.202875,49.41198,98.045616,75.9,79.1,9.2,251.9,1012.5,4.6,6.3,195.4,83.0,Moderate,2022,6,23,Thursday,Monsoon,0,27.745039,28.829369,44.23248,50.156876,74.87053,84.0,123.0,27.745039621988933,26.635278156825475,84.0,81.57142857142857,1.2246467991473532e-16,-1.0
2022-06-24,26.660711,48.667088,97.32895,74.5,85.2,11.4,216.6,1010.9,3.5,19.1,204.0,82.0,Moderate,2022,6,24,Friday,Monsoon,0,27.202875,28.287205,25.636364,49.41198,46.288017,83.0,79.0,27.2028751373291,26.781613486153738,83.0,82.0,1.2246467991473532e-16,-1.0
2022-06-25,26.118546,47.92219,96.61228,74.7,81.0,11.4,213.9,1010.1,4.0,3.8,106.0,80.0,Moderate,2022,6,25,Saturday,Monsoon,1,26.660711,27.745039,26.385714,48.667088,42.682934,82.0,81.0,26.66071065266927,26.743446622576034,81.66666666666667,81.85714285714286,1.2246467991473532e-16,-1.0
2022-06-26,25.576382,47.177296,95.895615,74.6,84.9,9.2,191.2,1012.1,3.9,24.1,156.4,79.0,Moderate,2022,6,26,Sunday,Monsoon,0,26.118546,27.202875,22.360382,47.92219,40.819923,80.0,73.0,26.11854616800944,27.2028751373291,80.33333333333333,82.71428571428571,1.2246467991473532e-16,-1.0
2022-06-27,25.034218,46.4324,95.17895,73.9,85.1,9.2,248.0,1012.3,4.1,13.7,99.5,78.0,Moderate,2022,6,27,Monday,Monsoon,0,25.576382,26.660711,28.829369,47.177296,51.646667,79.0,86.0,25.57638168334961,26.660710743495397,79.0,81.57142857142857,1.2246467991473532e-16,-1.0
2022-06-28,24.492052,45.687504,94.46228,73.3,87.8,10.3,234.5,1009.8,3.9,4.1,106.8,77.0,Moderate,2022,6,28,Tuesday,Monsoon,0,25.034218,26.118546,28.287205,46.4324,50.90177,78.0,85.0,25.034217198689777,26.118546077183314,78.0,80.42857142857143,1.2246467991473532e-16,-1.0
2022-06-29,23.949888,44.942608,93.74561,70.4,95.0,6.9,124.6,1008.7,3.9,89.9,39.9,76.0,Moderate,2022,6,29,Wednesday,Monsoon,0,24.492052,25.576382,27.745039,45.687504,50.156876,77.0,84.0,24.49205271402995,25.57638168334961,77.0,79.28571428571429,1.2246467991473532e-16,-1.0
2022-06-30,23.407724,44.197712,93.028946,74.4,80.5,12.8,197.2,1009.6,4.9,2.4,99.9,75.0,Moderate,2022,6,30,Thursday,Monsoon,0,23.949888,25.034218,27.202875,44.942608,49.41198,76.0,83.0,23.949888229370117,25.034217289515905,76.0,78.14285714285714,1.2246467991473532e-16,-1.0
2022-07-01,22.865559,43.45282,92.31228,77.0,75.5,9.2,255.2,1008.6,4.8,10.5,218.9,74.0,Moderate,2022,7,1,Friday,Monsoon,0,23.407724,24.492052,26.660711,44.197712,48.667088,75.0,82.0,23.407723744710285,24.492052623203822,75.0,77.0,-0.4999999999999997,-0.8660254037844388
2022-07-02,19.390205,32.68905,70.29051,74.6,85.2,11.4,212.7,1008.3,4.6,25.2,118.9,66.0,Moderate,2022,7,2,Saturday,Monsoon,1,22.865559,23.949888,26.118546,43.45282,47.92219,74.0,80.0,21.887829462687176,23.530861173357284,71.66666666666667,75.0,-0.4999999999999997,-0.8660254037844388
2022-07-03,21.071247,39.8794,79.45277,74.9,84.1,8.1,197.9,1009.1,4.5,32.2,154.8,70.0,Moderate,2022,7,3,Sunday,Monsoon,0,19.390205,23.407724,25.576382,32.68905,47.177296,66.0,79.0,21.10900370279948,22.887270518711635,70.0,73.71428571428571,-0.4999999999999997,-0.8660254037844388
2022-07-04,21.562199,39.151955,79.190414,75.9,84.3,9.2,225.9,1009.0,4.4,0.5,197.6,71.0,Moderate,2022,7,4,Monday,Monsoon,0,21.071247,22.865559,25.034218,39.8794,46.4324,70.0,78.0,20.674550374348957,22.391267776489258,69.0,72.71428571428571,-0.4999999999999997,-0.8660254037844388
2022-07-05,20.356064,34.811085,76.79788,76.3,83.4,15.0,199.8,1009.8,4.7,0.3,212.5,68.0,Moderate,2022,7,5,Tuesday,Monsoon,0,21.562199,19.390205,24.492052,39.151955,45.687504,71.0,77.0,20.996503194173176,21.800412314278738,69.66666666666667,71.42857142857143,-0.4999999999999997,-0.8660254037844388
2022-07-06,27.375597,42.82298,72.17742,75.6,87.9,12.8,173.1,1013.1,4.1,13.0,179.9,83.0,Moderate,2022,7,6,Wednesday,Monsoon,0,20.356064,21.071247,23.949888,34.811085,44.942608,68.0,76.0,23.09795316060384,22.289799281529017,74.0,72.42857142857143,-0.4999999999999997,-0.8660254037844388
2022-07-07,18.61924,29.8832,58.387394,76.9,83.3,12.8,225.5,1013.3,4.4,11.4,218.8,65.0,Moderate,2022,7,7,Thursday,Monsoon,0,27.375597,21.562199,23.407724,42.82298,44.197712,83.0,75.0,22.116966883341473,21.605730056762695,72.0,71.0,-0.4999999999999997,-0.8660254037844388
2022-07-08,21.216236,30.629059,46.989223,74.3,87.9,10.3,113.4,1011.5,3.9,48.3,171.2,70.0,Moderate,2022,7,8,Friday,Monsoon,0,18.61924,20.356064,22.865559,29.8832,43.45282,65.0,74.0,22.403690973917644,21.370112555367605,72.66666666666667,70.42857142857143,-0.4999999999999997,-0.8660254037844388
2022-07-09,16.284937,23.821333,39.109856,73.2,86.9,10.3,269.5,1010.5,4.3,8.4,99.7,60.0,Moderate,2022,7,9,Saturday,Monsoon,1,21.216236,27.375597,19.390205,30.629059,32.68905,70.0,66.0,18.706804275512695,20.926502772739955,65.0,69.57142857142857,-0.4999999999999997,-0.8660254037844388
2022-07-10,13.760434,27.66878,70.70572,75.2,80.4,11.4,255.0,1010.3,5.0,13.2,225.4,54.0,Moderate,2022,7,10,Sunday,Monsoon,0,16.284937,18.61924,21.071247,23.821333,39.8794,60.0,70.0,17.087202390034992,19.882100922720774,61.333333333333336,67.28571428571429,-0.4999999999999997,-0.8660254037844388
2022-07-11,21.19066,34.51274,65.38113,75.9,81.1,12.8,183.9,1010.7,4.6,2.3,197.5,70.0,Moderate,2022,7,11,Monday,Monsoon,0,13.760434,21.216236,21.562199,27.66878,39.151955,54.0,71.0,17.0786771774292,19.829024042401993,61.333333333333336,67.14285714285714,-0.4999999999999997,-0.8660254037844388
2022-07-12,15.859926,26.024284,54.52794,75.9,80.4,11.4,231.0,1010.2,4.5,1.5,229.5,59.0,Moderate,2022,7,12,Tuesday,Monsoon,0,21.19066,16.284937,20.356064,34.51274,34.811085,70.0,68.0,16.937006950378418,19.186718668256486,61.0,65.85714285714286,-0.4999999999999997,-0.8660254037844388
2022-07-13,17.128628,30.087122,61.553753,75.7,83.5,11.4,241.3,1009.0,4.8,4.1,215.6,62.0,Moderate,2022,7,13,Wednesday,Monsoon,0,15.859926,13.760434,27.375597,26.024284,42.82298,59.0,83.0,18.059738159179688,17.722865922110422,63.666666666666664,62.857142857142854,-0.4999999999999997,-0.8660254037844388
2022-07-14,20.026556,35.479164,74.99514,76.5,80.7,13.9,132.4,1009.4,4.4,0.8,213.1,68.0,Moderate,2022,7,14,Thursday,Monsoon,0,17.128628,21.19066,18.61924,30.087122,29.8832,62.0,65.0,17.671703338623047,17.923911094665527,63.0,63.285714285714285,-0.4999999999999997,-0.8660254037844388
2022-07-15,18.67568,39.04538,99.16474,78.2,74.3,9.2,91.5,1011.3,5.1,5.2,238.3,65.0,Moderate,2022,7,15,Friday,Monsoon,0,20.026556,15.859926,21.216236,35.479164,30.629059,68.0,70.0,18.61028798421224,17.560974529811315,65.0,62.57142857142857,-0.4999999999999997,-0.8660254037844388
2022-07-16,16.79866,33.15017,77.14701,78.2,77.0,12.8,220.9,1011.6,4.9,10.2,238.8,61.0,Moderate,2022,7,16,Saturday,Monsoon,1,18.67568,17.128628,16.284937,39.04538,23.821333,65.0,60.0,18.500298817952473,17.63436358315604,64.66666666666667,62.714285714285715,-0.4999999999999997,-0.8660254037844388
2022-07-17,16.692759,33.41865,78.67246,78.0,76.0,13.9,176.7,1013.2,5.3,6.1,242.0,61.0,Moderate,2022,7,17,Sunday,Monsoon,0,16.79866,20.026556,13.760434,33.15017,27.66878,61.0,54.0,17.38903299967448,18.053267070225306,62.333333333333336,63.714285714285715,-0.4999999999999997,-0.8660254037844388
2022-07-18,16.604742,26.893438,54.00186,75.6,82.3,11.4,196.1,1011.4,4.5,3.8,186.4,60.0,Moderate,2022,7,18,Monday,Monsoon,0,16.692759,18.67568,21.19066,33.41865,34.51274,61.0,70.0,16.698720296223957,17.398135866437638,60.666666666666664,62.285714285714285,-0.4999999999999997,-0.8660254037844388
2022-07-19,13.639648,24.02001,48.434746,74.3,82.8,8.1,38.3,1010.0,4.3,3.3,73.5,54.0,Moderate,2022,7,19,Tuesday,Monsoon,0,16.604742,16.79866,15.859926,26.893438,26.024284,60.0,59.0,15.645716349283854,17.080953325544083,58.333333333333336,61.57142857142857,-0.4999999999999997,-0.8660254037844388
2022-07-20,18.132742,25.65498,36.324368,74.2,86.2,10.3,201.3,1010.1,4.2,3.0,113.2,64.0,Moderate,2022,7,20,Wednesday,Monsoon,0,13.639648,16.692759,17.128628,24.02001,30.087122,54.0,62.0,16.12571080525716,17.22439820425851,59.333333333333336,61.857142857142854,-0.4999999999999997,-0.8660254037844388
2022-07-21,19.75164,28.002718,45.438557,72.9,91.3,10.3,183.2,1011.9,3.9,45.5,97.6,67.0,Moderate,2022,7,21,Thursday,Monsoon,0,18.132742,16.604742,20.026556,25.65498,35.479164,64.0,68.0,17.1746768951416,17.18512453351702,61.666666666666664,61.714285714285715,-0.4999999999999997,-0.8660254037844388
2022-07-22,17.282482,25.028679,38.718075,72.8,90.3,9.2,179.3,1013.5,4.1,14.7,105.8,62.0,Moderate,2022,7,22,Friday,Monsoon,0,19.75164,13.639648,18.67568,28.002718,39.04538,67.0,65.0,18.388954798380535,16.986096245901926,64.33333333333333,61.285714285714285,-0.4999999999999997,-0.8660254037844388
2022-07-23,9.64258,17.788645,42.00205,73.6,85.6,12.8,110.4,1013.7,4.9,25.4,98.4,40.0,Good,2022,7,23,Saturday,Monsoon,1,17.282482,18.132742,16.79866,25.028679,33.15017,62.0,61.0,15.558900833129883,15.96379906790597,56.333333333333336,58.285714285714285,-0.4999999999999997,-0.8660254037844388
2022-07-24,11.016722,20.04177,48.373985,73.4,86.6,10.3,179.7,1013.6,4.9,25.1,115.8,46.0,Good,2022,7,24,Sunday,Monsoon,0,9.64258,19.75164,16.692759,17.788645,33.41865,40.0,61.0,12.647261301676432,15.152936662946429,49.333333333333336,56.142857142857146,-0.4999999999999997,-0.8660254037844388
2022-07-25,10.928804,21.204273,53.604263,73.6,84.6,17.2,203.8,1015.2,4.9,6.9,160.7,46.0,Good,2022,7,25,Monday,Monsoon,0,11.016722,17.282482,16.604742,20.04177,26.893438,46.0,60.0,10.52936871846517,14.342088426862444,44.0,54.142857142857146,-0.4999999999999997,-0.8660254037844388
2022-07-26,11.9148855,18.954014,36.005447,72.3,89.0,6.9,124.6,1015.8,4.4,20.6,106.5,50.0,Good,2022,7,26,Tuesday,Monsoon,0,10.928804,9.64258,13.639648,21.204273,24.02001,46.0,54.0,11.28680388132731,14.095693724496025,47.333333333333336,53.57142857142857,-0.4999999999999997,-0.8660254037844388
2022-07-27,15.301796,22.570723,39.163193,72.9,87.7,8.1,174.5,1015.1,4.1,43.4,168.8,58.0,Moderate,2022,7,27,Wednesday,Monsoon,0,11.9148855,11.016722,18.132742,18.954014,25.65498,50.0,64.0,12.71516195933024,13.691272871834892,51.333333333333336,52.714285714285715,-0.4999999999999997,-0.8660254037844388
2022-07-28,11.71022,20.286688,46.52519,73.4,84.7,9.2,217.0,1015.7,4.1,11.7,152.6,49.0,Good,2022,7,28,Thursday,Monsoon,0,15.301796,10.928804,19.75164,22.570723,28.002718,58.0,67.0,12.97563393910726,12.542498588562012,52.333333333333336,50.142857142857146,-0.4999999999999997,-0.8660254037844388
2022-07-29,16.745169,27.326841,48.003838,73.8,85.9,11.4,141.8,1014.3,4.5,22.5,174.0,61.0,Moderate,2022,7,29,Friday,Monsoon,0,11.71022,11.9148855,17.282482,20.286688,25.028679,49.0,62.0,14.585728327433268,12.465739522661481,56.0,50.0,-0.4999999999999997,-0.8660254037844388
2022-07-30,15.467489,24.135447,41.332592,73.8,85.3,12.8,180.3,1012.2,4.3,7.4,153.1,58.0,Moderate,2022,7,30,Saturday,Monsoon,1,16.745169,15.301796,9.64258,27.326841,17.788645,61.0,40.0,14.64095942179362,13.297869409833636,56.0,52.57142857142857,-0.4999999999999997,-0.8660254037844388
2022-07-31,14.354007,18.19538,21.108675,71.7,94.5,8.1,87.5,1009.2,3.9,37.1,59.8,56.0,Moderate,2022,7,31,Sunday,Monsoon,0,15.467489,11.71022,11.016722,24.135447,20.04177,58.0,46.0,15.522221565246582,13.774624415806361,58.333333333333336,54.0,-0.4999999999999997,-0.8660254037844388
2022-08-01,12.55877,15.556228,19.088865,72.3,91.5,6.9,240.3,1009.3,3.8,24.1,127.3,52.0,Moderate,2022,8,1,Monday,Monsoon,0,14.354007,16.745169,10.928804,18.19538,21.204273,56.0,46.0,14.126755396525065,14.007476670401436,55.333333333333336,54.857142857142854,-0.8660254037844385,-0.5000000000000004
2022-08-02,14.8939705,22.095013,34.632057,72.9,89.9,6.9,159.0,1009.9,4.6,9.4,64.0,57.0,Moderate,2022,8,2,Tuesday,Monsoon,0,12.55877,15.467489,11.9148855,15.556228,18.954014,52.0,50.0,13.935582478841146,14.433060237339564,55.0,55.857142857142854,-0.8660254037844385,-0.5000000000000004
2022-08-03,14.3719,21.02372,34.017445,73.7,87.8,9.2,199.5,1012.5,4.3,5.1,184.0,56.0,Moderate,2022,8,3,Wednesday,Monsoon,0,14.8939705,14.354007,15.301796,22.095013,22.570723,57.0,58.0,13.941546758015951,14.30021790095738,55.0,55.57142857142857,-0.8660254037844385,-0.5000000000000004
2022-08-04,21.85843,31.535723,45.446404,73.2,88.3,10.3,210.0,1013.4,4.0,3.3,73.1,72.0,Moderate,2022,8,4,Thursday,Monsoon,0,14.3719,12.55877,11.71022,21.02372,20.286688,56.0,49.0,17.041433652242024,15.749962261744908,61.666666666666664,58.857142857142854,-0.8660254037844385,-0.5000000000000004
2022-08-05,20.95511,35.878384,74.212875,75.7,83.4,13.9,245.7,1011.2,4.4,0.0,216.0,70.0,Moderate,2022,8,5,Friday,Monsoon,0,21.85843,14.8939705,16.745169,31.535723,27.326841,72.0,61.0,19.061813672383625,16.351382528032577,66.0,60.142857142857146,-0.8660254037844385,-0.5000000000000004
2022-08-06,16.987593,25.163042,42.42927,74.0,85.8,9.2,201.4,1009.1,4.3,38.1,197.1,61.0,Moderate,2022,8,6,Saturday,Monsoon,1,20.95511,14.3719,15.467489,35.878384,24.135447,70.0,58.0,19.933711369832356,16.568540164402553,67.66666666666667,60.57142857142857,-0.8660254037844385,-0.5000000000000004
2022-08-07,17.096413,27.418213,52.29735,76.0,83.5,12.8,232.7,1009.7,4.7,1.3,176.7,62.0,Moderate,2022,8,7,Sunday,Monsoon,0,16.987593,21.85843,14.354007,25.163042,18.19538,61.0,56.0,18.34637196858724,16.96031243460519,64.33333333333333,61.42857142857143,-0.8660254037844385,-0.5000000000000004
2022-08-08,13.97369,24.39444,50.9321,76.3,82.6,12.8,197.9,1008.6,4.7,2.8,199.2,55.0,Moderate,2022,8,8,Monday,Monsoon,0,17.096413,20.95511,12.55877,27.418213,15.556228,62.0,52.0,16.01923179626465,17.16244384220668,59.333333333333336,61.857142857142854,-0.8660254037844385,-0.5000000000000004
2022-08-09,12.230423,24.66835,59.411552,76.9,81.3,12.8,221.9,1008.9,4.7,5.3,200.1,51.0,Moderate,2022,8,9,Tuesday,Monsoon,0,13.97369,16.987593,14.8939705,24.39444,22.095013,55.0,57.0,14.4335085550944,16.781937054225377,56.0,61.0,-0.8660254037844385,-0.5000000000000004
2022-08-10,13.325843,23.52943,50.93693,75.4,86.5,15.0,213.7,1007.7,5.0,76.2,146.0,54.0,Moderate,2022,8,10,Wednesday,Monsoon,0,12.230423,17.096413,14.3719,24.66835,21.02372,51.0,56.0,13.176651954650879,16.632500376020158,53.333333333333336,60.714285714285715,-0.8660254037844385,-0.5000000000000004
2022-08-11,14.326832,28.923834,74.10404,76.6,80.7,13.9,219.3,1010.0,4.8,0.5,205.3,56.0,Moderate,2022,8,11,Thursday,Monsoon,0,13.325843,13.97369,21.85843,23.52943,31.535723,54.0,72.0,13.294365882873535,15.556557655334473,53.666666666666664,58.42857142857143,-0.8660254037844385,-0.5000000000000004
2022-08-12,15.907778,31.098612,65.92875,76.8,77.6,12.8,205.6,1010.0,5.1,0.0,219.7,59.0,Moderate,2022,8,12,Friday,Monsoon,0,14.326832,12.230423,20.95511,28.923834,35.878384,56.0,70.0,14.520150820414225,14.835510117667061,56.333333333333336,56.857142857142854,-0.8660254037844385,-0.5000000000000004
2022-08-13,17.872597,28.840015,58.80145,76.7,81.7,15.0,211.6,1009.5,4.5,4.1,189.7,63.0,Moderate,2022,8,13,Saturday,Monsoon,1,15.907778,13.325843,16.987593,31.098612,25.163042,59.0,61.0,16.035735448201496,14.961939266749791,59.333333333333336,57.142857142857146,-0.8660254037844385,-0.5000000000000004
2022-08-14,15.934421,25.819614,49.294792,74.3,86.9,6.9,58.2,1011.9,4.3,32.0,105.7,59.0,Moderate,2022,8,14,Sunday,Monsoon,0,17.872597,14.326832,17.096413,28.840015,27.418213,63.0,62.0,16.571598370869953,14.795940399169922,60.333333333333336,56.714285714285715,-0.8660254037844385,-0.5000000000000004
2022-08-15,15.216736,31.239792,76.82611,76.0,75.2,12.8,129.2,1013.1,5.8,1.0,203.4,58.0,Moderate,2022,8,15,Monday,Monsoon,0,15.934421,15.907778,13.97369,25.819614,24.39444,59.0,55.0,16.341251055399578,14.973518371582031,60.0,57.142857142857146,-0.8660254037844385,-0.5000000000000004
2022-08-16,17.870556,32.39132,65.49986,76.2,77.2,10.3,218.3,1013.5,5.3,0.0,194.5,63.0,Moderate,2022,8,16,Tuesday,Monsoon,0,15.216736,17.872597,12.230423,31.239792,24.66835,58.0,51.0,16.34057076772054,15.779251643589564,60.0,58.857142857142854,-0.8660254037844385,-0.5000000000000004
2022-08-17,19.638496,35.225597,75.79382,76.4,78.4,12.8,265.0,1012.2,4.7,0.0,210.0,67.0,Moderate,2022,8,17,Wednesday,Monsoon,0,17.870556,15.934421,13.325843,32.39132,23.52943,63.0,54.0,17.575262705485027,16.681059292384557,62.666666666666664,60.714285714285715,-0.8660254037844385,-0.5000000000000004
2022-08-18,17.985006,32.037987,70.138756,77.6,79.3,12.8,244.0,1009.6,4.8,1.5,244.4,63.0,Moderate,2022,8,18,Thursday,Monsoon,0,19.638496,15.216736,14.326832,35.225597,28.923834,67.0,56.0,18.498019536336262,17.203655651637487,64.33333333333333,61.714285714285715,-0.8660254037844385,-0.5000000000000004
2022-08-19,10.166181,17.169167,36.820763,74.6,83.3,13.9,146.8,1011.1,4.9,24.9,103.3,42.0,Good,2022,8,19,Friday,Monsoon,0,17.985006,17.870556,15.907778,32.037987,31.098612,63.0,59.0,15.92989444732666,16.383427483694895,57.333333333333336,59.285714285714285,-0.8660254037844385,-0.5000000000000004
2022-08-20,11.815833,19.754583,41.28896,74.0,84.2,10.3,226.5,1011.5,4.8,37.1,194.0,49.0,Good,2022,8,20,Saturday,Monsoon,1,10.166181,19.638496,17.872597,17.169167,28.840015,42.0,63.0,13.32234001159668,15.518175533839635,51.333333333333336,57.285714285714285,-0.8660254037844385,-0.5000000000000004
2022-08-21,12.623819,23.813541,55.13375,76.5,76.8,13.9,195.4,1010.2,5.4,0.0,225.4,52.0,Moderate,2022,8,21,Sunday,Monsoon,0,11.815833,17.985006,15.934421,19.754583,25.819614,49.0,59.0,11.535277684529623,15.045232500348773,47.666666666666664,56.285714285714285,-0.8660254037844385,-0.5000000000000004
2022-08-22,19.753195,34.579582,74.928955,76.3,75.0,15.0,202.2,1009.9,5.6,0.0,210.5,67.0,Moderate,2022,8,22,Monday,Monsoon,0,12.623819,10.166181,15.216736,23.813541,31.239792,52.0,58.0,14.73094908396403,15.693298067365374,56.0,57.57142857142857,-0.8660254037844385,-0.5000000000000004
2022-08-23,18.228264,29.1225,53.795834,75.1,82.8,9.2,233.7,1012.0,4.3,29.2,181.9,64.0,Moderate,2022,8,23,Tuesday,Monsoon,0,19.753195,11.815833,17.870556,34.579582,32.39132,67.0,63.0,16.868426005045574,15.744399206978935,61.0,57.714285714285715,-0.8660254037844385,-0.5000000000000004
2022-08-24,13.587222,24.88514,61.97736,75.6,82.0,16.1,225.7,1015.3,4.9,3.3,188.4,54.0,Moderate,2022,8,24,Wednesday,Monsoon,0,18.228264,12.623819,19.638496,29.1225,35.225597,64.0,67.0,17.189560254414875,14.879931449890137,61.666666666666664,55.857142857142854,-0.8660254037844385,-0.5000000000000004
2022-08-25,12.918263,24.5875,56.269375,76.6,78.1,12.8,231.0,1013.1,5.4,0.0,210.9,53.0,Moderate,2022,8,25,Thursday,Monsoon,0,13.587222,19.753195,17.985006,24.88514,32.037987,54.0,63.0,14.911249796549479,14.15611103602818,57.0,54.42857142857143,-0.8660254037844385,-0.5000000000000004
2022-08-26,16.824251,27.684175,53.469852,75.4,80.8,9.2,256.2,1011.5,4.9,0.3,190.1,61.0,Moderate,2022,8,26,Friday,Monsoon,0,12.918263,18.228264,10.166181,24.5875,17.169167,53.0,42.0,14.443245569864908,15.107263973781041,56.0,57.142857142857146,-0.8660254037844385,-0.5000000000000004
2022-08-27,18.614235,28.707914,51.133064,75.7,80.4,15.0,262.1,1010.9,4.3,0.0,129.9,65.0,Moderate,2022,8,27,Saturday,Monsoon,1,16.824251,13.587222,11.815833,27.684175,19.754583,61.0,49.0,16.118916511535645,16.078464235578263,59.666666666666664,59.42857142857143,-0.8660254037844385,-0.5000000000000004
2022-08-28,13.4211645,19.5336,31.217714,72.9,87.0,6.9,131.1,1012.2,4.2,30.5,82.4,54.0,Moderate,2022,8,28,Sunday,Monsoon,0,18.614235,12.918263,12.623819,28.707914,23.813541,65.0,52.0,16.28655020395915,16.192370687212264,60.0,59.714285714285715,-0.8660254037844385,-0.5000000000000004
2022-08-29,13.749052,26.11287,61.608665,75.0,78.1,9.2,222.9,1016.0,5.0,3.6,91.1,54.0,Moderate,2022,8,29,Monday,Monsoon,0,13.4211645,16.824251,19.753195,19.5336,34.579582,54.0,67.0,15.261483828226725,15.334636007036481,57.666666666666664,57.857142857142854,-0.8660254037844385,-0.5000000000000004
2022-08-30,13.211458,22.174444,46.874653,75.9,79.8,9.2,239.2,1015.5,5.2,0.0,154.5,53.0,Moderate,2022,8,30,Tuesday,Monsoon,0,13.749052,18.614235,18.228264,26.11287,29.1225,54.0,64.0,13.46055825551351,14.617949485778809,53.666666666666664,56.285714285714285,-0.8660254037844385,-0.5000000000000004
2022-08-31,19.148783,28.725903,44.1313,73.6,85.0,9.2,271.4,1014.3,4.3,1.8,137.3,66.0,Moderate,2022,8,31,Wednesday,Monsoon,0,13.211458,13.4211645,13.587222,22.174444,24.88514,53.0,54.0,15.36976432800293,15.412458147321429,57.666666666666664,58.0,-0.8660254037844385,-0.5000000000000004
2022-09-01,24.959167,36.53979,53.59007,73.5,84.2,8.1,261.8,1015.0,4.3,0.0,35.7,78.0,Moderate,2022,9,1,Thursday,Autumn,0,19.148783,13.749052,12.918263,28.725903,24.5875,66.0,53.0,19.106469472249348,17.13258729662214,65.66666666666667,61.57142857142857,-1.0,-1.8369701987210297e-16
2022-09-02,20.237597,32.022335,58.36544,73.1,82.5,10.3,276.5,1015.3,4.7,1.0,71.3,68.0,Moderate,2022,9,2,Friday,Autumn,0,24.959167,13.211458,16.824251,36.53979,27.684175,78.0,61.0,21.44851557413737,17.620208059038436,70.66666666666667,62.57142857142857,-1.0,-1.8369701987210297e-16
2022-09-03,22.792084,35.114307,61.097637,74.5,80.3,9.2,251.3,1011.2,4.7,0.5,168.5,73.0,Moderate,2022,9,3,Saturday,Autumn,1,20.237597,19.148783,18.614235,32.022335,28.707914,68.0,65.0,22.662949244181316,18.21704360416957,73.0,63.714285714285715,-1.0,-1.8369701987210297e-16
2022-09-04,19.294884,30.033495,56.772503,74.2,81.5,12.8,208.0,1011.1,4.1,16.5,152.2,66.0,Moderate,2022,9,4,Sunday,Autumn,0,22.792084,24.959167,13.4211645,35.114307,19.5336,73.0,54.0,20.77485466003418,19.056146349225724,69.0,65.42857142857143,-1.0,-1.8369701987210297e-16
2022-09-05,25.24611,39.568333,69.29118,75.0,80.1,11.4,223.5,1012.8,4.3,0.3,184.5,79.0,Moderate,2022,9,5,Monday,Autumn,0,19.294884,20.237597,13.749052,30.033495,26.11287,66.0,54.0,22.444359461466473,20.698583330426896,72.66666666666667,69.0,-1.0,-1.8369701987210297e-16
2022-09-06,22.424862,35.54118,65.01264,75.0,79.9,11.4,216.4,1014.3,4.5,3.0,194.7,73.0,Moderate,2022,9,6,Tuesday,Autumn,0,25.24611,22.792084,13.211458,39.568333,22.174444,79.0,53.0,22.32195218404134,22.01478385925293,72.66666666666667,71.85714285714286,-1.0,-1.8369701987210297e-16
2022-09-07,21.462013,29.52389,43.18757,72.2,89.6,9.2,91.7,1016.4,4.0,40.4,142.7,71.0,Moderate,2022,9,7,Wednesday,Autumn,0,22.424862,19.294884,19.148783,35.54118,28.725903,73.0,66.0,23.044328689575195,22.345245361328125,74.33333333333333,72.57142857142857,-1.0,-1.8369701987210297e-16
2022-09-08,30.428333,40.88275,47.1059,71.4,89.7,8.1,52.1,1017.8,3.7,1.5,152.4,90.0,Moderate,2022,9,8,Thursday,Autumn,0,21.462013,25.24611,24.959167,29.52389,36.53979,71.0,78.0,24.77173614501953,23.12655476161412,78.0,74.28571428571429,-1.0,-1.8369701987210297e-16
2022-09-09,24.81514,34.626667,46.822083,71.5,88.9,8.1,107.6,1018.1,3.8,9.9,138.8,78.0,Moderate,2022,9,9,Friday,Autumn,0,30.428333,22.424862,20.237597,40.88275,32.022335,90.0,68.0,25.56849543253581,23.78048951285226,79.66666666666667,75.71428571428571,-1.0,-1.8369701987210297e-16
2022-09-10,22.400784,31.268826,45.125984,71.9,84.8,8.1,57.8,1017.1,4.7,14.5,169.4,73.0,Moderate,2022,9,10,Saturday,Autumn,1,24.81514,21.462013,22.792084,34.626667,35.114307,78.0,73.0,25.881418863932293,23.724589484078543,80.33333333333333,75.71428571428571,-1.0,-1.8369701987210297e-16
2022-09-11,26.973333,39.97486,62.593266,71.6,88.7,11.4,81.1,1014.3,4.2,5.3,198.8,82.0,Moderate,2022,9,11,Sunday,Autumn,0,22.400784,30.428333,19.294884,31.268826,30.033495,73.0,66.0,24.72975222269694,24.821510859898158,77.66666666666667,78.0,-1.0,-1.8369701987210297e-16
2022-09-12,20.410936,34.99022,75.173416,73.2,82.0,11.4,201.4,1012.4,4.3,0.3,137.9,68.0,Moderate,2022,9,12,Monday,Autumn,0,26.973333,24.81514,25.24611,39.97486,39.568333,82.0,79.0,23.26168441772461,24.13077163696289,74.33333333333333,76.42857142857143,-1.0,-1.8369701987210297e-16
2022-09-13,14.381427,23.307196,41.946175,72.0,83.7,9.2,156.9,1013.9,4.4,5.1,100.9,56.0,Moderate,2022,9,13,Tuesday,Autumn,0,20.410936,22.400784,22.424862,34.99022,35.54118,68.0,73.0,20.588565508524578,22.981709480285645,68.66666666666667,74.0,-1.0,-1.8369701987210297e-16
2022-09-14,13.011458,22.527916,47.007847,71.1,86.8,17.9,187.2,1015.1,4.8,9.4,114.6,53.0,Moderate,2022,9,14,Wednesday,Autumn,0,14.381427,26.973333,21.462013,23.307196,29.52389,56.0,71.0,15.9346071879069,21.774487359183176,59.0,71.42857142857143,-1.0,-1.8369701987210297e-16
2022-09-15,17.200972,25.937569,41.07368,71.0,89.5,6.9,150.4,1013.2,4.5,20.1,93.8,62.0,Moderate,2022,9,15,Thursday,Autumn,0,13.011458,20.410936,30.428333,22.527916,40.88275,53.0,90.0,14.864618937174479,19.884864262172155,57.0,67.42857142857143,-1.0,-1.8369701987210297e-16
2022-09-16,18.613543,29.129791,50.248123,71.1,89.5,11.4,171.5,1010.2,4.7,3.3,84.0,65.0,Moderate,2022,9,16,Friday,Autumn,0,17.200972,14.381427,24.81514,25.937569,34.626667,62.0,78.0,16.27532418568929,18.99892180306571,60.0,65.57142857142857,-1.0,-1.8369701987210297e-16
2022-09-17,24.260555,34.22014,47.13757,70.9,90.5,11.2,153.9,1011.4,4.3,7.6,69.5,77.0,Moderate,2022,9,17,Saturday,Autumn,1,18.613543,13.011458,22.400784,29.129791,31.268826,65.0,73.0,20.025023142496746,19.264603478567942,68.0,66.14285714285714,-1.0,-1.8369701987210297e-16
2022-09-18,22.998955,34.440105,56.80543,73.6,84.4,13.4,230.5,1013.3,4.6,0.0,134.9,74.0,Moderate,2022,9,18,Sunday,Autumn,0,24.260555,17.200972,26.973333,34.22014,39.97486,77.0,82.0,21.9576841990153,18.696835109165736,72.0,65.0,-1.0,-1.8369701987210297e-16
2022-09-19,21.737354,34.660072,66.47329,73.2,84.9,13.4,190.1,1014.8,4.4,0.3,190.9,71.0,Moderate,2022,9,19,Monday,Autumn,0,22.998955,18.613543,20.410936,34.440105,34.99022,74.0,68.0,22.99895477294922,18.886323383876256,74.0,65.42857142857143,-1.0,-1.8369701987210297e-16
2022-09-20,24.465837,42.466705,79.3714,72.8,85.9,11.4,212.0,1014.0,4.3,0.3,193.7,77.0,Moderate,2022,9,20,Tuesday,Autumn,0,21.737354,24.260555,14.381427,34.660072,23.307196,71.0,56.0,23.06738217671712,20.32695347922189,74.0,68.42857142857143,-1.0,-1.8369701987210297e-16
2022-09-21,24.262829,43.590744,90.724945,74.0,83.7,13.9,201.9,1014.5,4.5,0.3,177.8,77.0,Moderate,2022,9,21,Wednesday,Autumn,0,24.465837,22.998955,13.011458,42.466705,22.527916,77.0,53.0,23.48867352803548,21.934292112077987,75.0,71.85714285714286,-1.0,-1.8369701987210297e-16
2022-09-22,19.481724,33.99402,69.00434,73.7,81.4,12.8,184.4,1014.5,5.0,6.6,205.5,67.0,Moderate,2022,9,22,Thursday,Autumn,0,24.262829,21.737354,17.200972,43.590744,25.937569,77.0,62.0,22.736796696980793,22.260113852364675,73.66666666666667,72.57142857142857,-1.0,-1.8369701987210297e-16
2022-09-23,20.863611,35.11259,65.45846,73.7,83.6,11.4,183.1,1013.7,4.3,16.3,153.1,69.0,Moderate,2022,9,23,Friday,Autumn,0,19.481724,24.465837,18.613543,33.99402,29.129791,67.0,65.0,21.536054611206055,22.581552233014786,71.0,73.14285714285714,-1.0,-1.8369701987210297e-16
2022-09-24,20.74019,33.89887,59.56892,73.1,80.4,12.8,197.3,1013.6,4.2,6.8,144.7,69.0,Moderate,2022,9,24,Saturday,Autumn,1,20.863611,24.262829,24.260555,35.11259,34.22014,69.0,77.0,20.361841837565105,22.078642981392996,68.33333333333333,72.0,-1.0,-1.8369701987210297e-16
2022-09-25,21.337717,33.353554,56.714607,72.0,83.5,15.0,270.4,1014.7,4.5,20.8,166.3,70.0,Moderate,2022,9,25,Sunday,Autumn,0,20.74019,19.481724,22.998955,33.89887,34.440105,69.0,74.0,20.980506261189777,21.84132330758231,69.33333333333333,71.42857142857143,-1.0,-1.8369701987210297e-16
2022-09-26,23.50038,38.12577,64.215126,72.0,81.3,10.3,253.6,1015.9,4.3,5.8,126.9,75.0,Moderate,2022,9,26,Monday,Autumn,0,21.337717,20.863611,21.737354,33.353554,34.660072,70.0,71.0,21.859429041544598,22.093184062412806,71.33333333333333,72.0,-1.0,-1.8369701987210297e-16
2022-09-27,21.903208,39.4791,78.265045,72.1,79.4,12.8,214.9,1013.9,4.3,0.0,201.1,72.0,Moderate,2022,9,27,Tuesday,Autumn,0,23.50038,20.74019,24.465837,38.12577,42.466705,75.0,77.0,22.247101465861004,21.727094105311803,72.33333333333333,71.28571428571429,-1.0,-1.8369701987210297e-16
2022-09-28,24.231339,41.19479,74.76441,72.1,81.6,10.3,257.6,1013.3,4.8,1.4,175.1,77.0,Moderate,2022,9,28,Wednesday,Autumn,0,21.903208,21.337717,24.262829,39.4791,43.590744,72.0,77.0,23.211641947428387,21.722595487322128,74.66666666666667,71.28571428571429,-1.0,-1.8369701987210297e-16
2022-09-29,25.194798,44.54252,82.67308,72.8,78.3,12.8,198.7,1013.6,4.8,0.7,200.9,79.0,Moderate,2022,9,29,Thursday,Autumn,0,24.231339,23.50038,19.481724,41.19479,33.99402,77.0,67.0,23.776447931925457,22.53874887738909,76.0,73.0,-1.0,-1.8369701987210297e-16
2022-09-30,28.036732,44.518414,74.44433,72.4,80.7,11.4,203.0,1014.0,4.4,12.6,214.7,85.0,Moderate,2022,9,30,Friday,Autumn,0,25.194798,21.903208,20.863611,44.54252,35.11259,79.0,69.0,25.820955912272137,23.563480377197266,80.33333333333333,75.28571428571429,-1.0,-1.8369701987210297e-16
2022-10-01,31.314789,46.796757,69.176926,72.7,79.9,8.9,123.4,1013.3,4.3,0.0,203.4,91.0,Moderate,2022,10,1,Saturday,Autumn,1,28.036732,24.231339,20.74019,44.518414,33.89887,85.0,69.0,28.182106018066406,25.07413727896554,85.0,78.42857142857143,-0.8660254037844386,0.5000000000000001
2022-10-02,25.350052,41.3784,74.07395,73.8,74.3,12.8,175.2,1013.3,4.9,0.0,224.5,79.0,Moderate,2022,10,2,Sunday,Autumn,0,31.314789,25.194798,21.337717,46.796757,33.353554,91.0,70.0,28.23385747273763,25.647327968052455,85.0,79.71428571428571,-0.8660254037844386,0.5000000000000001
2022-10-03,18.328411,28.564362,52.183796,72.6,79.2,13.9,213.2,1014.8,4.5,34.0,201.3,64.0,Moderate,2022,10,3,Monday,Autumn,0,25.350052,28.036732,23.50038,41.3784,38.12577,79.0,75.0,24.997750600179035,24.90847533089774,78.0,78.14285714285714,-0.8660254037844386,0.5000000000000001
2022-10-04,15.161662,18.87663,21.849226,69.3,90.6,8.1,129.9,1016.8,4.2,16.8,64.2,57.0,Moderate,2022,10,4,Tuesday,Autumn,0,18.328411,31.314789,21.903208,28.564362,39.4791,64.0,72.0,19.613375027974445,23.94539737701416,66.66666666666667,76.0,-0.8660254037844386,0.5000000000000001
2022-10-05,7.4057984,9.300072,11.382384,68.2,90.0,10.3,99.9,1018.2,4.2,53.2,47.3,31.0,Good,2022,10,5,Wednesday,Autumn,0,15.161662,25.350052,24.231339,18.87663,41.19479,57.0,77.0,13.631957213083902,21.541748796190536,50.666666666666664,69.42857142857143,-0.8660254037844386,0.5000000000000001
2022-10-06,9.482828,10.225379,10.326882,65.3,97.2,8.1,71.7,1019.0,3.7,47.8,40.9,40.0,Good,2022,10,6,Thursday,Autumn,0,7.4057984,18.328411,25.194798,9.300072,44.54252,31.0,79.0,10.68342955907186,19.29718174253191,42.666666666666664,63.857142857142854,-0.8660254037844386,0.5000000000000001
2022-10-07,17.441269,20.46463,27.369781,67.5,91.7,9.2,214.9,1019.0,4.5,9.4,138.6,62.0,Moderate,2022,10,7,Friday,Autumn,0,9.482828,15.161662,28.036732,10.225379,44.518414,40.0,85.0,11.443298498789469,17.783544199807302,44.333333333333336,60.57142857142857,-0.8660254037844386,0.5000000000000001
2022-10-08,13.389416,19.549837,34.742863,70.1,82.7,12.8,278.8,1018.5,4.8,1.3,131.6,54.0,Moderate,2022,10,8,Saturday,Autumn,1,17.441269,7.4057984,31.314789,20.46463,46.796757,62.0,91.0,13.437837600708008,15.22277661732265,52.0,55.285714285714285,-0.8660254037844386,0.5000000000000001
2022-10-09,14.163035,22.436378,39.90658,70.2,81.5,10.3,288.5,1018.8,5.2,0.0,202.2,55.0,Moderate,2022,10,9,Sunday,Autumn,0,13.389416,9.482828,25.350052,19.549837,41.3784,54.0,79.0,14.997906684875488,13.624631404876709,57.0,51.857142857142854,-0.8660254037844386,0.5000000000000001
2022-10-10,15.084736,23.7134,41.431576,70.4,82.1,11.4,263.7,1019.8,4.6,0.0,157.9,57.0,Moderate,2022,10,10,Monday,Autumn,0,14.163035,17.441269,18.328411,22.436378,28.564362,55.0,64.0,14.212395668029785,13.161249228886195,55.333333333333336,50.857142857142854,-0.8660254037844386,0.5000000000000001
2022-10-11,16.006437,24.990423,42.95657,67.9,83.5,9.2,236.0,1017.3,4.4,0.3,185.4,59.0,Moderate,2022,10,11,Tuesday,Autumn,0,15.084736,13.389416,15.161662,23.7134,18.87663,57.0,57.0,15.084736188252768,13.281931400299072,57.0,51.142857142857146,-0.8660254037844386,0.5000000000000001
2022-10-12,16.928137,26.267447,44.481564,69.1,82.3,10.3,247.2,1016.8,5.2,6.0,117.8,61.0,Moderate,2022,10,12,Wednesday,Autumn,0,16.006437,14.163035,7.4057984,24.990423,9.300072,59.0,31.0,16.006436665852863,14.642265456063408,59.0,55.42857142857143,-0.8660254037844386,0.5000000000000001
2022-10-13,16.560421,26.130863,46.51205,69.6,78.0,10.3,211.0,1017.9,4.9,0.5,155.6,60.0,Moderate,2022,10,13,Thursday,Autumn,0,16.928137,15.084736,9.482828,26.267447,10.225379,61.0,40.0,16.498331705729168,15.653350148882184,60.0,58.285714285714285,-0.8660254037844386,0.5000000000000001
2022-10-14,17.063787,26.789492,46.75976,68.5,76.8,10.3,195.2,1018.1,5.2,0.5,197.1,61.0,Moderate,2022,10,14,Friday,Autumn,0,16.560421,16.006437,17.441269,26.130863,20.46463,60.0,62.0,16.8507817586263,15.599424225943428,60.666666666666664,58.142857142857146,-0.8660254037844386,0.5000000000000001
2022-10-15,22.822382,34.39369,56.50221,68.7,78.1,8.1,231.8,1017.7,5.3,0.0,184.8,74.0,Moderate,2022,10,15,Saturday,Autumn,1,17.063787,16.928137,13.389416,26.789492,19.549837,61.0,54.0,18.81553014119466,16.946990830557688,65.0,61.0,-0.8660254037844386,0.5000000000000001
2022-10-16,27.185108,42.754753,72.901955,68.6,69.2,11.4,171.7,1020.2,5.1,0.0,193.1,83.0,Moderate,2022,10,16,Sunday,Autumn,0,22.822382,16.560421,14.163035,34.39369,22.436378,74.0,55.0,22.357092539469402,18.807286943708146,72.66666666666667,65.0,-0.8660254037844386,0.5000000000000001
2022-10-17,26.689587,50.45798,94.35661,66.6,58.9,8.1,124.3,1020.2,5.4,0.0,225.3,82.0,Moderate,2022,10,17,Monday,Autumn,0,27.185108,17.063787,15.084736,42.754753,23.7134,83.0,57.0,25.56569226582845,20.465122767857142,79.66666666666667,68.57142857142857,-0.8660254037844386,0.5000000000000001
2022-10-18,31.168024,50.550236,86.72625,64.5,69.5,8.1,170.8,1018.6,5.2,0.0,219.7,91.0,Moderate,2022,10,18,Tuesday,Autumn,0,26.689587,22.822382,16.006437,50.45798,24.990423,82.0,59.0,28.347572962443035,22.63106373378209,85.33333333333333,73.14285714285714,-0.8660254037844386,0.5000000000000001
2022-10-19,33.862373,50.948326,80.92385,63.9,73.3,10.3,180.1,1018.5,4.3,0.0,179.0,97.0,Moderate,2022,10,19,Wednesday,Autumn,0,31.168024,27.185108,16.928137,50.550236,26.267447,91.0,61.0,30.573328018188477,25.05024038042341,90.0,78.28571428571429,-0.8660254037844386,0.5000000000000001
2022-10-20,34.699898,51.947277,81.64561,64.2,71.1,10.3,230.7,1021.0,4.7,0.0,187.6,99.0,Moderate,2022,10,20,Thursday,Autumn,0,33.862373,26.689587,16.560421,50.948326,26.130863,97.0,60.0,33.24343172709147,27.641594205583846,95.66666666666667,83.85714285714286,-0.8660254037844386,0.5000000000000001
2022-10-21,35.537426,52.946228,82.36736,64.8,71.8,9.2,260.9,1022.2,4.5,0.0,217.1,101.0,Unhealthy for Sensitive Groups,2022,10,21,Friday,Autumn,0,34.699898,31.168024,17.063787,51.947277,26.789492,99.0,61.0,34.69989903767904,30.280685424804688,99.0,89.57142857142857,-0.8660254037844386,0.5000000000000001
2022-10-22,36.37495,53.94518,83.08912,64.9,65.2,13.9,146.9,1023.1,4.9,0.0,204.5,103.0,Unhealthy for Sensitive Groups,2022,10,22,Saturday,Autumn,1,35.537426,33.862373,22.822382,52.946228,34.39369,101.0,74.0,35.53742472330729,32.21676662990025,101.0,93.71428571428571,-0.8660254037844386,0.5000000000000001
2022-10-23,37.212475,54.94413,83.810875,65.4,60.0,9.2,90.8,1022.0,5.2,0.0,212.7,105.0,Unhealthy for Sensitive Groups,2022,10,23,Sunday,Autumn,0,36.37495,34.699898,27.185108,53.94518,42.754753,103.0,83.0,36.37495040893555,33.64924757821219,103.0,96.85714285714286,-0.8660254037844386,0.5000000000000001
2022-10-24,38.050003,55.94308,84.53263,65.2,64.3,10.3,267.2,1015.9,5.2,0.0,217.9,107.0,Unhealthy for Sensitive Groups,2022,10,24,Monday,Autumn,0,37.212475,35.537426,26.689587,54.94413,50.45798,105.0,82.0,37.212476094563804,35.27216420854841,105.0,100.42857142857143,-0.8660254037844386,0.5000000000000001
2022-10-25,38.887527,56.942028,85.25439,64.8,66.4,13.9,288.1,1014.1,5.2,0.0,222.5,109.0,Unhealthy for Sensitive Groups,2022,10,25,Tuesday,Autumn,0,38.050003,36.37495,31.168024,55.94308,50.550236,107.0,91.0,38.050001780192055,36.37495040893555,107.0,103.0,-0.8660254037844386,0.5000000000000001
2022-10-26,39.72505,57.94098,85.97614,64.0,65.7,9.2,211.3,1019.2,5.2,0.0,171.4,111.0,Unhealthy for Sensitive Groups,2022,10,26,Wednesday,Autumn,0,38.887527,37.212475,33.862373,56.942028,50.948326,109.0,97.0,38.88752746582031,37.21247591291155,109.0,105.0,-0.8660254037844386,0.5000000000000001
2022-10-27,40.56258,58.93993,86.69791,63.5,79.0,12.8,220.9,1019.3,4.4,0.0,146.0,113.0,Unhealthy for Sensitive Groups,2022,10,27,Thursday,Autumn,0,39.72505,38.050003,34.699898,57.94098,51.947277,111.0,99.0,39.72505315144857,38.05000196184431,111.0,107.0,-0.8660254037844386,0.5000000000000001
2022-10-28,41.400105,59.93888,87.41966,63.4,77.1,9.2,249.3,1019.4,4.1,0.0,157.7,116.0,Unhealthy for Sensitive Groups,2022,10,28,Friday,Autumn,0,40.56258,38.887527,35.537426,58.93993,52.946228,113.0,101.0,40.56257883707682,38.88752746582031,113.33333333333333,109.14285714285714,-0.8660254037844386,0.5000000000000001
2022-10-29,42.23763,60.93783,88.14142,63.8,74.0,9.2,248.6,1020.1,4.5,0.0,167.5,118.0,Unhealthy for Sensitive Groups,2022,10,29,Saturday,Autumn,1,41.400105,39.72505,36.37495,59.93888,53.94518,116.0,103.0,41.40010452270508,39.725052969796316,115.66666666666667,111.28571428571429,-0.8660254037844386,0.5000000000000001
2022-10-30,43.075153,61.936783,88.863174,63.9,70.6,10.3,244.3,1020.6,5.0,0.0,186.0,120.0,Unhealthy for Sensitive Groups,2022,10,30,Sunday,Autumn,0,42.23763,40.56258,37.212475,60.93783,54.94413,118.0,105.0,42.23762893676758,40.56257847377232,118.0,113.42857142857143,-0.8660254037844386,0.5000000000000001
2022-10-31,43.91268,62.935734,89.58493,63.4,72.0,9.2,230.7,1020.4,4.3,0.0,207.7,122.0,Unhealthy for Sensitive Groups,2022,10,31,Monday,Autumn,0,43.075153,41.400105,38.050003,61.936783,55.94308,120.0,107.0,43.075154622395836,41.40010397774832,120.0,115.57142857142857,-0.8660254037844386,0.5000000000000001
2022-11-01,44.750206,63.93468,90.30669,63.2,72.5,9.2,251.8,1020.6,4.5,0.0,206.4,124.0,Unhealthy for Sensitive Groups,2022,11,1,Tuesday,Autumn,0,43.91268,42.23763,38.887527,62.935734,56.942028,122.0,109.0,43.912680308024086,42.23762948172433,122.0,117.71428571428571,-0.5000000000000004,0.8660254037844384
2022-11-02,45.58773,64.93363,91.02844,62.4,72.3,9.2,251.5,1018.8,4.8,0.0,208.3,126.0,Unhealthy for Sensitive Groups,2022,11,2,Wednesday,Autumn,0,44.750206,43.075153,39.72505,63.93468,57.94098,124.0,111.0,44.750205993652344,43.07515498570034,124.0,119.85714285714286,-0.5000000000000004,0.8660254037844384
2022-11-03,46.42526,65.93259,91.7502,61.9,66.7,9.2,204.9,1018.3,5.1,0.0,187.8,128.0,Unhealthy for Sensitive Groups,2022,11,3,Thursday,Autumn,0,45.58773,43.91268,40.56258,64.93363,58.93993,126.0,113.0,45.5877316792806,43.91268048967634,126.0,122.0,-0.5000000000000004,0.8660254037844384
2022-11-04,47.262783,66.93153,92.471954,62.3,71.8,8.9,155.2,1020.3,4.3,0.0,192.6,130.0,Unhealthy for Sensitive Groups,2022,11,4,Friday,Autumn,0,46.42526,44.750206,41.400105,65.93259,59.93888,128.0,116.0,46.42525736490885,44.750205993652344,128.0,124.0,-0.5000000000000004,0.8660254037844384
2022-11-05,48.100307,67.93048,93.19371,62.8,71.7,9.2,258.4,1022.5,4.4,0.0,200.3,132.0,Unhealthy for Sensitive Groups,2022,11,5,Saturday,Autumn,1,47.262783,45.58773,42.23763,66.93153,60.93783,130.0,118.0,47.26278305053711,45.58773149762835,130.0,126.0,-0.5000000000000004,0.8660254037844384
2022-11-06,45.08478,62.010372,95.75908,62.2,75.2,9.2,257.0,1022.7,4.3,0.0,162.4,125.0,Unhealthy for Sensitive Groups,2022,11,6,Sunday,Autumn,0,48.100307,46.42526,43.075153,67.93048,61.936783,132.0,120.0,46.815957387288414,45.87482125418527,129.0,126.71428571428571,-0.5000000000000004,0.8660254037844384
2022-11-07,41.356583,52.389233,71.62478,61.9,79.0,10.3,266.9,1021.4,4.5,0.0,175.4,115.0,Unhealthy for Sensitive Groups,2022,11,7,Monday,Autumn,0,45.08478,47.262783,43.91268,62.010372,62.935734,125.0,122.0,44.84722391764323,45.50966426304409,124.0,125.71428571428571,-0.5000000000000004,0.8660254037844384
2022-11-08,47.315994,60.2394,82.56292,61.8,75.3,8.1,233.3,1021.5,4.1,0.0,145.0,130.0,Unhealthy for Sensitive Groups,2022,11,8,Tuesday,Autumn,0,41.356583,48.100307,44.750206,52.389233,63.93468,115.0,124.0,44.58578618367513,45.87620544433594,123.33333333333333,126.57142857142857,-0.5000000000000004,0.8660254037844384
2022-11-09,44.28417,57.44998,79.65976,63.0,70.3,9.2,220.0,1021.5,4.1,0.0,136.2,123.0,Unhealthy for Sensitive Groups,2022,11,9,Wednesday,Autumn,0,47.315994,45.08478,45.58773,60.2394,64.93363,130.0,126.0,44.318915049235024,45.68998227800642,122.66666666666667,126.14285714285714,-0.5000000000000004,0.8660254037844384
2022-11-10,43.137466,56.101562,85.1907,62.1,72.3,10.3,254.8,1021.4,4.1,0.0,129.3,120.0,Unhealthy for Sensitive Groups,2022,11,10,Thursday,Autumn,0,44.28417,41.356583,46.42526,57.44998,65.93259,123.0,128.0,44.912542978922524,45.22029767717634,124.33333333333333,125.0,-0.5000000000000004,0.8660254037844384
2022-11-11,46.26163,58.650715,82.4114,61.2,73.5,9.2,219.4,1020.5,4.1,0.0,167.8,127.0,Unhealthy for Sensitive Groups,2022,11,11,Friday,Autumn,0,43.137466,47.315994,47.262783,56.101562,66.93153,120.0,130.0,44.56108856201172,45.077275957380024,123.33333333333333,124.57142857142857,-0.5000000000000004,0.8660254037844384
2022-11-12,47.558075,59.341717,81.398964,59.5,72.7,10.3,273.6,1019.9,4.3,0.0,182.5,131.0,Unhealthy for Sensitive Groups,2022,11,12,Saturday,Autumn,1,46.26163,44.28417,48.100307,58.650715,67.93048,127.0,132.0,45.652390797932945,44.99981416974749,126.0,124.42857142857143,-0.5000000000000004,0.8660254037844384
2022-11-13,49.02596,61.973686,83.35688,57.7,73.0,9.2,195.7,1019.3,4.4,0.0,174.2,134.0,Unhealthy for Sensitive Groups,2022,11,13,Sunday,Autumn,0,47.558075,43.137466,45.08478,59.341717,62.010372,131.0,125.0,47.615221659342446,45.56283950805664,130.66666666666666,125.71428571428571,-0.5000000000000004,0.8660254037844384
2022-11-14,59.09811,70.79,88.79968,58.3,75.5,10.3,241.1,1020.4,3.6,0.0,173.3,153.0,Unhealthy,2022,11,14,Monday,Autumn,0,49.02596,46.26163,41.356583,61.973686,52.389233,134.0,115.0,51.89404805501302,48.09734344482422,139.33333333333334,131.14285714285714,-0.5000000000000004,0.8660254037844384
2022-11-15,58.160507,67.58214,84.20156,58.8,75.3,9.2,238.3,1019.2,3.4,0.0,172.1,152.0,Unhealthy,2022,11,15,Tuesday,Autumn,0,59.09811,47.558075,47.315994,70.79,60.2394,153.0,130.0,55.428192138671875,49.64655957903181,146.33333333333334,134.28571428571428,-0.5000000000000004,0.8660254037844384
2022-11-16,55.14434,63.01415,76.37844,59.1,76.8,6.9,203.5,1017.9,3.7,0.0,143.5,149.0,Unhealthy for Sensitive Groups,2022,11,16,Wednesday,Autumn,0,58.160507,49.02596,44.28417,67.58214,57.44998,152.0,123.0,57.46765263875326,51.19801276070731,151.33333333333334,138.0,-0.5000000000000004,0.8660254037844384
2022-11-17,53.254086,61.33533,71.768166,57.8,77.0,6.9,209.4,1017.1,3.6,0.0,151.0,145.0,Unhealthy for Sensitive Groups,2022,11,17,Thursday,Autumn,0,55.14434,59.09811,43.137466,63.01415,56.101562,149.0,120.0,55.51964441935221,52.643244062151226,148.66666666666666,141.57142857142858,-0.5000000000000004,0.8660254037844384
2022-11-18,61.95403,69.419495,81.19278,58.7,76.7,9.2,182.7,1019.9,3.3,0.0,170.3,154.0,Unhealthy,2022,11,18,Friday,Autumn,0,53.254086,58.160507,46.26163,61.33533,58.650715,145.0,127.0,56.78415171305338,54.885015215192524,149.33333333333334,145.42857142857142,-0.5000000000000004,0.8660254037844384
2022-11-19,59.287067,65.970695,77.77389,59.1,72.9,8.1,231.6,1020.6,3.5,0.0,176.8,153.0,Unhealthy,2022,11,19,Saturday,Autumn,1,61.95403,55.14434,47.558075,69.419495,59.341717,154.0,131.0,58.165060679117836,56.56058556692941,150.66666666666666,148.57142857142858,-0.5000000000000004,0.8660254037844384
2022-11-20,47.470844,52.180817,62.883404,59.0,73.9,9.2,254.0,1019.1,3.9,0.0,186.5,130.0,Unhealthy for Sensitive Groups,2022,11,20,Sunday,Autumn,0,59.287067,53.254086,49.02596,65.970695,61.973686,153.0,134.0,56.23731358846029,56.338426317487446,145.66666666666666,148.0,-0.5000000000000004,0.8660254037844384
2022-11-21,45.72641,51.73196,66.452515,58.1,73.0,11.4,272.1,1017.1,4.5,0.0,187.2,126.0,Unhealthy for Sensitive Groups,2022,11,21,Monday,Autumn,0,47.470844,61.95403,59.09811,52.180817,70.79,130.0,153.0,50.82810719807943,54.42818341936384,136.33333333333334,144.14285714285714,-0.5000000000000004,0.8660254037844384
2022-11-22,48.539173,56.13472,72.674095,57.4,72.3,9.2,224.4,1017.2,4.5,0.0,179.4,133.0,Unhealthy for Sensitive Groups,2022,11,22,Tuesday,Autumn,0,45.72641,59.287067,58.160507,51.73196,67.58214,126.0,152.0,47.24547576904297,53.053707122802734,129.66666666666666,141.42857142857142,-0.5000000000000004,0.8660254037844384
2022-11-23,55.2481,61.982086,77.71294,56.9,75.2,8.1,198.3,1017.6,4.1,0.0,173.4,150.0,Unhealthy for Sensitive Groups,2022,11,23,Wednesday,Autumn,0,48.539173,47.470844,55.14434,56.13472,63.01415,133.0,149.0,49.837894439697266,53.06852994646345,136.33333333333334,141.57142857142858,-0.5000000000000004,0.8660254037844384
2022-11-24,46.049763,51.38392,63.71942,57.8,75.0,8.1,144.0,1018.4,4.2,0.0,168.3,127.0,Unhealthy for Sensitive Groups,2022,11,24,Thursday,Autumn,0,55.2481,45.72641,53.254086,61.982086,61.33533,150.0,145.0,49.9456787109375,52.03934097290039,136.66666666666666,139.0,-0.5000000000000004,0.8660254037844384
2022-11-25,50.748394,57.62425,72.87389,59.1,69.5,9.2,193.7,1020.6,4.2,0.0,184.0,139.0,Unhealthy for Sensitive Groups,2022,11,25,Friday,Autumn,0,46.049763,48.539173,61.95403,51.38392,69.419495,127.0,154.0,50.68208567301432,50.43853596278599,138.66666666666666,136.85714285714286,-0.5000000000000004,0.8660254037844384
2022-11-26,47.487015,52.513012,67.751045,59.0,71.1,9.2,259.8,1017.7,4.7,0.0,184.5,131.0,Unhealthy for Sensitive Groups,2022,11,26,Saturday,Autumn,1,50.748394,55.2481,59.287067,57.62425,65.970695,139.0,153.0,48.09505716959635,48.75281415666853,132.33333333333334,133.71428571428572,-0.5000000000000004,0.8660254037844384
2022-11-27,43.115997,47.10283,57.138752,58.4,72.3,8.1,237.5,1015.9,4.8,0.0,147.3,120.0,Unhealthy for Sensitive Groups,2022,11,27,Sunday,Autumn,0,47.487015,46.049763,47.470844,52.513012,52.180817,131.0,130.0,47.11713536580404,48.13069316319057,130.0,132.28571428571428,-0.5000000000000004,0.8660254037844384
2022-11-28,46.324417,49.866688,58.656406,57.2,76.7,8.1,232.9,1017.6,3.8,0.0,152.0,128.0,Unhealthy for Sensitive Groups,2022,11,28,Monday,Autumn,0,43.115997,50.748394,45.72641,47.10283,51.73196,120.0,126.0,45.642476399739586,48.21612276349749,126.33333333333333,132.57142857142858,-0.5000000000000004,0.8660254037844384
2022-11-29,51.57264,55.40882,65.17139,57.9,74.7,9.2,231.5,1019.5,3.7,0.0,173.0,141.0,Unhealthy for Sensitive Groups,2022,11,29,Tuesday,Autumn,0,46.324417,47.487015,48.539173,49.866688,56.13472,128.0,133.0,47.00435129801432,48.64947509765625,129.66666666666666,133.71428571428572,-0.5000000000000004,0.8660254037844384
2022-11-30,54.47881,60.33108,77.61785,57.1,75.5,8.1,233.7,1020.4,4.0,0.0,170.5,148.0,Unhealthy for Sensitive Groups,2022,11,30,Wednesday,Autumn,0,51.57264,43.115997,55.2481,55.40882,61.982086,141.0,150.0,50.7919553120931,48.539576394217356,139.0,133.42857142857142,-0.5000000000000004,0.8660254037844384
2022-12-01,49.173958,53.918056,67.524025,56.6,72.2,8.1,174.7,1019.0,4.6,0.0,170.1,135.0,Unhealthy for Sensitive Groups,2022,12,1,Thursday,Winter,0,54.47881,46.324417,46.049763,60.33108,51.38392,148.0,127.0,51.74180221557617,48.98588997977121,141.33333333333334,134.57142857142858,-2.4492935982947064e-16,1.0
2022-12-02,46.388264,50.402153,61.816875,56.5,71.9,8.1,165.2,1019.0,4.6,0.0,160.2,128.0,Unhealthy for Sensitive Groups,2022,12,2,Friday,Winter,0,49.173958,51.57264,50.748394,53.918056,57.62425,135.0,139.0,50.01367696126302,48.363014221191406,137.0,133.0,-2.4492935982947064e-16,1.0
2022-12-03,47.566177,51.256855,60.90467,56.2,72.6,8.1,196.0,1019.3,4.3,0.0,170.5,131.0,Unhealthy for Sensitive Groups,2022,12,3,Saturday,Winter,1,46.388264,54.47881,47.487015,50.402153,52.513012,128.0,131.0,47.709466298421226,48.374323163713726,131.33333333333334,133.0,-2.4492935982947064e-16,1.0
2022-12-04,50.271873,55.097637,67.98556,55.8,74.3,8.1,214.1,1019.4,4.1,0.0,174.4,137.0,Unhealthy for Sensitive Groups,2022,12,4,Sunday,Winter,0,47.566177,49.173958,43.115997,51.256855,47.10283,131.0,120.0,48.07543818155924,49.39659118652344,132.0,135.42857142857142,-2.4492935982947064e-16,1.0
2022-12-05,45.437057,49.572422,60.4001,56.1,74.0,9.2,199.3,1020.3,4.8,0.0,144.7,125.0,Unhealthy for Sensitive Groups,2022,12,5,Monday,Winter,0,50.271873,46.388264,46.324417,55.097637,49.866688,137.0,128.0,47.75836944580078,49.26982552664621,131.0,135.0,-2.4492935982947064e-16,1.0
2022-12-06,45.04675,49.189434,59.440422,55.3,72.1,6.9,173.1,1018.6,4.2,0.0,149.4,125.0,Unhealthy for Sensitive Groups,2022,12,6,Tuesday,Winter,0,45.437057,47.566177,51.57264,49.572422,55.40882,125.0,141.0,46.91856002807617,48.33755547659738,129.0,132.71428571428572,-2.4492935982947064e-16,1.0
2022-12-07,48.436417,51.890495,61.026524,54.9,73.9,13.9,175.3,1017.7,4.3,0.0,155.5,133.0,Unhealthy for Sensitive Groups,2022,12,7,Wednesday,Winter,0,45.04675,50.271873,54.47881,49.189434,60.33108,125.0,148.0,46.306741078694664,47.474356515066965,127.66666666666667,130.57142857142858,-2.4492935982947064e-16,1.0
2022-12-08,49.622143,53.140476,62.68802,55.3,71.6,8.1,198.8,1019.2,4.6,0.0,154.0,136.0,Unhealthy for Sensitive Groups,2022,12,8,Thursday,Winter,0,48.436417,45.437057,49.173958,51.890495,53.918056,133.0,135.0,47.701769510904946,47.53838293892996,131.33333333333334,130.71428571428572,-2.4492935982947064e-16,1.0
2022-12-09,49.689877,56.023563,75.514465,55.2,72.5,9.2,204.3,1018.6,4.4,0.0,158.1,136.0,Unhealthy for Sensitive Groups,2022,12,9,Friday,Winter,0,49.622143,45.04675,46.388264,53.140476,50.402153,136.0,128.0,49.24947865804037,48.010041918073384,135.0,131.85714285714286,-2.4492935982947064e-16,1.0
2022-12-10,53.96882,58.012432,68.40799,54.6,73.6,6.9,192.7,1018.7,4.0,0.0,169.0,146.0,Unhealthy for Sensitive Groups,2022,12,10,Saturday,Winter,1,49.689877,48.436417,47.566177,56.023563,51.256855,136.0,131.0,51.09361267089844,48.92470496041434,139.33333333333334,134.0,-2.4492935982947064e-16,1.0
2022-12-11,55.530952,62.060413,78.451515,54.9,69.6,10.3,230.3,1017.8,4.1,0.0,171.5,151.0,Unhealthy,2022,12,11,Sunday,Winter,0,53.96882,49.622143,50.271873,58.012432,55.097637,146.0,137.0,53.06321589152018,49.67600195748465,144.33333333333334,136.0,-2.4492935982947064e-16,1.0
2022-12-12,61.219162,67.52082,78.52627,54.6,70.1,6.9,161.5,1016.9,3.9,0.0,174.4,154.0,Unhealthy,2022,12,12,Monday,Winter,0,55.530952,49.689877,45.437057,62.060413,49.572422,151.0,125.0,56.90631103515625,51.93058831351144,150.33333333333334,140.14285714285714,-2.4492935982947064e-16,1.0
2022-12-13,74.51445,85.36525,130.34723,54.2,72.1,10.3,258.9,1017.5,3.9,0.0,172.8,161.0,Unhealthy,2022,12,13,Tuesday,Winter,0,61.219162,53.96882,45.04675,67.52082,49.189434,154.0,125.0,63.75485483805338,56.140259878976,155.33333333333334,145.28571428571428,-2.4492935982947064e-16,1.0
2022-12-14,66.82921,72.424706,87.416725,53.5,76.1,10.3,204.6,1017.5,3.3,0.0,150.7,157.0,Unhealthy,2022,12,14,Wednesday,Winter,0,74.51445,55.530952,48.436417,85.36525,51.890495,161.0,133.0,67.52094014485677,58.76780155726841,157.33333333333334,148.71428571428572,-2.4492935982947064e-16,1.0
2022-12-15,66.629135,72.48229,86.59927,54.8,73.9,9.2,244.8,1016.5,3.4,0.0,112.5,157.0,Unhealthy,2022,12,15,Thursday,Winter,0,66.82921,61.219162,49.622143,72.424706,53.140476,157.0,136.0,69.32426452636719,61.19737189156668,158.33333333333334,151.71428571428572,-2.4492935982947064e-16,1.0
2022-12-16,66.80877,71.93942,85.74513,55.8,77.2,10.3,185.9,1016.3,3.3,0.0,127.8,157.0,Unhealthy,2022,12,16,Friday,Winter,0,66.629135,74.51445,49.689877,72.48229,56.023563,157.0,136.0,66.75570424397786,63.642927987234934,157.0,154.71428571428572,-2.4492935982947064e-16,1.0
2022-12-17,68.759796,72.79859,85.2888,55.2,76.1,8.1,192.7,1018.7,2.8,0.8,96.3,158.0,Unhealthy,2022,12,17,Saturday,Winter,1,66.80877,66.82921,53.96882,71.93942,58.012432,157.0,146.0,67.39923350016277,65.75592476981026,157.33333333333334,156.42857142857142,-2.4492935982947064e-16,1.0
2022-12-18,69.86444,75.11952,96.83489,55.5,75.2,10.3,263.5,1019.5,3.3,0.0,96.0,158.0,Unhealthy,2022,12,18,Sunday,Winter,0,68.759796,66.629135,55.530952,72.79859,62.060413,158.0,151.0,68.47766876220703,67.8035659790039,157.66666666666666,157.42857142857142,-2.4492935982947064e-16,1.0
2022-12-19,57.413933,62.57687,79.72923,54.5,74.8,10.3,248.2,1017.8,3.9,0.0,96.7,152.0,Unhealthy,2022,12,19,Monday,Winter,0,69.86444,66.80877,61.219162,75.11952,67.52082,158.0,154.0,65.34605662027995,67.2599618094308,156.0,157.14285714285714,-2.4492935982947064e-16,1.0
2022-12-20,52.06542,55.647915,70.49076,53.9,74.2,9.2,174.3,1016.4,4.0,0.0,118.8,142.0,Unhealthy for Sensitive Groups,2022,12,20,Tuesday,Winter,0,57.413933,68.759796,74.51445,62.57687,85.36525,152.0,161.0,59.781263987223305,64.05295726231166,150.66666666666666,154.42857142857142,-2.4492935982947064e-16,1.0
2022-12-21,58.01604,61.08146,72.064514,54.3,77.0,9.2,228.9,1017.2,3.9,0.0,137.5,152.0,Unhealthy,2022,12,21,Wednesday,Winter,0,52.06542,69.86444,66.82921,55.647915,72.424706,142.0,157.0,55.83179728190104,62.79393332345145,148.66666666666666,153.71428571428572,-2.4492935982947064e-16,1.0
2022-12-22,57.47257,60.29882,70.46229,52.5,80.5,9.2,190.8,1016.4,3.3,0.0,164.8,152.0,Unhealthy,2022,12,22,Thursday,Winter,0,58.01604,57.413933,66.629135,61.08146,72.48229,152.0,157.0,55.85134251912435,61.4858523777553,148.66666666666666,153.0,-2.4492935982947064e-16,1.0
2022-12-23,54.52722,59.435276,72.92792,52.3,72.7,6.9,241.6,1016.8,3.9,0.0,162.3,148.0,Unhealthy for Sensitive Groups,2022,12,23,Friday,Winter,0,57.47257,52.06542,66.80877,60.29882,71.93942,152.0,157.0,56.67194366455078,59.73134558541434,150.66666666666666,151.71428571428572,-2.4492935982947064e-16,1.0
2022-12-24,65.25604,69.41486,79.19014,52.4,68.2,6.9,172.3,1017.8,3.7,0.0,145.0,156.0,Unhealthy,2022,12,24,Saturday,Winter,1,54.52722,58.01604,68.759796,59.435276,72.79859,148.0,158.0,59.08527755737305,59.230809347970144,152.0,151.42857142857142,-2.4492935982947064e-16,1.0
2022-12-25,61.226814,68.00148,88.48084,51.8,64.6,9.2,264.1,1018.3,4.0,0.0,175.6,154.0,Unhealthy,2022,12,25,Sunday,Winter,0,65.25604,57.47257,69.86444,69.41486,75.11952,156.0,158.0,60.336692810058594,57.9968626839774,152.66666666666666,150.85714285714286,-2.4492935982947064e-16,1.0
2022-12-26,53.97553,60.230946,80.17364,51.8,66.9,8.1,220.2,1020.0,4.3,0.0,163.4,146.0,Unhealthy for Sensitive Groups,2022,12,26,Monday,Winter,0,61.226814,54.52722,57.413933,68.00148,62.57687,154.0,152.0,60.1527951558431,57.50566210065569,152.0,150.0,-2.4492935982947064e-16,1.0
2023-01-04,46.225,51.258335,66.14709,49.6,72.4,10.3,206.2,1022.5,3.4,0.0,140.2,127.0,Unhealthy for Sensitive Groups,2023,1,4,Wednesday,Winter,0,52.8375,63.165943,56.244236,57.1875,61.450485,144.0,151.0,52.354740142822266,62.549099513462615,141.0,151.0,0.49999999999999994,0.8660254037844387
2023-01-05,42.458332,48.670834,67.161736,49.4,66.8,9.2,162.8,1024.2,3.9,0.0,160.3,118.0,Unhealthy for Sensitive Groups,2023,1,5,Thursday,Winter,0,46.225,58.00172,73.67924,51.258335,78.0609,127.0,160.0,47.17361068725586,58.08897018432617,129.66666666666666,145.0,0.49999999999999994,0.8660254037844387
2023-01-06,66.65,80.32083,110.73394,50.7,62.1,9.2,120.2,1025.1,3.7,0.0,176.5,157.0,Unhealthy,2023,1,6,Friday,Winter,0,42.458332,52.8375,75.60413,48.670834,79.65779,118.0,161.0,51.777777353922524,56.80980845860073,134.0,144.42857142857142,0.49999999999999994,0.8660254037844387
2023-01-07,67.30417,85.958336,154.75368,51.6,56.0,12.8,265.9,1023.4,4.4,0.0,188.0,157.0,Unhealthy,2023,1,7,Saturday,Winter,1,66.65,46.225,68.33016,80.32083,72.78022,157.0,158.0,58.80416742960612,56.66323798043387,144.0,144.28571428571428,0.49999999999999994,0.8660254037844387
2023-01-08,53.3875,64.23333,91.49361,51.7,52.6,8.1,106.8,1022.2,4.4,0.0,188.3,145.0,Unhealthy for Sensitive Groups,2023,1,8,Sunday,Winter,0,67.30417,42.458332,63.165943,85.958336,67.58265,157.0,155.0,62.44722366333008,55.266317640032085,153.0,142.85714285714286,0.49999999999999994,0.8660254037844387
2023-01-09,47.8375,61.779167,92.11627,52.2,53.6,8.1,159.8,1022.9,4.6,0.0,187.8,131.0,Unhealthy for Sensitive Groups,2023,1,9,Monday,Winter,0,53.3875,66.65,58.00172,64.23333,62.385075,145.0,152.0,56.17639032999674,53.814286368233816,144.33333333333334,139.85714285714286,0.49999999999999994,0.8660254037844387
2023-01-10,59.970833,84.775,143.8199,52.5,58.1,8.1,143.3,1020.3,4.3,0.0,183.7,153.0,Unhealthy,2023,1,10,Tuesday,Winter,0,47.8375,67.30417,52.8375,61.779167,57.1875,131.0,144.0,53.7319450378418,54.83333369663784,143.0,141.14285714285714,0.49999999999999994,0.8660254037844387
2023-01-11,58.008335,79.7375,131.25943,51.4,62.1,13.9,180.6,1017.9,4.4,0.0,185.6,152.0,Unhealthy,2023,1,11,Wednesday,Winter,0,59.970833,53.3875,46.225,84.775,51.258335,153.0,127.0,55.272223154703774,56.51666750226702,145.33333333333334,144.71428571428572,0.49999999999999994,0.8660254037844387
2023-01-12,52.3625,69.70417,106.23391,51.6,64.2,11.4,188.6,1016.0,4.3,0.0,183.2,143.0,Unhealthy for Sensitive Groups,2023,1,12,Thursday,Winter,0,58.008335,47.8375,42.458332,79.7375,48.670834,152.0,118.0,56.780555725097656,57.93154852730887,149.33333333333334,148.28571428571428,0.49999999999999994,0.8660254037844387
2023-01-13,44.9,58.85,92.42986,51.7,68.8,11.4,283.7,1016.9,4.5,0.0,181.7,124.0,Unhealthy for Sensitive Groups,2023,1,13,Friday,Winter,0,52.3625,59.970833,66.65,69.70417,80.32083,143.0,157.0,51.756945292154946,54.824405670166016,139.66666666666666,143.57142857142858,0.49999999999999994,0.8660254037844387
2023-01-14,40.929165,59.179165,101.53222,51.3,63.0,13.9,288.1,1016.3,4.7,0.0,182.7,114.0,Unhealthy for Sensitive Groups,2023,1,14,Saturday,Winter,1,44.9,58.008335,67.30417,58.85,85.958336,124.0,157.0,46.06388854980469,51.05654798235212,127.0,137.42857142857142,0.49999999999999994,0.8660254037844387
2023-01-15,47.958332,59.820835,91.3575,49.7,69.5,10.3,244.5,1014.8,3.8,0.0,161.0,132.0,Unhealthy for Sensitive Groups,2023,1,15,Sunday,Winter,0,40.929165,52.3625,53.3875,59.179165,64.23333,114.0,145.0,44.59583282470703,50.28095245361328,123.33333333333333,135.57142857142858,0.49999999999999994,0.8660254037844387
2023-01-16,64.2375,68.229164,81.89422,48.9,75.2,9.2,223.9,1016.5,2.9,0.0,149.2,156.0,Unhealthy,2023,1,16,Monday,Winter,0,47.958332,44.9,47.8375,59.820835,61.779167,132.0,131.0,51.041666666666664,52.623809814453125,134.0,139.14285714285714,0.49999999999999994,0.8660254037844387
2023-01-17,61.95,67.00833,82.65743,49.1,73.3,8.1,244.3,1016.9,2.8,0.0,153.2,154.0,Unhealthy,2023,1,17,Tuesday,Winter,0,64.2375,40.929165,59.970833,68.229164,84.775,156.0,153.0,58.04861195882162,52.906548091343474,147.33333333333334,139.28571428571428,0.49999999999999994,0.8660254037844387
2023-01-18,58.391666,66.066666,87.89432,48.6,69.0,8.1,245.3,1019.1,3.1,0.0,169.1,152.0,Unhealthy,2023,1,18,Wednesday,Winter,0,61.95,47.958332,58.008335,67.00833,79.7375,154.0,152.0,61.526390075683594,52.96130970546177,154.0,139.28571428571428,0.49999999999999994,0.8660254037844387
2023-01-19,59.979168,66.36667,84.20989,47.7,72.3,11.4,257.0,1020.6,2.5,0.0,138.9,153.0,Unhealthy,2023,1,19,Thursday,Winter,0,58.391666,64.2375,52.3625,66.066666,69.70417,152.0,143.0,60.1069450378418,54.04940523420061,153.0,140.71428571428572,0.49999999999999994,0.8660254037844387
2023-01-20,73.041664,79.97083,103.45319,50.0,72.4,11.4,251.9,1020.0,2.4,0.0,182.1,160.0,Unhealthy,2023,1,20,Friday,Winter,0,59.979168,61.95,44.9,66.36667,58.85,153.0,124.0,63.80416615804037,58.06964274815151,155.0,145.85714285714286,0.49999999999999994,0.8660254037844387
2023-01-21,58.670834,70.995834,111.2805,51.8,61.2,17.2,306.8,1018.8,3.8,0.0,199.0,153.0,Unhealthy,2023,1,21,Saturday,Winter,1,73.041664,58.391666,40.929165,79.97083,59.179165,160.0,114.0,63.89722188313802,60.60416684831892,155.33333333333334,151.42857142857142,0.49999999999999994,0.8660254037844387
2023-01-22,54.329166,78.21667,134.7493,51.8,50.9,16.1,295.9,1019.2,4.5,0.0,200.4,147.0,Unhealthy for Sensitive Groups,2023,1,22,Sunday,Winter,0,58.670834,59.979168,47.958332,70.995834,59.820835,153.0,132.0,62.01388804117838,61.514286041259766,153.33333333333334,153.57142857142858,0.49999999999999994,0.8660254037844387
2023-01-23,46.304165,62.366665,101.76959,53.4,51.0,12.8,292.3,1018.5,4.5,0.0,201.5,128.0,Unhealthy for Sensitive Groups,2023,1,23,Monday,Winter,0,54.329166,73.041664,64.2375,78.21667,68.229164,147.0,156.0,53.10138829549154,58.95238058907645,142.66666666666666,149.57142857142858,0.49999999999999994,0.8660254037844387
2023-01-24,38.85,49.545834,73.14843,54.3,58.2,18.3,286.7,1019.6,4.1,0.0,195.6,109.0,Unhealthy for Sensitive Groups,2023,1,24,Tuesday,Winter,0,46.304165,58.670834,61.95,62.366665,67.00833,128.0,154.0,46.49444325764974,55.6523802621024,128.0,143.14285714285714,0.49999999999999994,0.8660254037844387
2023-01-25,41.808334,53.441666,80.73,56.1,64.3,15.0,298.0,1019.5,3.4,0.0,193.3,117.0,Unhealthy for Sensitive Groups,2023,1,25,Wednesday,Winter,0,38.85,54.329166,58.391666,49.545834,66.066666,109.0,152.0,42.32083257039388,53.28333282470703,118.0,138.14285714285714,0.49999999999999994,0.8660254037844387
2023-01-26,50.304165,59.566666,82.437225,57.3,62.2,12.8,287.7,1019.1,3.9,0.0,192.9,137.0,Unhealthy for Sensitive Groups,2023,1,26,Thursday,Winter,0,41.808334,46.304165,59.979168,53.441666,66.36667,117.0,153.0,43.65416590372721,51.901189531598774,121.0,135.85714285714286,0.49999999999999994,0.8660254037844387
2023-01-27,40.758335,61.491665,105.97943,56.1,59.8,11.4,309.6,1018.6,4.3,0.0,207.8,114.0,Unhealthy for Sensitive Groups,2023,1,27,Friday,Winter,0,50.304165,38.85,73.041664,59.566666,79.97083,137.0,160.0,44.29027811686198,47.289285387311665,122.66666666666667,129.28571428571428,0.49999999999999994,0.8660254037844387
2023-01-28,35.991665,49.779167,76.68799,54.6,55.4,10.3,223.6,1017.2,4.6,0.0,203.0,102.0,Unhealthy for Sensitive Groups,2023,1,28,Saturday,Winter,1,40.758335,41.808334,58.670834,61.491665,70.995834,114.0,153.0,42.35138829549154,44.04940414428711,117.66666666666667,122.0,0.49999999999999994,0.8660254037844387
2023-01-29,41.0375,51.358334,75.25524,55.1,60.7,8.1,129.9,1019.4,3.9,0.0,196.9,115.0,Unhealthy for Sensitive Groups,2023,1,29,Sunday,Winter,0,35.991665,50.304165,54.329166,49.779167,78.21667,102.0,147.0,39.262499491373696,42.15059443882534,110.33333333333333,117.42857142857143,0.49999999999999994,0.8660254037844387
2023-01-30,66.0375,79.89167,108.42978,56.1,67.6,5.8,138.8,1021.9,2.6,0.0,182.4,156.0,Unhealthy,2023,1,30,Monday,Winter,0,41.0375,40.758335,46.304165,51.358334,62.366665,115.0,128.0,47.68888727823893,44.9696420942034,124.33333333333333,121.42857142857143,0.49999999999999994,0.8660254037844387
2023-01-31,90.3875,140.66667,278.39496,59.1,59.9,11.4,281.5,1018.8,3.4,0.0,198.3,169.0,Unhealthy,2023,1,31,Tuesday,Winter,0,66.0375,35.991665,38.85,79.89167,49.545834,156.0,109.0,65.82083129882812,52.3321418762207,146.66666666666666,130.0,0.49999999999999994,0.8660254037844387
2023-02-01,59.6,81.625,137.70013,56.9,55.9,11.4,293.8,1017.0,4.2,0.0,208.8,153.0,Unhealthy,2023,2,1,Wednesday,Winter,0,90.3875,41.0375,41.808334,140.66667,53.441666,169.0,117.0,72.00833129882812,54.873808179582866,159.33333333333334,135.14285714285714,0.8660254037844386,0.5000000000000001
2023-02-02,62.441666,80.01667,120.02025,56.4,59.3,10.3,188.1,1018.0,4.0,0.0,207.8,155.0,Unhealthy,2023,2,2,Thursday,Winter,0,59.6,66.0375,50.304165,81.625,59.566666,153.0,137.0,70.80972035725911,56.60773686000279,159.0,137.71428571428572,0.8660254037844386,0.5000000000000001
2023-02-03,59.929165,75.04583,111.493866,55.8,63.1,10.3,189.4,1018.5,3.7,0.0,196.3,153.0,Unhealthy,2023,2,3,Friday,Winter,0,62.441666,90.3875,40.758335,80.01667,61.491665,155.0,114.0,60.656943003336586,59.346426827566965,153.66666666666666,143.28571428571428,0.8660254037844386,0.5000000000000001
2023-02-04,65.775,78.916664,116.452515,56.1,65.2,9.2,184.8,1015.9,3.7,0.0,189.9,156.0,Unhealthy,2023,2,4,Saturday,Winter,1,59.929165,59.6,35.991665,75.04583,49.779167,153.0,102.0,62.715277353922524,63.601189204624724,154.66666666666666,151.0,0.8660254037844386,0.5000000000000001
2023-02-05,60.55,78.4125,118.89909,55.5,65.8,12.8,179.8,1015.4,3.7,0.0,114.0,154.0,Unhealthy,2023,2,5,Sunday,Winter,0,65.775,62.441666,41.0375,78.916664,51.358334,156.0,115.0,62.08472188313802,66.38868931361607,154.33333333333334,156.57142857142858,0.8660254037844386,0.5000000000000001
2023-02-06,66.72083,82.6,126.77921,55.8,68.6,10.3,212.1,1015.4,3.2,0.0,132.6,157.0,Unhealthy,2023,2,6,Monday,Winter,0,60.55,59.929165,66.0375,78.4125,79.89167,154.0,156.0,64.34861119588216,66.48630850655692,155.66666666666666,156.71428571428572,0.8660254037844386,0.5000000000000001
2023-02-07,56.2875,72.30417,111.47674,55.4,64.4,10.3,244.7,1013.5,3.4,0.0,162.8,151.0,Unhealthy,2023,2,7,Tuesday,Winter,0,66.72083,65.775,90.3875,82.6,140.66667,157.0,169.0,61.186110178629555,61.61488015311105,154.0,154.14285714285714,0.8660254037844386,0.5000000000000001
2023-02-08,53.4625,72.95417,125.4493,54.6,64.5,9.2,233.8,1015.6,3.6,0.0,188.0,145.0,Unhealthy for Sensitive Groups,2023,2,8,Wednesday,Winter,0,56.2875,60.55,59.6,72.30417,81.625,151.0,153.0,58.82361094156901,60.73809487479074,151.0,153.0,0.8660254037844386,0.5000000000000001
2023-02-09,58.770832,69.05417,97.83381,54.9,71.5,10.3,216.2,1016.5,3.1,0.0,142.1,153.0,Unhealthy,2023,2,9,Thursday,Winter,0,53.4625,66.72083,62.441666,72.95417,80.01667,145.0,155.0,56.17361068725586,60.21369007655552,149.66666666666666,152.71428571428572,0.8660254037844386,0.5000000000000001
2023-02-10,58.691666,75.65,136.17921,55.8,70.4,13.9,283.2,1016.8,3.1,0.0,203.2,153.0,Unhealthy,2023,2,10,Friday,Winter,0,58.770832,56.2875,59.929165,69.05417,75.04583,153.0,153.0,56.97499974568685,60.03690447126116,150.33333333333334,152.71428571428572,0.8660254037844386,0.5000000000000001
2023-02-11,52.3125,71.65,132.5659,57.4,63.2,12.8,311.2,1016.8,3.9,0.0,223.2,142.0,Unhealthy for Sensitive Groups,2023,2,11,Saturday,Winter,1,58.691666,53.4625,65.775,75.65,78.916664,153.0,156.0,56.59166590372721,58.11368996756418,149.33333333333334,150.71428571428572,0.8660254037844386,0.5000000000000001
2023-02-12,41.525,83.354164,195.85922,56.1,55.1,12.8,291.7,1015.6,4.5,0.0,208.1,116.0,Unhealthy for Sensitive Groups,2023,2,12,Sunday,Winter,0,52.3125,58.770832,60.55,71.65,78.4125,142.0,154.0,50.843055725097656,55.39583315168108,137.0,145.28571428571428,0.8660254037844386,0.5000000000000001
2023-02-13,44.479168,78.55,154.15135,53.7,61.9,16.1,195.3,1014.3,3.6,0.0,229.5,123.0,Unhealthy for Sensitive Groups,2023,2,13,Monday,Winter,0,41.525,58.691666,66.72083,83.354164,82.6,116.0,157.0,46.10555648803711,52.21845245361328,127.0,140.42857142857142,0.8660254037844386,0.5000000000000001
2023-02-14,43.3125,77.73333,148.41757,54.6,61.8,11.4,218.8,1017.6,3.7,0.0,207.6,120.0,Unhealthy for Sensitive Groups,2023,2,14,Tuesday,Winter,0,44.479168,52.3125,56.2875,78.55,72.30417,123.0,151.0,43.10555648803711,50.364881243024556,119.66666666666667,136.0,0.8660254037844386,0.5000000000000001
2023-02-15,34.291668,83.725,165.0098,58.2,54.4,13.9,216.2,1016.9,4.3,0.0,205.7,98.0,Moderate,2023,2,15,Wednesday,Winter,0,43.3125,41.525,53.4625,77.73333,72.95417,120.0,145.0,40.694445292154946,47.62619073050363,113.66666666666667,129.28571428571428,0.8660254037844386,0.5000000000000001
2023-02-16,34.841667,70.42083,142.94426,61.9,53.0,10.3,227.6,1019.5,4.0,0.0,215.9,99.0,Moderate,2023,2,16,Thursday,Winter,0,34.291668,44.479168,58.770832,83.725,69.05417,98.0,153.0,37.4819450378418,44.2077386038644,105.66666666666667,121.57142857142857,0.8660254037844386,0.5000000000000001
2023-02-17,40.102432,75.99618,145.17009,60.3,59.2,98.0,279.7,1021.2,3.9,0.0,233.2,112.0,Unhealthy for Sensitive Groups,2023,2,17,Friday,Winter,0,34.841667,43.3125,58.691666,70.42083,75.65,99.0,153.0,36.411922454833984,41.55213383265904,103.0,115.71428571428571,0.8660254037844386,0.5000000000000001
2023-02-18,45.363194,81.571526,147.3959,60.4,59.5,10.3,253.9,1020.7,3.7,0.0,235.8,125.0,Unhealthy for Sensitive Groups,2023,2,18,Saturday,Winter,1,40.102432,34.291668,52.3125,75.99618,71.65,112.0,142.0,40.102430979410805,40.55937576293945,112.0,113.28571428571429,0.8660254037844386,0.5000000000000001
2023-02-19,50.62396,87.14687,149.62172,61.9,59.2,98.0,275.9,1019.6,3.6,0.0,229.9,138.0,Unhealthy for Sensitive Groups,2023,2,19,Sunday,Winter,0,45.363194,34.841667,41.525,81.571526,83.354164,125.0,116.0,45.36319478352865,41.859226771763396,125.0,116.42857142857143,0.8660254037844386,0.5000000000000001
2023-02-20,55.884724,92.72222,151.84753,60.5,64.8,12.8,191.0,1018.0,3.6,0.0,174.5,151.0,Unhealthy,2023,2,20,Monday,Winter,0,50.62396,40.102432,44.479168,87.14687,78.55,138.0,123.0,50.623958587646484,43.488591875348774,138.0,120.42857142857143,0.8660254037844386,0.5000000000000001
2023-02-21,61.145485,98.29757,154.07336,61.0,70.8,11.4,221.3,1018.0,2.7,0.0,149.1,154.0,Unhealthy,2023,2,21,Tuesday,Winter,0,55.884724,45.363194,43.3125,92.72222,77.73333,151.0,120.0,55.88472239176432,46.03616115025112,147.66666666666666,125.28571428571429,0.8660254037844386,0.5000000000000001
2023-02-22,66.40625,103.87292,156.29918,61.8,61.7,12.8,289.7,1016.4,3.4,0.0,213.5,157.0,Unhealthy,2023,2,22,Wednesday,Winter,0,61.145485,50.62396,34.291668,98.29757,83.725,154.0,98.0,61.145486195882164,50.623958587646484,154.0,133.71428571428572,0.8660254037844386,0.5000000000000001
2023-02-23,71.667015,109.448265,158.525,61.4,65.6,13.9,206.8,1015.8,3.5,0.0,232.2,159.0,Unhealthy,2023,2,23,Thursday,Winter,0,66.40625,55.884724,34.841667,103.87292,70.42083,157.0,99.0,66.40625,55.884722573416575,156.66666666666666,142.28571428571428,0.8660254037844386,0.5000000000000001
2023-02-24,76.92778,115.02361,160.75081,60.0,66.7,15.7,202.9,1018.4,3.6,0.0,232.2,162.0,Unhealthy,2023,2,24,Friday,Winter,0,71.667015,61.145485,40.102432,109.448265,75.99618,159.0,112.0,71.6670150756836,61.145486559186665,159.33333333333334,149.42857142857142,0.8660254037844386,0.5000000000000001
2023-02-25,82.188545,120.59896,162.97662,60.0,70.8,15.0,206.8,1021.7,3.3,0.0,195.9,165.0,Unhealthy,2023,2,25,Saturday,Winter,1,76.92778,66.40625,45.363194,115.02361,81.571526,162.0,125.0,76.92778015136719,66.40625108991351,162.0,155.14285714285714,0.8660254037844386,0.5000000000000001
2023-02-26,87.4493,126.17431,165.20245,57.3,76.4,16.1,193.3,1023.7,3.1,1.0,174.3,167.0,Unhealthy,2023,2,26,Sunday,Winter,0,82.188545,71.667015,50.62396,120.59896,87.14687,165.0,138.0,82.18854268391927,71.66701453072685,164.66666666666666,159.28571428571428,0.8660254037844386,0.5000000000000001
2023-02-27,92.71007,131.74965,167.42827,56.4,73.1,11.4,224.1,1022.6,3.6,2.5,187.0,170.0,Unhealthy,2023,2,27,Monday,Winter,0,87.4493,76.92778,55.884724,126.17431,92.72222,167.0,151.0,87.44930521647136,76.92777797154018,167.33333333333334,162.0,0.8660254037844386,0.5000000000000001
2023-02-28,97.97083,137.325,169.65408,59.3,71.8,12.8,218.4,1022.3,3.0,0.0,236.9,173.0,Unhealthy,2023,2,28,Tuesday,Winter,0,92.71007,82.188545,61.145485,131.74965,98.29757,170.0,154.0,92.71006774902344,82.18854195731026,170.0,164.71428571428572,0.8660254037844386,0.5000000000000001
2023-03-01,107.32083,147.0875,180.03703,60.9,72.0,10.3,247.9,1023.5,2.7,0.0,223.2,178.0,Unhealthy,2023,3,1,Wednesday,Spring,0,97.97083,87.4493,66.40625,137.325,103.87292,173.0,157.0,99.3339106241862,88.03348214285714,173.66666666666666,167.71428571428572,1.0,6.123233995736766e-17
2023-03-02,96.308334,133.95833,165.86826,62.0,69.9,10.3,213.3,1022.9,2.6,0.8,220.8,172.0,Unhealthy,2023,3,2,Thursday,Spring,0,107.32083,92.71007,71.667015,147.0875,109.448265,178.0,159.0,100.53333282470703,91.55367061070034,174.33333333333334,169.57142857142858,1.0,6.123233995736766e-17
2023-03-03,94.86667,131.66667,162.56396,63.0,70.7,12.8,195.6,1022.8,2.7,0.0,235.5,171.0,Unhealthy,2023,3,3,Friday,Spring,0,96.308334,97.97083,76.92778,133.95833,115.02361,172.0,162.0,99.49861145019531,94.11636897495815,173.66666666666666,170.85714285714286,1.0,6.123233995736766e-17
2023-03-04,99.791664,137.47917,168.3871,63.9,73.6,15.0,202.2,1023.2,2.7,0.3,207.4,174.0,Unhealthy,2023,3,4,Saturday,Spring,1,94.86667,107.32083,82.188545,131.66667,120.59896,171.0,165.0,96.98888905843098,96.63110024588448,172.33333333333334,172.14285714285714,1.0,6.123233995736766e-17
2023-03-05,95.145836,131.52083,162.33318,64.0,68.0,12.8,249.4,1022.0,3.0,2.3,215.8,171.0,Unhealthy,2023,3,5,Sunday,Spring,0,99.791664,96.308334,87.4493,137.47917,126.17431,174.0,167.0,96.6013895670573,97.73060498918805,172.0,172.71428571428572,1.0,6.123233995736766e-17
2023-03-06,89.59583,119.55,147.1225,63.4,68.0,13.9,215.5,1019.4,3.2,0.0,230.3,169.0,Unhealthy,2023,3,6,Monday,Spring,0,95.145836,94.86667,92.71007,131.52083,131.74965,171.0,170.0,94.84444427490234,97.28571428571429,171.33333333333334,172.57142857142858,1.0,6.123233995736766e-17
2023-03-07,79.270836,110.629166,148.27336,63.3,57.5,12.7,204.7,1020.5,4.0,0.0,256.1,163.0,Unhealthy,2023,3,7,Tuesday,Spring,0,89.59583,99.791664,97.97083,119.55,137.325,169.0,173.0,88.00416819254558,94.61428615025112,167.66666666666666,171.14285714285714,1.0,6.123233995736766e-17
2023-03-08,112.475,151.375,176.6324,58.3,71.8,9.2,92.2,1023.3,3.1,0.8,128.4,180.0,Unhealthy,2023,3,8,Wednesday,Spring,0,79.270836,95.145836,107.32083,110.629166,147.0875,163.0,178.0,93.78055572509766,95.35059574672154,170.66666666666666,171.42857142857142,1.0,6.123233995736766e-17
2023-03-09,74.729164,104.308334,139.29932,60.1,60.5,11.4,288.8,1021.5,4.1,0.0,227.7,161.0,Unhealthy,2023,3,9,Thursday,Spring,0,112.475,89.59583,96.308334,151.375,133.95833,180.0,172.0,88.8249994913737,92.26785714285714,168.0,169.85714285714286,1.0,6.123233995736766e-17
2023-03-10,73.4,106.07917,148.29282,62.4,52.9,15.0,181.6,1020.8,4.3,0.0,251.2,160.0,Unhealthy,2023,3,10,Friday,Spring,0,74.729164,79.270836,94.86667,104.308334,131.66667,161.0,171.0,86.86805470784505,89.20119040352958,167.0,168.28571428571428,1.0,6.123233995736766e-17
2023-03-11,78.8625,113.65,145.67397,60.4,61.6,10.3,142.8,1021.5,3.9,0.0,239.3,163.0,Unhealthy,2023,3,11,Saturday,Spring,1,73.4,112.475,99.791664,106.07917,137.47917,160.0,174.0,75.6638895670573,86.21131025041852,161.33333333333334,166.71428571428572,1.0,6.123233995736766e-17
2023-03-12,88.94583,125.4,156.21103,61.7,63.9,49.4,152.3,1021.5,3.4,0.0,256.5,168.0,Unhealthy,2023,3,12,Sunday,Spring,0,78.8625,74.729164,95.145836,113.65,131.52083,163.0,171.0,80.40277862548828,85.32559531075614,163.66666666666666,166.28571428571428,1.0,6.123233995736766e-17
2023-03-13,99.95,128.07083,147.42203,63.5,65.4,13.9,217.5,1019.7,2.8,0.0,205.6,174.0,Unhealthy,2023,3,13,Monday,Spring,0,88.94583,73.4,89.59583,125.4,119.55,168.0,169.0,89.25277709960938,86.8047616141183,168.33333333333334,167.0,1.0,6.123233995736766e-17
2023-03-14,90.4,122.5875,148.06386,63.5,63.7,17.2,277.5,1017.0,3.0,0.8,205.0,169.0,Unhealthy,2023,3,14,Tuesday,Spring,0,99.95,78.8625,79.270836,128.07083,110.629166,174.0,163.0,93.0986099243164,88.39464242117745,170.33333333333334,167.85714285714286,1.0,6.123233995736766e-17
2023-03-15,91.104164,121.359726,144.11526,62.6,51.8,11.4,170.0,1016.2,4.9,2.9,244.3,169.0,Unhealthy,2023,3,15,Wednesday,Spring,0,90.4,88.94583,112.475,122.5875,151.375,169.0,180.0,93.81805419921875,85.34166608537946,170.66666666666666,166.28571428571428,1.0,6.123233995736766e-17
2023-03-16,91.808334,120.13194,140.16666,62.2,62.5,13.9,219.7,1018.1,3.5,0.0,234.7,170.0,Unhealthy,2023,3,16,Thursday,Spring,0,91.104164,99.95,74.729164,121.359726,104.308334,169.0,161.0,91.10416666666667,87.78154754638672,169.33333333333334,167.57142857142858,1.0,6.123233995736766e-17
2023-03-17,92.5125,118.90417,136.21806,60.5,71.2,12.8,238.5,1019.3,2.8,6.6,209.3,170.0,Unhealthy,2023,3,17,Friday,Spring,0,91.808334,90.4,73.4,120.13194,106.07917,170.0,160.0,91.80833180745442,90.51190403529576,169.66666666666666,169.0,1.0,6.123233995736766e-17
2023-03-18,63.2875,87.21667,105.22828,58.7,76.2,13.9,177.1,1017.8,3.4,3.0,188.2,155.0,Unhealthy,2023,3,18,Saturday,Spring,1,92.5125,91.104164,78.8625,118.90417,113.65,170.0,163.0,82.5361099243164,88.28690338134766,165.0,167.85714285714286,1.0,6.123233995736766e-17
2023-03-19,39.054165,54.041668,67.13107,59.7,73.6,11.4,185.8,1015.1,4.3,0.0,156.2,110.0,Unhealthy for Sensitive Groups,2023,3,19,Sunday,Spring,0,63.2875,91.808334,88.94583,87.21667,125.4,155.0,168.0,64.95138676961263,81.15952246529716,145.0,159.57142857142858,1.0,6.123233995736766e-17
2023-03-20,25.591667,32.3,38.7912,57.3,82.5,9.2,209.5,1013.7,4.1,17.0,114.2,79.0,Moderate,2023,3,20,Monday,Spring,0,39.054165,92.5125,99.95,54.041668,128.07083,110.0,174.0,42.64444351196289,70.5369039263044,114.66666666666667,146.0,1.0,6.123233995736766e-17
2023-03-21,18.883333,23.658333,33.628033,57.7,79.5,8.1,155.9,1014.0,5.3,8.9,153.8,65.0,Moderate,2023,3,21,Tuesday,Spring,0,25.591667,63.2875,90.4,32.3,122.5875,79.0,169.0,27.843055089314777,60.32023702348982,84.66666666666667,131.14285714285714,1.0,6.123233995736766e-17
2023-03-22,20.7125,28.341667,42.303192,61.3,64.7,20.1,279.6,1013.4,5.5,0.5,247.0,69.0,Moderate,2023,3,22,Wednesday,Spring,0,18.883333,39.054165,91.104164,23.658333,121.359726,65.0,169.0,21.729166666666668,50.26428495134626,71.0,116.85714285714286,1.0,6.123233995736766e-17
2023-03-23,43.2375,62.25,82.95373,60.9,67.4,17.2,216.3,1012.8,4.7,0.0,237.7,120.0,Unhealthy for Sensitive Groups,2023,3,23,Thursday,Spring,0,20.7125,25.591667,91.808334,28.341667,120.13194,69.0,170.0,27.61111068725586,43.32559422084263,84.66666666666667,109.71428571428571,1.0,6.123233995736766e-17
2023-03-24,50.658333,71.6125,89.997345,63.3,63.8,20.1,216.8,1015.4,4.0,0.0,216.1,138.0,Unhealthy for Sensitive Groups,2023,3,24,Friday,Spring,0,43.2375,18.883333,92.5125,62.25,118.90417,120.0,170.0,38.20277722676595,37.34642791748047,109.0,105.14285714285714,1.0,6.123233995736766e-17
2023-03-25,60.066666,85.42083,107.62878,63.2,60.4,17.2,305.3,1017.8,4.7,0.0,248.8,153.0,Unhealthy,2023,3,25,Saturday,Spring,1,50.658333,20.7125,63.2875,71.6125,87.21667,138.0,155.0,51.32083257039388,36.88630894252232,137.0,104.85714285714286,1.0,6.123233995736766e-17
2023-03-26,54.479168,76.90833,101.766075,64.7,49.5,12.8,254.5,1015.7,4.6,0.0,273.0,148.0,Unhealthy for Sensitive Groups,2023,3,26,Sunday,Spring,0,60.066666,43.2375,39.054165,85.42083,54.041668,153.0,110.0,55.06805547078451,39.08988080705915,146.33333333333334,110.28571428571429,1.0,6.123233995736766e-17
2023-03-27,49.4875,71.42917,95.87869,64.5,48.9,16.1,206.0,1014.0,4.4,0.0,258.7,135.0,Unhealthy for Sensitive Groups,2023,3,27,Monday,Spring,0,54.479168,50.658333,25.591667,76.90833,32.3,148.0,79.0,54.67777760823568,42.50357110159738,145.33333333333334,118.28571428571429,1.0,6.123233995736766e-17
2023-03-28,63.091667,91.36667,124.26054,64.5,47.0,15.0,194.3,1015.0,4.3,0.0,275.6,155.0,Unhealthy,2023,3,28,Tuesday,Spring,0,49.4875,60.066666,18.883333,71.42917,23.658333,135.0,65.0,55.68611145019531,48.81904738289969,146.0,131.14285714285714,1.0,6.123233995736766e-17
2023-03-29,83.77917,121.395836,153.16338,64.3,50.7,17.2,209.5,1016.8,3.8,0.0,272.8,166.0,Unhealthy,2023,3,29,Wednesday,Spring,0,63.091667,54.479168,20.7125,91.36667,28.341667,155.0,69.0,65.45277786254883,57.82857131958008,152.0,145.0,1.0,6.123233995736766e-17
2023-03-30,91.55,131.4125,165.7726,64.8,53.3,15.0,207.7,1015.1,4.0,0.0,277.6,170.0,Unhealthy,2023,3,30,Thursday,Spring,0,83.77917,49.4875,43.2375,121.395836,62.25,166.0,120.0,79.47361246744792,64.73035757882255,163.66666666666666,152.14285714285714,1.0,6.123233995736766e-17
2023-03-31,90.05417,121.941666,141.4798,58.6,76.0,15.0,154.2,1016.1,3.0,7.6,135.3,169.0,Unhealthy,2023,3,31,Friday,Spring,0,91.55,63.091667,50.658333,131.4125,71.6125,170.0,138.0,88.46111297607422,70.35833413260323,168.33333333333334,156.57142857142858,1.0,6.123233995736766e-17
2023-04-01,37.441666,47.629166,56.487152,56.7,80.4,17.2,147.4,1015.1,4.5,5.3,182.6,106.0,Unhealthy for Sensitive Groups,2023,4,1,Saturday,Spring,1,90.05417,83.77917,60.066666,121.941666,85.42083,169.0,153.0,73.01527913411458,67.12619127546039,148.33333333333334,149.85714285714286,0.8660254037844387,-0.4999999999999998
2023-04-02,31.483334,41.95,52.440865,57.6,75.4,15.0,230.4,1012.5,5.1,0.0,230.8,92.0,Moderate,2023,4,2,Sunday,Spring,0,37.441666,91.55,54.479168,47.629166,76.90833,106.0,148.0,52.993055979410805,63.84107208251953,122.33333333333333,141.85714285714286,0.8660254037844387,-0.4999999999999998
2023-04-03,36.029167,48.070835,66.50417,61.8,71.2,10.3,221.0,1012.2,4.9,0.3,239.8,102.0,Unhealthy for Sensitive Groups,2023,4,3,Monday,Spring,0,31.483334,90.05417,49.4875,41.95,71.42917,92.0,135.0,34.98472213745117,61.918453216552734,100.0,137.14285714285714,0.8660254037844387,-0.4999999999999998
2023-04-04,44.4625,62.141666,81.326164,63.4,65.2,18.3,349.4,1014.3,4.6,1.0,251.6,123.0,Unhealthy for Sensitive Groups,2023,4,4,Tuesday,Spring,0,36.029167,37.441666,63.091667,48.070835,91.36667,102.0,155.0,37.32500076293945,59.25714383806501,105.66666666666667,132.57142857142858,0.8660254037844387,-0.4999999999999998
2023-04-05,46.916668,66.9875,93.33847,64.4,59.1,13.9,233.3,1014.0,4.9,0.5,290.1,129.0,Unhealthy for Sensitive Groups,2023,4,5,Wednesday,Spring,0,44.4625,31.483334,83.77917,62.141666,121.395836,123.0,166.0,42.4694455464681,53.991072518484934,118.0,127.28571428571429,0.8660254037844387,-0.4999999999999998
2023-04-06,62.033333,90.11667,122.47931,66.0,52.3,12.8,224.9,1016.6,4.3,0.0,295.5,154.0,Unhealthy,2023,4,6,Thursday,Spring,0,46.916668,36.029167,91.55,66.9875,131.4125,129.0,170.0,51.13750076293945,49.774405343191965,135.33333333333334,125.0,0.8660254037844387,-0.4999999999999998
2023-04-07,86.708336,124.7375,159.10806,66.4,52.9,15.0,210.8,1019.0,3.8,0.0,309.4,167.0,Unhealthy,2023,4,7,Friday,Spring,0,62.033333,44.4625,90.05417,90.11667,121.941666,154.0,169.0,65.2194455464681,49.29642922537668,150.0,124.71428571428571,0.8660254037844387,-0.4999999999999998
2023-04-08,94.82083,133.87083,167.4575,67.5,52.8,13.9,206.0,1021.0,3.2,0.0,294.1,171.0,Unhealthy,2023,4,8,Saturday,Spring,1,86.708336,46.916668,37.441666,124.7375,47.629166,167.0,106.0,81.1875,57.493452889578684,164.0,134.0,0.8660254037844387,-0.4999999999999998
2023-04-09,88.725,122.95,158.43105,68.7,45.4,13.9,286.2,1020.5,3.5,0.0,285.4,168.0,Unhealthy,2023,4,9,Sunday,Spring,0,94.82083,62.033333,31.483334,133.87083,41.95,171.0,92.0,90.08472188313802,65.67083358764648,168.66666666666666,144.85714285714286,0.8660254037844387,-0.4999999999999998
2023-04-10,75.3875,109.85,145.86688,68.6,40.0,10.3,240.6,1018.3,4.2,0.0,304.1,161.0,Unhealthy,2023,4,10,Monday,Spring,0,88.725,86.708336,36.029167,122.95,48.070835,168.0,102.0,86.3111089070638,71.29345212663922,166.66666666666666,153.28571428571428,0.8660254037844387,-0.4999999999999998
2023-04-11,102.5125,147.32916,180.81938,68.7,45.7,15.0,191.5,1017.7,2.8,0.0,299.4,175.0,Unhealthy,2023,4,11,Tuesday,Spring,0,75.3875,94.82083,44.4625,109.85,62.141666,161.0,123.0,88.87499745686848,79.58630861554828,168.0,160.71428571428572,0.8660254037844387,-0.4999999999999998
2023-04-12,113.4625,162.2875,198.67876,69.4,45.9,11.4,242.6,1017.3,3.2,0.0,311.4,181.0,Unhealthy,2023,4,12,Wednesday,Spring,0,102.5125,88.725,46.916668,147.32916,66.9875,175.0,129.0,97.12083180745442,89.09285627092633,172.33333333333334,168.14285714285714,0.8660254037844387,-0.4999999999999998
2023-04-13,98.004166,139.53334,185.64099,71.0,43.8,15.0,292.9,1016.3,2.9,0.0,296.3,173.0,Unhealthy,2023,4,13,Thursday,Spring,0,113.4625,75.3875,62.033333,162.2875,90.11667,181.0,154.0,104.65972137451172,94.23154667445591,176.33333333333334,170.85714285714286,0.8660254037844387,-0.4999999999999998
2023-04-14,83.104164,120.59167,155.82236,71.0,46.4,11.4,250.2,1016.8,3.3,0.0,286.0,165.0,Unhealthy,2023,4,14,Friday,Spring,0,98.004166,102.5125,86.708336,139.53334,124.7375,173.0,167.0,98.19027709960938,93.71666499546596,173.0,170.57142857142858,0.8660254037844387,-0.4999999999999998
2023-04-15,107.308334,149.37083,179.28645,72.0,53.5,11.4,272.4,1017.7,2.7,0.0,226.7,178.0,Unhealthy,2023,4,15,Saturday,Spring,1,83.104164,113.4625,94.82083,120.59167,133.87083,165.0,171.0,96.13888804117839,95.50059400285993,172.0,171.57142857142858,0.8660254037844387,-0.4999999999999998
2023-04-16,97.8625,135.0375,175.34792,73.1,46.1,12.8,277.6,1015.5,2.7,0.0,279.8,173.0,Unhealthy,2023,4,16,Sunday,Spring,0,107.308334,98.004166,88.725,149.37083,122.95,178.0,168.0,96.09166717529297,96.80595179966518,172.0,172.28571428571428,0.8660254037844387,-0.4999999999999998
2023-04-17,92.604164,134.025,190.27063,72.9,39.1,11.4,313.8,1015.8,3.3,0.0,300.3,170.0,Unhealthy,2023,4,17,Monday,Spring,0,97.8625,83.104164,75.3875,135.0375,109.85,173.0,161.0,99.25833384195964,99.26547568184989,173.66666666666666,173.57142857142858,0.8660254037844387,-0.4999999999999998
2023-04-18,104.59583,150.1625,213.16727,74.6,39.0,13.9,302.1,1017.0,3.2,0.0,290.0,176.0,Unhealthy,2023,4,18,Tuesday,Spring,0,92.604164,107.308334,102.5125,134.025,147.32916,170.0,175.0,98.35416666666667,99.56309509277344,173.0,173.71428571428572,0.8660254037844387,-0.4999999999999998
2023-04-19,96.25,139.08333,198.12767,74.7,40.0,12.8,274.4,1012.7,3.7,0.0,279.7,172.0,Unhealthy,2023,4,19,Wednesday,Spring,0,104.59583,97.8625,113.4625,150.1625,162.2875,176.0,181.0,97.81666564941406,97.10416630336216,172.66666666666666,172.42857142857142,0.8660254037844387,-0.4999999999999998
2023-04-20,80.558334,115.958336,163.06833,75.3,38.6,15.0,268.8,1010.0,3.4,0.2,282.2,164.0,Unhealthy,2023,4,20,Thursday,Spring,0,96.25,92.604164,98.004166,139.08333,139.53334,172.0,173.0,93.80138905843098,94.61190468924386,170.66666666666666,171.14285714285714,0.8660254037844387,-0.4999999999999998
2023-04-21,68.370834,97.19583,147.70436,69.7,47.2,30.0,313.5,1011.6,3.7,0.3,197.9,158.0,Unhealthy,2023,4,21,Friday,Spring,0,80.558334,104.59583,83.104164,115.958336,120.59167,164.0,165.0,81.7263895670573,92.50714329310826,164.66666666666666,170.14285714285714,0.8660254037844387,-0.4999999999999998
2023-04-22,67.25,97.15,135.13834,68.9,46.2,12.8,216.1,1011.9,4.7,0.0,247.4,157.0,Unhealthy,2023,4,22,Saturday,Spring,1,68.370834,96.25,107.308334,97.19583,149.37083,158.0,178.0,72.05972290039062,86.78452410016742,159.66666666666666,167.14285714285714,0.8660254037844387,-0.4999999999999998
2023-04-23,80.42083,112.5125,149.90916,66.4,53.0,18.3,153.8,1014.5,3.8,0.0,268.6,164.0,Unhealthy,2023,4,23,Sunday,Spring,0,67.25,80.558334,97.8625,97.15,135.0375,157.0,173.0,72.01388804117839,84.29285648890904,159.66666666666666,165.85714285714286,0.8660254037844387,-0.4999999999999998
2023-04-24,57.504166,73.70417,87.99702,58.6,78.0,10.3,94.5,1019.5,4.1,5.4,224.3,152.0,Unhealthy,2023,4,24,Monday,Spring,0,80.42083,68.370834,92.604164,112.5125,134.025,164.0,170.0,68.39166514078777,79.27857099260602,157.66666666666666,163.28571428571428,0.8660254037844387,-0.4999999999999998
2023-04-25,58.3,81.066666,104.45729,61.3,71.0,12.8,131.7,1019.1,4.7,0.5,263.3,152.0,Unhealthy,2023,4,25,Tuesday,Spring,0,57.504166,67.25,104.59583,73.70417,150.1625,152.0,176.0,65.40833155314128,72.6648804800851,156.0,159.85714285714286,0.8660254037844387,-0.4999999999999998
2023-04-26,58.795834,83.90833,110.278404,65.3,63.1,16.1,201.2,1016.9,4.2,0.0,274.1,153.0,Unhealthy,2023,4,26,Wednesday,Spring,0,58.3,80.42083,96.25,81.066666,139.08333,152.0,172.0,58.199999491373696,67.31428527832031,152.33333333333334,157.14285714285714,0.8660254037844387,-0.4999999999999998
2023-04-27,81.4875,114.95,142.88593,67.5,60.9,12.8,217.1,1016.5,3.5,0.0,213.9,164.0,Unhealthy,2023,4,27,Thursday,Spring,0,58.795834,57.504166,80.558334,83.90833,115.958336,153.0,164.0,66.19444529215495,67.447023664202,156.33333333333334,157.14285714285714,0.8660254037844387,-0.4999999999999998
2023-04-28,86.566666,118.92083,148.25014,69.1,58.2,12.8,263.3,1016.5,3.8,0.0,282.9,167.0,Unhealthy,2023,4,28,Friday,Spring,0,81.4875,58.3,68.370834,114.95,97.19583,164.0,158.0,75.61666742960612,70.04642813546317,161.33333333333334,158.42857142857142,0.8660254037844387,-0.4999999999999998
2023-04-29,73.425,96.0,110.84986,66.7,68.1,11.4,47.7,1016.3,3.7,31.5,224.8,160.0,Unhealthy,2023,4,29,Saturday,Spring,1,86.566666,58.795834,67.25,118.92083,97.15,167.0,157.0,80.49305725097656,70.92857142857143,163.66666666666666,158.85714285714286,0.8660254037844387,-0.4999999999999998
2023-04-30,80.01667,97.80417,108.24028,61.5,86.0,12.8,107.3,1016.0,2.8,17.0,117.6,164.0,Unhealthy,2023,4,30,Sunday,Spring,0,73.425,81.4875,80.42083,96.0,112.5125,160.0,164.0,80.00277964274089,70.87083435058594,163.66666666666666,158.85714285714286,0.8660254037844387,-0.4999999999999998
2023-05-01,66.2875,81.79305,91.07084,60.9,85.7,5.8,127.6,1016.2,3.2,5.8,196.0,157.0,Unhealthy,2023,5,1,Monday,Spring,0,80.01667,86.566666,57.504166,97.80417,73.70417,164.0,152.0,73.24305725097656,72.12559618268695,160.33333333333334,159.57142857142858,0.49999999999999994,-0.8660254037844387
2023-05-02,52.558334,65.781944,73.9014,60.6,84.0,5.8,145.7,1017.1,3.9,6.7,154.0,143.0,Unhealthy for Sensitive Groups,2023,5,2,Tuesday,Spring,0,66.2875,73.425,58.3,81.79305,81.066666,157.0,152.0,66.28750101725261,71.305358341762,154.66666666666666,158.28571428571428,0.49999999999999994,-0.8660254037844387
2023-05-03,38.829166,49.770832,56.731956,62.3,80.5,10.3,190.5,1018.2,3.9,3.4,204.0,109.0,Unhealthy for Sensitive Groups,2023,5,3,Wednesday,Spring,0,52.558334,80.01667,58.795834,65.781944,83.90833,143.0,153.0,52.55833307902018,68.45297731672015,136.33333333333334,152.0,0.49999999999999994,-0.8660254037844387
2023-05-04,39.420834,49.05,57.068542,60.4,89.3,6.9,86.1,1017.2,3.4,10.4,166.1,111.0,Unhealthy for Sensitive Groups,2023,5,4,Thursday,Spring,0,38.829166,66.2875,81.4875,49.770832,114.95,109.0,164.0,43.60277811686198,62.44345310756138,121.0,144.42857142857142,0.49999999999999994,-0.8660254037844387
2023-05-05,37.254166,48.641666,64.40743,65.7,71.7,12.8,267.4,1014.0,4.4,0.0,280.0,105.0,Unhealthy for Sensitive Groups,2023,5,5,Friday,Spring,0,39.420834,52.558334,86.566666,49.05,118.92083,111.0,167.0,38.50138854980469,55.39881025041853,108.33333333333333,135.57142857142858,0.49999999999999994,-0.8660254037844387
2023-05-06,35.5,49.279167,64.678406,70.5,62.8,9.2,253.6,1012.3,5.0,0.0,289.0,101.0,Unhealthy for Sensitive Groups,2023,5,6,Saturday,Spring,1,37.254166,38.829166,73.425,48.641666,96.0,105.0,160.0,37.391666412353516,49.98095267159598,105.66666666666667,127.14285714285714,0.49999999999999994,-0.8660254037844387
2023-05-07,40.379166,56.733334,74.76639,71.7,57.1,15.0,250.4,1012.8,4.9,2.1,252.0,113.0,Unhealthy for Sensitive Groups,2023,5,7,Sunday,Spring,0,35.5,39.420834,80.01667,49.279167,97.80417,101.0,164.0,37.71111043294271,44.31845201764788,106.33333333333333,119.85714285714286,0.49999999999999994,-0.8660254037844387
2023-05-08,44.016666,61.341667,87.1484,72.6,48.7,13.9,262.3,1013.2,5.1,0.0,276.8,122.0,Unhealthy for Sensitive Groups,2023,5,8,Monday,Spring,0,40.379166,37.254166,66.2875,56.733334,81.79305,113.0,157.0,39.965277353922524,41.13690458025251,112.0,114.85714285714286,0.49999999999999994,-0.8660254037844387
2023-05-09,41.945835,57.583332,88.907295,72.6,43.1,13.9,313.1,1013.3,4.9,0.0,324.7,117.0,Unhealthy for Sensitive Groups,2023,5,9,Tuesday,Spring,0,44.016666,35.5,52.558334,61.341667,65.781944,122.0,143.0,42.11388905843099,39.620833260672434,117.33333333333333,111.14285714285714,0.49999999999999994,-0.8660254037844387
2023-05-10,37.433334,50.441666,82.82437,72.5,39.5,19.7,183.9,1013.0,5.1,0.0,283.9,106.0,Unhealthy for Sensitive Groups,2023,5,10,Wednesday,Spring,0,41.945835,40.379166,38.829166,57.583332,49.770832,117.0,109.0,41.131945292154946,39.42142868041992,115.0,110.71428571428571,0.49999999999999994,-0.8660254037844387
2023-05-11,45.220833,60.9,101.99521,71.3,34.9,11.4,181.1,1015.8,5.0,0.0,315.4,125.0,Unhealthy for Sensitive Groups,2023,5,11,Thursday,Spring,0,37.433334,44.016666,39.420834,50.441666,49.05,106.0,111.0,41.53333409627279,40.25,116.0,112.71428571428571,0.49999999999999994,-0.8660254037844387
2023-05-12,64.3375,92.88333,130.3875,71.8,44.3,12.8,192.1,1016.4,4.1,0.0,331.3,156.0,Unhealthy,2023,5,12,Friday,Spring,0,45.220833,41.945835,37.254166,60.9,48.641666,125.0,105.0,48.997222900390625,44.11904798235212,129.0,120.0,0.49999999999999994,-0.8660254037844387
2023-05-13,68.5375,97.083336,125.19802,73.2,58.0,11.4,219.5,1015.6,4.2,0.0,317.3,158.0,Unhealthy,2023,5,13,Saturday,Spring,1,64.3375,37.433334,35.5,92.88333,49.279167,156.0,101.0,59.36527760823568,48.83869062151228,146.33333333333334,128.14285714285714,0.49999999999999994,-0.8660254037844387
2023-05-14,53.920834,73.166664,92.04266,72.8,65.4,13.9,232.4,1012.0,3.4,0.0,287.0,146.0,Unhealthy for Sensitive Groups,2023,5,14,Sunday,Spring,0,68.5375,45.220833,40.379166,97.083336,56.733334,158.0,113.0,62.26527786254883,50.773214612688335,153.33333333333334,132.85714285714286,0.49999999999999994,-0.8660254037844387
2023-05-15,36.491665,50.733334,72.97377,69.2,67.1,11.4,266.1,1011.3,4.6,19.8,238.0,103.0,Unhealthy for Sensitive Groups,2023,5,15,Monday,Spring,0,53.920834,64.3375,44.016666,73.166664,61.341667,146.0,122.0,52.98333231608073,49.69821439470564,135.66666666666666,130.14285714285714,0.49999999999999994,-0.8660254037844387
2023-05-16,47.4125,66.975,90.84549,69.5,69.4,9.2,9.6,1012.8,4.4,0.5,259.5,130.0,Unhealthy for Sensitive Groups,2023,5,16,Tuesday,Spring,0,36.491665,68.5375,41.945835,50.733334,57.583332,103.0,117.0,45.94166564941406,50.47916630336216,126.33333333333333,132.0,0.49999999999999994,-0.8660254037844387
2023-05-17,52.941666,67.775,83.13868,68.6,78.0,16.1,125.9,1015.5,3.4,26.9,261.4,144.0,Unhealthy for Sensitive Groups,2023,5,17,Wednesday,Spring,0,47.4125,53.920834,37.433334,66.975,50.441666,130.0,106.0,45.61527633666992,52.69464220319475,125.66666666666667,137.42857142857142,0.49999999999999994,-0.8660254037844387
2023-05-18,45.55,57.695835,73.957985,67.6,78.5,10.3,245.7,1016.2,3.5,14.2,244.9,126.0,Unhealthy for Sensitive Groups,2023,5,18,Thursday,Spring,0,52.941666,36.491665,45.220833,67.775,60.9,144.0,125.0,48.63472112019857,52.74166597638811,133.33333333333334,137.57142857142858,0.49999999999999994,-0.8660254037844387
2023-05-19,37.683334,47.591667,62.37367,70.2,72.8,18.3,296.6,1014.3,4.5,7.9,250.8,106.0,Unhealthy for Sensitive Groups,2023,5,19,Friday,Spring,0,45.55,47.4125,64.3375,57.695835,92.88333,126.0,156.0,45.391666412353516,48.933927808489116,125.33333333333333,130.42857142857142,0.49999999999999994,-0.8660254037844387
2023-05-20,30.533333,42.329166,57.687363,68.1,67.2,12.8,253.1,1014.0,4.5,3.9,259.0,90.0,Moderate,2023,5,20,Saturday,Spring,1,37.683334,52.941666,68.5375,47.591667,97.083336,106.0,158.0,37.92222213745117,43.504761287144255,107.33333333333333,120.71428571428571,0.49999999999999994,-0.8660254037844387
2023-05-21,43.254166,61.541668,81.12576,70.1,68.2,13.9,198.7,1015.3,4.5,3.0,276.8,120.0,Unhealthy for Sensitive Groups,2023,5,21,Sunday,Spring,0,30.533333,45.55,53.920834,42.329166,73.166664,90.0,146.0,37.156944274902344,41.980951581682476,105.33333333333333,117.0,0.49999999999999994,-0.8660254037844387
2023-05-22,55.366665,76.45417,93.68305,73.6,69.3,10.3,240.7,1016.0,4.0,0.0,275.1,150.0,Unhealthy for Sensitive Groups,2023,5,22,Monday,Spring,0,43.254166,37.683334,36.491665,61.541668,50.733334,120.0,103.0,43.051387786865234,44.67738015311105,120.0,123.71428571428571,0.49999999999999994,-0.8660254037844387
2023-05-23,49.179165,66.291664,80.495,72.3,74.4,12.8,140.7,1015.3,4.4,1.5,257.1,135.0,Unhealthy for Sensitive Groups,2023,5,23,Tuesday,Spring,0,55.366665,30.533333,47.4125,76.45417,66.975,150.0,130.0,49.26666514078776,44.92976106916155,135.0,124.42857142857143,0.49999999999999994,-0.8660254037844387
2023-05-24,33.233334,45.125,54.817333,72.2,70.9,13.9,289.6,1014.8,4.7,0.0,274.0,95.0,Moderate,2023,5,24,Wednesday,Spring,0,49.179165,43.254166,52.941666,66.291664,67.775,135.0,144.0,45.926387786865234,42.114285060337615,126.66666666666667,117.42857142857143,0.49999999999999994,-0.8660254037844387
2023-05-25,27.133333,36.366665,42.218403,67.6,79.6,12.8,241.2,1013.3,5.2,6.6,173.9,83.0,Moderate,2023,5,25,Thursday,Spring,0,33.233334,55.366665,45.55,45.125,57.695835,95.0,126.0,36.51527722676595,39.483332770211355,104.33333333333333,111.28571428571429,0.49999999999999994,-0.8660254037844387
2023-05-26,20.504168,26.6625,33.70704,68.1,74.8,10.3,173.8,1013.9,5.3,0.0,224.7,69.0,Moderate,2023,5,26,Friday,Spring,0,27.133333,49.179165,37.683334,36.366665,47.591667,83.0,106.0,26.956944783528645,37.029166085379465,82.33333333333333,106.0,0.49999999999999994,-0.8660254037844387
2023-05-27,17.4375,22.283333,27.01132,68.2,78.1,17.2,212.4,1013.7,4.7,17.8,240.0,62.0,Moderate,2023,5,27,Saturday,Spring,1,20.504168,33.233334,30.533333,26.6625,42.329166,69.0,90.0,21.691666920979817,35.15833282470703,71.33333333333333,102.0,0.49999999999999994,-0.8660254037844387
2023-05-28,28.045834,37.625,44.89463,68.8,74.2,9.2,239.5,1015.5,4.8,9.9,239.8,85.0,Moderate,2023,5,28,Sunday,Spring,0,17.4375,27.133333,43.254166,22.283333,61.541668,62.0,120.0,21.99583371480306,32.985713958740234,72.0,97.0,0.49999999999999994,-0.8660254037844387
2023-05-29,33.758335,46.120834,55.936527,72.8,70.5,9.2,266.0,1017.4,4.9,0.0,248.7,97.0,Moderate,2023,5,29,Monday,Spring,0,28.045834,20.504168,55.366665,37.625,76.45417,85.0,150.0,26.413889567057293,29.898809705461776,81.33333333333333,89.42857142857143,0.49999999999999994,-0.8660254037844387
2023-05-30,33.7375,45.958332,57.17006,75.9,65.5,9.2,250.7,1016.9,5.0,0.0,292.8,97.0,Moderate,2023,5,30,Tuesday,Spring,0,33.758335,17.4375,49.179165,46.120834,66.291664,97.0,135.0,31.847222646077473,27.692857469831193,93.0,84.0,0.49999999999999994,-0.8660254037844387
2023-05-31,31.066668,42.775,56.101757,77.4,56.8,12.8,288.3,1015.0,5.1,0.0,298.8,91.0,Moderate,2023,5,31,Wednesday,Spring,0,33.7375,28.045834,33.233334,45.958332,45.125,97.0,95.0,32.85416730244955,27.38333375113351,95.0,83.42857142857143,0.49999999999999994,-0.8660254037844387
2023-06-01,28.966667,39.4625,55.19734,77.3,54.3,13.9,210.8,1012.6,5.3,0.0,277.6,86.0,Moderate,2023,6,1,Thursday,Monsoon,0,31.066668,33.758335,27.133333,42.775,36.366665,91.0,83.0,31.25694465637207,27.645238603864396,91.33333333333333,83.85714285714286,1.2246467991473532e-16,-1.0
2023-06-02,25.404167,33.925,54.486668,76.8,53.2,13.9,201.9,1012.1,5.1,0.0,296.0,79.0,Moderate,2023,6,2,Friday,Monsoon,0,28.966667,33.7375,20.504168,39.4625,26.6625,86.0,69.0,28.479167302449543,28.345238549368723,85.33333333333333,85.28571428571429,1.2246467991473532e-16,-1.0
2023-06-03,26.5875,36.0375,55.80764,76.2,51.9,16.1,195.3,1013.6,5.2,0.0,269.3,81.0,Moderate,2023,6,3,Saturday,Monsoon,1,25.404167,31.066668,17.4375,33.925,22.283333,79.0,62.0,26.986111323038738,29.652381352015905,82.0,88.0,1.2246467991473532e-16,-1.0
2023-06-04,28.9625,40.2875,58.52625,76.3,51.9,13.9,185.5,1013.6,5.5,0.0,296.2,86.0,Moderate,2023,6,4,Sunday,Monsoon,0,26.5875,28.966667,28.045834,36.0375,37.625,81.0,85.0,26.984722137451172,29.78333364214216,82.0,88.14285714285714,1.2246467991473532e-16,-1.0
2023-06-05,32.3625,45.516666,59.785194,76.0,55.4,12.8,285.7,1013.3,5.2,0.0,256.1,94.0,Moderate,2023,6,5,Monday,Monsoon,0,28.9625,25.404167,33.758335,40.2875,46.120834,86.0,97.0,29.304166158040363,29.583928516932897,87.0,87.71428571428571,1.2246467991473532e-16,-1.0
2023-06-06,35.008335,48.958332,61.976498,75.3,55.5,17.2,177.0,1012.7,4.9,0.0,288.4,99.0,Moderate,2023,6,6,Tuesday,Monsoon,0,32.3625,26.5875,33.7375,45.516666,45.958332,94.0,97.0,32.111111323038735,29.76547649928502,93.0,88.0,1.2246467991473532e-16,-1.0
2023-06-07,35.116665,48.875,60.673332,76.4,55.7,16.1,202.6,1012.3,4.9,0.0,283.5,99.0,Moderate,2023,6,7,Wednesday,Monsoon,0,35.008335,28.9625,31.066668,48.958332,42.775,99.0,91.0,34.16249974568685,30.34404754638672,97.33333333333333,89.14285714285714,1.2246467991473532e-16,-1.0
2023-06-08,34.641666,47.995834,59.855076,78.7,55.0,10.3,311.3,1011.7,4.6,0.3,284.8,98.0,Moderate,2023,6,8,Thursday,Monsoon,0,35.116665,32.3625,28.966667,48.875,39.4625,99.0,86.0,34.92222213745117,31.154761723109655,98.66666666666667,90.85714285714286,1.2246467991473532e-16,-1.0
2023-06-09,33.929165,47.533333,62.55898,79.3,54.5,12.8,212.5,1009.2,5.0,0.0,260.8,97.0,Moderate,2023,6,9,Friday,Monsoon,0,34.641666,35.008335,25.404167,47.995834,33.925,98.0,79.0,34.56249872843424,32.37261853899275,98.0,93.42857142857143,1.2246467991473532e-16,-1.0
2023-06-10,33.5375,46.533333,61.57489,78.7,59.5,17.2,218.1,1008.2,4.6,0.0,281.6,96.0,Moderate,2023,6,10,Saturday,Monsoon,1,33.929165,35.116665,26.5875,47.533333,36.0375,97.0,81.0,34.036109924316406,33.365475518362864,97.0,95.57142857142857,1.2246467991473532e-16,-1.0
2023-06-11,33.470833,46.2,58.52417,78.5,64.3,12.8,242.5,1007.4,4.3,0.0,254.8,96.0,Moderate,2023,6,11,Sunday,Monsoon,0,33.5375,34.641666,28.9625,46.533333,40.2875,96.0,86.0,33.64583206176758,34.00952311924526,96.33333333333333,97.0,1.2246467991473532e-16,-1.0
2023-06-12,31.8875,42.179165,53.51424,75.2,77.6,12.8,216.4,1007.5,4.3,29.5,237.7,93.0,Moderate,2023,6,12,Monday,Monsoon,0,33.470833,33.929165,32.3625,46.2,45.516666,96.0,94.0,32.965277353922524,33.94166619437082,95.0,96.85714285714286,1.2246467991473532e-16,-1.0
2023-06-13,26.133333,33.7,40.62215,74.5,81.3,17.2,76.5,1006.8,4.3,15.0,218.9,81.0,Moderate,2023,6,13,Tuesday,Monsoon,0,31.8875,33.5375,35.008335,42.179165,48.958332,93.0,99.0,30.497222264607746,32.6738087790353,90.0,94.28571428571429,1.2246467991473532e-16,-1.0
2023-06-14,20.270834,25.816668,31.275112,72.4,84.8,10.3,238.2,1005.9,5.0,52.6,111.1,68.0,Moderate,2023,6,14,Wednesday,Monsoon,0,26.133333,33.470833,35.116665,33.7,48.875,81.0,99.0,26.097222646077473,30.552975790841238,80.66666666666667,89.85714285714286,1.2246467991473532e-16,-1.0
2023-06-15,25.425,32.554165,47.667034,75.3,77.0,11.4,337.0,1006.8,4.3,36.1,242.6,79.0,Moderate,2023,6,15,Thursday,Monsoon,0,20.270834,31.8875,34.641666,25.816668,47.995834,68.0,98.0,23.943055470784504,29.236309051513672,76.0,87.14285714285714,1.2246467991473532e-16,-1.0
2023-06-16,32.204166,43.8875,68.95061,77.3,69.6,11.4,294.7,1006.9,4.9,4.2,252.3,93.0,Moderate,2023,6,16,Friday,Monsoon,0,25.425,26.133333,33.929165,32.554165,47.533333,79.0,97.0,25.96666653951009,28.9898806980678,80.0,86.57142857142857,1.2246467991473532e-16,-1.0
2023-06-17,31.2125,42.745834,63.964096,79.4,66.4,13.9,281.9,1009.2,4.7,0.0,239.3,91.0,Moderate,2023,6,17,Saturday,Monsoon,1,32.204166,20.270834,33.5375,43.8875,46.533333,93.0,96.0,29.613888422648113,28.65773800441197,87.66666666666667,85.85714285714286,1.2246467991473532e-16,-1.0
2023-06-18,26.775,33.454166,40.091167,76.8,76.9,17.2,308.7,1010.4,5.1,9.4,246.2,82.0,Moderate,2023,6,18,Sunday,Monsoon,0,31.2125,25.425,33.470833,42.745834,46.2,91.0,96.0,30.063888549804688,27.701190403529576,88.66666666666667,83.85714285714286,1.2246467991473532e-16,-1.0
2023-06-19,18.1625,23.6125,28.927021,76.5,78.0,15.0,288.9,1010.2,4.6,18.0,237.7,64.0,Moderate,2023,6,19,Monday,Monsoon,0,26.775,32.204166,31.8875,33.454166,42.179165,82.0,93.0,25.383333206176758,25.740476063319615,79.0,79.71428571428571,1.2246467991473532e-16,-1.0
2023-06-20,23.7,32.233334,42.05868,76.2,74.9,16.1,269.8,1010.4,4.8,10.9,197.2,75.0,Moderate,2023,6,20,Tuesday,Monsoon,0,18.1625,31.2125,26.133333,23.6125,33.7,64.0,81.0,22.879166920979817,25.392857142857142,73.66666666666667,78.85714285714286,1.2246467991473532e-16,-1.0
2023-06-21,25.941668,35.804165,43.184917,78.3,69.2,11.4,255.5,1010.5,5.2,4.2,221.3,80.0,Moderate,2023,6,21,Wednesday,Monsoon,0,23.7,26.775,20.270834,32.233334,25.816668,75.0,68.0,22.601389567057293,26.20297622680664,73.0,80.57142857142857,1.2246467991473532e-16,-1.0
2023-06-22,20.5,26.504168,31.022339,77.5,75.7,12.8,257.2,1011.0,4.7,3.3,225.1,69.0,Moderate,2023,6,22,Thursday,Monsoon,0,25.941668,18.1625,25.425,35.804165,32.554165,80.0,79.0,23.380556106567383,25.499404907226562,74.66666666666667,79.14285714285714,1.2246467991473532e-16,-1.0
2023-06-23,16.670834,21.425,26.274792,77.8,77.6,13.9,222.5,1011.0,4.6,12.5,212.7,61.0,Moderate,2023,6,23,Friday,Monsoon,0,20.5,23.7,32.204166,26.504168,43.8875,69.0,93.0,21.037500381469727,23.280357360839844,70.0,74.57142857142857,1.2246467991473532e-16,-1.0
2023-06-24,11.633333,14.325,17.761875,76.2,78.7,16.1,229.6,1011.2,5.1,15.0,118.8,48.0,Good,2023,6,24,Saturday,Monsoon,1,16.670834,25.941668,31.2125,21.425,42.745834,61.0,91.0,16.268055597941082,20.483333587646484,59.333333333333336,68.42857142857143,1.2246467991473532e-16,-1.0
2023-06-25,14.020833,19.3375,24.870235,76.8,78.9,11.4,208.4,1011.5,5.3,17.8,191.1,55.0,Moderate,2023,6,25,Sunday,Monsoon,0,11.633333,20.5,26.775,14.325,33.454166,48.0,82.0,14.108333269755045,18.661309787205287,54.666666666666664,64.57142857142857,1.2246467991473532e-16,-1.0
2023-06-26,17.3125,23.495832,30.260557,76.1,80.3,10.3,218.2,1011.3,4.8,0.3,179.0,62.0,Moderate,2023,6,26,Monday,Monsoon,0,14.020833,16.670834,18.1625,19.3375,23.6125,55.0,64.0,14.322222073872885,18.53988116128104,55.0,64.28571428571429,1.2246467991473532e-16,-1.0
2023-06-27,12.445833,16.008333,18.998156,73.8,87.1,11.4,236.7,1010.7,4.4,15.5,201.9,52.0,Moderate,2023,6,27,Tuesday,Monsoon,0,17.3125,11.633333,23.7,23.495832,32.233334,62.0,75.0,14.593055407206217,16.93214293888637,56.333333333333336,61.0,1.2246467991473532e-16,-1.0
2023-06-28,11.075,15.108334,19.539288,75.2,82.8,15.0,176.6,1011.7,5.0,2.8,143.7,46.0,Good,2023,6,28,Wednesday,Monsoon,0,12.445833,14.020833,25.941668,16.008333,35.804165,52.0,80.0,13.611111005147299,14.808333260672432,53.333333333333336,56.142857142857146,1.2246467991473532e-16,-1.0
2023-06-29,10.604167,14.3,19.155624,75.0,83.0,10.3,162.9,1011.2,4.9,2.3,125.3,44.0,Good,2023,6,29,Thursday,Monsoon,0,11.075,17.3125,20.5,15.108334,26.504168,46.0,69.0,11.375,13.39464282989502,47.333333333333336,52.57142857142857,1.2246467991473532e-16,-1.0
2023-06-30,10.0875,12.054167,14.897591,72.6,88.0,9.2,184.6,1010.9,4.9,8.1,90.7,42.0,Good,2023,6,30,Friday,Monsoon,0,10.604167,12.445833,16.670834,14.3,21.425,44.0,61.0,10.588888804117838,12.454166548592704,44.0,49.857142857142854,1.2246467991473532e-16,-1.0
2023-07-01,13.066667,16.35,19.517769,73.3,87.5,9.2,122.9,1011.2,4.5,4.3,71.1,53.0,Moderate,2023,7,1,Saturday,Monsoon,1,10.0875,11.075,11.633333,12.054167,14.325,42.0,48.0,11.252777735392252,12.65892846243722,46.333333333333336,50.57142857142857,-0.4999999999999997,-0.8660254037844388
2023-07-02,13.983334,18.1875,22.496042,75.1,83.3,10.3,213.2,1010.3,5.3,0.0,162.2,55.0,Moderate,2023,7,2,Sunday,Monsoon,0,13.066667,10.604167,14.020833,16.35,19.3375,53.0,55.0,12.379166603088379,12.65357140132359,50.0,50.57142857142857,-0.4999999999999997,-0.8660254037844388
2023-07-03,11.55,14.6625,18.012789,74.6,86.2,10.3,187.2,1010.6,4.2,10.4,96.2,48.0,Good,2023,7,3,Monday,Monsoon,0,13.983334,10.0875,17.3125,18.1875,23.495832,55.0,62.0,12.866666793823242,11.830357142857142,52.0,48.57142857142857,-0.4999999999999997,-0.8660254037844388
2023-07-04,14.220834,16.0375,17.344723,73.1,89.3,5.8,117.4,1010.4,3.9,38.9,125.2,55.0,Moderate,2023,7,4,Tuesday,Monsoon,0,11.55,13.066667,12.445833,14.6625,16.008333,48.0,52.0,13.251389185587565,12.083928653172084,52.666666666666664,49.0,-0.4999999999999997,-0.8660254037844388
2023-07-05,15.375,18.191668,21.827084,73.5,86.6,10.3,98.1,1010.7,4.6,26.7,121.7,58.0,Moderate,2023,7,5,Wednesday,Monsoon,0,14.220834,13.983334,11.075,16.0375,15.108334,55.0,46.0,13.715277989705404,12.698214394705635,53.666666666666664,50.714285714285715,-0.4999999999999997,-0.8660254037844388
2023-07-06,16.820833,21.883333,25.36007,76.6,76.6,13.9,208.8,1011.5,5.0,0.0,184.9,61.0,Moderate,2023,7,6,Thursday,Monsoon,0,15.375,11.55,10.604167,18.191668,14.3,58.0,44.0,15.472222328186035,13.586309569222587,58.0,53.142857142857146,-0.4999999999999997,-0.8660254037844388
2023-07-07,12.533334,16.3375,20.10882,76.8,79.6,12.8,196.7,1012.4,4.9,3.3,153.5,52.0,Moderate,2023,7,7,Friday,Monsoon,0,16.820833,14.220834,10.0875,21.883333,12.054167,61.0,42.0,14.909722328186035,13.935714449201312,57.0,54.57142857142857,-0.4999999999999997,-0.8660254037844388
2023-07-08,11.4,15.441667,18.825209,75.9,78.1,93.3,203.8,1013.8,5.4,0.5,126.1,48.0,Good,2023,7,8,Saturday,Monsoon,1,12.533334,15.375,13.066667,16.3375,16.35,52.0,53.0,13.584722201029459,13.69761916569301,53.666666666666664,53.857142857142854,-0.4999999999999997,-0.8660254037844388
2023-07-09,13.020833,17.166666,20.71004,76.8,79.7,10.3,211.6,1012.8,4.9,0.3,123.7,53.0,Moderate,2023,7,9,Sunday,Monsoon,0,11.4,16.820833,13.983334,15.441667,18.1875,48.0,55.0,12.318055470784506,13.560119083949498,51.0,53.57142857142857,-0.4999999999999997,-0.8660254037844388
2023-07-10,15.3875,19.329166,22.560139,76.8,80.2,11.4,189.8,1012.0,4.4,0.0,164.4,58.0,Moderate,2023,7,10,Monday,Monsoon,0,13.020833,12.533334,11.55,17.166666,14.6625,53.0,48.0,13.269444147745768,14.108333315168109,53.0,55.0,-0.4999999999999997,-0.8660254037844388
2023-07-11,19.35,23.320833,25.899237,76.5,82.0,8.1,95.6,1011.6,4.1,36.1,175.7,66.0,Moderate,2023,7,11,Tuesday,Monsoon,0,15.3875,11.4,14.220834,19.329166,16.0375,58.0,55.0,15.91944440205892,14.84107140132359,59.0,56.57142857142857,-0.4999999999999997,-0.8660254037844388
2023-07-12,22.0375,25.7875,28.472708,75.8,85.0,11.4,203.7,1011.4,4.1,1.8,119.1,72.0,Moderate,2023,7,12,Wednesday,Monsoon,0,19.35,13.020833,15.375,23.320833,18.191668,66.0,58.0,18.925000190734863,15.79285717010498,65.33333333333333,58.57142857142857,-0.4999999999999997,-0.8660254037844388
2023-07-13,14.666667,16.129168,16.870625,73.7,89.5,10.3,275.0,1011.8,3.7,21.1,160.4,56.0,Moderate,2023,7,13,Thursday,Monsoon,0,22.0375,15.3875,16.820833,25.7875,21.883333,72.0,61.0,18.684722582499187,15.485119138445173,64.66666666666667,57.857142857142854,-0.4999999999999997,-0.8660254037844388
2023-07-14,18.691668,20.883333,22.085957,73.0,90.5,5.8,107.8,1012.1,3.7,9.3,143.3,65.0,Moderate,2023,7,14,Friday,Monsoon,0,14.666667,19.35,12.533334,16.129168,16.3375,56.0,52.0,18.465278307596844,16.364881106785365,64.33333333333333,59.714285714285715,-0.4999999999999997,-0.8660254037844388
2023-07-15,12.633333,14.9125,16.269861,75.4,83.6,8.1,222.7,1011.8,4.4,31.5,155.2,52.0,Moderate,2023,7,15,Saturday,Monsoon,1,18.691668,22.0375,11.4,20.883333,15.441667,65.0,48.0,15.33055591583252,16.54107161930629,57.666666666666664,60.285714285714285,-0.4999999999999997,-0.8660254037844388
2023-07-16,15.195833,17.4,18.959375,75.3,84.8,10.3,239.5,1010.9,4.3,1.0,194.7,58.0,Moderate,2023,7,16,Sunday,Monsoon,0,12.633333,14.666667,13.020833,14.9125,17.166666,52.0,53.0,15.50694465637207,16.851785932268417,58.333333333333336,61.0,-0.4999999999999997,-0.8660254037844388
2023-07-17,10.308333,11.925,13.116042,73.6,90.0,10.3,167.5,1010.6,4.0,15.0,145.8,43.0,Good,2023,7,17,Monday,Monsoon,0,15.195833,18.691668,15.3875,17.4,19.329166,58.0,58.0,12.712499936421713,16.126190730503627,51.0,58.857142857142854,-0.4999999999999997,-0.8660254037844388
2023-07-18,11.75,14.125,16.435625,73.0,89.1,5.8,179.1,1011.5,4.3,66.3,119.1,49.0,Good,2023,7,18,Tuesday,Monsoon,0,10.308333,12.633333,19.35,11.925,23.320833,43.0,66.0,12.418055534362793,15.040476390293666,50.0,56.42857142857143,-0.4999999999999997,-0.8660254037844388
2023-07-19,11.3375,13.854167,15.744445,76.1,83.0,10.3,213.3,1010.8,4.7,2.8,192.3,47.0,Good,2023,7,19,Wednesday,Monsoon,0,11.75,15.195833,22.0375,14.125,25.7875,49.0,72.0,11.131944338480631,13.511904852730888,46.333333333333336,52.857142857142854,-0.4999999999999997,-0.8660254037844388
2023-07-20,20.029167,24.3125,27.746805,77.0,83.7,11.4,154.9,1010.3,4.8,2.8,239.2,68.0,Moderate,2023,7,20,Thursday,Monsoon,0,11.3375,10.308333,14.666667,13.854167,16.129168,47.0,56.0,14.372222264607748,14.277976308550153,54.666666666666664,54.57142857142857,-0.4999999999999997,-0.8660254037844388
2023-07-21,16.8125,18.85,20.49243,76.0,84.4,11.4,199.7,1013.0,4.3,9.7,232.7,61.0,Moderate,2023,7,21,Friday,Monsoon,0,20.029167,11.75,18.691668,24.3125,20.883333,68.0,65.0,16.059722264607746,14.009523800441197,58.666666666666664,54.0,-0.4999999999999997,-0.8660254037844388
2023-07-30,14.7625,16.458334,17.622223,74.4,88.5,11.4,226.2,1008.3,4.5,11.9,174.6,57.0,Moderate,2023,7,30,Sunday,Monsoon,0,11.116667,14.258333,12.108334,11.7625,13.55,46.0,51.0,13.075000127156576,13.22916671207973,52.333333333333336,52.714285714285715,-0.4999999999999997,-0.8660254037844388
2023-07-31,12.458333,14.0375,15.13243,76.3,85.5,9.2,179.7,1007.3,4.9,0.0,229.3,52.0,Moderate,2023,7,31,Monday,Monsoon,0,14.7625,13.345834,14.679167,16.458334,16.3875,57.0,56.0,12.779166539510092,12.911904743739537,51.666666666666664,52.142857142857146,-0.4999999999999997,-0.8660254037844388
2023-08-01,9.033334,10.633333,11.820486,76.3,86.3,15.0,188.4,1007.2,4.6,1.0,190.8,38.0,Good,2023,8,1,Tuesday,Monsoon,0,12.458333,11.116667,11.254167,14.0375,12.545834,52.0,47.0,12.084722201029459,12.594642911638532,49.0,50.857142857142854,-0.8660254037844385,-0.5000000000000004
2023-08-02,10.754167,12.841666,14.160056,76.5,84.1,12.8,267.8,1007.4,5.0,17.8,166.8,45.0,Good,2023,8,2,Wednesday,Monsoon,0,9.033334,14.7625,13.1875,10.633333,15.670834,38.0,53.0,10.748611132303873,12.247023854936872,45.0,49.714285714285715,-0.8660254037844385,-0.5000000000000004
2023-08-03,11.045834,13.795834,15.536458,76.5,84.8,12.8,214.1,1007.6,5.0,2.0,152.9,46.0,Good,2023,8,3,Thursday,Monsoon,0,10.754167,12.458333,14.258333,12.841666,15.9625,45.0,56.0,10.277777989705404,11.788095338003975,43.0,48.285714285714285,-0.8660254037844385,-0.5000000000000004
2023-08-04,9.941667,12.504167,14.574236,76.0,82.6,12.8,197.5,1010.0,5.4,0.0,52.1,41.0,Good,2023,8,4,Friday,Monsoon,0,11.045834,9.033334,13.345834,13.795834,15.033334,46.0,54.0,10.58055559794108,11.301785741533552,44.0,46.42857142857143,-0.8660254037844385,-0.5000000000000004
2023-08-05,11.275,13.075,14.252848,74.9,83.8,12.8,205.7,1011.3,4.6,2.0,122.9,47.0,Good,2023,8,5,Saturday,Monsoon,1,9.941667,10.754167,11.116667,12.504167,11.7625,41.0,46.0,10.754166603088379,11.3244047164917,44.666666666666664,46.57142857142857,-0.8660254037844385,-0.5000000000000004
2023-08-06,14.0625,14.95,15.271389,72.3,93.1,8.1,356.8,1008.6,3.9,18.5,132.9,55.0,Moderate,2023,8,6,Sunday,Monsoon,0,11.275,11.045834,14.7625,13.075,16.458334,47.0,57.0,11.759722073872885,11.224404743739537,47.666666666666664,46.285714285714285,-0.8660254037844385,-0.5000000000000004
2023-08-07,12.433333,13.454166,14.076846,72.9,93.4,10.3,144.7,1005.3,3.6,14.2,96.1,52.0,Moderate,2023,8,7,Monday,Monsoon,0,14.0625,9.941667,12.458333,14.95,14.0375,55.0,52.0,12.590277671813965,11.220833369663783,51.333333333333336,46.285714285714285,-0.8660254037844385,-0.5000000000000004
2023-08-16,14.754167,16.820833,18.232431,75.9,82.8,8.1,243.1,1012.0,4.4,4.4,201.5,57.0,Moderate,2023,8,16,Wednesday,Monsoon,0,17.879168,10.7625,17.775,20.270834,19.804167,63.0,63.0,17.37777805328369,13.872023854936872,62.333333333333336,53.0,-0.8660254037844385,-0.5000000000000004
2023-08-17,12.675,14.895833,16.678625,77.9,77.6,10.3,197.5,1012.5,5.1,0.0,224.8,52.0,Moderate,2023,8,17,Thursday,Monsoon,0,14.754167,19.5,9.4875,16.820833,11.625,57.0,40.0,15.102778116861979,14.327380997794014,57.333333333333336,54.714285714285715,-0.8660254037844385,-0.5000000000000004
2023-08-18,11.483334,13.395833,14.725069,76.1,83.3,8.1,193.6,1013.3,4.6,7.1,190.4,48.0,Good,2023,8,18,Friday,Monsoon,0,12.675,17.879168,14.191667,14.895833,15.916667,52.0,55.0,12.970833460489908,13.940476281302315,52.333333333333336,53.714285714285715,-0.8660254037844385,-0.5000000000000004
2023-08-19,9.958333,11.545834,12.733611,77.4,80.8,12.8,207.5,1013.7,4.6,0.3,187.6,41.0,Good,2023,8,19,Saturday,Monsoon,1,11.483334,14.754167,10.529166,13.395833,10.804167,48.0,44.0,11.372222264607748,13.858928680419922,47.0,53.285714285714285,-0.8660254037844385,-0.5000000000000004
2023-08-20,8.779166,9.7375,10.463959,76.0,80.5,11.4,183.5,1014.3,4.6,1.5,144.5,37.0,Good,2023,8,20,Sunday,Monsoon,0,9.958333,12.675,10.7625,11.545834,10.808333,41.0,45.0,10.07361094156901,13.575595310756139,42.0,52.142857142857146,-0.8660254037844385,-0.5000000000000004
2023-08-21,10.6,10.683333,10.689317,70.8,96.1,6.9,161.1,1013.0,3.1,41.9,54.8,44.0,Good,2023,8,21,Monday,Monsoon,0,8.779166,11.483334,19.5,9.7375,21.716667,37.0,67.0,9.779166539510092,12.304166793823242,40.666666666666664,48.857142857142854,-0.8660254037844385,-0.5000000000000004
2023-08-22,8.529166,9.120833,9.574098,71.7,90.2,10.3,168.4,1012.3,4.1,7.1,103.5,36.0,Good,2023,8,22,Tuesday,Monsoon,0,10.6,9.958333,17.879168,10.683333,20.270834,44.0,63.0,9.302777608235678,10.968452317374092,39.0,45.0,-0.8660254037844385,-0.5000000000000004
2023-08-23,8.395833,8.416667,8.427956,70.1,97.3,5.8,291.0,1010.8,2.8,35.3,72.2,35.0,Good,2023,8,23,Wednesday,Monsoon,0,8.529166,8.779166,14.754167,9.120833,16.820833,36.0,57.0,9.174999872843424,10.06011894771031,38.333333333333336,41.857142857142854,-0.8660254037844385,-0.5000000000000004
2023-08-24,7.891667,8.2875,8.550406,72.7,91.2,9.2,209.2,1008.0,3.7,69.0,48.9,33.0,Good,2023,8,24,Thursday,Monsoon,0,8.395833,10.6,12.675,8.416667,14.895833,35.0,52.0,8.27222204208374,9.376785618918282,34.666666666666664,39.142857142857146,-0.8660254037844385,-0.5000000000000004
2023-08-25,4.7727275,5.05,5.3133335,71.3,96.2,9.2,106.0,1008.0,3.7,19.1,75.9,20.0,Good,2023,8,25,Friday,Monsoon,0,7.891667,8.529166,11.483334,8.2875,13.395833,33.0,48.0,7.020075798034668,8.418127604893275,29.333333333333332,35.142857142857146,-0.8660254037844385,-0.5000000000000004
2023-08-26,5.883333,6.1916666,6.379375,72.6,90.0,12.8,259.4,1008.1,4.2,13.7,58.3,25.0,Good,2023,8,26,Saturday,Monsoon,1,4.7727275,8.395833,9.958333,5.05,11.545834,20.0,41.0,6.182575861612956,7.8359847749982565,26.0,32.857142857142854,-0.8660254037844385,-0.5000000000000004
2023-08-27,9.429167,10.475,11.3382635,74.7,82.6,11.4,245.2,1007.3,4.9,0.5,199.0,39.0,Good,2023,8,27,Sunday,Monsoon,0,5.883333,7.891667,8.779166,6.1916666,9.7375,25.0,37.0,6.6950758298238116,7.9288419995989114,28.0,33.142857142857146,-0.8660254037844385,-0.5000000000000004
2023-08-28,12.183333,14.208333,15.644141,75.4,75.8,12.8,225.1,1008.5,4.5,0.0,204.7,51.0,Moderate,2023,8,28,Monday,Monsoon,0,9.429167,4.7727275,10.6,10.475,10.683333,39.0,44.0,9.165277798970541,8.155032430376325,38.333333333333336,34.142857142857146,-0.8660254037844385,-0.5000000000000004
2023-08-29,12.279166,13.6,14.5101385,74.9,76.8,11.4,259.6,1011.4,5.0,1.5,206.7,51.0,Moderate,2023,8,29,Tuesday,Monsoon,0,12.183333,5.883333,8.529166,14.208333,9.120833,51.0,36.0,11.297222137451172,8.690746716090612,47.0,36.285714285714285,-0.8660254037844385,-0.5000000000000004
2023-08-30,15.6875,17.5875,19.000801,76.2,77.9,9.2,238.1,1013.6,4.2,1.0,223.4,59.0,Moderate,2023,8,30,Wednesday,Monsoon,0,12.279166,9.429167,8.395833,13.6,8.416667,51.0,35.0,13.383333206176758,9.732413428170341,53.666666666666664,39.714285714285715,-0.8660254037844385,-0.5000000000000004
2023-08-31,12.558333,13.791667,14.584375,75.7,80.4,8.1,248.9,1014.7,4.2,0.0,192.0,52.0,Moderate,2023,8,31,Thursday,Monsoon,0,15.6875,12.183333,7.891667,17.5875,8.2875,59.0,33.0,13.508333206176758,10.399080072130475,54.0,42.42857142857143,-0.8660254037844385,-0.5000000000000004
2023-09-01,11.520833,12.404166,13.066944,76.5,80.1,12.8,239.8,1014.0,4.3,0.0,228.5,48.0,Good,2023,9,1,Friday,Autumn,0,12.558333,12.279166,4.7727275,13.791667,5.05,52.0,20.0,13.255555470784506,11.363095147269112,53.0,46.42857142857143,-1.0,-1.8369701987210297e-16
2023-09-02,12.45,13.258333,13.955139,77.4,80.1,12.8,209.4,1012.8,4.4,0.0,201.4,52.0,Moderate,2023,9,2,Saturday,Autumn,1,11.520833,15.6875,5.883333,12.404166,6.1916666,48.0,25.0,12.17638874053955,12.301190376281738,50.666666666666664,50.285714285714285,-1.0,-1.8369701987210297e-16
2023-09-03,9.975,10.933333,11.76368,77.1,81.7,10.3,261.4,1012.5,4.3,3.6,207.1,42.0,Good,2023,9,3,Sunday,Autumn,0,12.45,12.558333,9.429167,13.258333,10.475,52.0,39.0,11.315277735392252,12.379166603088379,47.333333333333336,50.714285714285715,-1.0,-1.8369701987210297e-16
2023-09-04,6.545833,7.5125,8.351736,75.9,72.5,10.3,154.9,1012.8,5.5,0.0,198.1,27.0,Good,2023,9,4,Monday,Autumn,0,9.975,11.520833,12.183333,10.933333,14.208333,42.0,51.0,9.656944433848063,11.57380941935948,40.333333333333336,47.285714285714285,-1.0,-1.8369701987210297e-16
2023-09-05,13.4,14.7125,15.651648,76.4,77.1,5.8,92.5,1013.4,4.8,0.0,166.4,54.0,Moderate,2023,9,5,Tuesday,Autumn,0,6.545833,12.45,12.279166,7.5125,13.6,27.0,51.0,9.973611036936441,11.73392847606114,41.0,47.714285714285715,-1.0,-1.8369701987210297e-16
2023-09-06,12.429167,13.425,14.237677,77.0,73.8,9.2,231.6,1014.2,5.1,0.0,226.4,52.0,Moderate,2023,9,6,Wednesday,Autumn,0,13.4,9.975,15.6875,14.7125,17.5875,54.0,59.0,10.791666507720947,11.268452303750175,44.333333333333336,46.714285714285715,-1.0,-1.8369701987210297e-16
2023-09-07,7.35,7.9125,8.357778,74.9,79.8,8.1,262.6,1014.2,4.9,8.8,220.5,31.0,Good,2023,9,7,Thursday,Autumn,0,12.429167,6.545833,12.558333,13.425,13.791667,52.0,52.0,11.059722105662027,10.524404661996025,45.666666666666664,43.714285714285715,-1.0,-1.8369701987210297e-16
2023-09-08,13.541667,16.804167,19.500566,73.5,87.3,9.2,32.5,1014.1,4.8,63.2,158.9,54.0,Moderate,2023,9,8,Friday,Autumn,0,7.35,13.4,11.520833,7.9125,12.404166,31.0,48.0,11.106944561004639,10.813095229012626,45.666666666666664,44.57142857142857,-1.0,-1.8369701987210297e-16
2023-09-09,10.4875,12.529166,14.200069,73.5,86.9,10.3,138.2,1013.5,5.0,1.0,95.3,44.0,Good,2023,9,9,Saturday,Autumn,1,13.541667,12.429167,12.45,16.804167,13.258333,54.0,52.0,10.45972235997518,10.532738140651158,43.0,43.42857142857143,-1.0,-1.8369701987210297e-16
2023-09-10,11.591666,14.104167,16.561666,75.1,82.0,11.4,222.5,1012.0,4.8,1.8,176.5,48.0,Good,2023,9,10,Sunday,Autumn,0,10.4875,7.35,9.975,12.529166,10.933333,44.0,42.0,11.873611132303873,10.763690403529576,48.666666666666664,44.285714285714285,-1.0,-1.8369701987210297e-16
2023-09-11,14.120833,16.554167,18.707962,75.6,81.9,9.2,228.4,1011.1,4.4,41.4,205.6,55.0,Moderate,2023,9,11,Monday,Autumn,0,11.591666,13.541667,6.545833,14.104167,7.5125,48.0,27.0,12.066666603088379,11.84583330154419,49.0,48.285714285714285,-1.0,-1.8369701987210297e-16
2023-09-12,18.716667,20.791666,22.727291,73.5,87.7,13.9,166.3,1011.7,3.6,12.0,168.9,65.0,Moderate,2023,9,12,Tuesday,Autumn,0,14.120833,10.4875,13.4,16.554167,14.7125,55.0,54.0,14.809722264607748,12.605357238224574,56.0,49.857142857142854,-1.0,-1.8369701987210297e-16
2023-09-13,13.820833,16.329166,18.894861,75.6,82.4,12.8,199.1,1012.4,4.5,19.6,223.7,55.0,Moderate,2023,9,13,Wednesday,Autumn,0,18.716667,11.591666,12.429167,20.791666,13.425,65.0,52.0,15.552777926127115,12.804166725703649,58.333333333333336,50.285714285714285,-1.0,-1.8369701987210297e-16
2023-09-14,12.275,14.2125,15.824469,76.0,82.5,10.3,282.2,1013.8,5.3,2.3,201.6,51.0,Moderate,2023,9,14,Thursday,Autumn,0,13.820833,14.120833,7.35,16.329166,7.9125,55.0,31.0,14.9375,13.50773811340332,57.0,53.142857142857146,-1.0,-1.8369701987210297e-16
2023-09-15,13.983334,17.15,20.046875,77.5,78.6,12.8,212.7,1014.7,4.8,0.0,205.2,55.0,Moderate,2023,9,15,Friday,Autumn,0,12.275,18.716667,13.541667,14.2125,16.804167,51.0,54.0,13.359722137451172,13.570833342415947,53.666666666666664,53.285714285714285,-1.0,-1.8369701987210297e-16
2023-09-16,13.304167,16.1875,18.717634,76.9,76.2,11.4,169.2,1015.2,4.9,1.2,204.5,54.0,Moderate,2023,9,16,Saturday,Autumn,1,13.983334,13.820833,10.4875,17.15,12.529166,55.0,44.0,13.1875,13.973214285714286,53.333333333333336,54.714285714285715,-1.0,-1.8369701987210297e-16
2023-09-17,12.845834,15.325,17.36435,75.9,78.2,10.3,215.6,1014.0,4.8,9.1,220.4,53.0,Moderate,2023,9,17,Sunday,Autumn,0,13.304167,12.275,11.591666,16.1875,14.104167,54.0,48.0,13.377778053283691,14.152381079537529,54.0,55.42857142857143,-1.0,-1.8369701987210297e-16
2023-09-18,11.933333,15.329166,18.213251,75.6,71.8,10.3,122.2,1014.0,5.2,0.0,223.4,50.0,Good,2023,9,18,Monday,Autumn,0,12.845834,13.983334,14.120833,15.325,16.554167,53.0,55.0,12.69444465637207,13.839881079537529,52.333333333333336,54.714285714285715,-1.0,-1.8369701987210297e-16
2023-09-19,15.975,19.675,22.736832,73.7,79.9,13.9,94.8,1015.8,5.0,7.1,200.7,59.0,Moderate,2023,9,19,Tuesday,Autumn,0,11.933333,13.304167,18.716667,15.329166,20.791666,50.0,65.0,13.584722518920898,13.448214394705635,54.0,53.857142857142854,-1.0,-1.8369701987210297e-16
2023-09-20,12.729167,15.866667,19.077291,74.7,76.9,10.3,280.6,1015.7,5.2,0.3,186.0,52.0,Moderate,2023,9,20,Wednesday,Autumn,0,15.975,12.845834,13.820833,19.675,16.329166,59.0,55.0,13.545833587646484,13.292262077331543,53.666666666666664,53.42857142857143,-1.0,-1.8369701987210297e-16
2023-09-21,10.725,13.291667,15.833195,74.4,79.4,15.0,233.1,1014.8,4.8,0.0,156.6,45.0,Good,2023,9,21,Thursday,Autumn,0,12.729167,11.933333,12.275,15.866667,14.2125,52.0,51.0,13.14305591583252,13.070833614894322,52.0,52.57142857142857,-1.0,-1.8369701987210297e-16
2023-09-22,9.683333,11.7375,13.735,72.9,83.3,10.3,214.3,1014.7,4.8,1.5,80.1,40.0,Good,2023,9,22,Friday,Autumn,0,10.725,15.975,13.983334,13.291667,17.15,45.0,55.0,11.045833587646484,12.45654787336077,45.666666666666664,50.42857142857143,-1.0,-1.8369701987210297e-16
2023-09-23,10.8625,12.8,14.474653,73.4,83.3,8.1,172.2,1014.4,4.9,0.7,87.9,45.0,Good,2023,9,23,Saturday,Autumn,1,9.683333,12.729167,13.304167,11.7375,16.1875,40.0,54.0,10.423611323038736,12.107738358633858,43.333333333333336,49.142857142857146,-1.0,-1.8369701987210297e-16
2023-09-24,7.225,8.991667,10.65993,71.4,85.7,9.2,230.1,1014.1,4.9,18.0,108.6,30.0,Good,2023,9,24,Sunday,Autumn,0,10.8625,10.725,12.845834,12.8,15.325,45.0,53.0,9.256944497426352,11.304762090955462,38.333333333333336,45.857142857142854,-1.0,-1.8369701987210297e-16
2023-09-25,10.770833,13.145833,15.254236,72.7,78.3,10.3,218.4,1015.0,5.3,0.0,119.3,45.0,Good,2023,9,25,Monday,Autumn,0,7.225,9.683333,11.933333,8.991667,15.329166,30.0,50.0,9.619444370269775,11.138690607888359,40.0,45.142857142857146,-1.0,-1.8369701987210297e-16
2023-09-26,13.6875,16.1125,18.37672,74.5,78.5,10.3,209.8,1015.3,5.2,0.0,214.4,54.0,Moderate,2023,9,26,Tuesday,Autumn,0,10.770833,10.8625,15.975,13.145833,19.675,45.0,59.0,10.561110973358154,10.811904839106969,43.0,44.42857142857143,-1.0,-1.8369701987210297e-16
2023-09-27,13.329166,15.370833,17.006624,75.0,78.5,10.3,249.9,1015.5,4.9,0.0,207.5,54.0,Moderate,2023,9,27,Wednesday,Autumn,0,13.6875,7.225,12.729167,16.1125,15.866667,54.0,52.0,12.59583314259847,10.897619043077741,51.0,44.714285714285715,-1.0,-1.8369701987210297e-16
2023-09-28,16.3875,18.95,21.130486,74.9,78.8,15.0,217.5,1015.1,5.2,1.0,210.4,60.0,Moderate,2023,9,28,Thursday,Autumn,0,13.329166,10.770833,10.725,15.370833,13.291667,54.0,45.0,14.468055725097656,11.706547669001989,56.0,46.857142857142854,-1.0,-1.8369701987210297e-16
2023-09-29,19.354166,22.504168,25.004652,75.0,78.2,10.3,161.4,1015.8,4.9,0.3,213.5,66.0,Moderate,2023,9,29,Friday,Autumn,0,16.3875,13.6875,9.683333,18.95,11.7375,60.0,40.0,16.356944402058918,13.08809518814087,60.0,50.57142857142857,-1.0,-1.8369701987210297e-16
2023-09-30,21.4375,24.05,25.872223,72.6,81.0,10.3,190.8,1015.6,4.7,0.0,188.4,71.0,Moderate,2023,9,30,Saturday,Autumn,1,19.354166,13.329166,10.8625,22.504168,12.8,66.0,45.0,19.059722264607746,14.598809446607317,65.66666666666667,54.285714285714285,-1.0,-1.8369701987210297e-16
2023-10-01,21.404167,24.375,26.381542,72.8,85.2,10.3,181.8,1014.3,4.5,11.9,136.4,71.0,Moderate,2023,10,1,Sunday,Autumn,0,21.4375,16.3875,7.225,24.05,8.991667,71.0,30.0,20.731944402058918,16.624404770987375,69.33333333333333,60.142857142857146,-0.8660254037844386,0.5000000000000001
2023-10-02,13.758333,14.5,14.98118,70.2,91.9,6.9,257.7,1015.3,3.8,7.8,29.9,54.0,Moderate,2023,10,2,Monday,Autumn,0,21.404167,19.354166,10.770833,24.375,13.145833,71.0,45.0,18.866666793823242,17.051190512520925,65.33333333333333,61.42857142857143,-0.8660254037844386,0.5000000000000001
2023-10-03,12.429167,13.270833,14.029236,69.9,93.0,9.2,259.0,1015.3,4.0,21.6,94.7,52.0,Moderate,2023,10,3,Tuesday,Autumn,0,13.758333,21.4375,13.6875,14.5,16.1125,54.0,54.0,15.86388905843099,16.871428625924246,59.0,61.142857142857146,-0.8660254037844386,0.5000000000000001
2023-10-04,7.6916666,7.733333,7.7388196,68.7,97.0,6.9,328.3,1015.3,3.7,21.1,47.4,32.0,Good,2023,10,4,Wednesday,Autumn,0,12.429167,21.404167,13.329166,13.270833,15.370833,52.0,54.0,11.293055534362793,16.06607151031494,46.0,58.0,-0.8660254037844386,0.5000000000000001
2023-10-05,6.7916665,7.2541666,7.6086807,72.0,83.0,13.9,268.8,1014.2,5.1,3.0,161.2,28.0,Good,2023,10,5,Thursday,Autumn,0,7.6916666,13.758333,16.3875,7.733333,18.95,32.0,60.0,8.97083330154419,14.695238045283727,37.333333333333336,53.42857142857143,-0.8660254037844386,0.5000000000000001
2023-10-06,8.5625,9.316667,9.978333,71.4,84.0,15.0,213.1,1014.1,4.9,0.0,185.6,36.0,Good,2023,10,6,Friday,Autumn,0,6.7916665,12.429167,19.354166,7.2541666,22.504168,28.0,66.0,7.681944370269775,13.153571469443184,32.0,49.142857142857146,-0.8660254037844386,0.5000000000000001
2023-10-07,9.404166,10.066667,10.660556,72.0,80.6,10.3,239.7,1015.3,4.8,0.0,173.1,39.0,Good,2023,10,7,Saturday,Autumn,1,8.5625,7.6916666,21.4375,9.316667,24.05,36.0,71.0,8.252777576446533,11.434523786817278,34.333333333333336,44.57142857142857,-0.8660254037844386,0.5000000000000001
2023-10-08,19.666666,21.0125,22.208069,71.7,78.0,12.8,242.2,1015.7,4.6,0.0,186.6,67.0,Moderate,2023,10,8,Sunday,Autumn,0,9.404166,6.7916665,21.404167,10.066667,24.375,39.0,71.0,12.54444408416748,11.186309337615967,47.333333333333336,44.0,-0.8660254037844386,0.5000000000000001
2023-10-09,31.183332,32.641666,33.78797,70.6,79.3,9.2,258.0,1016.8,3.9,0.0,171.6,91.0,Moderate,2023,10,9,Monday,Autumn,0,19.666666,8.5625,13.758333,21.0125,14.5,67.0,54.0,20.084721565246582,13.675594942910331,65.66666666666667,49.285714285714285,-0.8660254037844386,0.5000000000000001
2023-10-10,37.283333,38.658333,39.879868,71.5,79.4,74.9,219.8,1017.8,3.4,0.0,144.3,105.0,Unhealthy for Sensitive Groups,2023,10,10,Tuesday,Autumn,0,31.183332,9.404166,12.429167,32.641666,13.270833,91.0,52.0,29.377777099609375,17.226190090179443,87.66666666666667,56.857142857142854,-0.8660254037844386,0.5000000000000001
2023-10-11,36.328648,38.465103,40.206203,70.9,75.7,10.3,240.5,1017.7,3.9,0.0,173.0,103.0,Unhealthy for Sensitive Groups,2023,10,11,Wednesday,Autumn,0,37.283333,19.666666,7.6916666,38.658333,7.733333,105.0,32.0,34.93177096048991,21.31718737738473,99.66666666666667,67.0,-0.8660254037844386,0.5000000000000001
2023-10-12,35.37396,38.271873,40.53254,69.7,76.7,10.3,165.8,1019.4,4.1,0.0,200.3,100.0,Moderate,2023,10,12,Thursday,Autumn,0,36.328648,31.183332,6.7916665,38.465103,7.2541666,103.0,28.0,36.32864634195963,25.400371960231237,102.66666666666667,77.28571428571429,-0.8660254037844386,0.5000000000000001
2023-10-13,34.41927,38.078648,40.858875,69.8,79.1,10.3,219.1,1020.3,4.2,0.0,211.4,98.0,Moderate,2023,10,13,Friday,Autumn,0,35.37396,37.283333,8.5625,38.271873,9.316667,100.0,36.0,35.373958587646484,29.09419618334089,100.33333333333333,86.14285714285714,-0.8660254037844386,0.5000000000000001
2023-10-14,33.464584,37.885418,41.18521,69.6,75.0,10.3,245.7,1019.3,4.0,0.0,182.7,96.0,Moderate,2023,10,14,Saturday,Autumn,1,34.41927,36.328648,9.404166,38.078648,10.066667,98.0,39.0,34.419270833333336,32.53139877319336,98.0,94.28571428571429,-0.8660254037844386,0.5000000000000001
2023-10-15,32.509895,37.69219,41.511547,67.1,76.3,11.4,200.1,1017.8,4.5,0.0,160.9,94.0,Moderate,2023,10,15,Sunday,Autumn,0,33.464584,35.37396,19.666666,37.885418,21.0125,96.0,67.0,33.46458307902018,34.36614581516811,96.0,98.14285714285714,-0.8660254037844386,0.5000000000000001
2023-10-16,31.555208,37.49896,41.837883,67.6,76.5,10.3,208.2,1019.4,4.2,0.0,141.6,92.0,Moderate,2023,10,16,Monday,Autumn,0,32.509895,34.41927,31.183332,37.69219,32.641666,94.0,91.0,32.50989596048991,34.419270924159456,94.0,98.28571428571429,-0.8660254037844386,0.5000000000000001
2023-10-17,30.600521,37.30573,42.16422,66.7,71.0,10.3,251.3,1020.8,5.3,3.5,173.5,90.0,Moderate,2023,10,17,Tuesday,Autumn,0,31.555208,33.464584,37.283333,37.49896,38.658333,92.0,105.0,31.555208206176758,33.46458353315081,92.0,96.14285714285714,-0.8660254037844386,0.5000000000000001
2023-10-18,29.645834,37.1125,42.490555,65.3,75.9,8.1,246.3,1020.5,4.8,0.0,190.7,88.0,Moderate,2023,10,18,Wednesday,Autumn,0,30.600521,32.509895,36.328648,37.30573,38.465103,90.0,103.0,30.600521087646484,32.50989586966379,90.0,94.0,-0.8660254037844386,0.5000000000000001
2023-10-19,32.05,38.345833,42.82507,64.9,75.2,9.2,226.0,1020.7,5.1,0.0,184.8,93.0,Moderate,2023,10,19,Thursday,Autumn,0,29.645834,31.555208,35.37396,37.1125,38.271873,88.0,100.0,30.765451431274414,32.03504453386579,90.33333333333333,93.0,-0.8660254037844386,0.5000000000000001
2023-10-20,31.408333,37.795834,42.287888,64.4,74.0,9.2,253.2,1021.5,5.2,0.0,199.5,92.0,Moderate,2023,10,20,Friday,Autumn,0,32.05,30.600521,34.41927,38.345833,38.078648,93.0,98.0,31.034722010294598,31.604910714285715,91.0,92.14285714285714,-0.8660254037844386,0.5000000000000001
2023-10-21,31.616667,37.929165,42.296772,65.1,70.3,12.8,190.5,1022.4,5.2,0.0,184.1,92.0,Moderate,2023,10,21,Saturday,Autumn,1,31.408333,29.645834,33.464584,37.795834,37.885418,92.0,96.0,31.69166628519694,31.340922491891043,92.33333333333333,91.57142857142857,-0.8660254037844386,0.5000000000000001
2023-10-22,32.816666,38.225,41.82771,64.5,67.6,9.2,190.4,1022.6,5.0,0.0,185.9,95.0,Moderate,2023,10,22,Sunday,Autumn,0,31.616667,32.05,32.509895,37.929165,37.69219,92.0,94.0,31.947221755981445,31.38474682399205,93.0,91.71428571428571,-0.8660254037844386,0.5000000000000001
2023-10-23,29.391666,33.304165,35.90618,64.5,69.3,11.4,198.7,1021.5,5.1,0.0,204.4,87.0,Moderate,2023,10,23,Monday,Autumn,0,32.816666,31.408333,31.555208,38.225,37.49896,95.0,92.0,31.274999618530273,31.07566942487444,91.33333333333333,91.0,-0.8660254037844386,0.5000000000000001
2023-10-24,24.1625,27.0875,29.276945,64.6,69.1,10.3,242.0,1020.5,5.2,0.0,202.7,76.0,Moderate,2023,10,24,Tuesday,Autumn,0,29.391666,31.616667,30.600521,33.304165,37.30573,87.0,90.0,28.7902774810791,30.155952181134904,86.0,89.0,-0.8660254037844386,0.5000000000000001
2023-10-25,17.195833,19.1875,20.579044,65.7,68.7,9.2,248.0,1020.5,5.7,0.0,202.2,62.0,Moderate,2023,10,25,Wednesday,Autumn,0,24.1625,32.816666,29.645834,27.0875,37.1125,76.0,88.0,23.583333333333332,28.377380643572128,75.0,85.28571428571429,-0.8660254037844386,0.5000000000000001
2023-10-26,14.854167,15.9875,16.992014,65.3,69.6,10.3,214.0,1020.4,5.4,0.0,260.3,57.0,Moderate,2023,10,26,Thursday,Autumn,0,17.195833,29.391666,32.05,19.1875,38.345833,62.0,93.0,18.737500190734863,25.92083317892892,65.0,80.14285714285714,-0.8660254037844386,0.5000000000000001
2023-10-27,12.2625,12.895833,13.474931,64.0,72.1,10.3,241.6,1020.0,5.6,0.0,172.7,51.0,Moderate,2023,10,27,Friday,Autumn,0,14.854167,24.1625,31.408333,15.9875,37.795834,57.0,92.0,14.770833333333334,23.185714176722936,56.666666666666664,74.28571428571429,-0.8660254037844386,0.5000000000000001
2023-10-28,11.433333,11.833333,12.169791,63.8,71.9,34.4,275.6,1020.8,5.2,0.0,199.6,48.0,Good,2023,10,28,Saturday,Autumn,1,12.2625,17.195833,31.616667,12.895833,37.929165,51.0,92.0,12.850000063578287,20.30238083430699,52.0,68.0,-0.8660254037844386,0.5000000000000001
2023-10-29,11.2875,11.891666,12.459236,64.0,70.4,10.3,286.8,1021.2,4.7,0.0,160.0,47.0,Good,2023,10,29,Sunday,Autumn,0,11.433333,14.854167,32.816666,11.833333,38.225,48.0,95.0,11.661111195882162,17.226785796029226,48.666666666666664,61.142857142857146,-0.8660254037844386,0.5000000000000001
2023-10-30,14.0075,15.306666,12.995063,65.1,70.8,10.3,241.6,1022.0,4.5,0.0,189.2,55.0,Moderate,2023,10,30,Monday,Autumn,0,11.2875,12.2625,29.391666,11.891666,33.304165,47.0,87.0,12.242777824401855,15.029047693525042,50.0,56.57142857142857,-0.8660254037844386,0.5000000000000001
2023-10-31,16.7275,18.721666,13.5308895,65.6,70.6,11.4,249.2,1023.8,5.0,0.0,182.9,61.0,Moderate,2023,10,31,Tuesday,Autumn,0,14.0075,11.433333,24.1625,15.306666,27.0875,55.0,76.0,14.007500330607096,13.96690491267613,54.333333333333336,54.42857142857143,-0.8660254037844386,0.5000000000000001
2023-11-01,19.4475,22.136667,14.066716,63.6,74.6,5.8,103.5,1023.8,4.4,0.0,141.5,66.0,Moderate,2023,11,1,Wednesday,Autumn,0,16.7275,11.2875,17.195833,18.721666,19.1875,61.0,62.0,16.727500279744465,14.288571630205427,60.666666666666664,55.0,-0.5000000000000004,0.8660254037844384
2023-11-02,22.1675,25.551666,14.602543,63.3,73.6,10.3,269.3,1021.4,4.8,0.0,182.5,72.0,Moderate,2023,11,2,Thursday,Autumn,0,19.4475,14.0075,14.854167,22.136667,15.9875,66.0,57.0,19.447500228881836,15.33333342415946,66.33333333333333,57.142857142857146,-0.5000000000000004,0.8660254037844384
2023-11-03,24.8875,28.966667,15.13837,63.4,74.5,9.2,225.8,1019.1,5.0,0.0,158.2,78.0,Moderate,2023,11,3,Friday,Autumn,0,22.1675,16.7275,12.2625,25.551666,12.895833,72.0,51.0,22.167500178019207,17.136904988970077,72.0,61.0,-0.5000000000000004,0.8660254037844384
2023-11-04,27.6075,32.381668,15.674196,62.9,75.7,10.3,245.7,1018.6,4.9,0.0,179.9,84.0,Moderate,2023,11,4,Saturday,Autumn,1,24.8875,19.4475,11.433333,28.966667,11.833333,78.0,48.0,24.887500127156574,19.447500228881836,78.0,66.14285714285714,-0.5000000000000004,0.8660254037844384
2023-11-05,30.3275,35.796665,16.210022,62.2,72.5,8.1,208.8,1020.7,4.3,0.0,196.2,89.0,Moderate,2023,11,5,Sunday,Autumn,0,27.6075,22.1675,11.2875,32.381668,11.891666,84.0,47.0,27.607500076293945,22.16750008719308,83.66666666666667,72.14285714285714,-0.5000000000000004,0.8660254037844384
2023-11-06,33.0475,39.211666,16.74585,62.1,76.6,10.3,247.3,1021.9,3.0,0.0,162.4,95.0,Moderate,2023,11,6,Monday,Autumn,0,30.3275,24.8875,14.0075,35.796665,15.306666,89.0,55.0,30.327500025431316,24.8875002179827,89.33333333333333,77.85714285714286,-0.5000000000000004,0.8660254037844384
2023-11-07,35.7675,42.626667,17.281675,62.1,76.0,11.4,257.9,1020.8,3.4,0.0,170.8,102.0,Unhealthy for Sensitive Groups,2023,11,7,Tuesday,Autumn,0,33.0475,27.6075,16.7275,39.211666,18.721666,95.0,61.0,33.04750061035156,27.607500348772323,95.33333333333333,83.71428571428571,-0.5000000000000004,0.8660254037844384
2023-11-08,38.4875,46.041668,17.817503,61.4,68.6,11.4,274.2,1019.7,4.3,0.0,191.8,108.0,Unhealthy for Sensitive Groups,2023,11,8,Wednesday,Autumn,0,35.7675,30.3275,19.4475,42.626667,22.136667,102.0,66.0,35.76750055948893,30.327500207083567,101.66666666666667,89.71428571428571,-0.5000000000000004,0.8660254037844384
2023-11-09,40.245834,48.8875,18.353329,60.2,66.5,8.1,180.8,1020.2,4.6,0.0,175.2,113.0,Unhealthy for Sensitive Groups,2023,11,9,Thursday,Autumn,0,38.4875,33.0475,22.1675,46.041668,25.551666,108.0,72.0,38.166945139567055,32.91011946541922,107.66666666666667,95.57142857142857,-0.5000000000000004,0.8660254037844384
2023-11-10,47.704166,55.9375,18.889156,60.3,72.9,10.3,216.3,1021.9,4.0,0.0,163.7,131.0,Unhealthy for Sensitive Groups,2023,11,10,Friday,Autumn,0,40.245834,35.7675,24.8875,48.8875,28.966667,113.0,78.0,42.145833333333336,36.169643129621235,117.33333333333333,103.14285714285714,-0.5000000000000004,0.8660254037844384
2023-11-11,53.695835,63.291668,19.424982,59.1,79.2,12.8,304.8,1022.8,3.7,0.0,156.8,146.0,Unhealthy for Sensitive Groups,2023,11,11,Saturday,Autumn,1,47.704166,38.4875,27.6075,55.9375,32.381668,131.0,84.0,47.21527862548828,39.89654813494001,130.0,112.0,-0.5000000000000004,0.8660254037844384
2023-11-12,43.958332,49.258335,19.960808,60.1,73.6,9.2,209.3,1022.9,3.6,0.0,198.1,122.0,Unhealthy for Sensitive Groups,2023,11,12,Sunday,Autumn,0,53.695835,40.245834,30.3275,63.291668,35.796665,146.0,89.0,48.45277786254883,41.84380994524275,133.0,116.71428571428571,-0.5000000000000004,0.8660254037844384
2023-11-13,43.103523,47.975,20.496635,60.8,75.5,9.2,176.1,1022.9,4.8,0.0,187.1,120.0,Unhealthy for Sensitive Groups,2023,11,13,Monday,Autumn,0,43.958332,47.704166,33.0475,49.258335,39.211666,122.0,95.0,46.919230143229164,43.28038460867746,129.33333333333334,120.28571428571429,-0.5000000000000004,0.8660254037844384
2023-11-14,42.248714,46.691666,21.032461,61.5,70.4,10.3,250.3,1023.3,4.2,0.0,144.9,118.0,Unhealthy for Sensitive Groups,2023,11,14,Tuesday,Autumn,0,43.103523,53.695835,35.7675,47.975,42.626667,120.0,102.0,43.10352325439453,44.20627212524414,120.0,122.57142857142857,-0.5000000000000004,0.8660254037844384
2023-11-15,41.3939,45.408333,21.568289,61.5,73.3,10.3,221.9,1022.9,4.6,0.0,173.6,116.0,Unhealthy for Sensitive Groups,2023,11,15,Wednesday,Autumn,0,42.248714,43.958332,38.4875,46.691666,46.041668,118.0,108.0,42.24871317545573,44.6214724949428,118.0,123.71428571428571,-0.5000000000000004,0.8660254037844384
2023-11-16,40.539093,44.125,22.104115,61.6,74.1,6.9,138.3,1024.4,4.5,0.0,169.9,113.0,Unhealthy for Sensitive Groups,2023,11,16,Thursday,Autumn,0,41.3939,43.103523,40.245834,45.408333,48.8875,116.0,113.0,41.39390309651693,44.6633665902274,115.66666666666667,123.71428571428571,-0.5000000000000004,0.8660254037844384
2023-11-17,39.684284,42.841667,22.639942,60.9,72.5,11.4,284.5,1023.9,4.7,0.0,173.0,111.0,Unhealthy for Sensitive Groups,2023,11,17,Friday,Autumn,0,40.539093,42.248714,47.704166,44.125,55.9375,113.0,131.0,40.539093017578125,43.51766913277762,113.33333333333333,120.85714285714286,-0.5000000000000004,0.8660254037844384
2023-11-29,29.426563,27.441668,29.06986,60.0,74.8,11.4,270.7,1021.3,4.3,0.5,156.3,87.0,Moderate,2023,11,29,Wednesday,Autumn,0,39.684284,41.3939,53.695835,42.841667,63.291668,111.0,146.0,36.54998016357422,40.050630296979634,103.66666666666667,112.42857142857143,-0.5000000000000004,0.8660254037844384
2023-11-30,30.011457,41.8625,46.524883,57.5,80.3,4.7,220.2,1022.4,3.7,0.0,145.6,89.0,Moderate,2023,11,30,Thursday,Autumn,0,29.426563,40.539093,43.958332,27.441668,49.258335,87.0,122.0,33.04076830546061,38.058219637189595,95.66666666666667,107.71428571428571,-0.5000000000000004,0.8660254037844384
2023-12-01,30.596354,33.291668,36.34993,59.3,72.8,11.4,247.3,1021.8,4.2,0.1,153.3,90.0,Moderate,2023,12,1,Friday,Winter,0,30.011457,39.684284,43.103523,41.8625,47.975,89.0,120.0,30.011458079020183,36.27148110525949,88.66666666666667,103.42857142857143,-2.4492935982947064e-16,1.0
2023-12-02,31.18125,31.445833,33.655766,58.9,68.2,8.1,262.7,1021.9,5.0,0.0,172.5,91.0,Moderate,2023,12,2,Saturday,Winter,1,30.596354,29.426563,42.248714,33.291668,46.691666,90.0,118.0,30.59635353088379,34.69041470118931,90.0,99.57142857142857,-2.4492935982947064e-16,1.0
2023-12-03,31.766146,27.341667,29.792152,57.6,65.7,5.8,318.3,1022.3,4.9,0.0,183.4,92.0,Moderate,2023,12,3,Sunday,Winter,0,31.18125,30.011457,41.3939,31.445833,45.408333,91.0,116.0,31.181249618530273,33.31502096993582,91.0,96.14285714285714,-2.4492935982947064e-16,1.0
2023-12-04,32.35104,44.191666,49.767235,56.2,67.2,4.7,24.4,1021.5,4.0,0.0,88.7,94.0,Moderate,2023,12,4,Monday,Winter,0,31.766146,30.596354,40.539093,27.341667,44.125,92.0,113.0,31.76614507039388,32.145299094063894,92.33333333333333,93.42857142857143,-2.4492935982947064e-16,1.0
2023-12-05,32.935936,40.5,49.558887,58.5,69.4,12.8,264.9,1019.6,4.2,0.0,147.8,95.0,Moderate,2023,12,5,Tuesday,Winter,0,32.35104,31.18125,39.684284,44.191666,42.841667,94.0,111.0,32.351040522257485,31.181249346051896,93.66666666666667,91.14285714285714,-2.4492935982947064e-16,1.0
2023-12-06,33.520832,35.166668,49.350544,56.7,75.7,5.8,199.8,1021.6,4.0,0.0,169.1,96.0,Moderate,2023,12,6,Wednesday,Winter,0,32.935936,31.766146,29.426563,40.5,27.441668,95.0,87.0,32.935935974121094,31.76614488874163,95.0,92.42857142857143,-2.4492935982947064e-16,1.0
2023-12-07,57.116665,58.375,49.142197,53.5,88.7,5.8,163.0,1020.3,2.6,0.0,61.3,152.0,Unhealthy,2023,12,7,Thursday,Winter,0,33.520832,32.35104,30.011457,35.166668,41.8625,96.0,89.0,41.19114430745443,35.63831738063267,114.33333333333333,101.42857142857143,-2.4492935982947064e-16,1.0
2023-12-08,41.620834,42.416668,48.933853,55.2,79.0,9.2,263.9,1018.5,3.3,0.0,134.9,116.0,Unhealthy for Sensitive Groups,2023,12,8,Friday,Winter,0,57.116665,32.935936,30.596354,58.375,33.291668,152.0,90.0,44.08611043294271,37.213243212018696,121.33333333333333,105.14285714285714,-2.4492935982947064e-16,1.0
2023-12-09,27.975,28.833334,48.725506,55.1,75.6,11.4,241.2,1018.7,4.2,0.0,129.9,84.0,Moderate,2023,12,9,Saturday,Winter,1,41.620834,33.520832,31.18125,42.416668,31.445833,116.0,91.0,42.23749987284342,36.75520760672433,117.33333333333333,104.14285714285714,-2.4492935982947064e-16,1.0
2023-12-10,29.933332,31.4,48.51716,54.0,73.6,8.1,219.5,1017.2,4.3,0.0,151.5,89.0,Moderate,2023,12,10,Sunday,Winter,0,27.975,57.116665,31.766146,28.833334,27.341667,84.0,92.0,33.17638905843099,36.49337714059012,96.33333333333333,103.71428571428571,-2.4492935982947064e-16,1.0
2023-12-11,34.233334,35.4375,48.308815,54.5,73.6,10.3,201.5,1019.3,4.0,0.0,113.5,98.0,Moderate,2023,12,11,Monday,Winter,0,29.933332,41.620834,32.35104,31.4,44.191666,89.0,94.0,30.71388880411784,36.76227624075754,90.33333333333333,104.28571428571429,-2.4492935982947064e-16,1.0
2023-12-12,31.054167,31.925,48.100468,54.5,72.0,9.2,184.9,1018.0,4.5,4.2,133.2,91.0,Moderate,2023,12,12,Tuesday,Winter,0,34.233334,27.975,32.935936,35.4375,40.5,98.0,95.0,31.740277608235676,36.493452072143555,92.66666666666667,103.71428571428571,-2.4492935982947064e-16,1.0
2023-12-13,26.616667,27.116667,47.892124,53.4,72.8,10.3,245.1,1018.2,4.2,0.4,158.5,82.0,Moderate,2023,12,13,Wednesday,Winter,0,31.054167,29.933332,33.520832,31.925,35.166668,91.0,96.0,30.634722391764324,35.50714274815151,90.33333333333333,101.71428571428571,-2.4492935982947064e-16,1.0
2023-12-14,31.095833,31.541666,47.683777,52.5,76.6,10.3,202.5,1019.7,4.2,0.0,150.6,91.0,Moderate,2023,12,14,Thursday,Winter,0,26.616667,34.233334,57.116665,27.116667,58.375,82.0,152.0,29.58888880411784,31.789881025041854,88.0,93.0,-2.4492935982947064e-16,1.0
2023-12-15,33.283333,33.729168,47.475433,52.5,78.7,8.1,219.4,1021.5,3.6,0.0,169.1,96.0,Moderate,2023,12,15,Friday,Winter,0,31.095833,31.054167,41.620834,31.541666,42.416668,91.0,116.0,30.33194414774577,30.598809378487722,89.66666666666667,90.14285714285714,-2.4492935982947064e-16,1.0
2023-12-16,38.3,38.6,47.267086,53.7,74.2,6.9,232.3,1019.9,3.5,0.0,167.9,108.0,Unhealthy for Sensitive Groups,2023,12,16,Saturday,Winter,1,33.283333,26.616667,27.975,33.729168,28.833334,96.0,84.0,34.22638829549154,32.0738092150007,98.33333333333333,93.57142857142857,-2.4492935982947064e-16,1.0
2023-12-17,54.291306,85.934784,47.05874,55.6,71.9,9.2,174.3,1020.5,3.7,0.0,154.9,147.0,Unhealthy for Sensitive Groups,2023,12,17,Sunday,Winter,0,38.3,31.095833,29.933332,38.6,31.4,108.0,89.0,41.958212534586586,35.55351965767996,117.0,101.85714285714286,-2.4492935982947064e-16,1.0
2023-12-18,71.691666,122.683334,46.850395,54.0,72.8,10.3,243.6,1021.2,4.2,0.0,171.5,159.0,Unhealthy,2023,12,18,Monday,Winter,0,54.291306,33.283333,34.233334,85.934784,35.4375,147.0,98.0,54.760990142822266,40.90470995221819,138.0,110.57142857142857,-2.4492935982947064e-16,1.0
2023-12-19,71.319305,121.98825,46.642048,52.0,72.4,8.1,199.1,1022.0,4.2,0.0,152.2,159.0,Unhealthy,2023,12,19,Tuesday,Winter,0,71.691666,38.3,31.054167,122.683334,31.925,159.0,91.0,65.76742553710938,46.656872613089426,155.0,120.28571428571429,-2.4492935982947064e-16,1.0
2023-12-20,70.94694,121.29316,46.433704,51.8,73.7,6.9,260.5,1022.6,4.4,0.0,153.8,159.0,Unhealthy,2023,12,20,Wednesday,Winter,0,71.319305,54.291306,26.616667,121.98825,27.116667,159.0,82.0,71.31930287679036,52.98976843697684,159.0,131.28571428571428,-2.4492935982947064e-16,1.0
2023-12-21,70.57457,120.598076,46.225357,52.8,69.6,9.2,230.6,1021.1,3.8,0.0,173.3,159.0,Unhealthy,2023,12,21,Thursday,Winter,0,70.94694,71.691666,31.095833,121.29316,31.541666,159.0,91.0,70.94693756103516,58.62958799089704,159.0,141.0,-2.4492935982947064e-16,1.0
2023-12-22,70.20221,119.90299,46.017014,53.0,69.2,8.1,223.7,1021.6,4.0,0.0,165.4,159.0,Unhealthy,2023,12,22,Friday,Winter,0,70.57457,71.319305,33.283333,120.598076,33.729168,159.0,96.0,70.57457224527995,63.90371322631836,159.0,150.0,-2.4492935982947064e-16,1.0
2023-12-23,69.82984,119.20791,45.808666,53.9,68.9,5.8,152.8,1024.3,3.7,0.0,141.9,158.0,Unhealthy,2023,12,23,Saturday,Winter,1,70.20221,70.94694,38.3,119.90299,38.6,159.0,108.0,70.20220692952473,68.40797642299107,158.66666666666666,157.14285714285714,-2.4492935982947064e-16,1.0
2024-05-22,13.6027775,14.25007,14.348473,72.7,75.3,18.3,179.9,1014.5,4.5,3.3,248.2,54.0,Moderate,2024,5,22,Wednesday,Spring,0,69.82984,70.57457,54.291306,119.20791,85.934784,158.0,147.0,51.211609522501625,62.59532955714634,123.66666666666667,143.85714285714286,0.49999999999999994,-0.8660254037844387
2024-05-23,14.40375,14.947917,15.089167,74.2,70.9,8.1,146.0,1013.6,4.6,0.5,238.7,56.0,Moderate,2024,5,23,Thursday,Spring,0,13.6027775,70.20221,71.691666,14.25007,122.683334,54.0,159.0,32.61212317148844,54.41134166717529,89.33333333333333,129.14285714285714,0.49999999999999994,-0.8660254037844387
2024-05-24,16.12993,16.728819,17.002987,76.1,68.8,16.1,135.6,1012.5,4.3,0.0,289.5,59.0,Moderate,2024,5,24,Friday,Spring,0,14.40375,69.82984,71.319305,14.947917,121.98825,56.0,159.0,14.712152798970541,46.527145249503,56.333333333333336,114.85714285714286,0.49999999999999994,-0.8660254037844387
2024-05-25,15.810416,16.29368,16.718403,77.0,74.2,13.9,157.4,1010.8,4.8,5.6,268.7,59.0,Moderate,2024,5,25,Saturday,Spring,1,16.12993,13.6027775,70.94694,16.728819,121.29316,59.0,159.0,15.44803237915039,38.65049934387207,58.0,100.57142857142857,0.49999999999999994,-0.8660254037844387
2024-05-26,15.964097,16.391527,16.682083,76.5,76.4,8.1,65.7,1009.9,4.3,1.9,237.5,59.0,Moderate,2024,5,26,Sunday,Spring,0,15.810416,14.40375,70.57457,16.29368,120.598076,59.0,159.0,15.968147913614908,30.84900324685233,59.0,86.28571428571429,0.49999999999999994,-0.8660254037844387
2024-05-27,13.275139,13.77875,13.985139,76.5,74.5,19.7,216.5,1006.7,4.6,0.0,235.8,53.0,Moderate,2024,5,27,Monday,Spring,0,15.964097,16.12993,70.20221,16.391527,119.90299,59.0,159.0,15.016550699869791,22.71656458718436,57.0,71.14285714285714,0.49999999999999994,-0.8660254037844387
2024-05-28,10.773125,11.086458,11.14125,74.6,82.3,8.1,229.5,1005.4,4.4,8.3,210.9,45.0,Good,2024,5,28,Tuesday,Spring,0,13.275139,15.810416,69.82984,13.77875,119.20791,53.0,158.0,13.337453524271647,14.279890741620745,52.333333333333336,55.0,0.49999999999999994,-0.8660254037844387
2024-05-29,19.764696,20.889545,21.547804,77.6,73.0,12.8,218.0,1007.0,4.0,0.0,254.2,67.0,Moderate,2024,5,29,Wednesday,Spring,0,10.773125,15.964097,13.6027775,11.086458,14.25007,45.0,54.0,14.60431989034017,15.160164833068848,55.0,56.857142857142854,0.49999999999999994,-0.8660254037844387
2024-05-30,17.566736,18.686945,19.193195,79.1,64.6,15.0,281.1,1009.8,4.3,0.0,297.7,62.0,Moderate,2024,5,30,Thursday,Spring,0,19.764696,13.275139,14.40375,20.889545,14.947917,67.0,56.0,16.034852345784504,15.61201994759696,58.0,57.714285714285715,0.49999999999999994,-0.8660254037844387
2024-05-31,14.197917,15.451389,16.113472,76.9,67.1,16.1,239.8,1010.6,4.4,1.5,275.5,55.0,Moderate,2024,5,31,Friday,Spring,0,17.566736,10.773125,16.12993,18.686945,16.728819,62.0,59.0,17.1764497756958,15.336018017360143,61.333333333333336,57.142857142857146,0.49999999999999994,-0.8660254037844387
2024-06-01,16.314375,17.31479,17.810347,74.8,68.6,12.8,226.6,1012.6,4.4,1.5,241.8,60.0,Moderate,2024,6,1,Saturday,Monsoon,1,14.197917,19.764696,15.810416,15.451389,16.29368,55.0,59.0,16.02634270985921,15.408012117658343,59.0,57.285714285714285,1.2246467991473532e-16,-1.0
2024-06-02,17.825903,18.702778,19.367777,75.5,68.9,13.9,249.4,1013.2,4.5,0.0,260.9,63.0,Moderate,2024,6,2,Sunday,Monsoon,0,16.314375,17.566736,15.964097,17.31479,16.391527,60.0,59.0,16.112731615702312,15.673984391348702,59.333333333333336,57.857142857142854,1.2246467991473532e-16,-1.0
2024-06-03,17.285208,18.30986,19.165138,76.1,68.4,10.3,279.5,1012.2,4.4,0.0,255.8,62.0,Moderate,2024,6,3,Monday,Monsoon,0,17.825903,14.197917,13.275139,18.702778,13.77875,63.0,53.0,17.141828536987305,16.24685137612479,61.666666666666664,59.142857142857146,1.2246467991473532e-16,-1.0
2024-06-04,17.37747,18.373163,19.39725,73.6,68.6,11.4,119.8,1012.6,4.7,22.6,270.6,62.0,Moderate,2024,6,4,Tuesday,Monsoon,0,17.285208,16.314375,10.773125,18.30986,11.086458,62.0,45.0,17.496193567911785,17.1903292792184,62.333333333333336,61.57142857142857,1.2246467991473532e-16,-1.0
2024-06-05,15.958542,16.84736,17.569792,74.2,69.9,16.1,246.4,1013.4,4.7,1.0,252.2,59.0,Moderate,2024,6,5,Wednesday,Monsoon,0,17.37747,17.825903,19.764696,18.373163,20.889545,62.0,67.0,16.87373987833659,16.646592957632883,61.0,60.42857142857143,1.2246467991473532e-16,-1.0
2024-06-06,11.197014,11.951667,12.56618,74.8,71.7,12.8,251.8,1013.6,4.7,3.6,265.3,47.0,Good,2024,6,6,Thursday,Monsoon,0,15.958542,17.285208,17.566736,16.84736,18.686945,59.0,62.0,14.844341913859049,15.73663261958531,56.0,58.285714285714285,1.2246467991473532e-16,-1.0
2024-06-07,11.815486,12.627916,13.661597,75.7,71.4,13.9,237.5,1011.3,4.8,0.0,239.9,49.0,Good,2024,6,7,Friday,Monsoon,0,11.197014,17.37747,14.197917,11.951667,15.451389,47.0,55.0,12.990347226460775,15.396285329546247,51.666666666666664,57.42857142857143,1.2246467991473532e-16,-1.0
2024-06-08,14.8174305,15.703889,16.803402,77.2,71.8,12.8,260.1,1010.1,4.6,2.3,245.2,57.0,Moderate,2024,6,8,Saturday,Monsoon,1,11.815486,15.958542,16.314375,12.627916,17.31479,49.0,60.0,12.609976768493652,15.182436125619072,51.0,57.0,1.2246467991473532e-16,-1.0
2024-06-09,18.949583,20.274237,21.829721,79.1,69.2,12.8,259.4,1009.6,4.4,0.0,278.4,65.0,Moderate,2024,6,9,Sunday,Monsoon,0,14.8174305,11.197014,17.825903,15.703889,18.702778,57.0,63.0,15.194166501363119,15.342961856297084,57.0,57.285714285714285,1.2246467991473532e-16,-1.0
2024-06-10,19.732431,21.137362,22.88986,80.6,63.8,13.9,255.2,1010.3,4.4,0.0,296.4,67.0,Moderate,2024,6,10,Monday,Monsoon,0,18.949583,11.815486,17.285208,20.274237,18.30986,65.0,62.0,17.83314832051595,15.69256523677281,63.0,58.0,1.2246467991473532e-16,-1.0
2024-06-11,21.200834,22.315208,23.51507,79.8,69.9,15.0,214.7,1010.3,4.0,0.0,263.5,70.0,Moderate,2024,6,11,Tuesday,Monsoon,0,19.732431,14.8174305,17.37747,21.137362,18.373163,67.0,62.0,19.960949579874676,16.238760130746023,67.33333333333333,59.142857142857146,1.2246467991473532e-16,-1.0
2024-06-12,21.738472,22.722221,24.4725,80.0,66.8,10.3,234.2,1010.5,4.0,0.0,276.8,71.0,Moderate,2024,6,12,Wednesday,Monsoon,0,21.200834,18.949583,15.958542,22.315208,16.84736,70.0,59.0,20.890579223632812,17.06446443285261,69.33333333333333,60.857142857142854,1.2246467991473532e-16,-1.0
2024-06-13,21.149513,22.20632,23.282223,80.4,66.0,12.8,269.2,1008.9,4.6,0.0,261.2,70.0,Moderate,2024,6,13,Thursday,Monsoon,0,21.738472,19.732431,11.197014,22.722221,11.951667,71.0,47.0,21.362939834594727,18.48625005994524,70.33333333333333,64.14285714285714,1.2246467991473532e-16,-1.0
2024-06-14,23.775694,24.808472,25.93521,80.7,69.5,11.4,259.9,1008.0,3.7,0.0,251.3,76.0,Moderate,2024,6,14,Friday,Monsoon,0,21.149513,21.200834,11.815486,22.20632,12.627916,70.0,49.0,22.22122637430827,20.194851194109237,72.33333333333333,68.0,1.2246467991473532e-16,-1.0
2024-06-15,21.738194,22.860903,24.701666,81.0,69.9,13.9,253.6,1008.0,3.6,0.0,245.2,71.0,Moderate,2024,6,15,Saturday,Monsoon,1,23.775694,21.738472,14.8174305,24.808472,15.703889,76.0,57.0,22.221133550008137,21.183531624930247,72.33333333333333,70.0,1.2246467991473532e-16,-1.0
2024-06-16,16.951458,17.973194,18.724167,78.8,75.1,13.9,234.2,1009.3,4.5,2.8,183.5,61.0,Moderate,2024,6,16,Sunday,Monsoon,0,21.738194,21.149513,18.949583,22.860903,20.274237,71.0,65.0,20.821781794230144,20.89808518545968,69.33333333333333,69.42857142857143,1.2246467991473532e-16,-1.0
2024-06-17,16.106041,16.675694,16.804306,76.6,84.0,10.3,133.4,1009.5,4.3,13.2,134.1,59.0,Moderate,2024,6,17,Monday,Monsoon,0,16.951458,23.775694,19.732431,17.973194,21.137362,61.0,67.0,18.265230814615887,20.38002940586635,63.666666666666664,68.28571428571429,1.2246467991473532e-16,-1.0
2024-06-18,17.398264,17.889862,18.107779,75.9,91.0,13.9,117.0,1006.8,3.2,23.6,119.2,62.0,Moderate,2024,6,18,Tuesday,Monsoon,0,16.106041,21.738194,21.200834,16.675694,22.315208,59.0,70.0,16.81858762105306,19.836805071149552,60.666666666666664,67.14285714285714,1.2246467991473532e-16,-1.0
2024-06-19,13.679727,14.340126,15.135805,76.6,82.2,15.0,223.1,1005.3,4.0,4.8,98.0,54.0,Moderate,2024,6,19,Wednesday,Monsoon,0,17.398264,16.951458,21.738472,17.889862,22.722221,62.0,71.0,15.728010495503744,18.685555730547225,58.333333333333336,64.71428571428571,1.2246467991473532e-16,-1.0
2024-06-20,8.034792,8.510625,9.213403,75.5,80.7,13.9,231.4,1006.6,5.1,36.1,171.8,33.0,Good,2024,6,20,Thursday,Monsoon,0,13.679727,16.106041,21.149513,14.340126,22.20632,54.0,70.0,13.037594159444174,16.812024116516113,49.666666666666664,59.42857142857143,1.2246467991473532e-16,-1.0
2024-06-21,8.105893,8.596908,9.00764,76.8,73.3,11.4,241.9,1009.3,5.7,0.0,142.7,34.0,Good,2024,6,21,Friday,Monsoon,0,8.034792,17.398264,23.775694,8.510625,24.808472,33.0,76.0,9.940137227376303,14.573481151035853,40.333333333333336,53.42857142857143,1.2246467991473532e-16,-1.0
2024-06-22,10.299306,10.755834,11.101806,77.6,76.5,11.4,210.7,1010.0,4.7,5.1,137.1,43.0,Good,2024,6,22,Saturday,Monsoon,1,8.105893,13.679727,21.738194,8.596908,22.860903,34.0,71.0,8.81333033243815,12.939354351588658,36.666666666666664,49.42857142857143,1.2246467991473532e-16,-1.0
2024-06-23,10.344722,10.745139,11.257569,78.5,75.7,11.4,211.6,1010.5,4.7,0.3,237.6,43.0,Good,2024,6,23,Sunday,Monsoon,0,10.299306,8.034792,16.951458,10.755834,17.973194,43.0,61.0,9.583306948343912,11.995534896850586,40.0,46.857142857142854,1.2246467991473532e-16,-1.0
2024-06-24,9.259375,9.62507,9.9777775,79.1,71.6,16.1,221.9,1009.7,5.2,0.8,180.9,39.0,Good,2024,6,24,Monday,Monsoon,0,10.344722,8.105893,16.106041,10.745139,16.675694,43.0,59.0,9.967800776163736,11.017439705984932,41.666666666666664,44.0,1.2246467991473532e-16,-1.0
2024-06-25,12.734375,13.115,13.65493,78.7,75.0,16.1,212.5,1007.8,4.2,0.0,183.9,52.0,Moderate,2024,6,25,Tuesday,Monsoon,0,9.259375,10.299306,17.398264,9.62507,17.889862,39.0,62.0,10.77949047088623,10.351169858660016,44.666666666666664,42.57142857142857,1.2246467991473532e-16,-1.0
2024-06-26,10.731076,11.06276,11.303945,75.1,86.7,10.3,140.7,1010.5,4.3,50.3,68.1,45.0,Good,2024,6,26,Wednesday,Monsoon,0,12.734375,10.344722,13.679727,13.115,14.340126,52.0,54.0,10.908275286356607,9.929934092930385,45.333333333333336,41.285714285714285,1.2246467991473532e-16,-1.0
2024-06-27,10.105348,10.432153,11.122084,76.8,82.7,6.9,178.8,1012.3,4.3,0.3,89.6,42.0,Good,2024,6,27,Thursday,Monsoon,0,10.731076,9.259375,8.034792,11.06276,8.510625,45.0,33.0,11.190266291300455,10.225727762494769,46.333333333333336,42.57142857142857,1.2246467991473532e-16,-1.0
2024-06-28,6.290764,6.570764,6.8002086,75.8,84.5,15.0,222.9,1009.9,4.7,19.6,149.9,26.0,Good,2024,6,28,Friday,Monsoon,0,10.105348,12.734375,8.105893,10.432153,8.596908,42.0,34.0,9.04239590962728,9.96642357962472,37.666666666666664,41.42857142857143,1.2246467991473532e-16,-1.0
2024-06-29,5.024236,5.159167,5.170833,76.1,83.5,10.3,254.4,1008.6,4.9,12.7,144.4,21.0,Good,2024,6,29,Saturday,Monsoon,1,6.290764,10.731076,10.299306,6.570764,10.755834,26.0,43.0,7.140115896860759,9.212842191968646,29.666666666666668,38.285714285714285,1.2246467991473532e-16,-1.0
2024-06-30,8.28632,8.54868,8.584514,74.9,91.7,8.1,148.9,1008.1,4.3,56.6,128.5,35.0,Good,2024,6,30,Sunday,Monsoon,0,5.024236,10.105348,10.344722,5.159167,10.745139,21.0,43.0,6.533773263295491,8.918784754616874,27.333333333333332,37.142857142857146,1.2246467991473532e-16,-1.0
2024-07-01,8.226009,8.485037,8.520468,75.3,89.2,12.8,255.6,1006.0,4.5,39.6,172.9,34.0,Good,2024,7,1,Monday,Monsoon,0,8.28632,6.290764,9.259375,8.54868,9.62507,35.0,39.0,7.178855101267497,8.771161147526332,30.0,36.42857142857143,-0.4999999999999997,-0.8660254037844388
2024-07-02,8.1657,8.421392,8.456421,72.3,99.1,9.2,174.3,1005.5,3.9,32.8,157.0,34.0,Good,2024,7,2,Tuesday,Monsoon,0,8.226009,5.024236,12.734375,8.485037,13.115,34.0,52.0,8.226009686787924,8.118493284497942,34.333333333333336,33.857142857142854,-0.4999999999999997,-0.8660254037844388
2024-07-03,8.105391,8.357748,8.392374,74.6,91.9,11.4,251.1,1008.5,4.5,6.6,81.3,34.0,Good,2024,7,3,Wednesday,Monsoon,0,8.1657,8.28632,10.731076,8.421392,11.06276,34.0,45.0,8.16569995880127,7.7433953285217285,34.0,32.285714285714285,-0.4999999999999997,-0.8660254037844388
2024-07-04,8.04508,8.294104,8.328328,75.0,92.0,9.2,239.8,1010.0,4.4,21.1,149.4,34.0,Good,2024,7,4,Thursday,Monsoon,0,8.105391,8.226009,10.105348,8.357748,10.432153,34.0,42.0,8.105390230814615,7.449071407318115,34.0,31.142857142857142,-0.4999999999999997,-0.8660254037844388
2024-07-05,7.984771,8.230459,8.264281,74.4,89.9,13.9,191.9,1008.3,4.3,20.3,71.1,33.0,Good,2024,7,5,Friday,Monsoon,0,8.04508,8.1657,6.290764,8.294104,6.570764,34.0,26.0,8.045080502827963,7.691072395869663,33.666666666666664,32.142857142857146,-0.4999999999999997,-0.8660254037844388
2024-07-06,7.924461,8.166816,8.200234,70.0,100.0,10.3,81.3,1008.5,3.3,48.4,39.3,33.0,Good,2024,7,6,Saturday,Monsoon,1,7.984771,8.105391,5.024236,8.230459,5.159167,33.0,21.0,7.984770615895589,8.105390208108085,33.333333333333336,33.857142857142854,-0.4999999999999997,-0.8660254037844388
2024-07-07,7.8641515,8.103171,8.1361885,72.4,96.2,8.1,113.0,1011.8,4.1,30.7,113.0,33.0,Good,2024,7,7,Sunday,Monsoon,0,7.924461,8.04508,8.28632,8.166816,8.54868,33.0,35.0,7.924461046854655,8.0450804574149,33.0,33.57142857142857,-0.4999999999999997,-0.8660254037844388
2024-07-08,7.8038416,8.039527,8.072142,75.1,88.6,10.3,235.6,1012.0,4.3,2.0,156.9,33.0,Good,2024,7,8,Monday,Monsoon,0,7.8641515,7.984771,8.226009,8.103171,8.485037,33.0,34.0,7.864151318868001,7.984770774841309,33.0,33.42857142857143,-0.4999999999999997,-0.8660254037844388
2024-07-09,7.7435317,7.975883,8.008095,76.0,86.0,12.8,202.5,1012.3,4.3,0.5,185.2,32.0,Good,2024,7,9,Tuesday,Monsoon,0,7.8038416,7.924461,8.1657,8.039527,8.421392,33.0,34.0,7.803841590881348,7.9244610241481235,32.666666666666664,33.142857142857146,-0.4999999999999997,-0.8660254037844388
2024-07-10,7.683222,7.9122386,7.944049,74.1,92.2,13.9,175.4,1012.3,3.6,18.0,71.1,32.0,Good,2024,7,10,Wednesday,Monsoon,0,7.7435317,7.8641515,8.105391,7.975883,8.357748,32.0,34.0,7.743531703948975,7.864151205335345,32.333333333333336,32.857142857142854,-0.4999999999999997,-0.8660254037844388
2024-07-11,7.6229124,7.8485947,7.880002,72.7,96.0,6.9,111.9,1008.9,3.6,40.6,57.4,32.0,Good,2024,7,11,Thursday,Monsoon,0,7.683222,7.8038416,8.04508,7.9122386,8.294104,32.0,34.0,7.683221975962321,7.803841522761753,32.0,32.57142857142857,-0.4999999999999997,-0.8660254037844388
2024-07-12,7.5626025,7.7849503,7.8159556,73.1,92.6,11.4,162.1,1007.2,4.1,29.7,82.1,32.0,Good,2024,7,12,Friday,Monsoon,0,7.6229124,7.7435317,7.984771,7.8485947,8.230459,32.0,33.0,7.622912247975667,7.743531772068569,32.0,32.42857142857143,-0.4999999999999997,-0.8660254037844388
2024-07-13,7.5022926,7.7213063,7.7519093,75.9,82.8,11.4,231.3,1006.9,4.5,24.4,132.0,31.0,Good,2024,7,13,Saturday,Monsoon,1,7.5626025,7.683222,7.924461,7.7849503,8.166816,32.0,33.0,7.562602519989014,7.683222021375384,31.666666666666668,32.142857142857146,-0.4999999999999997,-0.8660254037844388
2024-07-14,7.441983,7.657662,7.687863,76.9,83.9,11.4,217.2,1007.4,4.7,1.0,187.8,31.0,Good,2024,7,14,Sunday,Monsoon,0,7.5022926,7.6229124,7.8641515,7.7213063,8.103171,31.0,33.0,7.50229279200236,7.622912270682199,31.333333333333332,31.857142857142858,-0.4999999999999997,-0.8660254037844388
2024-07-15,7.3816733,7.594018,7.623816,78.4,79.1,12.8,178.3,1010.6,4.5,13.0,177.0,31.0,Good,2024,7,15,Monday,Monsoon,0,7.441983,7.5626025,7.8038416,7.657662,8.039527,31.0,33.0,7.441983064015706,7.562602519989014,31.0,31.571428571428573,-0.4999999999999997,-0.8660254037844388
2024-07-16,7.3213634,7.5303736,7.5597696,77.1,85.9,8.1,128.9,1011.8,5.0,0.0,150.7,31.0,Good,2024,7,16,Tuesday,Monsoon,0,7.3816733,7.5022926,7.7435317,7.594018,7.975883,31.0,32.0,7.381673336029053,7.502292769295829,31.0,31.428571428571427,-0.4999999999999997,-0.8660254037844388
2024-07-17,7.2610536,7.4667296,7.4957232,75.7,92.0,15.0,101.3,1011.0,4.6,25.4,144.5,30.0,Good,2024,7,17,Wednesday,Monsoon,0,7.3213634,7.441983,7.683222,7.5303736,7.9122386,31.0,32.0,7.32136344909668,7.441983018602643,30.666666666666668,31.142857142857142,-0.4999999999999997,-0.8660254037844388
2024-07-18,7.200744,7.403085,7.4316764,76.8,86.3,10.3,37.9,1009.8,4.6,9.8,156.6,30.0,Good,2024,7,18,Thursday,Monsoon,0,7.2610536,7.3816733,7.6229124,7.4667296,7.8485947,30.0,32.0,7.261053721110026,7.381673267909458,30.333333333333332,30.857142857142858,-0.4999999999999997,-0.8660254037844388
2024-07-19,7.1404343,7.3394413,7.36763,77.5,80.1,8.1,259.0,1008.9,5.2,25.7,131.8,30.0,Good,2024,7,19,Friday,Monsoon,0,7.200744,7.3213634,7.5626025,7.403085,7.7849503,30.0,32.0,7.200743993123372,7.321363517216274,30.0,30.571428571428573,-0.4999999999999997,-0.8660254037844388
2024-09-01,4.4868054,4.5390973,4.5495834,71.2,99.3,8.1,74.6,1015.6,3.7,0.0,59.8,19.0,Good,2024,9,1,Sunday,Autumn,0,7.1404343,7.2610536,7.5022926,7.3394413,7.7213063,30.0,31.0,6.275994618733724,6.890579632350376,26.333333333333332,28.857142857142858,-1.0,-1.8369701987210297e-16
2024-09-02,4.310278,4.3591666,4.3597918,75.5,83.0,11.4,216.9,1015.9,4.5,0.0,185.6,18.0,Good,2024,9,2,Monday,Autumn,0,4.4868054,7.200744,7.441983,4.5390973,7.657662,19.0,31.0,5.312505880991618,6.4431931631905695,22.333333333333332,27.0,-1.0,-1.8369701987210297e-16
2024-09-03,3.4017577,3.442361,3.5202777,74.1,88.1,9.2,67.8,1015.9,4.3,4.0894,211.4,14.0,Good,2024,9,3,Tuesday,Autumn,0,4.310278,7.1404343,7.3816733,4.3591666,7.594018,18.0,31.0,4.066280364990234,5.8746337890625,17.0,24.571428571428573,-1.0,-1.8369701987210297e-16
2024-09-04,4.0383334,4.0815277,4.0847917,74.4,86.6,13.9,235.8,1012.7,4.3,0.0,177.1,17.0,Good,2024,9,4,Wednesday,Autumn,0,3.4017577,4.4868054,7.3213634,3.442361,7.5303736,14.0,31.0,3.916789690653483,5.40562949861799,16.333333333333332,22.571428571428573,-1.0,-1.8369701987210297e-16
2024-09-05,5.531706,7.060005,10.390796,73.1,89.1,106.0,134.0,1011.1,3.9,17.4,125.9,23.0,Good,2024,9,5,Thursday,Autumn,0,4.0383334,4.310278,7.2610536,4.0815277,7.4667296,17.0,30.0,4.32393232981364,5.1585798263549805,18.0,21.571428571428573,-1.0,-1.8369701987210297e-16
2024-09-06,7.0250783,10.038483,16.696798,73.9,87.2,13.9,170.2,1013.5,4.6,33.2,144.7,29.0,Good,2024,9,6,Friday,Autumn,0,5.531706,3.4017577,7.200744,7.060005,7.403085,23.0,30.0,5.531705856323242,5.1334847041538785,23.0,21.428571428571427,-1.0,-1.8369701987210297e-16
2024-09-07,8.518451,13.016961,23.002802,76.5,80.5,11.4,214.3,1013.7,5.3,5.0,187.8,35.0,Good,2024,9,7,Saturday,Autumn,1,7.0250783,4.0383334,7.1404343,10.038483,7.3394413,29.0,30.0,7.025078296661377,5.330344200134277,29.0,22.142857142857142,-1.0,-1.8369701987210297e-16
2024-09-08,10.011824,15.995439,29.308805,77.0,77.3,15.0,207.2,1013.5,5.0,0.0,209.6,42.0,Good,2024,9,8,Sunday,Autumn,0,8.518451,5.531706,4.4868054,13.016961,4.5390973,35.0,19.0,8.51845089594523,6.119632516588483,35.333333333333336,25.428571428571427,-1.0,-1.8369701987210297e-16
2024-09-09,11.505196,18.973915,35.61481,76.1,83.5,11.4,161.1,1012.0,4.5,0.0,165.6,48.0,Good,2024,9,9,Monday,Autumn,0,10.011824,7.0250783,4.310278,15.995439,4.3591666,42.0,18.0,10.011823336283365,7.147477899278913,41.666666666666664,29.714285714285715,-1.0,-1.8369701987210297e-16
2024-09-10,12.998569,21.952394,41.920815,77.1,82.1,12.8,164.4,1011.3,4.7,0.0,203.1,53.0,Moderate,2024,9,10,Tuesday,Autumn,0,11.505196,8.518451,3.4017577,18.973915,3.442361,48.0,14.0,11.50519593556722,8.5184508732387,47.666666666666664,35.285714285714285,-1.0,-1.8369701987210297e-16
2024-09-11,14.491941,24.930872,48.226818,77.4,79.9,12.8,192.7,1011.9,5.2,0.0,200.6,56.0,Moderate,2024,9,11,Wednesday,Autumn,0,12.998569,10.011824,4.0383334,21.952394,4.0815277,53.0,17.0,12.998568534851074,10.011823449816022,52.333333333333336,40.857142857142854,-1.0,-1.8369701987210297e-16
2024-09-12,15.985313,27.90935,54.53282,75.5,82.1,9.2,105.4,1012.9,4.4,0.8,151.8,59.0,Moderate,2024,9,12,Thursday,Autumn,0,14.491941,11.505196,5.531706,24.930872,7.060005,56.0,23.0,14.491941134134928,11.50519595827375,56.0,46.0,-1.0,-1.8369701987210297e-16
2024-09-13,17.478685,30.887827,60.838825,74.1,86.3,11.4,60.8,1011.5,4.6,6.2,181.2,62.0,Moderate,2024,9,13,Friday,Autumn,0,15.985313,12.998569,7.0250783,27.90935,10.038483,59.0,29.0,15.985313415527344,12.998568398611885,59.0,50.714285714285715,-1.0,-1.8369701987210297e-16
2024-09-14,18.97206,33.866302,67.14483,71.8,90.1,15.0,195.1,1010.7,4.3,0.5,116.8,65.0,Moderate,2024,9,14,Saturday,Autumn,1,17.478685,14.491941,8.518451,30.887827,13.016961,62.0,35.0,17.4786860148112,14.491941043308803,62.0,55.0,-1.0,-1.8369701987210297e-16
2024-09-15,20.465431,36.84478,73.45083,72.2,86.3,11.4,269.0,1011.1,4.3,1.0,125.6,69.0,Moderate,2024,9,15,Sunday,Autumn,0,18.97206,15.985313,10.011824,33.866302,15.995439,65.0,42.0,18.97205861409505,15.985313551766533,65.33333333333333,58.857142857142854,-1.0,-1.8369701987210297e-16
2024-09-16,21.958803,39.823257,79.756836,73.0,84.9,6.9,288.1,1013.0,4.8,22.6,77.8,72.0,Moderate,2024,9,16,Monday,Autumn,0,20.465431,17.478685,11.505196,36.84478,18.973915,69.0,48.0,20.465431213378906,17.47868606022426,68.66666666666667,62.285714285714285,-1.0,-1.8369701987210297e-16
2024-09-17,23.452177,42.80174,86.062836,74.4,85.4,6.9,108.6,1015.0,4.4,0.0,128.4,75.0,Moderate,2024,9,17,Tuesday,Autumn,0,21.958803,18.97206,12.998569,39.823257,21.952394,72.0,53.0,21.95880381266276,18.972058704921178,72.0,65.42857142857143,-1.0,-1.8369701987210297e-16
2024-09-18,24.945549,45.780216,92.36884,76.5,80.1,10.3,192.7,1014.8,4.7,3.7,235.7,78.0,Moderate,2024,9,18,Wednesday,Autumn,0,23.452177,20.465431,14.491941,42.80174,24.930872,75.0,56.0,23.452176411946613,20.465431213378906,75.0,68.57142857142857,-1.0,-1.8369701987210297e-16
2024-09-19,26.438921,48.758694,98.67484,78.1,79.4,10.3,260.2,1014.4,4.7,0.0,227.5,81.0,Moderate,2024,9,19,Thursday,Autumn,0,24.945549,21.958803,15.985313,45.780216,27.90935,78.0,59.0,24.94554901123047,21.958803721836635,78.0,71.71428571428571,-1.0,-1.8369701987210297e-16
2024-09-20,27.932295,51.73717,104.98085,75.8,88.5,11.4,75.1,1014.5,4.2,1.3,177.3,84.0,Moderate,2024,9,20,Friday,Autumn,0,26.438921,23.452177,17.478685,48.758694,30.887827,81.0,62.0,26.438921610514324,23.45217650277274,81.0,74.85714285714286,-1.0,-1.8369701987210297e-16
2024-09-21,25.11743,53.694653,117.38868,77.0,79.1,10.3,78.1,1015.6,4.8,12.8,156.6,78.0,Moderate,2024,9,21,Saturday,Autumn,1,27.932295,24.945549,18.97206,51.73717,33.866302,84.0,65.0,26.49621518452962,24.33008657182966,81.0,76.71428571428571,-1.0,-1.8369701987210297e-16
2024-09-22,29.862038,75.52539,172.60031,78.4,73.4,9.2,178.3,1015.0,4.7,0.0,247.6,88.0,Moderate,2024,9,22,Sunday,Autumn,0,25.11743,26.438921,20.465431,53.694653,36.84478,78.0,69.0,27.63725407918294,25.67245892116002,83.33333333333333,79.42857142857143,-1.0,-1.8369701987210297e-16
2024-09-23,30.933195,66.489235,144.36542,78.9,73.9,10.3,250.6,1015.2,4.9,2.9,231.7,91.0,Moderate,2024,9,23,Monday,Autumn,0,29.862038,27.932295,21.958803,75.52539,39.823257,88.0,72.0,28.637554168701172,26.95451491219657,85.66666666666667,82.14285714285714,-1.0,-1.8369701987210297e-16
2024-09-24,29.580973,51.44625,100.09062,75.6,81.9,10.3,207.7,1015.1,4.1,0.0,177.5,88.0,Moderate,2024,9,24,Tuesday,Autumn,0,30.933195,25.11743,23.452177,66.489235,42.80174,91.0,75.0,30.125401814778645,27.83005714416504,89.0,84.0,-1.0,-1.8369701987210297e-16
2024-09-25,19.545195,39.12303,83.86084,73.9,83.4,8.1,235.3,1015.4,4.3,0.8,95.6,67.0,Moderate,2024,9,25,Wednesday,Autumn,0,29.580973,29.862038,24.945549,51.44625,45.780216,88.0,78.0,26.68645413716634,27.058577946254186,82.0,82.42857142857143,-1.0,-1.8369701987210297e-16
2024-09-26,16.825964,30.822315,57.431522,72.3,88.2,9.2,110.0,1014.7,4.4,0.0,49.9,61.0,Moderate,2024,9,26,Thursday,Autumn,0,19.545195,30.933195,26.438921,39.12303,48.758694,67.0,81.0,21.98404375712077,25.685298374720983,72.0,79.57142857142857,-1.0,-1.8369701987210297e-16
2024-09-27,17.776457,27.083933,41.35454,66.0,100.0,6.9,86.1,1015.9,3.0,97.0,13.5,63.0,Moderate,2024,9,27,Friday,Autumn,0,16.825964,29.580973,27.932295,30.822315,51.73717,61.0,84.0,18.049205144246418,24.234464372907365,63.666666666666664,76.57142857142857,-1.0,-1.8369701987210297e-16
2024-09-28,18.726952,23.345549,25.277557,64.2,99.9,5.8,71.9,1016.3,3.1,164.3,18.5,65.0,Moderate,2024,9,28,Saturday,Autumn,1,17.776457,19.545195,25.11743,27.083933,53.694653,63.0,78.0,17.77645746866862,23.3215389251709,63.0,74.71428571428571,-1.0,-1.8369701987210297e-16
2024-09-29,27.569445,45.822083,85.91736,69.7,87.0,9.2,259.2,1017.0,4.3,0.0,196.8,84.0,Moderate,2024,9,29,Sunday,Autumn,0,18.726952,16.825964,29.862038,23.345549,75.52539,65.0,88.0,21.3576176961263,22.99402563912528,70.66666666666667,74.14285714285714,-1.0,-1.8369701987210297e-16
2024-09-30,20.718143,40.32196,93.80353,72.4,87.3,10.3,272.7,1015.2,4.8,0.0,173.4,69.0,Moderate,2024,9,30,Monday,Autumn,0,27.569445,17.776457,30.933195,45.822083,66.489235,84.0,91.0,22.33817990620931,21.534732546125138,72.66666666666667,71.0,-1.0,-1.8369701987210297e-16
2024-10-01,18.919098,40.022083,101.59125,75.3,84.3,11.4,261.5,1012.8,4.9,0.0,182.0,65.0,Moderate,2024,10,1,Tuesday,Autumn,0,20.718143,18.726952,29.580973,40.32196,51.44625,69.0,88.0,22.402228673299152,20.011607578822545,72.66666666666667,67.71428571428571,-0.8660254037844386,0.5000000000000001
2024-10-02,26.054514,51.712013,121.67861,75.7,84.1,15.0,222.0,1012.4,4.3,1.0,180.8,80.0,Moderate,2024,10,2,Wednesday,Autumn,0,18.919098,27.569445,19.545195,40.022083,39.12303,65.0,67.0,21.89725176493327,20.941510336739675,71.33333333333333,69.57142857142857,-0.8660254037844386,0.5000000000000001
2024-10-03,19.399513,34.64604,73.30583,73.6,86.7,10.3,219.9,1013.0,4.2,4.6,88.3,66.0,Moderate,2024,10,3,Thursday,Autumn,0,26.054514,20.718143,16.825964,51.712013,30.822315,80.0,61.0,21.45770835876465,21.309160232543945,70.33333333333333,70.28571428571429,-0.8660254037844386,0.5000000000000001
2024-10-04,15.772083,32.53146,84.716805,73.4,84.2,10.3,249.7,1013.6,4.7,0.0,166.0,59.0,Moderate,2024,10,4,Friday,Autumn,0,19.399513,18.919098,17.776457,34.64604,27.083933,66.0,63.0,20.408703486124676,21.022821153913224,68.33333333333333,69.71428571428571,-0.8660254037844386,0.5000000000000001
2024-10-05,16.97368,36.281876,88.299446,73.1,83.0,10.3,234.8,1015.7,4.6,0.0,179.6,61.0,Moderate,2024,10,5,Saturday,Autumn,1,15.772083,26.054514,18.726952,32.53146,23.345549,59.0,65.0,17.38175900777181,20.772353853498185,62.0,69.14285714285714,-0.8660254037844386,0.5000000000000001
2024-10-06,19.173681,43.32215,106.54618,72.7,80.6,9.2,248.8,1019.0,4.5,0.0,177.2,66.0,Moderate,2024,10,6,Sunday,Autumn,0,16.97368,19.399513,27.569445,36.281876,45.822083,61.0,84.0,17.306481679280598,19.572959082467214,62.0,66.57142857142857,-0.8660254037844386,0.5000000000000001
2024-10-07,21.830902,43.805973,107.212654,72.6,81.5,10.3,252.1,1021.3,4.6,0.0,167.8,71.0,Moderate,2024,10,7,Monday,Autumn,0,19.173681,15.772083,20.718143,43.32215,40.32196,66.0,69.0,19.326087951660156,19.731924601963588,66.0,66.85714285714286,-0.8660254037844386,0.5000000000000001
2024-10-08,22.147083,49.05958,135.51646,72.8,78.3,10.3,268.1,1020.6,5.2,0.0,201.1,72.0,Moderate,2024,10,8,Tuesday,Autumn,0,21.830902,16.97368,18.919098,43.805973,40.022083,71.0,65.0,21.05055554707845,20.19306537083217,69.66666666666667,67.85714285714286,-0.8660254037844386,0.5000000000000001
2024-10-09,24.925625,51.70507,124.35986,72.2,75.3,11.4,274.6,1017.9,5.0,0.0,211.5,78.0,Moderate,2024,10,9,Wednesday,Autumn,0,22.147083,19.173681,26.054514,49.05958,51.712013,72.0,80.0,22.967870076497395,20.031795501708984,73.66666666666667,67.57142857142857,-0.8660254037844386,0.5000000000000001
2024-10-10,30.017431,56.495068,116.43708,71.1,77.1,9.2,272.1,1016.7,4.7,0.0,201.8,89.0,Moderate,2024,10,10,Thursday,Autumn,0,24.925625,21.830902,19.399513,51.70507,34.64604,78.0,66.0,25.696713129679363,21.548640932355607,79.66666666666667,70.85714285714286,-0.8660254037844386,0.5000000000000001
2024-10-11,34.933693,60.124218,115.96232,71.4,72.6,12.8,267.2,1016.1,4.3,0.0,199.8,99.0,Moderate,2024,10,11,Friday,Autumn,0,30.017431,22.147083,15.772083,56.495068,32.53146,89.0,59.0,29.958916346232098,24.286013739449636,88.66666666666667,76.57142857142857,-0.8660254037844386,0.5000000000000001
2024-10-12,36.12618,60.121807,104.7691,70.1,74.8,10.3,256.5,1017.7,4.4,0.0,188.5,103.0,Unhealthy for Sensitive Groups,2024,10,12,Saturday,Autumn,1,34.933693,24.925625,16.97368,60.124218,36.281876,99.0,61.0,33.692434310913086,27.02208491734096,97.0,82.57142857142857,-0.8660254037844386,0.5000000000000001
2024-10-13,32.080532,53.772995,98.133484,68.5,79.9,10.3,231.2,1018.9,4.5,0.0,220.0,93.0,Moderate,2024,10,13,Sunday,Autumn,0,36.12618,30.017431,19.173681,60.121807,43.32215,103.0,66.0,34.38013458251953,28.865920748029435,98.33333333333333,86.42857142857143,-0.8660254037844386,0.5000000000000001
2024-10-14,36.45493,60.700626,110.731735,69.6,77.3,10.3,231.0,1018.9,4.3,0.0,153.9,103.0,Unhealthy for Sensitive Groups,2024,10,14,Monday,Autumn,0,32.080532,34.933693,21.830902,53.772995,43.805973,93.0,71.0,34.887213389078774,30.955067498343332,99.66666666666667,91.0,-0.8660254037844386,0.5000000000000001
2024-10-15,45.930676,73.07447,120.2054,68.3,81.5,8.1,254.0,1017.5,4.1,0.0,171.0,127.0,Unhealthy for Sensitive Groups,2024,10,15,Tuesday,Autumn,0,36.45493,36.12618,22.147083,60.700626,49.05958,103.0,72.0,38.15537897745768,34.35272353036063,107.66666666666667,98.85714285714286,-0.8660254037844386,0.5000000000000001
2024-10-16,51.87382,81.984375,130.54965,68.4,78.6,9.2,230.2,1017.6,4.0,0.0,190.9,141.0,Unhealthy for Sensitive Groups,2024,10,16,Wednesday,Autumn,0,45.930676,32.080532,24.925625,73.07447,51.70507,127.0,78.0,44.75314203898112,38.202465874808176,123.66666666666667,107.85714285714286,-0.8660254037844386,0.5000000000000001
2024-10-17,62.304096,96.64875,143.10791,67.8,80.7,9.2,261.6,1018.3,3.5,0.0,174.3,155.0,Unhealthy,2024,10,17,Thursday,Autumn,0,51.87382,36.45493,30.017431,81.984375,56.495068,141.0,89.0,53.36953099568685,42.814846583775115,141.0,117.28571428571429,-0.8660254037844386,0.5000000000000001
2024-10-18,62.139236,97.277916,154.34174,67.2,81.6,9.2,254.8,1017.8,4.0,0.0,173.2,154.0,Unhealthy,2024,10,18,Friday,Autumn,0,62.304096,45.930676,34.933693,96.64875,60.124218,155.0,99.0,58.77238464355469,46.70135280064174,150.0,125.14285714285714,-0.8660254037844386,0.5000000000000001
2024-10-19,55.670696,88.620766,136.00471,66.6,77.9,8.1,247.9,1018.6,3.6,0.0,175.0,151.0,Unhealthy,2024,10,19,Saturday,Autumn,1,62.139236,51.87382,36.12618,97.277916,60.121807,154.0,103.0,60.03800964355469,49.49342673165457,153.33333333333334,132.0,-0.8660254037844386,0.5000000000000001
2024-10-20,54.271755,90.13762,164.34679,67.1,76.7,12.8,193.1,1020.5,3.8,0.0,179.8,147.0,Unhealthy for Sensitive Groups,2024,10,20,Sunday,Autumn,0,55.670696,62.304096,32.080532,88.620766,53.772995,151.0,93.0,57.36056264241537,52.663601466587615,150.66666666666666,139.71428571428572,-0.8660254037844386,0.5000000000000001
2024-10-21,49.870583,86.5591,153.4992,65.9,77.9,10.3,140.2,1020.8,3.9,0.0,215.6,136.0,Unhealthy for Sensitive Groups,2024,10,21,Monday,Autumn,0,54.271755,62.139236,36.45493,90.13762,60.700626,147.0,103.0,53.27101135253906,54.58012335641043,144.66666666666666,144.42857142857142,-0.8660254037844386,0.5000000000000001
2024-10-22,44.329704,88.3636,167.13335,68.1,70.8,11.4,226.5,1021.1,4.3,0.0,203.5,123.0,Unhealthy for Sensitive Groups,2024,10,22,Tuesday,Autumn,0,49.870583,55.670696,45.930676,86.5591,73.07447,136.0,127.0,49.49068069458008,54.351413181849885,135.33333333333334,143.85714285714286,-0.8660254037844386,0.5000000000000001
2024-10-23,37.060696,81.74028,169.05,69.6,70.3,8.1,237.8,1020.1,4.9,0.0,200.8,105.0,Unhealthy for Sensitive Groups,2024,10,23,Wednesday,Autumn,0,44.329704,54.271755,51.87382,88.3636,81.984375,123.0,141.0,43.75366083780924,52.235252380371094,121.33333333333333,138.71428571428572,-0.8660254037844386,0.5000000000000001
2024-10-24,30.941801,61.458675,143.32732,69.0,73.5,11.4,249.8,1018.8,4.6,0.2,203.9,91.0,Moderate,2024,10,24,Thursday,Autumn,0,37.060696,49.870583,62.304096,81.74028,96.64875,105.0,155.0,37.44406700134277,47.75492450169155,106.33333333333333,129.57142857142858,-0.8660254037844386,0.5000000000000001
2024-10-25,36.298542,66.30257,145.04195,67.5,81.0,11.4,210.4,1017.8,4.5,0.3,191.0,103.0,Unhealthy for Sensitive Groups,2024,10,25,Friday,Autumn,0,30.941801,44.329704,62.139236,61.458675,97.277916,91.0,154.0,34.76701291402181,44.063396726335796,99.66666666666667,122.28571428571429,-0.8660254037844386,0.5000000000000001
2024-10-26,34.55507,63.83139,132.04903,67.5,82.8,9.2,215.9,1018.3,4.5,0.0,213.8,98.0,Moderate,2024,10,26,Saturday,Autumn,1,36.298542,37.060696,55.670696,66.30257,88.620766,103.0,151.0,33.93180402119955,41.04687854221889,97.33333333333333,114.71428571428571,-0.8660254037844386,0.5000000000000001
2024-10-27,33.998985,64.88764,150.25887,69.9,81.6,11.4,272.1,1017.6,4.6,0.3,204.2,97.0,Moderate,2024,10,27,Sunday,Autumn,0,34.55507,30.941801,54.271755,63.83139,90.13762,98.0,147.0,34.95086542765299,38.15076855250767,99.33333333333333,107.57142857142857,-0.8660254037844386,0.5000000000000001
2024-10-28,30.676584,58.769173,143.79259,70.2,80.1,9.2,267.4,1016.4,5.0,0.0,219.7,90.0,Moderate,2024,10,28,Monday,Autumn,0,33.998985,36.298542,49.870583,64.88764,86.5591,97.0,136.0,33.07687950134277,35.408768790108816,95.0,101.0,-0.8660254037844386,0.5000000000000001
2024-10-29,29.281,59.967728,146.78825,69.9,76.9,10.3,267.9,1016.9,4.9,0.0,209.1,87.0,Moderate,2024,10,29,Tuesday,Autumn,0,30.676584,34.55507,44.329704,58.769173,88.3636,90.0,123.0,31.318856557210285,33.25895391191755,91.33333333333333,95.85714285714286,-0.8660254037844386,0.5000000000000001
2024-10-30,38.14787,67.706894,122.871216,69.2,75.0,9.2,253.3,1017.5,4.7,0.5,153.9,108.0,Unhealthy for Sensitive Groups,2024,10,30,Wednesday,Autumn,0,29.281,33.998985,37.060696,59.967728,81.74028,87.0,105.0,32.70181783040365,33.414264406476704,95.0,96.28571428571429,-0.8660254037844386,0.5000000000000001
2024-10-31,54.669704,86.07628,124.49557,68.6,77.0,10.3,248.0,1018.1,4.2,0.0,117.7,148.0,Unhealthy for Sensitive Groups,2024,10,31,Thursday,Autumn,0,38.14787,30.676584,30.941801,67.706894,61.458675,108.0,91.0,40.699524561564125,36.80396488734654,114.33333333333333,104.42857142857143,-0.8660254037844386,0.5000000000000001
2024-11-01,61.345448,92.94796,136.29535,68.4,80.1,12.8,207.9,1019.2,3.9,1.6,131.6,154.0,Unhealthy,2024,11,1,Friday,Autumn,0,54.669704,29.281,36.298542,86.07628,66.30257,148.0,103.0,51.387673695882164,40.38209424700056,136.66666666666666,111.71428571428571,-0.5000000000000004,0.8660254037844384
2024-11-02,73.66704,112.57785,156.34514,68.9,78.6,6.9,219.1,1020.7,3.4,0.6,144.1,160.0,Unhealthy,2024,11,2,Saturday,Autumn,1,61.345448,38.14787,34.55507,92.94796,63.83139,154.0,98.0,63.227396647135414,45.96951838902065,154.0,120.57142857142857,-0.5000000000000004,0.8660254037844384
2024-11-03,57.96221,81.94747,108.79126,67.5,87.0,9.2,4.7,1021.4,3.2,6.7,165.0,152.0,Unhealthy,2024,11,3,Sunday,Autumn,0,73.66704,54.669704,33.998985,112.57785,64.88764,160.0,97.0,64.32489903767903,49.39283643450056,155.33333333333334,128.42857142857142,-0.5000000000000004,0.8660254037844384
2024-11-04,32.30507,47.513542,69.018974,63.9,87.3,11.4,65.4,1020.9,4.1,12.2,111.1,93.0,Moderate,2024,11,4,Monday,Autumn,0,57.96221,61.345448,30.676584,81.94747,58.769173,152.0,90.0,54.64477284749349,49.62547710963658,135.0,128.85714285714286,-0.5000000000000004,0.8660254037844384
2024-11-05,25.859,48.107983,98.11933,64.9,75.5,11.4,154.7,1022.3,5.1,0.1,182.5,80.0,Moderate,2024,11,5,Tuesday,Autumn,0,32.30507,73.66704,29.281,47.513542,59.967728,93.0,87.0,38.7087599436442,49.13661984034947,108.33333333333333,127.85714285714286,-0.5000000000000004,0.8660254037844384
2024-11-06,36.44158,62.234917,106.23917,64.3,75.0,11.4,297.9,1022.3,4.7,0.0,204.5,103.0,Unhealthy for Sensitive Groups,2024,11,6,Wednesday,Autumn,0,25.859,57.96221,38.14787,48.107983,67.706894,80.0,108.0,31.53521664937337,48.892864499773296,92.0,127.14285714285714,-0.5000000000000004,0.8660254037844384
2024-11-07,39.600697,66.25253,110.69419,64.6,75.0,10.3,275.6,1021.4,4.9,0.0,205.0,111.0,Unhealthy for Sensitive Groups,2024,11,7,Thursday,Autumn,0,36.44158,32.30507,54.669704,62.234917,86.07628,103.0,148.0,33.967092514038086,46.74014908926828,98.0,121.85714285714286,-0.5000000000000004,0.8660254037844384
2024-11-08,42.759808,70.27014,115.149216,64.7,79.3,9.2,238.2,1021.3,4.4,0.0,181.5,119.0,Unhealthy for Sensitive Groups,2024,11,8,Friday,Autumn,0,39.600697,25.859,61.345448,66.25253,92.94796,111.0,154.0,39.600695292154946,44.08505766732352,111.0,116.85714285714286,-0.5000000000000004,0.8660254037844384
2024-11-09,47.550777,80.216644,140.65323,65.1,77.5,9.2,239.7,1021.4,4.2,0.0,113.1,131.0,Unhealthy for Sensitive Groups,2024,11,9,Saturday,Autumn,1,42.759808,36.44158,73.66704,70.27014,112.57785,119.0,160.0,43.30376052856445,40.35416330610003,120.33333333333333,112.71428571428571,-0.5000000000000004,0.8660254037844384
2024-11-10,52.341747,90.16314,166.15723,65.2,75.3,9.2,250.2,1021.7,4.2,0.4,122.8,142.0,Unhealthy for Sensitive Groups,2024,11,10,Sunday,Autumn,0,47.550777,39.600697,57.96221,80.216644,81.94747,131.0,152.0,47.550777435302734,39.551239831107004,130.66666666666666,111.28571428571429,-0.5000000000000004,0.8660254037844384
2024-11-11,54.665344,87.994286,132.97896,64.6,74.5,10.3,262.7,1020.8,4.7,0.0,154.6,148.0,Unhealthy for Sensitive Groups,2024,11,11,Monday,Autumn,0,52.341747,42.759808,32.30507,90.16314,47.513542,142.0,93.0,51.51928965250651,42.745564869471956,140.33333333333334,119.14285714285714,-0.5000000000000004,0.8660254037844384
2024-11-12,65.3565,99.74743,141.59511,63.6,78.1,10.3,247.5,1019.9,4.0,0.0,151.5,156.0,Unhealthy,2024,11,12,Tuesday,Autumn,0,54.665344,47.550777,25.859,87.994286,48.107983,148.0,80.0,57.45453008015951,48.38806479317801,148.66666666666666,130.0,-0.5000000000000004,0.8660254037844384
2024-11-13,76.04765,111.500565,150.21124,62.5,70.9,8.1,215.3,1018.7,3.7,0.0,140.6,162.0,Unhealthy,2024,11,13,Wednesday,Autumn,0,65.3565,52.341747,36.44158,99.74743,62.234917,156.0,103.0,65.35649871826172,54.04607500348772,155.33333333333334,138.42857142857142,-0.5000000000000004,0.8660254037844384
2024-11-14,86.73881,123.2537,158.8274,62.9,80.3,9.2,257.4,1020.0,3.5,0.0,153.1,167.0,Unhealthy,2024,11,14,Thursday,Autumn,0,76.04765,54.665344,39.600697,111.500565,66.25253,162.0,111.0,76.04765319824219,60.780090876988005,161.66666666666666,146.42857142857142,-0.5000000000000004,0.8660254037844384
2024-11-15,78.09204,113.47555,153.51251,62.1,80.0,9.2,224.9,1018.9,3.4,0.0,143.4,163.0,Unhealthy,2024,11,15,Friday,Autumn,0,86.73881,65.3565,42.759808,123.2537,70.27014,167.0,119.0,80.29283396402995,65.82755279541016,164.0,152.71428571428572,-0.5000000000000004,0.8660254037844384
2024-11-16,69.445274,103.697395,148.19765,61.9,80.6,8.1,222.5,1017.9,3.4,0.0,155.3,158.0,Unhealthy,2024,11,16,Saturday,Autumn,1,78.09204,76.04765,47.550777,113.47555,80.216644,163.0,131.0,78.092041015625,68.95533806937081,162.66666666666666,156.57142857142858,-0.5000000000000004,0.8660254037844384
2024-11-17,60.798508,93.919235,142.88277,61.9,75.6,9.2,204.6,1018.4,3.7,0.0,182.7,154.0,Unhealthy,2024,11,17,Sunday,Autumn,0,69.445274,86.73881,52.341747,103.697395,90.16314,158.0,142.0,69.44527435302734,70.16344669886998,158.33333333333334,158.28571428571428,-0.5000000000000004,0.8660254037844384
2024-11-18,56.79292,90.361664,142.4587,60.3,74.2,8.1,195.5,1020.2,3.8,0.0,151.3,152.0,Unhealthy,2024,11,18,Monday,Autumn,0,60.798508,78.09204,54.665344,93.919235,87.994286,154.0,148.0,62.345567067464195,70.46738597324916,154.66666666666666,158.85714285714286,-0.5000000000000004,0.8660254037844384
2024-11-19,52.787334,86.804085,142.03462,59.6,74.6,8.1,192.9,1021.2,4.3,0.0,136.2,144.0,Unhealthy for Sensitive Groups,2024,11,19,Tuesday,Autumn,0,56.79292,69.445274,65.3565,90.361664,99.74743,152.0,156.0,56.792920430501304,68.67179107666016,150.0,157.14285714285714,-0.5000000000000004,0.8660254037844384
2024-11-20,48.781746,83.246506,141.61055,58.8,74.6,9.2,216.1,1020.3,4.6,1.3,125.3,134.0,Unhealthy for Sensitive Groups,2024,11,20,Wednesday,Autumn,0,52.787334,60.798508,76.04765,86.804085,111.500565,144.0,162.0,52.787333170572914,64.7766614641462,143.33333333333334,153.14285714285714,-0.5000000000000004,0.8660254037844384
2024-11-21,50.515903,83.17698,139.6725,59.0,73.4,10.3,241.3,1019.3,4.8,1.0,130.9,138.0,Unhealthy for Sensitive Groups,2024,11,21,Thursday,Autumn,0,48.781746,56.79292,86.73881,83.246506,123.2537,134.0,167.0,50.694994608561196,59.601960863385884,138.66666666666666,149.0,-0.5000000000000004,0.8660254037844384
2024-11-22,52.25006,83.107445,137.73444,58.1,77.2,10.3,243.2,1019.5,4.1,0.0,117.6,142.0,Unhealthy for Sensitive Groups,2024,11,22,Friday,Autumn,0,50.515903,52.787334,78.09204,83.17698,113.47555,138.0,163.0,50.51590347290039,55.910249437604634,138.0,146.0,-0.5000000000000004,0.8660254037844384
2024-11-23,49.475246,84.65912,157.3617,57.6,78.4,10.3,246.0,1020.0,4.6,0.0,105.0,135.0,Unhealthy for Sensitive Groups,2024,11,23,Saturday,Autumn,1,52.25006,48.781746,69.445274,83.107445,103.697395,142.0,158.0,50.7470703125,53.05738830566406,138.33333333333334,142.71428571428572,-0.5000000000000004,0.8660254037844384
2024-11-24,50.879234,90.92431,173.4016,56.8,78.0,12.8,260.3,1019.4,4.4,0.0,136.4,139.0,Unhealthy for Sensitive Groups,2024,11,24,Sunday,Autumn,0,49.475246,50.515903,60.798508,84.65912,93.919235,135.0,154.0,50.86818059285482,51.64034925188337,138.66666666666666,140.57142857142858,-0.5000000000000004,0.8660254037844384
2024-11-25,58.72659,101.672615,176.8745,57.3,73.4,11.4,214.7,1019.3,4.1,0.0,137.4,153.0,Unhealthy,2024,11,25,Monday,Autumn,0,50.879234,52.25006,56.79292,90.92431,90.361664,139.0,152.0,53.02702331542969,51.916587829589844,142.33333333333334,140.71428571428572,-0.5000000000000004,0.8660254037844384
2024-11-26,92.63309,145.26447,214.56862,57.7,74.5,9.2,214.2,1019.1,3.3,0.0,106.5,170.0,Unhealthy,2024,11,26,Tuesday,Autumn,0,58.72659,49.475246,52.787334,101.672615,86.804085,153.0,144.0,67.41297022501628,57.60883821759905,154.0,144.42857142857142,-0.5000000000000004,0.8660254037844384
2024-11-27,96.31338,145.79651,203.89012,56.8,71.9,9.2,221.7,1019.1,3.7,0.5,140.7,172.0,Unhealthy,2024,11,27,Wednesday,Autumn,0,92.63309,50.879234,48.781746,145.26447,83.246506,170.0,134.0,82.55768458048503,64.39907128470284,165.0,149.85714285714286,-0.5000000000000004,0.8660254037844384
2024-11-28,75.15021,126.80674,202.95012,56.4,72.3,9.2,221.8,1021.0,3.7,0.2,152.5,161.0,Unhealthy,2024,11,28,Thursday,Autumn,0,96.31338,58.72659,50.515903,145.79651,83.17698,172.0,138.0,88.03222401936848,67.91825757707868,167.66666666666666,153.14285714285714,-0.5000000000000004,0.8660254037844384
2024-11-29,64.048836,114.31729,203.90248,56.1,74.9,10.3,279.9,1021.8,3.8,0.0,172.5,155.0,Unhealthy,2024,11,29,Friday,Autumn,0,75.15021,92.63309,52.25006,126.80674,83.107445,161.0,142.0,78.50414021809895,69.60379682268415,162.66666666666666,155.0,-0.5000000000000004,0.8660254037844384
2024-11-30,67.73693,118.81344,194.15245,55.9,73.4,8.1,245.8,1019.5,4.2,0.0,176.5,157.0,Unhealthy,2024,11,30,Saturday,Autumn,1,64.048836,96.31338,49.475246,114.31729,84.65912,155.0,135.0,68.97865804036458,72.21260888235909,157.66666666666666,158.14285714285714,-0.5000000000000004,0.8660254037844384
2024-12-01,73.53174,120.968445,180.07033,55.8,74.6,9.2,256.4,1017.5,4.1,0.0,167.7,160.0,Unhealthy,2024,12,1,Sunday,Winter,0,67.73693,75.15021,50.879234,118.81344,90.92431,157.0,139.0,68.43916829427083,75.44868087768555,157.33333333333334,161.14285714285714,-2.4492935982947064e-16,1.0
2024-12-02,73.338875,116.52945,169.75075,55.8,78.1,12.8,253.9,1017.8,3.9,0.0,163.2,160.0,Unhealthy,2024,12,2,Monday,Winter,0,73.53174,64.048836,58.72659,120.968445,101.672615,160.0,153.0,71.53584798177083,77.53615025111607,159.0,162.14285714285714,-2.4492935982947064e-16,1.0
2024-12-03,70.25394,114.003075,186.52269,55.2,76.9,10.3,272.7,1018.8,4.1,0.0,172.3,159.0,Unhealthy,2024,12,3,Tuesday,Winter,0,73.338875,67.73693,92.63309,116.52945,145.26447,160.0,170.0,72.37484995524089,74.33912876674107,159.66666666666666,160.57142857142858,-2.4492935982947064e-16,1.0
2024-12-04,65.89083,112.18694,180.1814,55.2,70.2,10.3,254.5,1017.2,4.2,0.0,166.0,156.0,Unhealthy,2024,12,4,Wednesday,Winter,0,70.25394,73.53174,96.31338,114.003075,145.79651,159.0,172.0,69.827880859375,69.99305071149554,158.33333333333334,158.28571428571428,-2.4492935982947064e-16,1.0
2024-12-05,72.65278,112.66431,158.18361,54.1,75.6,6.9,197.8,1017.0,3.9,0.0,154.4,160.0,Unhealthy,2024,12,5,Thursday,Winter,0,65.89083,73.338875,75.15021,112.18694,126.80674,156.0,161.0,69.59918212890625,69.63627515520368,158.33333333333334,158.14285714285714,-2.4492935982947064e-16,1.0
2024-12-06,81.71045,122.421555,175.2778,55.2,79.6,10.3,223.9,1015.9,3.3,0.0,141.4,165.0,Unhealthy,2024,12,6,Friday,Winter,0,72.65278,70.25394,64.048836,112.66431,114.31729,160.0,155.0,73.4180196126302,72.15936279296875,160.33333333333334,159.57142857142858,-2.4492935982947064e-16,1.0
2024-12-07,91.67822,128.90224,182.19304,55.8,78.8,9.2,210.5,1017.0,2.7,0.0,147.4,170.0,Unhealthy,2024,12,7,Saturday,Winter,1,81.71045,65.89083,67.73693,122.421555,118.81344,165.0,157.0,82.0138168334961,75.57954733712333,165.0,161.42857142857142,-2.4492935982947064e-16,1.0
2024-12-08,85.25651,120.925446,171.19696,55.5,74.7,12.8,202.6,1018.0,2.9,0.0,163.0,166.0,Unhealthy,2024,12,8,Sunday,Winter,0,91.67822,72.65278,73.53174,128.90224,120.968445,170.0,160.0,86.21505991617839,77.2545144217355,167.0,162.28571428571428,-2.4492935982947064e-16,1.0
2024-12-09,88.35861,130.47063,184.06528,53.2,78.1,10.3,248.7,1017.6,3.6,0.0,133.7,168.0,Unhealthy,2024,12,9,Monday,Winter,0,85.25651,81.71045,73.338875,120.925446,116.52945,166.0,160.0,88.43111419677734,79.40019117082868,168.0,163.42857142857142,-2.4492935982947064e-16,1.0
2024-12-10,73.81819,118.079094,190.94493,52.1,67.6,8.1,218.9,1017.3,3.7,0.0,161.8,160.0,Unhealthy,2024,12,10,Tuesday,Winter,0,88.35861,91.67822,70.25394,130.47063,114.003075,168.0,159.0,82.47777048746745,79.90937042236328,164.66666666666666,163.57142857142858,-2.4492935982947064e-16,1.0
2024-12-11,81.751045,139.50798,213.35333,50.9,68.8,10.3,218.1,1018.8,3.6,0.0,176.5,165.0,Unhealthy,2024,12,11,Wednesday,Winter,0,73.81819,85.25651,65.89083,118.079094,112.18694,160.0,156.0,81.30928293863933,82.17511531284877,164.33333333333334,164.85714285714286,-2.4492935982947064e-16,1.0
2024-12-12,91.461525,148.95027,233.94475,50.9,72.9,10.3,263.2,1018.0,3.6,0.0,176.2,170.0,Unhealthy,2024,12,12,Thursday,Winter,0,81.751045,88.35861,72.65278,139.50798,112.66431,165.0,160.0,82.34358723958333,84.86207907540458,165.0,166.28571428571428,-2.4492935982947064e-16,1.0
2024-12-13,81.724724,139.87979,220.20706,50.9,63.5,10.3,273.4,1018.0,4.2,0.0,179.7,165.0,Unhealthy,2024,12,13,Friday,Winter,0,91.461525,73.81819,81.71045,148.95027,122.421555,170.0,165.0,84.97909800211589,84.86411830357143,166.66666666666666,166.28571428571428,-2.4492935982947064e-16,1.0
2024-12-14,74.35584,122.026505,171.54169,49.8,61.8,8.1,118.1,1020.1,4.2,0.0,163.5,161.0,Unhealthy,2024,12,14,Saturday,Winter,1,81.724724,81.751045,91.67822,139.87979,128.90224,165.0,170.0,82.51403045654297,82.38949257986886,165.33333333333334,165.0,-2.4492935982947064e-16,1.0
2024-12-15,90.7249,144.96742,193.58046,51.4,75.6,5.8,88.3,1022.7,3.7,0.0,172.1,169.0,Unhealthy,2024,12,15,Sunday,Winter,0,74.35584,91.461525,85.25651,122.026505,120.925446,161.0,166.0,82.26848856608073,83.17069135393415,165.0,165.42857142857142,-2.4492935982947064e-16,1.0
2024-12-16,89.97722,144.18028,207.01791,53.6,67.0,6.9,195.4,1021.5,3.8,0.0,173.8,169.0,Unhealthy,2024,12,16,Monday,Winter,0,90.7249,81.724724,88.35861,144.96742,130.47063,169.0,168.0,85.01932017008464,83.40192086356026,166.33333333333334,165.57142857142858,-2.4492935982947064e-16,1.0
2024-12-17,81.75165,126.04366,183.10144,53.3,66.9,9.2,241.4,1020.3,3.9,0.0,173.2,165.0,Unhealthy,2024,12,17,Tuesday,Winter,0,89.97722,74.35584,73.81819,144.18028,118.079094,169.0,160.0,87.48458862304688,84.53527178083148,167.66666666666666,166.28571428571428,-2.4492935982947064e-16,1.0
2024-12-18,80.3775,122.6207,195.88104,52.9,71.1,11.4,247.4,1019.2,4.1,0.0,175.8,164.0,Unhealthy,2024,12,18,Wednesday,Winter,0,81.75165,90.7249,81.751045,126.04366,139.50798,165.0,165.0,84.03545633951823,84.33905138288226,166.0,166.14285714285714,-2.4492935982947064e-16,1.0
2024-12-19,68.777084,101.59986,142.0134,51.9,73.3,9.2,163.0,1020.1,3.9,0.0,159.3,158.0,Unhealthy,2024,12,19,Thursday,Winter,0,80.3775,89.97722,91.461525,122.6207,148.95027,164.0,170.0,76.96874491373698,81.09841700962612,162.33333333333334,164.42857142857142,-2.4492935982947064e-16,1.0
2024-12-20,83.52743,121.43979,166.9644,52.4,74.8,5.8,165.4,1018.4,4.4,0.0,173.2,165.0,Unhealthy,2024,12,20,Friday,Winter,0,68.777084,81.75165,81.724724,101.59986,139.87979,158.0,165.0,77.56067148844402,81.35594613211495,162.33333333333334,164.42857142857142,-2.4492935982947064e-16,1.0
2024-12-21,76.31076,104.77274,151.78125,51.2,71.6,9.2,237.5,1018.5,4.0,0.0,158.8,162.0,Unhealthy,2024,12,21,Saturday,Winter,1,83.52743,80.3775,74.35584,121.43979,122.026505,165.0,161.0,76.20509084065755,81.63522011893136,161.66666666666666,164.57142857142858,-2.4492935982947064e-16,1.0
2024-12-22,78.52247,105.43614,152.81767,51.1,76.6,10.3,227.9,1019.6,4.0,0.0,164.2,163.0,Unhealthy,2024,12,22,Sunday,Winter,0,76.31076,68.777084,90.7249,104.77274,144.96742,162.0,169.0,79.45355224609375,79.8920157296317,163.33333333333334,163.71428571428572,-2.4492935982947064e-16,1.0
2024-12-23,87.76187,115.3941,151.85867,51.3,73.7,6.9,122.2,1020.0,3.6,0.0,161.0,168.0,Unhealthy,2024,12,23,Monday,Winter,0,78.52247,83.52743,89.97722,105.43614,144.18028,163.0,169.0,80.86503346761067,79.5755375453404,164.33333333333334,163.57142857142858,-2.4492935982947064e-16,1.0
2024-12-24,91.52097,124.64306,171.01764,51.1,74.6,6.9,182.9,1020.3,3.4,0.0,155.1,170.0,Unhealthy,2024,12,24,Tuesday,Winter,0,87.76187,76.31076,81.75165,115.3941,126.04366,168.0,165.0,85.93510437011719,80.97115543910435,167.0,164.28571428571428,-2.4492935982947064e-16,1.0
2024-12-25,86.244095,119.94722,176.15868,54.2,68.9,10.3,317.1,1021.5,3.9,0.2,127.1,167.0,Unhealthy,2024,12,25,Wednesday,Winter,0,91.52097,78.52247,80.3775,124.64306,122.6207,170.0,164.0,88.50897979736328,81.80924006870815,168.33333333333334,164.71428571428572,-2.4492935982947064e-16,1.0
2024-12-26,77.334724,109.37838,163.74797,52.1,67.2,9.2,268.3,1024.0,4.2,0.0,174.7,162.0,Unhealthy,2024,12,26,Thursday,Winter,0,86.244095,87.76187,68.777084,119.94722,101.59986,167.0,158.0,85.03326416015625,83.03176007952008,166.33333333333334,165.28571428571428,-2.4492935982947064e-16,1.0
2024-12-27,90.03129,122.15424,161.63747,52.5,69.4,4.7,160.8,1024.1,3.7,0.0,175.9,169.0,Unhealthy,2024,12,27,Friday,Winter,0,77.334724,91.52097,83.52743,109.37838,121.43979,162.0,165.0,84.53670247395833,83.96088300432477,166.0,165.85714285714286,-2.4492935982947064e-16,1.0
2024-12-28,115.46208,150.55424,191.3037,51.5,76.6,4.7,131.1,1023.8,2.8,2.0,67.2,182.0,Unhealthy,2024,12,28,Saturday,Winter,1,90.03129,86.244095,76.31076,122.15424,104.77274,169.0,162.0,94.27603149414062,89.55392892020089,171.0,168.71428571428572,-2.4492935982947064e-16,1.0
2024-12-29,104.69132,139.02264,201.82402,54.8,68.3,11.4,257.4,1021.4,3.3,1.6,137.5,176.0,Unhealthy,2024,12,29,Sunday,Winter,0,115.46208,77.334724,78.52247,150.55424,105.43614,182.0,163.0,103.3948974609375,93.29233660016742,175.66666666666666,170.57142857142858,-2.4492935982947064e-16,1.0
2024-12-30,81.41827,107.65847,139.62042,52.4,71.1,8.1,204.3,1020.5,4.1,0.0,150.8,164.0,Unhealthy,2024,12,30,Monday,Winter,0,104.69132,90.03129,87.76187,139.02264,115.3941,176.0,168.0,100.52389017740886,92.38610730852399,174.0,170.0,-2.4492935982947064e-16,1.0
2024-12-31,84.05813,107.694305,140.28876,52.6,74.8,10.3,272.5,1021.7,3.6,0.0,155.8,166.0,Unhealthy,2024,12,31,Tuesday,Winter,0,81.41827,115.46208,91.52097,107.65847,124.64306,164.0,170.0,90.05590565999348,91.31998661586216,168.66666666666666,169.42857142857142,-2.4492935982947064e-16,1.0
