datetime,pm2.5,pm10,tsp,temp,humidity,windspeed,winddir,sealevelpressure,visibility,precipitation,solarradiation,aqi,aqi_category
2016-08-25,24.10691,131.6083,407.0843,77.7,75.7,9.2,226.8,1014.0,4.9,0.0,232.3,89.0,Moderate
2016-08-26,20.384295,111.05074,389.271,74.5,81.3,12.8,171.4,1015.7,4.9,15.5,231.4,79.0,Moderate
2016-08-27,16.66168,90.49318,371.4577,77.9,77.4,6.9,162.2,1016.0,5.1,0.0,260.2,69.0,Moderate
2016-08-28,31.36519,86.59778,256.1266,75.8,78.8,10.3,223.2,1015.8,5.3,0.0,229.8,92.0,Moderate
2016-08-29,35.66162,54.45818,101.6261,74.6,81.8,9.2,289.3,1013.1,4.7,0.5,190.1,101.0,Unhealthy for Sensitive Groups
2016-08-30,33.29187777777778,58.17111666666666,135.1451222222222,74.0,84.0,9.2,210.1,1011.7,4.3,0.5,162.0,96.0,Moderate
2016-08-31,30.92213555555556,61.88405333333333,168.66414444444445,73.8,85.7,11.4,249.0,1011.4,4.0,18.008599999999998,175.2,91.0,Moderate
2016-09-01,28.55239333333333,65.59699,202.18316666666664,74.8,82.5,10.3,254.5,1010.5,4.3,0.0,168.1,86.0,Moderate
2016-09-02,26.18265111111111,69.30992666666667,235.70218888888888,75.1,82.4,10.3,262.6,1008.3,4.9,0.0,146.7,81.0,Moderate
2016-09-03,23.812908888888888,73.02286333333333,269.2212111111112,72.7,89.3,13.9,207.2,1008.2,4.0,35.9918,124.9,76.0,Moderate
2016-09-04,21.443166666666663,76.73580000000001,302.7402333333333,71.8,88.4,5.8,219.0,1010.8,4.3,0.1016,75.4,71.0,Moderate
2016-09-05,19.07342444444444,80.44873666666668,336.2592555555556,74.1,84.3,8.1,197.3,1010.8,4.4,0.0,135.9,66.0,Moderate
2016-09-06,16.70368222222222,84.16167333333334,369.77827777777776,72.6,88.8,8.1,201.8,1012.1,4.1,2.0,70.2,65.0,Moderate
2016-09-07,14.33394,87.87461,403.2973,72.9,89.2,9.2,244.5,1011.5,4.4,6.1,168.3,67.0,Moderate
2016-09-08,17.128800000000002,75.97407333333334,307.15403333333336,74.1,83.0,10.3,252.4,1013.4,4.7,2.3,124.5,62.0,Moderate
2016-09-09,19.92366,64.07353666666667,211.01076666666668,73.9,85.5,8.1,223.7,1014.0,4.4,0.0,169.5,67.0,Moderate
2016-09-10,22.71852,52.173,114.8675,71.9,91.6,4.7,151.2,1014.0,4.0,15.7,125.2,73.0,Moderate
2016-09-11,21.1299,27.67284,38.32601,71.4,89.3,8.1,132.2,1013.6,3.8,31.0,46.2,70.0,Moderate
2016-09-12,33.13915,100.2217,264.9948,68.5,93.9,6.9,141.0,1013.9,3.8,56.4,52.2,95.0,Moderate
2016-09-13,31.592956666666662,96.40799166666666,263.5697333333333,70.2,87.4,5.8,156.4,1016.5,4.1,0.3,158.4,92.0,Moderate
2016-09-14,30.04676333333333,92.59428333333334,262.14466666666664,73.2,82.7,11.4,145.3,1016.0,4.4,8.6,170.6,89.0,Moderate
2016-09-15,28.50057,88.780575,260.7196,73.3,83.9,9.2,228.2,1015.3,4.5,0.1016,201.9,85.0,Moderate
2016-09-16,26.954376666666665,84.96686666666666,259.29453333333333,73.2,84.0,12.8,225.8,1013.8,4.7,0.0,162.0,82.0,Moderate
2016-09-17,25.408183333333334,81.15315833333332,257.86946666666665,72.6,85.0,10.3,205.7,1013.5,4.5,1.8,137.9,79.0,Moderate
2016-09-18,23.86199,77.33945,256.4444,71.9,84.2,8.1,239.0,1014.6,4.8,16.5,173.8,76.0,Moderate
2016-09-19,28.11697,68.84859,191.9433,74.3,80.7,9.2,270.8,1012.5,4.8,0.3,170.2,85.0,Moderate
2016-09-20,18.82584,79.23426,215.0461,74.1,82.1,8.1,211.1,1013.3,4.3,0.0,147.2,65.0,Moderate
2016-09-21,27.90647,73.38735,218.1931,70.9,84.5,8.1,85.1,1016.8,4.6,23.9,61.2,84.0,Moderate
2016-09-22,33.85928,81.47073,194.4983,70.7,81.3,10.3,260.1,1017.4,4.8,0.0,95.6,97.0,Moderate
2016-09-23,30.05894,43.7561,80.65267,71.8,82.7,12.8,213.0,1013.5,4.4,0.0,157.5,89.0,Moderate
2016-09-24,34.9552,70.48679,165.5636,68.1,92.6,5.8,136.3,1013.5,4.0,12.4,72.7,99.0,Moderate
2016-09-25,29.88276,81.10115,211.8583,68.4,89.8,8.1,170.3,1013.3,4.2,0.0,56.5,88.0,Moderate
2016-09-26,20.74891,47.89908,130.8661,70.4,83.9,8.1,189.2,1015.0,4.5,0.0,123.6,69.0,Moderate
2016-09-27,33.5332,60.318415,144.06324999999998,72.4,81.3,9.2,230.0,1014.9,4.6,0.0,188.7,96.0,Moderate
2016-09-28,46.31749,72.73775,157.2604,70.4,86.1,6.9,180.4,1015.3,4.4,5.0038,105.1,128.0,Unhealthy for Sensitive Groups
2016-09-29,47.42246,85.46181,197.9568,71.0,84.7,5.8,220.1,1014.5,3.8,0.3,128.1,130.0,Unhealthy for Sensitive Groups
2016-09-30,29.51485,51.65114,108.4692,72.9,83.7,12.8,183.3,1014.1,4.5,1.5,204.9,88.0,Moderate
2016-10-01,37.57621,57.17214,105.3997,72.3,86.8,6.9,111.6,1017.0,4.3,21.6,182.3,106.0,Unhealthy for Sensitive Groups
2016-10-02,23.2537,78.19403,254.4348,73.7,84.5,10.3,261.2,1018.2,3.9,0.0,190.4,74.0,Moderate
2016-10-03,31.01882,82.37053,256.4547,73.8,83.5,9.2,247.1,1016.7,4.0,0.0,201.4,91.0,Moderate
2016-10-04,42.06206,95.02801,259.2679,72.6,83.6,9.2,248.4,1015.1,4.3,0.0,171.9,117.0,Unhealthy for Sensitive Groups
2016-10-05,35.66872,87.38766,223.6729,72.3,84.1,6.9,234.4,1014.4,3.8,1.8,171.6,101.0,Unhealthy for Sensitive Groups
2016-10-06,35.14873,69.18163,182.1927,72.4,81.0,9.2,277.4,1015.4,3.9,1.5,141.8,99.0,Moderate
2016-10-07,33.42438,76.69577,208.8088,71.5,83.4,8.1,283.3,1015.7,4.3,0.0,178.2,96.0,Moderate
2016-10-08,24.17813,45.11865,113.1842,71.7,81.5,11.4,192.7,1015.7,4.5,0.0,154.3,76.0,Moderate
2016-10-09,13.22004,26.44468,73.59686,70.5,86.0,8.1,224.0,1014.1,4.6,0.0,87.6,53.0,Moderate
2016-10-10,15.2459,29.70006,83.67779,71.2,82.0,8.1,264.6,1013.3,5.2,0.3,83.2,58.0,Moderate
2016-10-11,19.1497,37.20291,100.3459,70.0,81.7,11.4,249.7,1012.7,5.0,0.3,166.8,66.0,Moderate
2016-10-12,29.62764,54.04653,126.3961,70.2,79.0,9.2,240.2,1012.7,5.1,0.0,210.0,88.0,Moderate
2016-10-13,44.71611,80.57236,196.0735,69.9,81.9,9.2,217.3,1014.5,4.5,0.0,159.6,124.0,Unhealthy for Sensitive Groups
2016-10-14,57.50813,95.71019,179.5046,68.7,78.9,16.1,213.9,1016.7,4.0,0.5,145.1,152.0,Unhealthy
2016-10-15,52.15009,98.54488,210.1628,68.8,80.8,9.2,240.9,1017.6,3.3,0.0,151.1,142.0,Unhealthy for Sensitive Groups
2016-10-16,46.53243,98.79306,242.3979,68.7,81.2,8.1,189.2,1017.5,3.4,0.0,135.8,128.0,Unhealthy for Sensitive Groups
2016-10-17,41.73176,94.95128,235.4072,68.1,75.6,9.2,177.3,1017.6,4.1,0.0,172.5,116.0,Unhealthy for Sensitive Groups
2016-10-18,36.51968,87.933,224.0897,67.1,78.2,13.9,137.4,1016.0,4.2,2.5,160.1,104.0,Unhealthy for Sensitive Groups
2016-10-19,37.20813,111.5092,296.093,66.9,76.0,9.2,281.5,1016.8,4.4,25.9,179.9,105.0,Unhealthy for Sensitive Groups
2016-10-20,40.975,108.7358,281.2708,65.8,72.2,11.4,254.4,1014.9,4.8,0.0,195.5,114.0,Unhealthy for Sensitive Groups
2016-10-21,51.31868,102.3358,245.3349,65.3,71.3,10.3,274.4,1014.8,5.0,0.0,192.6,140.0,Unhealthy for Sensitive Groups
2016-10-22,62.03903,122.5808,293.3101,65.1,74.9,8.1,224.4,1015.1,4.2,0.4064,186.4,154.0,Unhealthy
2016-10-23,61.49201,115.2517,280.2351,64.2,76.7,9.2,211.6,1015.3,3.5,0.1016,141.4,154.0,Unhealthy
2016-10-24,56.39514,151.5757,363.1361,65.6,79.6,9.2,201.1,1014.4,3.1,0.0,146.4,151.0,Unhealthy
2016-10-25,46.95458,125.4911,310.1908,66.1,69.1,10.3,202.8,1015.3,3.7,0.0,134.6,129.0,Unhealthy for Sensitive Groups
2016-10-26,43.61819,105.4082,276.1324,65.2,72.3,10.3,235.3,1018.1,4.7,0.0,176.3,121.0,Unhealthy for Sensitive Groups
2016-10-27,49.42486,138.1887,384.8954,64.7,75.1,9.2,243.7,1020.7,4.8,0.0,182.3,135.0,Unhealthy for Sensitive Groups
2016-10-28,60.39653,141.8205,322.7864,63.0,69.6,10.3,295.4,1018.8,4.5,1.1938,204.3,154.0,Unhealthy
2016-10-29,57.42118,121.6118,256.0156,62.5,70.6,9.2,255.3,1019.9,4.6,13.7922,194.3,152.0,Unhealthy
2016-10-30,48.80222,101.7853,218.2778,61.7,75.2,8.1,179.4,1019.2,5.1,0.0,199.0,134.0,Unhealthy for Sensitive Groups
2016-10-31,39.67944,92.69694,206.0669,62.3,73.1,9.2,141.7,1023.1,4.6,0.0,187.1,111.0,Unhealthy for Sensitive Groups
2016-11-01,30.53889,77.47847,179.6427,63.4,70.3,10.3,178.6,1021.1,4.9,0.0,185.6,90.0,Moderate
2016-11-02,38.77639,99.64375,221.7614,64.1,69.4,9.2,251.6,1021.0,5.8,0.0,186.3,109.0,Unhealthy for Sensitive Groups
2016-11-03,42.88736,130.8163,292.441,63.5,71.2,8.1,130.2,1022.4,5.1,0.0,182.6,119.0,Unhealthy for Sensitive Groups
2016-11-04,43.58333,101.2444,237.4722,60.8,68.6,9.2,191.2,1019.1,5.1,0.0,209.1,121.0,Unhealthy for Sensitive Groups
2016-11-05,41.67708,104.3326,248.7931,60.2,69.5,9.2,238.0,1017.0,5.1,0.0,206.8,116.0,Unhealthy for Sensitive Groups
2016-11-06,51.84653,113.0264,284.9056,60.0,72.2,9.2,176.5,1015.9,4.8,0.0,208.7,141.0,Unhealthy for Sensitive Groups
2016-11-07,51.37083,122.2451,291.3989,59.3,72.2,9.2,244.1,1017.2,4.3,0.0,203.3,140.0,Unhealthy for Sensitive Groups
2016-11-08,50.09167,113.0868,281.5104,59.4,71.4,8.1,229.8,1020.1,4.6,0.0,183.9,137.0,Unhealthy for Sensitive Groups
2016-11-09,48.44722,99.98056,226.5042,59.1,73.3,10.3,209.7,1019.7,4.7,0.0,203.0,133.0,Unhealthy for Sensitive Groups
2016-11-10,47.64792,104.1458,220.7528,60.3,74.5,9.2,283.8,1019.7,4.6,0.0,198.1,131.0,Unhealthy for Sensitive Groups
2016-11-11,50.75208,102.4854,223.3688,61.1,74.8,8.1,259.3,1020.8,4.3,0.0,162.3,139.0,Unhealthy for Sensitive Groups
2016-11-12,49.18528,89.62618,181.784,60.5,73.3,9.2,255.0,1021.2,4.8,0.0,191.5,135.0,Unhealthy for Sensitive Groups
2016-11-13,63.62361,139.2296,291.0315,59.9,77.1,10.3,276.3,1021.8,4.8,0.0,194.1,155.0,Unhealthy
2016-11-14,65.97875,145.8532,307.5079,58.0,73.3,9.2,164.3,1020.8,4.3,0.0,182.5,156.0,Unhealthy
2016-11-15,72.95848,139.3559,260.3921,56.6,66.7,8.1,163.7,1020.4,4.4,0.0,184.0,160.0,Unhealthy
2016-11-16,65.26778,125.825,243.9175,56.2,71.9,8.1,258.0,1020.9,3.9,0.0,183.4,156.0,Unhealthy
2016-11-17,67.07639,123.0889,235.3069,56.3,73.9,9.2,200.3,1020.7,3.7,0.0,196.9,157.0,Unhealthy
2016-11-18,67.20694,118.4778,223.8951,55.8,75.9,8.1,218.1,1018.9,3.6,0.508,186.3,157.0,Unhealthy
2016-11-19,62.45278,119.8519,267.7061,56.1,78.2,8.1,247.7,1017.4,3.7,0.0,137.0,155.0,Unhealthy
2016-11-20,60.37472,135.8201,347.6347,57.3,76.7,9.2,239.1,1018.2,3.5,0.0,129.1,154.0,Unhealthy
2016-11-21,72.48611,153.2203,330.1868,59.1,73.0,9.2,259.7,1017.6,3.6,0.0,173.3,160.0,Unhealthy
2016-11-22,81.09236,149.7979,312.7833,57.9,77.1,8.1,176.3,1016.6,3.3,0.0,177.9,164.0,Unhealthy
2016-11-23,82.55555,157.6465,357.5799,57.8,79.8,6.9,191.9,1016.8,3.1,0.0,136.2,165.0,Unhealthy
2016-11-24,87.18056,157.7847,334.3035,56.7,77.1,8.1,216.0,1019.0,2.9,0.0,136.0,167.0,Unhealthy
2016-11-25,86.25764,149.7038,281.2854,55.8,84.3,6.9,190.2,1016.2,2.8,0.0,98.4,167.0,Unhealthy
2016-11-26,76.07153,139.1528,300.5403,57.1,80.3,6.9,194.4,1017.5,2.6,0.0,95.1,162.0,Unhealthy
2016-11-27,75.81389,159.4708,353.6062,57.0,80.3,9.2,236.3,1016.2,2.8,0.0,128.9,161.0,Unhealthy
2016-11-28,72.94861,145.6012,332.2514,57.4,77.6,6.9,155.7,1018.2,3.2,0.0,107.1,160.0,Unhealthy
2016-11-29,71.65803,121.5395,239.1341,57.0,77.0,8.1,156.8,1018.7,3.5,0.0,127.0,159.0,Unhealthy
2016-11-30,67.4025,129.2798,276.8628,57.6,77.5,9.2,257.5,1022.0,3.7,0.0,106.9,157.0,Unhealthy
2016-12-01,62.39514,113.344,243.0035,57.7,78.9,8.1,214.9,1021.4,3.7,0.0,110.2,155.0,Unhealthy
2016-12-02,76.03549,140.3372,283.8654,57.0,78.1,6.9,236.1,1021.8,3.5,0.0,103.2,162.0,Unhealthy
2016-12-03,87.92776,178.7509,333.7478,56.5,77.5,6.9,252.3,1024.1,3.2,0.0,151.2,168.0,Unhealthy
2016-12-04,69.35566,121.3257,222.3294,54.9,78.8,4.7,157.4,1022.0,3.2,0.0,176.8,158.0,Unhealthy
2016-12-05,70.69587,108.4286,198.8351,55.6,72.1,6.9,172.8,1021.6,3.3,0.0,178.3,159.0,Unhealthy
2016-12-06,77.20333,125.1116,235.2323,55.5,74.0,6.9,120.2,1022.1,3.0,0.0,172.3,162.0,Unhealthy
2016-12-07,71.82194,124.83,249.6925,54.6,68.3,5.8,163.7,1021.2,3.5,0.0,175.3,159.0,Unhealthy
2016-12-08,72.97063,129.5884,272.2802,54.5,60.6,8.1,151.3,1020.0,3.5,0.0,175.2,160.0,Unhealthy
2016-12-09,69.03917,111.5468,222.7555,54.0,63.3,8.1,123.2,1017.8,3.4,0.0,175.8,158.0,Unhealthy
2016-12-10,63.23575,95.51342,195.8196,54.6,63.7,8.1,234.4,1017.7,3.7,0.0,177.1,155.0,Unhealthy
2016-12-11,61.15226,98.18876,233.5805,52.6,72.8,4.7,134.2,1016.4,3.0,0.0,169.5,154.0,Unhealthy
2016-12-12,57.90562,85.36208,175.57,53.9,65.8,11.4,209.7,1015.9,3.5,0.0,173.7,152.0,Unhealthy
2016-12-13,55.1184,72.15458,141.1573,53.3,73.8,8.1,185.3,1017.5,3.3,0.0,160.1,149.0,Unhealthy for Sensitive Groups
2016-12-14,40.32868,62.57257,151.5881,52.6,77.8,8.1,228.6,1018.4,3.2,0.0,167.1,113.0,Unhealthy for Sensitive Groups
2016-12-15,56.98257,88.30681,183.9265,53.6,75.1,6.9,177.6,1018.7,3.5,0.0,127.8,152.0,Unhealthy
2016-12-16,46.66896,60.61036,131.2444,53.1,73.5,6.9,192.9,1021.1,3.4,0.0,128.7,129.0,Unhealthy for Sensitive Groups
2016-12-17,46.17694,64.35542,119.5214,53.3,73.4,9.2,264.9,1020.1,3.5,0.0,152.4,127.0,Unhealthy for Sensitive Groups
2016-12-18,38.4266,51.18778,96.72584,52.8,73.4,8.1,191.7,1021.1,3.9,0.0,171.0,108.0,Unhealthy for Sensitive Groups
2016-12-19,45.51918,62.67908,134.7537,52.6,75.7,8.1,229.3,1019.4,3.6,0.0,163.1,126.0,Unhealthy for Sensitive Groups
2016-12-20,41.97812,64.22507,149.4494,53.5,79.0,8.1,181.2,1017.7,3.2,0.0,94.8,117.0,Unhealthy for Sensitive Groups
2016-12-21,35.0136,56.47114,154.6451,55.0,77.1,6.9,164.6,1018.5,3.2,0.0,113.8,99.0,Moderate
2016-12-22,52.81362,93.30583,173.0963,56.6,74.3,8.1,223.5,1019.8,2.9,0.0,157.1,144.0,Unhealthy for Sensitive Groups
2016-12-23,70.64273,100.5177,120.3381,57.0,75.3,5.8,196.7,1017.9,3.2,0.0,112.7,159.0,Unhealthy
2016-12-24,64.80366,89.06806,103.1416,55.4,75.0,9.2,246.0,1017.2,3.6,0.0,66.5,156.0,Unhealthy
2016-12-25,73.84956,93.95391,112.9301,55.3,76.1,11.4,197.7,1018.2,3.7,0.0,124.4,160.0,Unhealthy
2016-12-26,86.0955,116.1477,135.5646,53.1,73.8,10.3,283.3,1018.0,3.1,0.0,148.3,167.0,Unhealthy
2016-12-27,87.44857,117.1481,138.8218,52.2,74.0,9.2,233.5,1020.2,2.6,0.0,171.7,167.0,Unhealthy
2016-12-28,95.22875,114.2053,132.0032,51.3,79.1,10.3,183.7,1019.4,2.8,0.0,170.7,172.0,Unhealthy
2016-12-29,100.4684,125.88,143.445,51.0,79.4,5.8,147.2,1021.1,2.1,0.0,163.8,174.0,Unhealthy
2016-12-30,89.82937,110.1397,147.7505,51.7,76.7,9.2,255.8,1021.9,2.6,0.0,148.6,169.0,Unhealthy
2016-12-31,101.072935,125.8133,152.056,51.9,78.6,8.1,115.0,1021.3,3.1,0.0,155.1,175.0,Unhealthy
2017-01-01,112.3165,136.9809,156.3615,47.8,84.4,6.9,126.2,1021.9,2.9,0.0,138.3,180.0,Unhealthy
2017-01-02,69.93915,82.12454,94.96596,48.2,74.9,10.3,131.5,1022.7,2.9,0.0,146.7,158.0,Unhealthy
2017-01-03,60.08881,81.83328,98.83542,49.1,75.2,8.1,121.1,1021.2,3.9,0.0,161.7,153.0,Unhealthy
2017-01-04,81.10813,108.641,137.5397,48.8,72.9,9.2,212.3,1019.4,3.5,0.0,174.8,164.0,Unhealthy
2017-01-05,78.80734,104.2893,144.6577,50.1,65.9,8.1,177.0,1017.4,3.9,0.0,157.6,163.0,Unhealthy
2017-01-06,67.86272,91.41531,112.7208,49.6,70.6,12.8,185.9,1017.5,3.8,0.0,107.6,157.0,Unhealthy
2017-01-07,80.29445,104.8176,130.1564,49.2,68.3,8.1,190.5,1016.6,4.0,0.0,169.8,164.0,Unhealthy
2017-01-08,75.80206,98.61687,123.4153,49.0,68.7,8.1,248.7,1017.0,3.8,0.0,142.1,161.0,Unhealthy
2017-01-09,94.87385,124.2011,148.599,48.6,68.8,10.3,286.1,1016.5,3.4,0.0,165.2,171.0,Unhealthy
2017-01-10,79.71797,99.35989,110.9231,48.6,69.5,9.2,198.6,1015.7,3.5,0.0,170.7,164.0,Unhealthy
2017-01-11,78.70619,97.90379,106.5112,46.9,72.4,13.9,203.2,1016.0,3.1,0.0,148.3,163.0,Unhealthy
2017-01-12,84.99516,105.674,118.8893,46.2,73.1,13.9,193.9,1016.1,2.5,0.0,144.0,166.0,Unhealthy
2017-01-13,92.19536,108.5129,112.5188,45.3,71.7,13.9,182.4,1017.0,2.7,0.0,162.2,170.0,Unhealthy
2017-01-14,90.865106,113.45132,123.00394,45.7,68.8,9.2,258.5,1019.2,2.7,0.0,191.4,169.0,Unhealthy
2017-01-15,89.534852,118.38974,133.48908,46.7,67.2,9.2,266.0,1020.4,3.0,0.0,188.9,169.0,Unhealthy
2017-01-16,88.20459799999999,123.32816,143.97422,48.4,65.5,6.9,226.5,1018.2,3.3,0.0,187.9,168.0,Unhealthy
2017-01-17,86.874344,128.26658,154.45936,48.8,65.0,11.4,250.3,1019.0,3.2,0.0,188.1,167.0,Unhealthy
2017-01-18,85.54409,133.205,164.9445,50.0,64.5,9.2,325.2,1022.8,3.5,0.0,191.5,167.0,Unhealthy
2017-01-19,92.52403,127.5533,156.6578,50.9,59.1,12.8,322.8,1023.2,3.8,0.0,197.1,170.0,Unhealthy
2017-01-20,103.2476,148.2249,206.0029,51.0,53.8,10.3,46.3,1022.0,3.4,0.0,200.7,176.0,Unhealthy
2017-01-21,95.13744,129.5517,173.9873,51.5,65.6,6.9,156.7,1022.4,3.5,0.0,188.1,171.0,Unhealthy
2017-01-22,92.92035,118.6607,141.8298,52.2,65.9,9.2,203.3,1023.0,3.1,0.0,186.4,170.0,Unhealthy
2017-01-23,95.57682,117.6536,143.1682,52.3,70.5,9.2,157.3,1021.3,2.9,0.0,190.0,172.0,Unhealthy
2017-01-24,92.8978,118.1117,142.1958,53.1,71.6,8.1,141.3,1023.1,2.7,0.0,184.2,170.0,Unhealthy
2017-01-25,96.36016,131.744,164.1847,55.2,66.4,8.1,231.8,1025.0,3.0,0.0,181.1,172.0,Unhealthy
2017-01-26,90.14366,128.9626,175.588,56.9,65.3,10.3,209.9,1023.4,3.2,0.0,183.3,169.0,Unhealthy
2017-01-27,63.18297,80.87891,93.82781,51.7,84.3,11.4,102.3,1021.4,2.9,5.1,67.8,155.0,Unhealthy
2017-01-28,59.05847,93.66056,121.7624,51.5,68.5,8.1,242.1,1019.1,4.2,6.6,193.8,153.0,Unhealthy
2017-01-29,76.65894,111.7027,144.3554,50.6,74.8,12.8,186.4,1018.8,3.8,0.0,175.1,162.0,Unhealthy
2017-01-30,84.25112,111.6643,129.3957,52.2,78.2,6.9,199.7,1017.9,3.3,0.1016,169.2,166.0,Unhealthy
2017-01-31,73.02067,96.20483,111.9941,54.6,73.8,12.8,195.8,1017.5,2.8,0.0,158.5,160.0,Unhealthy
2017-02-01,77.21906,104.3184,122.4975,54.6,76.1,10.3,212.7,1018.8,3.1,0.0,165.8,162.0,Unhealthy
2017-02-02,79.33011,103.665,114.519,53.8,77.7,11.4,226.6,1021.3,2.4,0.0,159.9,163.0,Unhealthy
2017-02-03,82.72201,112.6626,130.3659,55.0,74.4,8.1,170.0,1021.4,2.6,0.0,198.9,165.0,Unhealthy
2017-02-04,91.39715,128.5076,149.0041,57.3,71.3,6.9,170.8,1019.5,2.7,0.0,194.1,170.0,Unhealthy
2017-02-05,83.46236,120.7113,145.898,58.5,68.4,9.2,252.4,1020.0,2.9,0.0,202.0,165.0,Unhealthy
2017-02-06,100.9423,139.3979,162.5131,57.4,66.1,12.8,289.7,1017.2,3.6,0.0,181.4,174.0,Unhealthy
2017-02-07,65.09568,95.14377,109.6398,56.8,65.6,10.3,239.4,1015.8,3.2,0.0,217.9,156.0,Unhealthy
2017-02-08,69.12106,97.9512,124.5514,57.4,70.3,8.1,254.0,1017.9,3.3,0.0,211.3,158.0,Unhealthy
2017-02-09,74.09549,105.7435,136.1368,56.9,65.5,11.4,251.9,1017.0,3.3,0.0,198.2,161.0,Unhealthy
2017-02-10,69.60111,114.6408,158.7523,54.9,63.5,10.3,187.0,1016.5,3.6,0.0,208.9,158.0,Unhealthy
2017-02-11,81.63771,122.0412,165.0173,54.9,63.1,8.1,200.3,1019.4,3.6,0.0,227.2,164.0,Unhealthy
2017-02-12,78.84417,120.59,157.8105,55.2,63.1,10.3,231.5,1023.0,3.4,0.0,213.9,163.0,Unhealthy
2017-02-13,82.49,125.9741,156.8178,54.5,62.1,8.1,238.6,1023.5,3.5,0.0,207.4,165.0,Unhealthy
2017-02-14,79.27148,118.3049,148.6352,54.4,65.9,10.3,194.0,1024.4,3.1,0.0,219.2,163.0,Unhealthy
2017-02-15,86.36042,119.331,145.6569,55.8,71.9,6.9,190.3,1024.5,2.7,0.0,211.2,167.0,Unhealthy
2017-02-16,97.33257,136.9284,167.6785,56.6,70.8,11.4,202.8,1022.0,2.6,0.0,209.1,173.0,Unhealthy
2017-02-17,84.59935,119.2244,150.4841,58.8,68.8,9.2,261.6,1022.0,2.6,0.0,209.5,166.0,Unhealthy
2017-02-18,84.285,121.691,159.3852,60.4,69.1,10.3,214.1,1021.9,2.7,0.0,202.4,166.0,Unhealthy
2017-02-19,85.07451,115.4432,137.7217,60.2,71.7,9.2,271.8,1019.0,2.4,0.0,180.4,166.0,Unhealthy
2017-02-20,87.18146,112.9669,132.5183,60.3,70.6,10.3,203.8,1013.0,2.4,0.0,165.2,167.0,Unhealthy
2017-02-21,77.94764,107.4205,126.9041,60.9,59.3,10.3,321.4,1013.2,3.4,0.0,217.6,163.0,Unhealthy
2017-02-22,77.03146,115.2175,148.2736,59.4,60.0,13.9,218.3,1014.0,3.1,0.0,201.4,162.0,Unhealthy
2017-02-23,62.06919,82.87183,106.874,57.9,63.2,12.8,234.6,1014.6,3.5,0.0,233.3,154.0,Unhealthy
2017-02-24,46.90903,53.66868,63.48236,56.1,66.3,17.2,214.4,1016.1,3.2,0.0,235.5,129.0,Unhealthy for Sensitive Groups
2017-02-25,52.42813,56.04896,62.03451,55.2,70.6,13.4,202.8,1016.8,2.9,0.0,183.0,143.0,Unhealthy for Sensitive Groups
2017-02-26,50.40498,54.05857,62.89231,57.1,69.7,15.0,239.7,1014.4,3.0,0.0,187.5,138.0,Unhealthy for Sensitive Groups
2017-02-27,47.9064525,51.46777166666667,59.90424083333333,57.0,69.4,13.9,208.8,1017.8,3.0,0.0,193.4,132.0,Unhealthy for Sensitive Groups
2017-02-28,45.407925,48.87697333333334,56.91617166666667,57.2,71.9,12.8,206.4,1018.5,2.7,0.0,216.8,125.0,Unhealthy for Sensitive Groups
2017-03-01,42.9093975,46.286175,53.9281025,60.8,65.9,10.3,268.6,1017.6,3.1,0.0,226.5,119.0,Unhealthy for Sensitive Groups
2017-03-02,40.41087,43.69537666666667,50.94003333333333,59.8,61.6,15.0,317.1,1016.8,3.5,1.5,231.6,113.0,Unhealthy for Sensitive Groups
2017-03-03,37.9123425,41.104578333333336,47.95196416666667,59.7,52.8,11.4,285.3,1014.3,4.2,1.5,230.9,107.0,Unhealthy for Sensitive Groups
2017-03-04,35.413815,38.51378,44.963895,60.0,48.9,17.9,275.3,1013.8,4.4,0.0,245.5,,Hazardous
2017-03-05,32.915287500000005,35.92298166666667,41.97582583333333,58.9,47.1,16.1,204.3,1013.0,4.4,0.0,248.7,95.0,Moderate
2017-03-06,30.41676,33.33218333333333,38.98775666666667,57.4,49.9,13.9,207.4,1012.8,4.2,0.0,253.4,90.0,Moderate
2017-03-07,27.9182325,30.741385000000005,35.9996875,57.5,55.0,13.9,210.1,1014.1,3.6,0.0,252.0,84.0,Moderate
2017-03-08,25.419705,28.15058666666667,33.01161833333333,58.4,52.8,16.1,202.5,1014.5,3.7,0.0,246.8,79.0,Moderate
2017-03-09,22.9211775,25.559788333333337,30.02354916666667,58.5,58.5,15.0,218.5,1013.1,3.7,0.0,205.2,74.0,Moderate
2017-03-10,20.42265,22.96899,27.03548,54.5,73.8,15.0,104.3,1013.0,3.5,4.1,132.7,69.0,Moderate
2017-03-11,22.78775,25.60948,33.08379,51.6,81.0,9.2,89.7,1012.5,4.8,32.3,82.4,73.0,Moderate
2017-03-12,21.18069,29.05535,33.92611,52.5,66.0,11.4,254.5,1014.2,4.9,6.1,221.0,70.0,Moderate
2017-03-13,50.91175,81.97009,135.6011,53.7,67.6,13.9,197.7,1016.2,4.7,0.0,276.6,139.0,Unhealthy for Sensitive Groups
2017-03-14,30.5391,35.27104,41.1666,56.5,66.3,13.9,208.7,1018.3,3.8,0.0,249.5,90.0,Moderate
2017-03-15,25.57188,27.30312,29.37271,56.4,65.4,12.8,218.8,1017.4,4.3,3.9878,253.9,79.0,Moderate
2017-03-16,27.99549,29.1009,30.93556,57.9,63.4,16.1,215.3,1015.9,3.7,0.0,241.1,84.0,Moderate
2017-03-17,20.7809,24.08141,34.10703,58.6,58.0,17.2,337.0,1014.4,3.9,0.0,206.2,69.0,Moderate
2017-03-18,17.985,19.13806,21.75049,54.2,68.4,11.4,161.7,1015.3,4.0,6.9,223.8,63.0,Moderate
2017-03-19,32.11422,35.4384,39.32992,55.6,71.0,15.0,214.3,1017.0,3.3,0.0,186.3,93.0,Moderate
2017-03-20,53.0404,83.92058,160.5565,55.4,74.9,12.8,139.1,1016.8,3.3,0.5,213.7,144.0,Unhealthy for Sensitive Groups
2017-03-21,68.62662,118.8219,230.8954,57.0,75.1,12.8,219.0,1017.8,3.0,0.0,242.9,158.0,Unhealthy
2017-03-22,62.82729,117.1705,254.0613,60.4,74.7,13.9,213.1,1017.0,3.3,0.0,201.5,155.0,Unhealthy
2017-03-23,51.44796,98.04446,209.2441,64.8,69.0,13.9,226.7,1017.0,3.4,0.0,186.2,140.0,Unhealthy for Sensitive Groups
2017-03-24,52.28473,103.7551,262.6857,65.1,73.4,15.0,219.2,1016.2,3.1,0.0,164.2,142.0,Unhealthy for Sensitive Groups
2017-03-25,46.56268,121.5961,313.6789,65.0,72.0,8.1,263.2,1017.0,3.7,15.5,234.9,128.0,Unhealthy for Sensitive Groups
2017-03-26,65.14625,150.0057,403.4426,66.9,75.1,15.0,210.3,1017.3,3.1,0.0,220.6,156.0,Unhealthy
2017-03-27,59.85556,153.2015,428.1047,67.8,74.7,11.4,216.9,1017.3,3.2,0.0,171.2,153.0,Unhealthy
2017-03-28,71.62319,160.2966,375.834,67.6,79.3,8.1,204.0,1017.4,2.6,0.0,180.1,159.0,Unhealthy
2017-03-29,60.79014,82.87285,124.9607,65.1,91.4,39.1,148.9,1015.2,2.1,4.3,91.7,154.0,Unhealthy
2017-03-30,59.47458,121.7428,327.1253,68.5,85.8,8.1,268.4,1014.0,2.6,5.6,140.1,153.0,Unhealthy
2017-03-31,54.45306,168.0338,552.3706,70.5,77.7,13.9,223.8,1016.5,3.5,0.0,135.2,148.0,Unhealthy for Sensitive Groups
2017-04-01,43.78833,120.0755,406.7606,68.0,77.2,15.0,216.6,1014.5,3.7,0.0,198.9,121.0,Unhealthy for Sensitive Groups
2017-04-02,40.72139,174.7399,574.3801,67.1,64.6,12.8,329.9,1012.5,4.4,6.4,240.5,114.0,Unhealthy for Sensitive Groups
2017-04-03,55.56109,223.5408,644.3935,66.4,62.4,12.8,49.2,1013.8,4.1,6.6,236.9,151.0,Unhealthy
2017-04-04,57.93535,191.8986,564.3029,67.8,69.0,10.3,261.3,1014.5,3.9,0.0,271.5,152.0,Unhealthy
2017-04-05,56.270725,245.949,695.9593500000001,68.8,73.5,9.2,271.7,1014.7,4.0,0.0,241.0,151.0,Unhealthy
2017-04-06,54.6061,299.9994,827.6158,70.4,65.9,13.9,291.5,1015.4,4.3,0.0,247.2,173.0,Unhealthy
2017-04-07,69.47858,315.2801,864.9938,71.2,54.5,13.9,319.8,1016.0,4.1,0.0,283.6,181.0,Unhealthy
2017-04-08,45.8791,235.1303,608.3038,68.3,54.7,10.3,313.8,1017.0,4.6,5.1,285.7,141.0,Unhealthy for Sensitive Groups
2017-04-09,72.45164,381.2031,946.374,68.4,44.6,10.3,300.8,1015.0,4.8,0.0,321.3,239.0,Very Unhealthy
2017-04-10,93.90847,474.6198,1240.336,66.3,42.8,15.0,193.3,1012.5,3.9,0.0,303.4,363.0,Hazardous
2017-04-11,115.3727,504.0275,1212.018,65.0,46.3,15.0,201.9,1013.0,2.8,0.0,316.8,182.0,Unhealthy
2017-04-12,125.6709,522.2948,1180.239,65.5,47.5,11.4,189.1,1016.1,2.6,0.0,308.9,418.0,Hazardous
2017-04-13,135.8306,605.2194,1324.353,66.6,52.3,9.2,223.7,1017.3,2.5,0.0,279.9,192.0,Unhealthy
2017-04-14,110.9211,423.7349,930.0953,68.4,57.2,13.9,240.7,1016.3,2.7,0.0,252.1,300.0,Very Unhealthy
2017-04-15,47.98053,170.3905,448.1068,63.6,69.7,16.1,106.0,1013.8,3.9,2.8,214.4,132.0,Unhealthy for Sensitive Groups
2017-04-16,59.52261,244.2086,723.3722,68.5,65.1,9.2,277.6,1014.0,4.0,0.0,264.4,153.0,Unhealthy
2017-04-17,60.78299,206.593,636.1407,69.3,68.6,9.2,233.5,1015.5,3.6,0.0,261.4,154.0,Unhealthy
2017-04-18,69.71903,254.8906,716.2907,71.3,67.6,9.2,200.3,1015.0,3.2,0.0,149.5,158.0,Unhealthy
2017-04-19,70.66896,213.9308,548.177,66.9,78.5,10.3,169.5,1013.4,3.2,0.8,132.7,159.0,Unhealthy
2017-04-20,54.69691,140.9897,341.3905,65.1,84.6,9.2,108.9,1012.3,3.2,1.8,105.7,148.0,Unhealthy for Sensitive Groups
2017-04-21,43.74906,128.2096,354.3511,69.1,82.0,8.1,176.2,1012.0,3.2,10.9,199.3,121.0,Unhealthy for Sensitive Groups
2017-04-22,41.71007,59.70766,98.28846,68.6,87.9,9.2,228.4,1011.7,2.9,12.7,163.8,116.0,Unhealthy for Sensitive Groups
2017-04-23,35.66467,78.64856,203.717,66.1,83.7,5.8,79.8,1012.4,4.2,12.2,179.6,101.0,Unhealthy for Sensitive Groups
2017-04-24,44.8977,190.6131,624.3525,69.2,71.6,9.2,293.6,1011.4,4.4,0.3,198.7,124.0,Unhealthy for Sensitive Groups
2017-04-25,62.38852,297.8119,871.7273,72.3,58.1,13.9,307.8,1011.3,4.5,0.0,284.9,172.0,Unhealthy
2017-04-26,66.86766,382.0137,968.141,71.1,47.8,11.4,285.1,1013.1,4.4,0.0,292.7,240.0,Very Unhealthy
2017-04-27,59.45043,320.5683,870.8891,71.1,45.8,11.4,257.0,1014.8,4.3,0.0,300.6,183.0,Unhealthy
2017-04-28,72.24835,314.9011,780.364,70.5,49.8,12.8,180.6,1014.4,3.7,0.0,303.1,181.0,Unhealthy
2017-04-29,68.6902,241.2377,565.037,67.0,63.7,16.1,23.7,1016.8,3.8,0.0,279.9,158.0,Unhealthy
2017-04-30,53.36932,192.7987,544.4675,67.5,64.9,11.4,322.1,1016.3,4.4,0.0,289.6,145.0,Unhealthy for Sensitive Groups
2017-05-01,53.84572,108.8943,260.3103,61.1,78.9,13.9,86.9,1017.7,4.4,14.5,276.9,146.0,Unhealthy for Sensitive Groups
2017-05-02,49.88436,164.3354,486.2226,65.5,67.2,11.4,264.0,1017.8,4.7,0.0,288.6,136.0,Unhealthy for Sensitive Groups
2017-05-03,54.84537,177.8419,512.9016,68.5,68.1,11.4,215.3,1017.4,4.1,0.0,239.4,149.0,Unhealthy for Sensitive Groups
2017-05-04,46.36257,117.1426,334.4994,67.1,71.1,13.9,17.1,1017.1,4.0,2.5,277.2,128.0,Unhealthy for Sensitive Groups
2017-05-05,45.58174,179.8068,518.3571,68.1,68.2,9.2,272.4,1015.9,4.8,10.7,294.1,126.0,Unhealthy for Sensitive Groups
2017-05-06,58.73276,146.1511,454.986,69.6,73.3,19.7,231.6,1016.8,3.5,0.0,256.7,153.0,Unhealthy
2017-05-07,62.03376,152.7422,401.1231,71.3,72.9,9.2,296.3,1016.7,3.1,0.1016,266.7,154.0,Unhealthy
2017-05-08,55.89984,143.9762,372.7172,71.5,75.8,9.2,115.2,1016.6,3.1,3.6,210.9,151.0,Unhealthy
2017-05-09,29.93542,89.21418,241.3801,66.4,80.0,9.2,92.8,1015.8,4.5,1.3,197.0,89.0,Moderate
2017-05-10,44.46067,141.0212,395.9144,68.9,71.3,8.1,194.2,1016.9,4.6,0.8,241.2,123.0,Unhealthy for Sensitive Groups
2017-05-11,52.69233,126.8184,336.2382,69.1,78.7,8.1,95.1,1016.9,4.0,3.6,230.3,143.0,Unhealthy for Sensitive Groups
2017-05-12,41.6664,99.83246,294.6941,71.3,79.6,8.1,241.8,1017.3,3.6,0.3,223.2,116.0,Unhealthy for Sensitive Groups
2017-05-13,32.34551,88.42535,272.9846,72.4,70.8,12.8,229.7,1014.4,4.7,0.1016,244.4,94.0,Moderate
2017-05-14,26.46594,49.51826,121.5876,71.3,79.3,11.4,125.6,1011.9,4.2,8.2042,240.4,81.0,Moderate
2017-05-15,30.84685,60.73785,144.6347,68.6,88.4,11.4,101.5,1010.8,3.8,40.9,211.2,90.0,Moderate
2017-05-16,36.31128,81.68945,207.6262,70.8,82.9,6.9,207.4,1010.8,3.5,3.6,165.7,103.0,Unhealthy for Sensitive Groups
2017-05-17,38.03847,119.2121,394.1311,70.6,77.6,17.9,202.7,1011.2,4.5,0.5,121.7,107.0,Unhealthy for Sensitive Groups
2017-05-18,36.56405,105.0238,339.2473,72.0,73.0,9.2,258.9,1012.1,4.7,0.0,245.2,104.0,Unhealthy for Sensitive Groups
2017-05-19,34.62637,107.9227,351.3802,74.4,68.7,10.3,282.3,1012.9,5.0,0.0,264.8,98.0,Moderate
2017-05-20,42.00258,129.0949,391.1483,74.7,64.7,13.9,288.6,1011.6,4.7,0.0,287.9,117.0,Unhealthy for Sensitive Groups
2017-05-21,48.41478,160.322,468.5426,75.5,66.1,11.4,336.2,1010.5,4.1,0.0,254.1,133.0,Unhealthy for Sensitive Groups
2017-05-22,32.58002,105.8927,317.873,75.0,64.7,13.9,309.7,1012.7,4.9,2.3,286.8,94.0,Moderate
2017-05-23,42.61119,144.2186,404.1529,77.0,59.4,13.9,294.4,1013.6,4.5,0.0,297.1,119.0,Unhealthy for Sensitive Groups
2017-05-24,48.72146,187.0315,519.924,74.1,67.3,13.9,190.4,1013.0,4.2,2.3,271.8,134.0,Unhealthy for Sensitive Groups
2017-05-25,48.00276,153.4301,444.817,73.8,69.8,15.0,200.0,1012.5,4.3,0.0,266.1,132.0,Unhealthy for Sensitive Groups
2017-05-26,46.06333,112.3321,339.427,69.9,82.4,11.4,95.0,1011.9,3.5,18.8,243.6,127.0,Unhealthy for Sensitive Groups
2017-05-27,42.50538,117.8285,343.15905,67.8,83.0,9.2,127.2,1012.5,4.5,7.6,128.0,118.0,Unhealthy for Sensitive Groups
2017-05-28,38.94743,123.3249,346.8911,70.9,76.7,8.1,134.8,1011.6,4.6,0.0,223.4,109.0,Unhealthy for Sensitive Groups
2017-05-29,43.92357,116.3117,333.6088,71.4,75.7,6.9,160.3,1010.5,4.3,0.0,262.4,122.0,Unhealthy for Sensitive Groups
2017-05-30,36.82849,65.75572,171.2315,69.0,84.9,10.3,245.6,1008.6,4.2,1.5,198.6,104.0,Unhealthy for Sensitive Groups
2017-05-31,31.20016,103.7216,345.9342,72.3,75.4,10.3,214.3,1010.1,4.8,0.0,243.8,91.0,Moderate
2017-06-01,29.73519,102.6591,323.0862,75.2,72.1,13.9,232.4,1010.0,4.7,10.9982,263.2,88.0,Moderate
2017-06-02,26.94406,93.97755,315.5287,75.5,69.4,15.0,245.7,1010.0,5.0,0.0,261.7,82.0,Moderate
2017-06-03,34.59561,126.5307,328.6378,74.9,67.1,6.9,113.9,1009.5,4.2,0.0,264.5,98.0,Moderate
2017-06-04,38.32656,133.6143,360.7772,78.3,68.7,11.4,240.2,1009.7,4.2,0.0,317.5,108.0,Unhealthy for Sensitive Groups
2017-06-05,41.49526,87.54576,231.2122,74.9,80.8,13.9,160.1,1011.0,3.8,6.1,262.8,116.0,Unhealthy for Sensitive Groups
2017-06-06,35.09453,120.1081,349.8908,73.5,77.3,12.8,212.6,1013.6,4.7,0.0,180.5,99.0,Moderate
2017-06-07,42.99931,141.9257,403.5861,73.8,78.0,10.3,187.1,1013.4,3.8,0.0,215.5,119.0,Unhealthy for Sensitive Groups
2017-06-08,42.60575,99.26535,270.7158,72.5,81.8,11.4,151.2,1012.0,4.0,7.1,201.5,118.0,Unhealthy for Sensitive Groups
2017-06-09,38.37217,110.9429,279.7101,72.6,83.6,12.8,117.6,1011.1,3.8,2.5908,237.7,108.0,Unhealthy for Sensitive Groups
2017-06-10,37.59115,117.1968,349.2104,74.6,78.3,12.8,203.4,1010.7,4.1,7.391399999999999,215.8,106.0,Unhealthy for Sensitive Groups
2017-06-11,38.60764,127.1875,394.3674,75.5,76.4,9.2,235.1,1009.2,4.1,32.2072,228.1,109.0,Unhealthy for Sensitive Groups
2017-06-12,32.63391,108.7462,367.717,76.4,74.0,11.4,268.0,1007.3,4.8,0.0,237.9,94.0,Moderate
2017-06-13,28.61587,115.8617,366.7147,77.1,64.8,12.8,272.8,1008.1,5.0,0.0,278.9,86.0,Moderate
2017-06-14,33.45445,122.8453,365.5372,76.1,72.1,12.8,210.2,1011.2,4.7,0.0,239.8,96.0,Moderate
2017-06-15,33.79209,122.9325,363.9143,75.0,75.2,8.1,185.7,1011.2,4.1,0.0,230.5,97.0,Moderate
2017-06-16,31.8043,107.3864,350.9363,72.8,80.0,9.2,220.7,1010.6,4.1,0.0,227.4,92.0,Moderate
2017-06-17,24.26998,77.33647,258.976,73.3,80.9,13.9,236.9,1009.8,4.9,0.3,231.6,77.0,Moderate
2017-06-18,31.43043,117.1641,369.1079,75.8,70.9,10.3,276.3,1008.0,4.7,0.0,262.1,92.0,Moderate
2017-06-19,38.64472,135.2319,384.5049,75.7,71.9,10.3,223.6,1007.5,4.5,3.9878,216.5,109.0,Unhealthy for Sensitive Groups
2017-06-20,36.60275,63.42258,134.67,72.2,85.2,8.1,226.3,1007.4,3.8,11.4,201.1,104.0,Unhealthy for Sensitive Groups
2017-06-21,23.5119,72.19756,220.4852,72.6,85.3,9.2,192.8,1008.0,4.6,6.6,124.7,75.0,Moderate
2017-06-22,21.48634,87.98868,301.2497,74.9,81.4,11.4,224.2,1008.5,4.7,5.8,181.4,71.0,Moderate
2017-06-23,23.2234,82.85469,280.9955,75.9,75.4,10.3,234.7,1009.1,4.7,0.0,213.4,74.0,Moderate
2017-06-24,14.39456,43.40544,151.8137,75.1,81.5,11.4,212.5,1008.5,4.8,10.0076,211.8,56.0,Moderate
2017-06-25,25.70331,137.8946,488.9474,74.1,82.1,12.8,192.5,1009.4,4.9,30.2,118.4,92.0,Moderate
2017-06-26,15.15458,55.28319,197.3206,75.2,82.6,15.0,212.1,1010.8,4.9,24.6,180.1,57.0,Moderate
2017-06-27,15.68819,52.44715,176.1814,75.6,82.3,11.4,169.3,1011.0,4.8,0.0,152.3,59.0,Moderate
2017-06-28,15.07031,47.29667,152.7275,75.0,84.6,12.8,163.4,1011.4,4.5,0.889,175.8,57.0,Moderate
2017-06-29,16.90065,73.00338,247.6957,75.4,81.3,10.3,244.8,1010.0,5.5,5.1,191.3,61.0,Moderate
2017-06-30,19.94826,89.7609,306.2294,75.0,84.3,10.3,225.5,1005.9,4.4,68.9864,155.2,68.0,Moderate
2017-07-01,19.18339,59.1373,203.1243,74.3,86.3,13.9,178.7,1006.5,4.4,1.5,120.8,66.0,Moderate
2017-07-02,16.2309,49.32931,160.7119,74.2,86.9,10.3,160.6,1007.2,4.5,1.0,105.4,60.0,Moderate
2017-07-03,19.68813,63.04045,219.778,75.3,85.2,9.2,176.7,1006.8,4.3,4.1,137.8,67.0,Moderate
2017-07-04,16.27939,37.13005,109.2681,74.1,89.3,11.4,177.9,1005.7,4.1,25.1,34.7,60.0,Moderate
2017-07-05,18.48376,42.99377,115.2083,72.7,91.4,12.8,164.4,1007.3,4.3,5.3,69.8,64.0,Moderate
2017-07-06,25.98973,69.04041,212.9986,73.9,88.9,11.4,164.7,1008.7,4.2,2.0,85.8,80.0,Moderate
2017-07-07,23.48965,104.2692,433.4102,76.8,81.1,12.8,209.9,1009.5,5.2,0.0,115.7,75.0,Moderate
2017-07-08,20.03383,67.70634,261.7284,75.3,84.3,16.1,198.4,1009.6,4.6,0.5,181.6,68.0,Moderate
2017-07-09,17.72028,61.02167,214.6706,73.6,90.4,9.2,129.8,1010.4,3.7,16.8,65.6,63.0,Moderate
2017-07-10,21.79888,54.5816,158.5167,73.3,87.2,10.3,129.4,1010.8,4.6,17.0,94.9,71.0,Moderate
2017-07-11,21.20931,46.90326,127.5165,72.0,88.6,9.2,159.2,1010.9,4.7,2.3,78.3,70.0,Moderate
2017-07-12,23.10224,93.78142,302.1446,73.7,79.3,9.2,193.1,1011.8,5.2,0.0,149.5,74.0,Moderate
2017-07-13,24.68224,100.424,378.4619,75.9,77.6,11.4,202.2,1011.3,4.8,0.0,188.4,77.0,Moderate
2017-07-14,20.03667,63.53724,218.1216,74.8,83.0,12.8,214.2,1010.8,4.8,2.0,208.0,68.0,Moderate
2017-07-15,13.81941,41.14166,131.7112,74.1,87.4,10.3,203.3,1011.2,4.4,14.0,124.3,55.0,Moderate
2017-07-16,18.37437,54.06424,192.2382,75.0,87.4,9.2,275.5,1009.9,4.8,17.3,215.3,64.0,Moderate
2017-07-17,15.84846,77.19823,276.7771,76.1,82.1,13.9,189.9,1010.0,5.1,5.6,243.9,62.0,Moderate
2017-07-18,17.13284,59.71707,192.4742,76.5,81.6,13.9,212.0,1011.0,4.8,2.3,209.6,62.0,Moderate
2017-07-19,18.70383,62.16286,201.465,74.6,86.2,11.4,204.1,1009.4,4.8,5.1,227.0,65.0,Moderate
2017-07-20,16.91339,43.675,137.2728,73.4,88.3,13.9,220.0,1006.9,4.7,11.4,159.4,61.0,Moderate
2017-07-21,20.04887,71.91408,256.8481,75.3,84.8,9.2,189.5,1009.1,4.9,2.8,128.4,68.0,Moderate
2017-07-22,12.55606,44.21497,153.8547,75.0,85.6,10.3,229.0,1010.5,4.9,2.0,114.8,52.0,Moderate
2017-07-23,11.96708,45.6639,163.7169,73.5,88.4,12.8,191.3,1009.0,4.4,9.7,159.4,50.0,Good
2017-07-24,9.971042,36.52917,141.899,73.9,84.2,10.3,263.3,1007.6,4.9,25.9,161.5,42.0,Good
2017-07-25,11.20747,36.39701,127.0321,72.6,90.1,11.4,224.3,1007.1,4.1,7.4,126.2,47.0,Good
2017-07-26,22.33819,71.40521,261.8785,73.8,85.8,11.4,138.9,1009.2,5.0,4.8,109.3,73.0,Moderate
2017-07-27,22.46583,85.23179,335.3164,75.4,81.5,12.8,184.9,1011.3,5.3,0.0,213.8,73.0,Moderate
2017-07-28,21.14402,63.06388,224.4595,74.6,83.4,13.9,210.1,1012.9,4.8,0.0,200.6,70.0,Moderate
2017-07-29,14.4339,32.52329,101.1793,73.4,88.5,9.2,230.3,1012.8,4.0,49.8,100.4,56.0,Moderate
2017-07-30,16.83743,39.40979,122.7871,72.8,89.4,5.8,230.2,1012.0,4.3,24.4,87.0,61.0,Moderate
2017-07-31,20.17919,61.89434,212.8443,75.3,84.4,8.1,180.5,1011.1,4.5,0.8,191.4,68.0,Moderate
2017-08-01,13.46828,37.90676,127.3568,74.7,87.4,6.9,225.8,1010.3,4.3,1.5,170.3,54.0,Moderate
2017-08-02,11.26966,31.24337,106.8676,75.0,88.4,10.3,229.1,1009.0,4.4,9.1948,121.9,47.0,Good
2017-08-03,14.0624,36.13321,136.4069,74.3,90.2,10.3,192.5,1006.5,4.2,30.5,107.7,55.0,Moderate
2017-08-04,15.21644,51.53693,214.8346,75.9,85.6,11.4,192.7,1006.4,4.8,0.0,98.9,58.0,Moderate
2017-08-05,11.51415,30.52153,113.993,75.6,87.9,12.8,157.4,1009.1,4.7,7.1,132.4,48.0,Good
2017-08-06,17.25398,39.33619,124.5417,75.9,89.3,10.3,162.6,1010.5,4.4,10.4,172.3,62.0,Moderate
2017-08-07,17.04542,57.51306,248.7998,75.5,87.8,12.8,204.4,1012.1,4.4,6.6,141.3,61.0,Moderate
2017-08-08,16.75941,46.2282,154.108,75.6,86.1,10.3,202.1,1011.3,4.1,0.4064,106.2,61.0,Moderate
2017-08-09,16.64029,35.6141,93.3249,73.7,88.8,5.8,122.6,1010.9,3.9,2.0066,54.6,61.0,Moderate
2017-08-10,16.87289,31.59347,83.26233,72.8,92.5,10.3,204.6,1007.8,3.7,0.3048,58.0,61.0,Moderate
2017-08-11,15.35698,25.55729,53.63724,73.3,93.7,10.3,139.9,1006.3,4.0,0.2032,50.1,58.0,Moderate
2017-08-12,10.67563,19.51387,56.24804,72.3,92.8,9.2,179.0,1007.1,3.9,10.9982,36.5,44.0,Good
2017-08-13,14.21891,33.75201,122.6988,72.3,88.5,10.3,137.2,1011.5,4.4,26.7,38.4,55.0,Moderate
2017-08-14,16.57759,43.14084,156.0103,73.2,86.1,9.2,195.9,1013.5,4.5,2.8,128.4,60.0,Moderate
2017-08-15,15.93417,47.84717,165.242,74.4,85.1,8.1,232.7,1010.8,4.6,0.7874,167.0,59.0,Moderate
2017-08-16,17.53761,47.42359,180.0284,75.0,85.0,13.9,190.0,1008.6,4.6,0.5,114.0,62.0,Moderate
2017-08-17,15.5177,46.40382,183.2937,74.8,85.9,12.8,201.2,1009.5,4.6,0.0,92.1,58.0,Moderate
2017-08-18,15.39528,48.08519,209.5857,74.9,85.2,12.8,203.6,1010.8,4.3,0.0,161.6,58.0,Moderate
2017-08-19,14.488,28.31791,71.67727,73.3,90.0,5.8,218.2,1014.7,4.4,8.4,114.1,56.0,Moderate
2017-08-20,15.97896,33.49892,90.42885,73.5,88.4,8.1,152.6,1013.7,4.5,0.4064,132.1,59.0,Moderate
2017-08-21,17.69772,43.00523,122.6347,73.9,85.8,8.1,199.6,1012.4,4.6,0.8,103.3,63.0,Moderate
2017-08-22,14.35298,30.32369,81.15403,72.8,90.4,10.3,71.6,1012.1,3.9,14.0,146.0,56.0,Moderate
2017-08-23,21.51057,44.85074,136.1476,72.4,90.0,9.2,170.6,1013.6,4.0,41.9,150.4,71.0,Moderate
2017-08-24,18.53931,40.15753,121.6501,72.5,89.0,12.8,200.5,1012.3,4.5,2.3,216.8,65.0,Moderate
2017-08-25,19.28554,56.48505,181.1214,74.9,83.5,9.2,280.7,1011.0,4.6,1.0,213.5,66.0,Moderate
2017-08-26,12.1709,41.89637,163.9453,76.0,77.4,9.2,208.0,1009.0,5.3,35.3,198.9,51.0,Moderate
2017-08-27,15.3681,36.38796,107.2005,74.1,85.9,9.2,113.6,1010.3,4.6,5.3,160.5,58.0,Moderate
2017-08-28,18.98287,50.73609,161.6948,73.7,87.1,9.2,210.4,1012.2,4.6,1.3,154.3,65.0,Moderate
2017-08-29,19.59123,69.83235,265.1746,74.8,82.7,12.8,191.2,1013.0,5.2,0.0,171.3,67.0,Moderate
2017-08-30,16.87056,55.70159,190.1283,76.2,81.7,10.3,240.1,1013.4,5.0,0.0,185.6,61.0,Moderate
2017-08-31,16.84419,38.92375,113.978,73.6,86.1,10.3,234.1,1013.7,4.4,55.1,173.5,61.0,Moderate
2017-09-01,17.77191,55.4245,172.421,74.4,83.8,8.1,249.8,1012.1,4.5,24.6,145.0,63.0,Moderate
2017-09-02,14.40841,43.28434,141.7872,72.8,88.2,9.2,213.2,1010.8,4.5,7.6,110.7,56.0,Moderate
2017-09-03,15.08356,40.83107,125.0653,73.2,86.6,9.2,253.0,1011.0,4.6,10.9,143.0,57.0,Moderate
2017-09-04,21.83665,58.79769,182.3682,74.4,83.8,9.2,241.3,1012.5,5.0,0.0,198.9,71.0,Moderate
2017-09-05,28.80258,65.22159,183.721,74.1,82.9,13.9,206.7,1013.2,4.1,0.0,231.5,86.0,Moderate
2017-09-06,31.01104,88.57676,288.9373,75.8,77.8,9.2,243.6,1014.1,4.4,0.0,212.2,91.0,Moderate
2017-09-07,26.33392,61.21929,180.6769,73.2,83.8,8.1,267.3,1014.6,4.5,7.9,196.5,81.0,Moderate
2017-09-08,29.97578,72.61124,226.7186,74.5,81.2,11.4,271.3,1014.5,4.3,0.0,208.2,89.0,Moderate
2017-09-09,26.65552,61.26915,186.6249,75.2,79.0,9.2,252.2,1012.6,4.3,0.0,216.0,82.0,Moderate
2017-09-10,32.0101,87.97675,285.3968,76.0,78.1,10.3,242.5,1014.4,4.2,0.0,202.7,93.0,Moderate
2017-09-11,21.65386,59.40878,197.1469,75.0,76.9,12.8,223.1,1015.9,4.5,0.0,211.9,71.0,Moderate
2017-09-12,19.7086,48.29302,150.1666,75.3,79.8,9.2,242.6,1016.1,4.4,31.0896,192.4,67.0,Moderate
2017-09-13,20.0133,51.70209,157.3107,74.4,80.2,8.1,231.1,1016.2,4.5,0.0,158.3,68.0,Moderate
2017-09-14,33.81812,86.58119,257.6526,74.5,77.6,9.2,252.0,1015.7,4.4,0.0,191.5,97.0,Moderate
2017-09-15,37.6383,97.08128,266.2264,73.5,81.5,6.9,218.2,1014.7,3.9,0.0,166.2,106.0,Unhealthy for Sensitive Groups
2017-09-16,36.24914,104.4978,308.3447,74.6,79.8,8.1,142.7,1014.3,3.9,0.0,231.1,103.0,Unhealthy for Sensitive Groups
2017-09-17,26.56063,89.06374,310.5059,75.7,79.2,11.4,99.5,1013.5,4.1,0.0,231.5,81.0,Moderate
2017-09-18,14.22828,44.23447,158.9692,72.6,85.3,11.4,241.5,1013.9,4.6,11.2,146.8,55.0,Moderate
2017-09-19,19.00444,53.10354,168.1668,73.1,87.6,11.4,185.9,1013.3,4.4,16.586199999999998,204.0,66.0,Moderate
2017-09-20,24.14051,50.90245,141.7261,72.3,90.8,12.8,191.9,1012.7,4.4,1.5,149.2,76.0,Moderate
2017-09-21,15.17852,42.57245,142.6842,71.6,89.5,9.2,143.4,1013.8,4.5,0.0,67.4,57.0,Moderate
2017-09-22,26.11966,74.80577,239.992,72.7,86.5,8.1,213.5,1014.8,4.6,0.0,94.1,80.0,Moderate
2017-09-23,20.63243,58.8632,222.5525,74.8,81.3,8.1,264.7,1015.8,4.9,0.0,190.9,69.0,Moderate
2017-09-24,24.33201,68.70339,227.5571,75.0,81.4,9.2,216.8,1014.1,4.5,0.0,165.0,77.0,Moderate
2017-09-25,28.56473,74.98505,241.5349,74.4,80.7,13.9,216.3,1013.0,4.2,0.0,200.0,86.0,Moderate
2017-09-26,31.02607,77.64605,236.2629,75.3,79.6,13.9,214.3,1014.3,3.9,0.0,206.5,91.0,Moderate
2017-09-27,28.54534,67.60324,202.4377,74.6,73.7,12.8,195.0,1015.5,4.7,0.0,185.9,86.0,Moderate
2017-09-28,28.53742,59.86584,153.3815,73.9,78.8,8.1,256.2,1014.9,3.9,0.0,188.9,86.0,Moderate
2017-09-29,22.36492,40.07657,114.5776,72.3,84.0,13.9,174.9,1014.4,4.1,16.5,174.4,73.0,Moderate
2017-09-30,12.45865,22.16905,60.10956,73.2,82.2,9.2,239.5,1016.1,4.9,0.5,100.4,52.0,Moderate
2017-10-01,8.952801,20.90011,78.24937,73.4,81.2,8.1,241.2,1015.6,5.2,0.5,167.4,37.0,Good
2017-10-02,10.48817,24.38445,86.38485,73.1,81.0,11.4,209.2,1014.5,4.9,7.1,151.6,44.0,Good
2017-10-03,13.75331,33.48594,104.3093,72.8,81.5,9.2,252.5,1015.6,4.8,13.0,169.5,54.0,Moderate
2017-10-04,15.90079,38.48263,124.1721,73.9,78.8,10.3,218.8,1017.1,4.9,0.0,226.1,59.0,Moderate
2017-10-05,14.90172,35.27365,113.3811,74.6,79.4,10.3,161.0,1017.8,4.8,0.0,218.5,57.0,Moderate
2017-10-06,14.99207,37.13896,121.8288,74.4,79.9,9.2,257.6,1017.4,4.6,12.4,221.1,57.0,Moderate
2017-10-07,15.91973,38.48081,121.7309,73.8,80.0,8.1,230.9,1016.9,5.1,0.0,207.9,59.0,Moderate
2017-10-08,26.59079,67.17238,189.5752,72.1,78.2,10.3,254.0,1016.3,5.1,0.0,181.5,81.0,Moderate
2017-10-09,28.57917,70.30282,193.4508,71.7,77.0,11.4,180.0,1016.7,4.8,0.0,173.4,86.0,Moderate
2017-10-10,27.79995,72.83429,222.1828,71.9,77.0,10.3,212.1,1015.9,4.8,0.0,180.2,84.0,Moderate
2017-10-11,30.16299,77.84702,219.3723,72.4,77.8,9.2,153.0,1015.7,4.8,0.0,137.1,89.0,Moderate
2017-10-12,23.29685,68.41338,203.7478,72.9,78.1,9.2,221.0,1014.5,4.8,0.0,189.3,75.0,Moderate
2017-10-13,21.82356,56.07266,162.5381,72.6,79.3,10.3,278.3,1012.9,4.9,0.0,175.0,71.0,Moderate
2017-10-14,25.70106,55.07447,129.8876,72.1,74.9,8.1,210.6,1012.0,4.7,0.0,123.9,80.0,Moderate
2017-10-15,40.2265,65.37895,137.9405,70.7,74.0,9.2,226.8,1012.8,3.2,0.4064,187.7,113.0,Unhealthy for Sensitive Groups
2017-10-16,38.66181,66.52045,162.8258,70.3,76.2,10.3,227.4,1014.4,3.4,0.0,173.1,109.0,Unhealthy for Sensitive Groups
2017-10-17,37.09295,76.62068,180.04,70.9,70.0,8.1,262.5,1016.0,3.5,0.0,169.4,105.0,Unhealthy for Sensitive Groups
2017-10-18,30.84295,76.15825,186.4365,70.4,66.0,8.1,127.5,1017.3,4.7,0.0,207.3,90.0,Moderate
2017-10-19,26.6428,57.16882,145.6235,69.8,68.2,8.1,231.5,1017.7,4.5,0.0,222.2,82.0,Moderate
2017-10-20,17.26539,33.86779,102.1297,69.5,75.9,9.2,260.3,1016.5,5.2,0.0,202.6,62.0,Moderate
2017-10-21,16.28706,27.58252,79.71902,68.9,79.5,9.2,254.8,1013.6,4.5,0.0,183.5,60.0,Moderate
2017-10-22,18.71101,32.3369,93.55217,68.7,78.1,10.3,238.0,1012.8,4.8,0.0,170.9,65.0,Moderate
2017-10-23,30.57277,55.9511,139.1935,67.6,68.6,12.8,213.3,1014.8,4.1,0.0,188.7,90.0,Moderate
2017-10-24,31.20343,63.48404,144.9796,64.0,64.7,8.1,256.7,1018.0,4.2,0.0,170.1,91.0,Moderate
2017-10-25,34.681,60.84572,122.4836,61.9,70.0,8.1,191.4,1021.1,4.0,0.0,178.6,98.0,Moderate
2017-10-26,37.72147,52.39736,101.4913,62.5,77.2,9.2,216.7,1021.9,3.6,0.0,187.1,106.0,Unhealthy for Sensitive Groups
2017-10-27,35.53905,49.73009,101.7738,64.3,77.8,8.1,222.0,1020.2,3.3,0.1016,159.1,101.0,Unhealthy for Sensitive Groups
2017-10-28,28.69933,37.69955,71.91652,62.9,79.1,16.1,103.3,1020.3,3.4,0.0,120.7,86.0,Moderate
2017-10-29,16.80843,27.84441,83.29729,61.5,70.9,10.3,98.3,1022.7,4.5,26.4,179.5,61.0,Moderate
2017-10-30,20.97959,39.3769,109.6874,61.0,71.6,10.3,321.1,1021.6,4.9,4.1,197.8,70.0,Moderate
2017-10-31,26.9371,34.82751,51.86378,57.6,88.1,6.9,288.0,1020.7,3.9,0.0,165.2,82.0,Moderate
2017-11-01,25.9423,40.17789,92.09381,59.6,83.4,8.1,229.0,1021.5,3.7,0.0,195.3,80.0,Moderate
2017-11-02,25.87161,48.78711,115.5065,62.4,77.1,8.1,313.8,1019.6,4.1,0.0,205.3,80.0,Moderate
2017-11-03,25.65203,43.48741,97.15483,62.8,77.1,8.1,228.5,1020.8,4.2,0.0,192.0,79.0,Moderate
2017-11-04,24.34304,38.32125,88.42621,62.7,76.0,8.1,47.1,1022.6,4.5,0.0,196.7,77.0,Moderate
2017-11-05,19.14293,31.79148,88.30956,62.6,75.7,8.1,78.7,1022.4,4.3,0.0,206.0,66.0,Moderate
2017-11-06,22.69334,41.8931,114.7915,63.1,70.1,10.3,261.1,1020.7,4.5,0.0,205.6,73.0,Moderate
2017-11-07,27.65068,50.23182,123.0117,62.9,72.7,8.1,171.7,1020.8,4.4,0.0,198.6,84.0,Moderate
2017-11-08,25.65678,46.54531,113.5434,62.7,73.6,9.2,193.5,1020.7,4.6,0.0,179.0,80.0,Moderate
2017-11-09,25.69589,53.27046,131.4578,61.3,70.4,10.3,152.6,1019.5,4.6,0.0,177.2,80.0,Moderate
2017-11-10,25.85194,54.36847,147.0393,60.9,72.6,10.3,211.8,1020.0,4.5,0.0,176.0,80.0,Moderate
2017-11-11,24.07001,48.10209,123.3206,60.1,74.1,10.3,272.0,1020.6,4.4,0.0,185.2,76.0,Moderate
2017-11-12,26.5391,44.53616,104.1554,60.2,74.1,8.1,210.1,1018.0,4.8,0.0,192.2,81.0,Moderate
2017-11-13,32.50215,56.89056,126.5716,59.7,75.2,9.2,192.3,1017.4,4.1,0.0,189.1,94.0,Moderate
2017-11-14,31.50526,48.02638,106.8702,59.4,76.6,8.1,193.7,1018.5,3.7,0.0,184.3,92.0,Moderate
2017-11-15,38.39152,46.08905,86.30453,59.4,76.4,8.1,230.2,1019.5,3.2,0.0,181.8,108.0,Unhealthy for Sensitive Groups
2017-11-16,31.15281,45.71847,96.85577,60.1,75.4,4.7,136.7,1019.9,3.4,0.0,134.0,91.0,Moderate
2017-11-17,32.17503,56.89528,146.7276,61.5,74.4,8.1,222.0,1019.0,3.6,0.0,167.8,93.0,Moderate
2017-11-18,36.147845,59.5387475,142.25159,61.4,74.1,10.3,268.7,1019.3,4.2,0.0,183.6,103.0,Unhealthy for Sensitive Groups
2017-11-19,40.12066,62.182215,137.77558,60.3,69.8,9.2,276.2,1019.6,4.5,0.0,186.4,112.0,Unhealthy for Sensitive Groups
2017-11-20,44.093475,64.8256825,133.29957,59.6,67.5,10.3,291.6,1019.4,4.3,0.0,177.8,122.0,Unhealthy for Sensitive Groups
2017-11-21,48.06629,67.46915,128.82356,57.6,70.2,9.2,257.7,1017.6,3.9,0.0,187.5,132.0,Unhealthy for Sensitive Groups
2017-11-22,52.039105,70.1126175,124.34755,57.2,73.1,8.1,213.7,1016.5,4.0,0.0,172.3,142.0,Unhealthy for Sensitive Groups
2017-11-23,56.01192,72.756085,119.87154,56.2,72.1,8.1,160.9,1016.6,4.0,0.0,161.5,151.0,Unhealthy
2017-11-24,59.984735,75.3995525,115.39553,55.8,75.3,8.1,183.2,1018.5,3.7,0.0,171.2,153.0,Unhealthy
2017-11-25,63.95755,78.04302,110.91952,55.5,74.5,6.9,216.7,1020.4,3.6,0.0,130.7,155.0,Unhealthy
2017-11-26,67.930365,80.6864875,106.44351,55.8,74.6,8.1,215.5,1020.9,3.9,0.0,130.6,157.0,Unhealthy
2017-11-27,71.90317999999999,83.329955,101.9675,55.0,76.2,10.3,200.5,1017.7,4.0,0.0,95.8,159.0,Unhealthy
2017-11-28,75.875995,85.9734225,97.49149,54.2,79.0,11.4,190.0,1017.5,3.3,0.0,103.2,162.0,Unhealthy
2017-11-29,79.84881,88.61689,93.01548,54.7,79.7,8.1,197.4,1020.1,2.7,0.0,110.4,164.0,Unhealthy
2017-11-30,75.17785,83.23778,88.4834,53.6,80.8,6.9,173.2,1019.6,2.2,0.0,109.2,161.0,Unhealthy
2017-12-01,69.64132,79.12111,91.32215,53.5,78.1,6.9,140.0,1019.7,2.6,0.0,132.4,158.0,Unhealthy
2017-12-02,58.29326,68.71986,80.0838,53.7,73.0,8.1,152.8,1021.1,3.0,0.1016,136.7,152.0,Unhealthy
2017-12-03,56.48743,69.28903,81.39299,53.2,74.4,8.1,147.9,1020.4,3.7,0.0,146.9,152.0,Unhealthy
2017-12-04,53.15014,64.74521,72.60896,53.7,75.5,6.9,161.5,1018.8,3.7,0.0,158.7,144.0,Unhealthy for Sensitive Groups
2017-12-05,47.77,58.62798,66.92965,55.3,71.7,6.9,200.1,1018.7,3.8,0.0,126.2,131.0,Unhealthy for Sensitive Groups
2017-12-06,43.87639,51.45715,59.85854,57.5,73.1,10.3,254.7,1017.7,3.8,0.0,152.3,122.0,Unhealthy for Sensitive Groups
2017-12-07,41.41021,45.25118,49.5291,56.8,77.9,8.1,235.8,1018.3,4.0,0.0,134.2,116.0,Unhealthy for Sensitive Groups
2017-12-08,49.27924,57.51479,64.29045,57.3,79.0,10.3,203.0,1018.9,3.6,0.0,142.7,135.0,Unhealthy for Sensitive Groups
2017-12-09,48.57826,59.63521,72.19903,57.8,75.1,5.8,154.4,1019.8,3.9,0.0,142.7,133.0,Unhealthy for Sensitive Groups
2017-12-10,55.01028,67.65528,79.39299,57.5,71.5,6.9,243.0,1020.1,4.0,0.0,171.3,149.0,Unhealthy for Sensitive Groups
2017-12-11,54.60521,66.76417,77.60444,57.1,72.5,8.1,209.1,1019.5,4.0,0.0,159.9,148.0,Unhealthy for Sensitive Groups
2017-12-12,49.23618,59.29566,71.89528,56.1,70.7,9.2,259.2,1019.5,4.3,0.0,164.8,135.0,Unhealthy for Sensitive Groups
2017-12-13,41.58896,50.23458,61.20089,55.1,67.9,8.1,304.0,1020.0,3.8,0.0,174.3,116.0,Unhealthy for Sensitive Groups
2017-12-14,29.96275,32.11394,34.62317,53.2,65.6,10.3,1.0,1020.3,3.7,0.0,176.5,89.0,Moderate
2017-12-15,29.9941,32.22514,33.88424,51.7,62.9,9.2,131.2,1020.4,3.7,0.0,179.3,89.0,Moderate
2017-12-16,35.18215,37.13625,41.56701,50.3,65.2,8.1,124.1,1021.5,3.4,0.0,176.3,100.0,Moderate
2017-12-17,34.21326,35.44167,38.23813,50.5,73.3,6.9,160.1,1022.5,2.9,0.0,168.4,98.0,Moderate
2017-12-18,34.8941,36.01618,39.98965,51.5,79.0,6.9,170.0,1023.3,2.6,0.0,164.7,99.0,Moderate
2017-12-19,30.34347,31.3334,32.92694,53.1,77.0,8.1,174.6,1023.5,2.7,0.0,163.8,89.0,Moderate
2017-12-20,32.35311,33.80625,34.83926,53.5,76.4,5.8,193.9,1024.8,2.6,0.0,136.5,94.0,Moderate
2017-12-21,29.71255,30.82515,34.53571,53.6,74.4,8.1,241.2,1024.0,2.9,0.0,150.3,88.0,Moderate
2017-12-22,27.53542,28.53722,29.27021,52.5,76.3,6.9,142.9,1020.5,3.2,0.0,141.6,83.0,Moderate
2017-12-23,29.46606,30.17051,30.98988,51.3,80.3,6.9,169.4,1017.8,2.7,0.0,143.4,88.0,Moderate
2017-12-24,30.49174,31.39569,33.38514,53.9,78.6,5.8,180.6,1018.9,2.5,0.0,163.2,90.0,Moderate
2017-12-25,31.70486,32.51451,33.17354,52.1,76.9,8.1,193.5,1019.4,2.9,0.0,155.9,92.0,Moderate
2017-12-26,31.90431,33.03285,34.29854,52.3,74.2,41.4,58.6,1020.8,2.7,0.0,178.8,93.0,Moderate
2017-12-27,38.36383,41.41346,52.12864,52.6,68.0,8.1,167.6,1020.8,3.0,0.0,178.0,108.0,Unhealthy for Sensitive Groups
2017-12-28,34.942995,38.75792,46.564205,52.4,61.3,9.2,149.4,1020.8,3.3,0.0,175.7,99.0,Moderate
2017-12-29,31.52216,36.10238,40.99977,51.9,63.2,10.3,162.6,1021.5,3.1,0.0,176.1,92.0,Moderate
2017-12-30,35.49951,38.12535,38.80486,51.6,67.0,9.2,158.9,1021.0,3.0,0.0,173.2,,Hazardous
2017-12-31,36.94979,39.78847,35.018255,51.1,70.3,9.2,218.2,1019.4,3.4,0.0,171.4,105.0,Unhealthy for Sensitive Groups
2018-01-01,28.70553,30.39118,31.23165,51.9,72.9,11.4,192.2,1016.8,3.4,0.0,0.0,86.0,Moderate
2018-01-02,25.74533,28.69325,31.74159,49.4,68.7,11.4,190.0,1015.8,4.1,0.0,74.9,80.0,Moderate
2018-01-03,64.96362,179.3961,391.541,48.3,64.1,9.2,266.7,1015.4,3.7,0.0,181.3,156.0,Unhealthy
2018-01-04,104.8293,234.5786,465.7669,48.2,64.9,11.4,168.3,1017.3,3.9,0.0,178.5,176.0,Unhealthy
2018-01-05,107.1581,228.733,459.7415,47.4,68.7,11.4,188.1,1016.0,3.6,0.0,174.3,178.0,Unhealthy
2018-01-06,106.0259,233.4574,439.0323,46.8,63.9,11.4,261.0,1013.5,3.3,0.0,169.7,177.0,Unhealthy
2018-01-07,98.58674,234.9072,441.7074,45.3,58.3,9.2,203.4,1013.5,3.7,0.0,153.8,173.0,Unhealthy
2018-01-08,96.94241,214.7575,435.9278,45.0,64.2,8.1,169.5,1017.1,3.6,0.0,157.9,172.0,Unhealthy
2018-01-09,126.4814,245.4107,447.7871,45.6,68.1,8.1,177.7,1019.2,2.6,0.0,170.1,188.0,Unhealthy
2018-01-10,126.2913,230.4776,392.0346,46.6,71.2,8.1,197.8,1018.5,2.6,0.0,169.0,188.0,Unhealthy
2018-01-11,119.9962,215.4174,366.3121,47.6,70.9,8.1,175.6,1017.3,2.7,0.0,169.7,184.0,Unhealthy
2018-01-12,115.3758,197.6686,352.5764,48.9,73.1,9.2,235.0,1017.5,2.5,0.0,178.1,182.0,Unhealthy
2018-01-13,104.4968,158.0787,271.1304,50.1,73.0,10.3,235.1,1017.0,3.0,0.0,176.9,176.0,Unhealthy
2018-01-14,94.28447,130.141,230.7189,50.4,74.1,9.2,180.8,1018.2,3.0,0.0,112.6,171.0,Unhealthy
2018-01-15,100.4752,135.7433,242.6842,50.4,71.3,8.1,206.2,1017.0,3.3,0.0,138.0,174.0,Unhealthy
2018-01-16,81.52078,111.9987,181.9341,49.4,76.2,8.1,163.8,1016.8,3.4,0.0,144.0,164.0,Unhealthy
2018-01-17,82.68942,115.1056,186.2617,51.6,72.4,9.2,147.3,1017.8,2.9,0.0,178.3,165.0,Unhealthy
2018-01-18,87.65044,115.2282,179.4583,51.9,74.3,8.1,197.8,1017.3,2.6,0.0,177.6,168.0,Unhealthy
2018-01-19,90.96761,115.5677,178.2358,51.6,72.1,8.1,178.9,1017.9,2.6,0.0,162.6,169.0,Unhealthy
2018-01-20,83.83708,103.0573,146.2181,51.3,72.2,6.9,188.1,1016.5,2.9,0.0,155.2,166.0,Unhealthy
2018-01-21,64.24589,87.54192,158.107,53.2,71.0,8.1,182.8,1017.5,3.0,0.0,141.7,156.0,Unhealthy
2018-01-22,84.99301,113.5425,199.7164,53.3,71.6,9.2,209.0,1016.5,2.8,0.0,174.1,166.0,Unhealthy
2018-01-23,83.04249,105.5561,164.0285,53.6,73.8,49.4,116.8,1015.5,3.1,0.0,181.6,165.0,Unhealthy
2018-01-24,68.75439,86.99676,137.1208,48.3,84.3,13.9,125.5,1014.3,3.1,6.1,90.5,158.0,Unhealthy
2018-01-25,77.46783,102.0339,163.9052,48.4,76.6,10.3,254.7,1013.3,3.2,0.0,188.9,162.0,Unhealthy
2018-01-26,75.31888,95.52081,154.3642,48.9,77.7,11.4,228.1,1013.9,3.0,0.0,167.9,161.0,Unhealthy
2018-01-27,74.45087,97.67709,168.3116,48.6,74.7,12.8,216.6,1013.3,3.0,0.0,156.0,161.0,Unhealthy
2018-01-28,81.28759,107.641,176.3667,47.7,72.3,9.2,190.2,1014.5,2.8,5.0038,158.4,164.0,Unhealthy
2018-01-29,89.32445,110.4268,178.952,48.2,74.7,10.3,249.2,1016.2,2.6,0.0,173.5,168.0,Unhealthy
2018-01-30,81.58105,94.04269,163.0358,50.0,75.7,9.2,237.9,1014.4,2.3,0.0,185.5,164.0,Unhealthy
2018-01-31,77.84262,88.63747,148.1314,49.3,80.5,9.2,248.5,1015.2,1.9,0.0,159.7,163.0,Unhealthy
2018-02-01,77.54931,89.07966,152.5786,52.5,73.6,10.3,253.7,1016.4,1.9,0.0,156.3,162.0,Unhealthy
2018-02-02,83.93549,95.06729,154.7086,51.9,78.1,9.2,209.0,1015.8,1.9,0.0,145.3,166.0,Unhealthy
2018-02-03,68.69671,81.24252,164.2076,53.8,73.2,11.4,269.6,1017.5,2.4,0.0,164.8,158.0,Unhealthy
2018-02-04,72.23182,107.55,317.7586,53.4,63.5,16.1,300.8,1016.9,3.3,0.0,210.7,160.0,Unhealthy
2018-02-05,72.98667,103.739,215.8259,55.1,57.0,12.8,310.7,1020.1,3.3,0.0,209.6,160.0,Unhealthy
2018-02-06,75.80317,126.6667,265.1729,59.1,56.3,16.1,315.7,1018.2,3.5,0.0,170.5,161.0,Unhealthy
2018-02-07,79.03537,115.3626,199.5939,56.0,58.9,6.9,39.0,1015.0,2.8,0.0,139.7,163.0,Unhealthy
2018-02-08,65.34884,120.3554,265.1445,55.4,45.5,12.8,316.5,1014.7,4.1,0.0,221.1,156.0,Unhealthy
2018-02-09,59.70892,131.2996,273.0648,55.5,41.1,11.4,292.2,1014.7,3.7,0.0,213.9,153.0,Unhealthy
2018-02-10,66.46451,128.8144,258.9177,53.6,47.6,12.8,272.0,1018.0,4.0,0.0,227.7,157.0,Unhealthy
2018-02-11,69.67566,150.5004,287.7347,55.6,52.0,13.9,296.5,1020.9,3.6,0.0,221.3,158.0,Unhealthy
2018-02-12,94.84128,178.3423,322.6537,53.8,62.7,10.3,216.9,1024.0,2.5,0.0,112.5,171.0,Unhealthy
2018-02-13,84.80274,103.8503,205.5727,55.2,73.2,6.9,229.5,1024.3,3.5,1.5,137.6,166.0,Unhealthy
2018-02-14,77.82112,102.0692,224.3124,55.8,68.1,11.4,280.3,1021.6,3.1,0.1016,212.6,163.0,Unhealthy
2018-02-15,61.16615,92.77602,225.738,56.1,68.9,11.4,211.4,1021.5,3.3,0.0,233.6,154.0,Unhealthy
2018-02-16,67.47753,92.45481,231.4486,56.4,76.9,10.3,224.9,1020.4,2.8,0.0,207.9,157.0,Unhealthy
2018-02-17,67.91364,97.97814,251.1659,57.8,73.9,15.0,208.1,1015.6,2.9,0.0,179.5,157.0,Unhealthy
2018-02-18,63.1091,103.992,267.3902,56.1,70.0,15.0,204.6,1015.4,3.0,0.0,179.9,155.0,Unhealthy
2018-02-19,67.24386,100.0059,246.4796,56.2,72.1,11.4,231.6,1017.1,2.9,0.0,196.8,157.0,Unhealthy
2018-02-20,75.89728,109.0464,264.3525,56.2,72.1,12.8,205.1,1017.9,2.6,0.0,209.5,162.0,Unhealthy
2018-02-21,76.2116,117.6102,295.4491,56.6,71.6,10.3,227.6,1015.8,2.7,0.0,180.9,162.0,Unhealthy
2018-02-22,75.45152,138.685,363.9086,56.7,73.3,17.2,216.4,1015.1,2.8,0.0,148.6,161.0,Unhealthy
2018-02-23,77.13248,100.4384,205.5741,58.0,72.8,11.4,289.5,1016.1,2.3,0.0,192.5,162.0,Unhealthy
2018-02-24,69.1,93.85597,209.3587,59.0,73.3,9.2,267.7,1019.5,2.4,0.0,198.4,158.0,Unhealthy
2018-02-25,63.6202,113.6632,362.6018,60.6,65.0,16.1,304.3,1019.3,2.8,0.0,186.9,155.0,Unhealthy
2018-02-26,49.45816,94.01531,257.9407,60.3,62.2,11.4,212.8,1016.4,3.7,0.0,239.0,135.0,Unhealthy for Sensitive Groups
2018-02-27,57.71129,99.89504,262.6466,61.2,74.9,12.8,221.0,1017.5,2.5,0.0,189.1,152.0,Unhealthy
2018-02-28,48.35097,84.62972,213.5139,62.7,73.8,12.8,265.2,1017.3,2.9,0.0,150.4,133.0,Unhealthy for Sensitive Groups
2018-03-01,51.45729,44.12333,317.274,62.7,74.6,17.2,209.9,1015.8,3.2,0.0,187.8,140.0,Unhealthy for Sensitive Groups
2018-03-02,50.42722,48.75346666666667,276.8365,62.0,70.9,15.0,226.8,1014.0,3.0,0.0,185.9,138.0,Unhealthy for Sensitive Groups
2018-03-03,43.1571,53.38360333333334,233.3502,61.2,64.7,11.4,307.5,1011.3,4.2,2.5,236.7,120.0,Unhealthy for Sensitive Groups
2018-03-04,56.70845,58.013740000000006,291.7429,63.8,61.9,13.9,314.8,1013.6,3.6,2.0066,219.5,152.0,Unhealthy
2018-03-05,52.35705,62.64387666666667,359.5898,63.5,53.1,16.1,294.7,1016.3,4.3,0.0,212.6,143.0,Unhealthy for Sensitive Groups
2018-03-06,45.85833,67.27401333333334,322.0903,61.8,49.5,11.4,240.1,1015.4,4.7,0.0,259.1,127.0,Unhealthy for Sensitive Groups
2018-03-07,63.02299,71.90415,456.5294,61.2,59.6,15.0,190.8,1017.0,3.8,0.0,264.9,155.0,Unhealthy
2018-03-08,62.65358,76.53428666666667,326.4248,60.9,69.6,13.9,212.6,1019.4,3.4,0.0,230.2,155.0,Unhealthy
2018-03-09,58.12503,81.16442333333333,320.1283,62.7,64.4,11.4,258.1,1017.4,3.4,0.0,203.5,152.0,Unhealthy
2018-03-10,62.37861,85.79456,380.6112,61.5,63.4,12.8,197.7,1016.5,3.6,0.0,251.7,155.0,Unhealthy
2018-03-11,56.96187,90.42469666666668,275.6285,58.8,75.9,12.8,152.7,1017.6,2.9,14.2,220.4,152.0,Unhealthy
2018-03-12,46.52397,95.05483333333332,165.167,58.4,76.6,12.8,330.9,1017.5,2.8,0.3,200.2,128.0,Unhealthy for Sensitive Groups
2018-03-13,47.67961,99.68497,279.9141,62.0,70.8,12.8,209.3,1016.4,2.7,0.0,230.3,131.0,Unhealthy for Sensitive Groups
2018-03-14,40.05335,82.38493,222.724,63.8,72.2,13.9,251.3,1015.8,2.8,0.0,243.2,112.0,Unhealthy for Sensitive Groups
2018-03-15,36.3331,97.02738,245.6702,63.8,65.6,17.9,295.4,1015.8,3.2,0.0,183.5,103.0,Unhealthy for Sensitive Groups
2018-03-16,20.45127,67.84031,193.3809,62.6,57.8,11.4,291.4,1014.3,4.6,5.1,250.8,69.0,Moderate
2018-03-17,44.71806,148.9456,422.5232,62.2,51.4,107.1,152.7,1014.3,4.3,0.0,252.4,124.0,Unhealthy for Sensitive Groups
2018-03-18,56.84096,149.6037,356.8724,61.4,53.1,12.8,226.6,1016.8,3.3,0.0,282.9,152.0,Unhealthy
2018-03-19,63.85358,175.1094,356.6177,63.3,54.6,9.2,240.5,1019.3,2.9,0.0,280.9,155.0,Unhealthy
2018-03-20,94.53103,172.5935,414.8289,64.6,57.6,16.1,220.0,1016.7,2.9,0.0,265.2,171.0,Unhealthy
2018-03-21,96.82428,169.1763,381.2322,65.8,57.0,13.9,212.1,1016.3,2.8,0.0,251.5,172.0,Unhealthy
2018-03-22,81.31148,161.5552,368.6367,66.5,54.3,15.0,308.2,1014.8,3.2,0.0,251.9,164.0,Unhealthy
2018-03-23,84.39702,146.8173,277.5424,65.8,51.1,11.4,197.1,1015.3,3.1,0.0,279.8,166.0,Unhealthy
2018-03-24,91.738465,190.61695,412.3344,65.5,49.6,13.9,188.1,1018.4,3.1,0.0,273.2,170.0,Unhealthy
2018-03-25,99.07991,234.4166,547.1264000000001,65.4,54.7,15.0,188.2,1019.9,2.9,0.0,275.9,174.0,Unhealthy
2018-03-26,106.421355,278.21625,681.9184,62.0,63.4,16.1,122.0,1018.1,2.4,0.5,255.3,177.0,Unhealthy
2018-03-27,113.7628,322.0159,816.7104,65.5,58.9,15.0,207.3,1016.6,2.7,0.2032,296.0,184.0,Unhealthy
2018-03-28,104.5896,221.3217,556.4482,65.6,64.8,15.0,209.8,1015.8,2.4,0.0,245.8,176.0,Unhealthy
2018-03-29,54.17935,133.3842,303.3808,65.8,57.6,16.1,308.6,1015.6,4.2,0.0,236.7,147.0,Unhealthy for Sensitive Groups
2018-03-30,38.30804,105.4988,300.1182,62.9,53.0,16.1,68.5,1016.5,4.6,1.8,211.4,108.0,Unhealthy for Sensitive Groups
2018-03-31,44.02682,128.5382,367.0785,64.5,51.5,16.1,181.4,1016.7,4.5,5.0038,259.3,122.0,Unhealthy for Sensitive Groups
2018-04-01,57.42856,150.3211,354.2662,65.4,59.1,10.3,179.9,1017.9,4.0,0.0,210.4,152.0,Unhealthy
2018-04-02,60.83129,155.9857,394.5671,67.4,63.2,16.1,170.4,1019.0,3.5,0.5,274.5,154.0,Unhealthy
2018-04-03,44.74909,71.41637,161.8388,64.9,74.4,10.3,81.6,1018.2,3.4,5.9944,272.0,124.0,Unhealthy for Sensitive Groups
2018-04-04,38.60843,46.42821,71.59066,61.5,85.2,15.0,235.9,1016.9,3.3,0.0,211.4,109.0,Unhealthy for Sensitive Groups
2018-04-05,39.96084,91.01893,280.6958,63.6,75.8,13.9,102.5,1014.0,4.2,7.010400000000001,213.9,112.0,Unhealthy for Sensitive Groups
2018-04-06,42.08489,104.9103,302.7927,65.2,73.2,13.9,159.7,1015.4,3.7,0.3048,226.2,117.0,Unhealthy for Sensitive Groups
2018-04-07,35.00151,59.49412,147.5302,65.4,77.6,12.8,211.8,1018.4,3.6,6.1,244.8,99.0,Moderate
2018-04-08,46.35007,119.6074,325.4507,65.3,72.6,9.2,252.0,1019.0,3.7,0.0,255.8,128.0,Unhealthy for Sensitive Groups
2018-04-09,38.03778,85.27083,273.991,65.8,74.4,11.4,245.2,1018.3,3.5,5.0038,229.6,107.0,Unhealthy for Sensitive Groups
2018-04-10,34.76479,107.4428,345.6509,64.9,74.5,13.9,206.2,1016.8,3.9,0.0,212.4,99.0,Moderate
2018-04-11,28.9466,78.03219,224.7998,65.6,71.7,16.1,230.8,1014.8,4.0,0.0,230.0,86.0,Moderate
2018-04-12,23.72331,55.7007,144.3531,65.0,71.5,16.1,310.3,1014.2,3.9,0.3,208.2,75.0,Moderate
2018-04-13,23.432434634146343,54.73611048780488,141.2773224390244,67.4,56.0,15.0,307.6,1013.4,5.4,0.0,274.3,75.0,Moderate
2018-04-14,23.141559268292685,53.77152097560976,138.2015448780488,67.1,50.9,13.9,213.4,1014.0,4.6,0.0,281.5,74.0,Moderate
2018-04-15,22.850683902439027,52.80693146341463,135.12576731707318,68.2,52.5,12.8,193.5,1015.7,4.0,0.0,268.8,74.0,Moderate
2018-04-16,22.55980853658537,51.84234195121951,132.04998975609757,69.3,63.2,13.9,199.3,1016.8,3.3,0.0,267.4,73.0,Moderate
2018-04-17,22.26893317073171,50.87775243902439,128.97421219512196,67.9,74.7,12.8,340.8,1016.8,3.8,9.4,223.9,72.0,Moderate
2018-04-18,21.97805780487805,49.91316292682927,125.89843463414635,67.9,71.6,11.4,277.0,1014.5,3.8,3.3,243.7,72.0,Moderate
2018-04-19,21.68718243902439,48.94857341463414,122.82265707317076,69.2,73.4,12.8,240.2,1012.4,3.6,0.0,256.8,71.0,Moderate
2018-04-20,21.39630707317073,47.98398390243902,119.74687951219514,70.7,64.7,13.9,296.3,1013.1,4.1,1.5,278.3,71.0,Moderate
2018-04-21,21.10543170731708,47.0193943902439,116.67110195121953,70.9,54.6,15.0,312.2,1013.5,4.7,0.0,310.4,70.0,Moderate
2018-04-22,20.81455634146341,46.05480487804878,113.5953243902439,71.4,46.7,12.8,263.4,1014.3,4.1,0.0,319.3,69.0,Moderate
2018-04-23,20.52368097560976,45.09021536585365,110.51954682926832,69.5,46.5,16.1,194.7,1014.9,3.4,0.0,316.4,69.0,Moderate
2018-04-24,20.2328056097561,44.12562585365853,107.44376926829268,68.7,49.2,11.4,188.8,1015.3,3.2,0.0,288.2,68.0,Moderate
2018-04-25,19.94193024390244,43.161036341463415,104.36799170731707,68.9,57.4,15.0,197.6,1014.1,3.3,0.0,277.0,67.0,Moderate
2018-04-26,19.651054878048782,42.19644682926829,101.29221414634146,65.5,73.5,15.0,149.0,1015.0,2.9,0.5,239.5,67.0,Moderate
2018-04-27,19.360179512195124,41.23185731707317,98.21643658536586,64.9,75.5,8.1,127.3,1017.6,3.5,8.9,204.8,66.0,Moderate
2018-04-28,19.069304146341462,40.267267804878045,95.14065902439025,63.9,85.6,9.2,100.2,1016.8,3.2,26.9,221.7,66.0,Moderate
2018-04-29,18.778428780487808,39.30267829268293,92.06488146341464,65.4,83.5,6.9,62.8,1013.7,3.4,5.1,190.3,65.0,Moderate
2018-04-30,18.48755341463415,38.3380887804878,88.98910390243903,64.5,82.5,12.8,86.1,1012.8,4.0,0.3,107.2,64.0,Moderate
2018-05-01,18.19667804878049,37.37349926829268,85.91332634146342,66.7,78.0,13.9,154.1,1015.0,4.0,8.4,245.0,64.0,Moderate
2018-05-23,11.79742,16.15253,18.24622,75.6,77.9,11.4,230.3,1013.2,4.0,0.0,179.8,49.0,Good
2018-05-24,10.14818,12.79488,13.22728,74.2,78.3,10.3,225.0,1011.5,4.1,16.5,155.5,42.0,Good
2018-05-25,15.54318,20.41396,21.23708,76.5,69.1,13.9,275.6,1011.0,4.0,0.0,252.2,58.0,Moderate
2018-05-26,18.10825,22.12008,22.80642,76.4,69.8,11.4,254.4,1011.2,3.9,0.5,271.3,64.0,Moderate
2018-05-27,20.20635,24.50142,25.2927,76.4,67.0,15.0,269.7,1012.0,3.5,0.0,284.3,68.0,Moderate
2018-05-28,16.30632,20.60893,21.30183,69.5,67.1,15.0,83.0,1010.6,4.2,1.5,273.3,60.0,Moderate
2018-05-29,16.45315,20.02603,20.54585,70.4,70.8,9.2,169.9,1010.3,4.2,0.0,264.1,60.0,Moderate
2018-05-30,14.77171,17.34739,17.84613,69.0,85.3,9.2,86.6,1011.0,3.9,65.8,238.9,57.0,Moderate
2018-05-31,17.87375,20.84702,21.24306,70.8,82.3,13.9,86.8,1012.7,3.8,4.1,267.9,63.0,Moderate
2018-06-01,14.39634,17.82031,18.46546,70.7,80.9,9.2,183.4,1014.4,3.8,3.0,230.8,56.0,Moderate
2018-06-02,11.55515,14.08027,14.464,70.3,83.9,12.8,166.1,1014.3,4.3,0.1016,205.7,48.0,Good
2018-06-03,14.9214,18.651,19.46175,71.7,78.1,9.2,161.3,1011.8,4.0,1.0,255.1,57.0,Moderate
2018-06-04,15.53524,18.85765,19.38756,73.1,82.6,20.8,68.4,1012.0,3.8,37.6,243.0,58.0,Moderate
2018-06-05,9.574393,11.82555,12.29656,74.4,78.5,13.9,206.2,1014.5,4.6,5.1,278.2,40.0,Good
2018-06-06,9.059643,11.60243,11.99562,75.3,78.5,13.9,209.4,1014.5,4.4,5.9944,262.6,38.0,Good
2018-06-07,8.573058,9.947196,10.18851,74.4,85.1,9.2,101.8,1011.0,4.2,69.9,199.8,36.0,Good
2018-06-08,10.93318,13.25558,13.65574,73.5,84.7,9.2,99.8,1008.7,4.0,17.5,157.9,46.0,Good
2018-06-09,12.11985,14.86485,15.45929,75.9,79.4,9.2,192.3,1006.2,4.2,0.0,217.9,51.0,Moderate
2018-06-10,6.348914,8.64763,9.118445,76.4,78.6,10.3,240.6,1005.5,4.9,1.8,212.7,26.0,Good
2018-06-11,8.205262,11.65701,12.33238,76.4,78.9,16.1,230.1,1003.0,4.6,0.0,224.9,34.0,Good
2018-06-12,9.35301,11.92454,12.37355,75.3,80.7,11.4,282.1,1001.8,4.5,14.5,161.2,39.0,Good
2018-06-13,14.12679,17.82638,18.59274,77.1,77.0,11.4,256.1,1001.3,4.1,0.0,202.7,55.0,Moderate
2018-06-14,12.18298,15.60615,16.1121,74.8,77.1,9.2,230.3,1002.9,4.4,0.0,123.2,51.0,Moderate
2018-06-15,14.47362,18.62332,19.19052,71.7,87.9,5.8,85.1,1006.3,3.7,7.9,177.6,56.0,Moderate
2018-06-16,15.33328,19.9798,21.14295,71.1,91.1,8.1,113.0,1007.9,3.3,4.8,156.8,58.0,Moderate
2018-06-17,15.09039,20.7083,21.85956,71.8,88.1,11.4,60.9,1007.8,3.3,11.4,111.6,57.0,Moderate
2018-06-18,17.02698,24.28531,25.49536,75.4,78.1,9.2,276.1,1007.6,3.8,15.0,260.9,61.0,Moderate
2018-06-19,15.46158,22.97005,24.42735,77.4,69.0,12.8,293.5,1008.7,4.3,0.0,288.7,58.0,Moderate
2018-06-20,15.96907,22.49637,23.65948,76.3,72.9,12.8,275.6,1010.6,4.2,0.0,266.6,59.0,Moderate
2018-06-21,13.88589,18.76488,19.52701,76.0,77.7,10.3,234.2,1010.8,4.3,2.0,261.7,55.0,Moderate
2018-06-22,16.66697,21.81065,22.67238,76.1,79.7,10.3,257.3,1010.1,4.2,18.7198,260.2,61.0,Moderate
2018-06-23,16.23178,19.4097,19.87241,75.0,86.0,8.1,244.7,1009.5,3.6,1.8,178.4,60.0,Moderate
2018-06-24,14.09285,17.4343,18.00451,75.6,82.5,8.1,153.8,1008.0,3.8,2.8,149.2,55.0,Moderate
2018-06-25,11.87674,14.80705,15.28519,75.5,83.2,9.2,266.5,1006.2,4.1,5.6,102.1,49.0,Good
2018-06-26,11.52469,14.02941,14.64106,73.5,87.2,11.4,185.8,1007.5,3.7,23.1,119.0,48.0,Good
2018-06-27,8.211267,11.30776,11.99648,75.9,83.5,12.8,216.7,1009.7,4.2,2.5,125.0,34.0,Good
2018-06-28,6.909637,10.36709,11.16687,75.6,79.7,13.9,185.3,1011.8,5.5,0.0,111.0,29.0,Good
2018-06-29,8.684648,11.44868,12.16733,74.4,82.0,8.1,217.6,1011.3,4.3,0.0,153.6,36.0,Good
2018-06-30,5.620247,7.333447,7.871421,73.2,86.9,10.3,292.2,1010.3,4.4,3.8,142.9,23.0,Good
2018-07-01,8.027258,9.513142,9.942755,72.4,91.9,5.8,218.1,1009.0,3.9,4.8,91.1,33.0,Good
2018-07-02,6.833688,7.128278,7.163769,70.2,96.8,5.8,119.0,1007.5,3.7,0.0,16.9,28.0,Good
2018-07-03,6.753236,8.330367,8.740312,72.2,90.6,6.9,271.0,1005.3,4.2,2.9972,112.4,28.0,Good
2018-07-04,6.618521,8.809827,9.412613,74.4,86.3,12.8,263.6,1005.5,4.6,3.9878,157.4,28.0,Good
2018-07-05,9.237057,12.39348,13.27132,73.9,84.3,6.9,165.2,1006.8,4.3,25.6032,164.7,38.0,Good
2018-07-06,9.664987,12.89152,13.5648,76.7,81.9,11.4,205.6,1007.5,4.6,5.4102,190.6,40.0,Good
2018-07-07,8.005973,10.19341,10.5973,77.5,79.8,12.8,211.5,1007.6,4.8,0.0,137.7,33.0,Good
2018-07-08,8.586159,10.95255,11.53121,74.4,89.2,10.3,217.4,1008.2,3.8,0.0,105.8,36.0,Good
2018-07-09,6.923947,8.527902,8.955378,74.0,89.8,6.9,211.2,1008.7,3.9,18.8,117.3,29.0,Good
2018-07-10,6.470297,8.005703,8.671778,73.4,91.1,8.1,210.4,1009.1,4.0,16.6878,97.0,27.0,Good
2018-07-11,6.003715,7.246541,7.516332,73.1,92.8,12.8,134.2,1007.7,4.0,16.9926,128.9,25.0,Good
2018-07-12,5.323861,6.54036,6.86888,73.2,90.4,9.2,184.4,1007.7,4.1,2.3114,171.1,22.0,Good
2018-07-13,5.747906,7.530098,7.854448,75.6,83.6,10.3,211.8,1007.7,4.5,0.4064,153.7,24.0,Good
2018-07-14,5.825002,7.262161,7.640728,74.0,88.2,9.2,132.9,1007.3,4.5,0.0,190.6,24.0,Good
2018-07-15,6.661333,9.159605,9.778935,75.3,84.8,12.8,207.0,1007.6,4.3,2.0066,130.0,28.0,Good
2018-07-16,5.965979,7.743649,8.186946,75.3,86.3,6.9,211.1,1007.7,4.4,13.9954,152.6,25.0,Good
2018-07-17,6.469257,9.017416,9.507965,76.5,85.8,13.9,223.1,1007.8,4.9,10.0076,171.4,27.0,Good
2018-07-18,5.604104,7.104055,7.661357,75.3,87.6,10.3,199.9,1008.8,4.6,13.0048,113.8,23.0,Good
2018-07-19,3.964698,4.872921,5.429788,76.6,83.2,11.4,98.2,1008.7,4.9,2.2097999999999995,215.2,17.0,Good
2018-07-20,7.043598333333334,9.480705833333332,14.386856666666668,76.8,83.8,8.1,79.1,1008.0,4.4,5.1054,232.1,29.0,Good
2018-07-21,10.122498666666669,14.088490666666669,23.34392533333333,74.7,87.3,11.4,256.2,1008.6,4.4,11.5062,117.6,42.0,Good
2018-07-22,13.201399,18.6962755,32.300994,75.1,87.7,10.3,234.2,1007.6,4.2,2.8956,122.8,53.0,Moderate
2018-07-23,16.280299333333332,23.30406033333333,41.25806266666667,75.5,84.9,11.4,206.6,1007.5,4.9,2.1082,135.6,60.0,Moderate
2018-07-24,19.359199666666665,27.911845166666662,50.21513133333333,74.4,89.5,15.0,198.5,1008.3,4.2,9.6012,164.0,66.0,Moderate
2018-07-25,22.4381,32.51963,59.1722,73.6,90.4,10.3,186.3,1008.5,4.3,24.3078,104.4,73.0,Moderate
2018-07-26,17.12809,45.66653,156.0946,74.0,88.6,11.4,196.8,1008.5,4.2,8.001,124.1,62.0,Moderate
2018-07-27,17.70165,43.7998,130.1429,73.7,90.2,12.8,190.4,1008.0,4.1,5.4102,122.0,63.0,Moderate
2018-07-28,16.51338,42.80626,134.4275,73.8,89.7,9.2,234.6,1008.4,4.4,0.2032,151.2,60.0,Moderate
2018-07-29,21.4093,48.33885,126.2203,73.6,90.2,11.4,219.6,1007.2,4.4,0.0,108.4,71.0,Moderate
2018-07-30,26.08019,64.12474,196.1503,73.1,89.8,9.2,159.0,1007.1,4.4,81.00059999999999,77.7,80.0,Moderate
2018-07-31,18.22204,60.02271,204.6274,72.9,90.4,9.2,169.7,1006.7,4.2,13.9954,93.9,64.0,Moderate
2018-08-01,21.16957,34.77091,75.46221,71.8,94.0,8.1,174.6,1006.5,3.7,1.0,115.8,70.0,Moderate
2018-08-02,22.6671,51.07694,135.3158,72.7,91.5,11.4,166.0,1008.4,4.0,2.0066,176.4,73.0,Moderate
2018-08-03,19.69034,34.43521,74.53748,72.0,94.9,6.9,205.0,1008.5,3.9,5.1,135.8,67.0,Moderate
2018-08-04,18.94438,26.49451,42.39931,72.0,95.2,8.1,254.6,1008.8,3.9,7.9,131.9,65.0,Moderate
2018-08-05,25.37126,45.36972,98.69744,73.2,92.1,12.8,192.2,1009.5,4.0,27.2,74.2,79.0,Moderate
2018-08-06,19.20037,31.98625,61.16728,71.7,93.7,12.8,58.0,1009.2,3.7,50.3,145.9,66.0,Moderate
2018-08-07,21.43525,51.28069,140.6606,74.1,88.4,19.7,257.2,1009.3,4.3,10.4902,172.8,71.0,Moderate
2018-08-08,21.42081,62.07143,186.9203,75.3,84.6,26.4,205.9,1010.5,4.7,7.010400000000001,207.2,71.0,Moderate
2018-08-09,26.90475,75.72762,209.88,75.9,79.3,12.8,212.4,1012.1,4.6,10.4,122.4,82.0,Moderate
2018-08-10,28.13526,70.89836,194.1207,74.4,87.6,10.3,218.4,1010.8,4.1,8.9,139.7,85.0,Moderate
2018-08-11,18.03584,49.74966,138.6364,73.1,88.6,9.2,243.1,1008.3,4.1,0.0,116.6,63.0,Moderate
2018-08-12,24.9838,53.51903,125.1232,72.6,93.7,6.9,169.7,1006.4,3.7,21.0058,113.0,78.0,Moderate
2018-08-13,20.33433,44.92642,125.1636,72.7,91.3,10.3,188.2,1007.4,4.5,52.8,73.3,68.0,Moderate
2018-08-14,22.91236,65.65597,193.0644,75.1,86.0,9.2,254.8,1007.9,4.5,0.5,187.9,74.0,Moderate
2018-08-15,15.69001,51.53924,156.2736,74.3,87.5,13.4,218.7,1011.1,4.9,40.6,172.5,59.0,Moderate
2018-08-16,23.69219,76.22724,235.6728,75.1,87.9,12.8,204.6,1011.1,4.6,0.6096,195.8,75.0,Moderate
2018-08-17,21.73848,59.56239,169.2408,75.8,85.1,10.3,209.6,1009.7,4.8,5.0038,183.4,71.0,Moderate
2018-08-18,17.40573,60.96813,192.3135,76.2,84.4,10.3,233.3,1008.8,4.7,0.0,193.9,62.0,Moderate
2018-08-19,19.48469,77.66708,230.1916,75.5,84.4,8.1,112.3,1009.0,4.5,1.9812,205.1,67.0,Moderate
2018-08-20,23.84982,78.61426,237.6019,75.1,83.2,11.4,193.8,1011.0,4.6,8.509,194.2,76.0,Moderate
2018-08-21,22.52899,69.18035,190.8496,75.6,87.5,12.8,205.4,1010.0,4.3,0.0,179.2,73.0,Moderate
2018-08-22,17.38594,64.90069,179.1976,74.6,88.9,10.3,156.5,1009.7,4.4,15.798799999999998,133.5,62.0,Moderate
2018-08-23,16.33956,45.35408,124.9277,74.7,88.9,10.3,274.0,1009.8,4.4,13.8176,126.4,60.0,Moderate
2018-08-24,16.14374,50.23937,152.9927,73.3,90.7,11.4,187.6,1009.3,4.2,41.80839999999999,103.8,60.0,Moderate
2018-08-25,17.36866,38.92972,105.4088,72.1,93.8,6.9,184.1,1009.0,3.9,2.3876,113.7,62.0,Moderate
2018-08-26,22.84504,67.20774,188.0623,74.5,85.9,9.2,204.3,1008.3,4.4,0.889,131.0,74.0,Moderate
2018-08-27,13.91951,37.34694,105.564,74.0,89.9,9.2,206.6,1010.0,4.2,33.0962,125.1,55.0,Moderate
2018-08-28,19.13165,39.37092,94.73192,72.6,94.7,9.2,202.3,1012.1,4.1,5.4102,78.0,66.0,Moderate
2018-08-29,17.20503,39.30514,102.5085,73.6,90.0,10.3,174.5,1012.2,4.3,1.2954,170.8,62.0,Moderate
2018-08-30,17.4701,39.10819,98.65991,72.2,92.1,6.9,192.4,1009.2,4.1,0.1016,94.6,62.0,Moderate
2018-08-31,17.2874,47.74946,138.0256,73.2,91.3,9.2,169.2,1011.2,4.2,0.2032,78.9,62.0,Moderate
2018-09-01,18.68369,48.5216,177.5324,74.8,85.8,15.0,215.6,1012.1,4.4,55.1942,184.4,65.0,Moderate
2018-09-02,21.88698,81.76063,250.6972,72.4,91.1,11.4,208.0,1012.1,4.2,0.0,128.8,72.0,Moderate
2018-09-03,28.50519,76.11543,203.607,73.9,85.6,10.3,203.1,1011.5,4.3,32.9946,141.2,86.0,Moderate
2018-09-04,25.22776,81.80636,278.3475,75.9,80.0,11.4,197.0,1011.8,4.5,10.9982,164.7,79.0,Moderate
2018-09-05,25.49493,72.76824,212.6186,76.0,83.7,12.8,333.7,1010.9,4.3,0.0,179.5,79.0,Moderate
2018-09-06,23.43119,53.53166,142.8353,73.8,89.5,10.3,209.3,1011.5,4.1,0.0,183.0,75.0,Moderate
2018-09-07,21.72991,66.81231,202.6604,75.3,83.7,12.8,194.5,1013.4,5.1,0.889,185.8,71.0,Moderate
2018-09-08,21.41977,60.55807,192.7784,75.0,81.4,10.3,225.3,1014.5,5.5,8.001,192.7,71.0,Moderate
2018-09-09,22.05545,60.52278,183.4185,75.3,84.0,11.4,243.5,1014.8,4.6,0.0,201.6,72.0,Moderate
2018-09-10,18.96489,43.46794,111.5975,72.3,91.3,6.9,252.3,1015.9,4.1,0.0,166.1,65.0,Moderate
2018-09-11,25.32993,53.36171,131.9347,69.9,89.9,9.2,268.8,1015.4,4.0,0.0,146.2,79.0,Moderate
2018-09-12,27.81605,70.52958,197.2075,71.8,88.7,9.2,220.2,1011.6,4.3,0.5,151.6,84.0,Moderate
2018-09-13,28.10039,77.19576,236.8473,72.5,85.1,10.3,199.7,1011.3,4.4,3.0,153.9,85.0,Moderate
2018-09-14,34.83514,83.97651,230.8449,72.2,85.8,12.8,172.9,1013.5,4.1,0.0,154.7,99.0,Moderate
2018-09-15,34.60135,79.51378,222.046,73.4,79.4,165.8,210.6,1014.7,4.3,0.0,199.4,98.0,Moderate
2018-09-16,30.5753,73.42975,200.7791,73.0,81.6,10.3,171.0,1012.7,4.3,0.0,179.2,90.0,Moderate
2018-09-17,29.43463,72.84185,208.7806,74.5,79.6,12.8,278.1,1009.3,4.8,0.1016,236.0,87.0,Moderate
2018-09-18,29.93027,79.12284,225.5799,74.6,79.1,11.4,265.4,1009.9,4.7,0.0,237.2,88.0,Moderate
2018-09-19,30.46289,76.64983,224.4468,73.8,82.7,12.8,149.6,1014.0,4.3,10.9982,231.5,90.0,Moderate
2018-09-20,29.53534,77.51346,217.0705,71.7,82.8,9.2,172.3,1013.8,4.2,2.0066,220.0,88.0,Moderate
2018-09-21,22.90047,47.92495,115.2328,71.6,88.3,10.3,147.6,1018.5,4.1,1.1938,127.2,74.0,Moderate
2018-09-22,28.30243,69.88946,195.9476,71.2,87.7,9.2,191.5,1021.0,4.5,6.5024,103.1,85.0,Moderate
2018-09-23,27.58687,75.49309,238.2206,72.5,80.3,10.3,283.3,1020.0,4.8,0.0,219.2,84.0,Moderate
2018-09-24,33.28163,83.94421,250.9338,72.8,79.1,12.8,273.5,1017.0,4.6,0.2032,201.5,96.0,Moderate
2018-09-25,39.72266,106.375,297.4422,73.2,81.0,9.2,283.3,1014.8,4.1,0.4064,210.7,111.0,Unhealthy for Sensitive Groups
2018-09-26,39.15943,96.60066,270.8093,72.0,83.0,11.4,210.8,1013.6,4.2,0.0,175.6,110.0,Unhealthy for Sensitive Groups
2018-09-27,34.73872,93.98013,259.9183,73.5,78.7,13.9,204.3,1015.9,4.4,0.0,190.8,99.0,Moderate
2018-09-28,42.19398,109.1114,320.2286,72.5,78.1,12.8,264.5,1016.9,4.2,0.0,171.5,117.0,Unhealthy for Sensitive Groups
2018-09-29,46.17263,101.0963,273.0179,71.9,81.0,9.2,262.6,1016.7,4.5,0.0,202.8,127.0,Unhealthy for Sensitive Groups
2018-09-30,46.17238,106.5797,301.0208,73.2,80.4,11.4,227.3,1015.7,4.2,0.0,175.1,127.0,Unhealthy for Sensitive Groups
2018-10-01,51.51074,137.8526,365.8087,72.5,77.6,15.0,214.8,1016.2,4.0,16.9926,192.0,140.0,Unhealthy for Sensitive Groups
2018-10-02,50.03374,121.1063,338.4522,69.7,79.6,10.3,234.2,1016.7,3.8,0.508,201.6,137.0,Unhealthy for Sensitive Groups
2018-10-03,50.76278,114.7891,304.3372,69.0,79.5,11.4,231.1,1017.4,4.0,7.010400000000001,144.7,139.0,Unhealthy for Sensitive Groups
2018-10-04,62.12694,129.0905,330.1179,68.2,76.8,13.9,206.0,1018.8,4.0,13.0048,189.7,154.0,Unhealthy
2018-10-05,56.96689,130.8662,355.6406,67.6,78.5,9.2,222.2,1019.3,3.9,0.0,175.2,152.0,Unhealthy
2018-10-06,55.60889,136.0983,367.4409,66.8,78.8,10.3,125.9,1018.7,3.9,0.0,195.7,151.0,Unhealthy
2018-10-07,53.72569,142.2071,368.328,66.2,76.6,12.8,220.5,1018.1,4.2,12.4968,190.2,146.0,Unhealthy for Sensitive Groups
2018-10-08,55.90225,154.0076,395.058,65.2,72.0,9.2,272.4,1017.0,4.4,0.0,183.0,151.0,Unhealthy
2018-10-09,60.43956,132.6009,328.8676,65.7,76.1,8.1,199.6,1017.3,4.1,0.0,202.9,154.0,Unhealthy
2018-10-10,63.14741,135.1008,329.4985,66.3,80.7,11.4,216.5,1017.9,3.9,0.0,176.1,155.0,Unhealthy
2018-10-11,50.77654,135.999,388.2398,68.2,75.2,10.3,224.9,1018.5,4.2,0.0,195.0,139.0,Unhealthy for Sensitive Groups
2018-10-12,42.62847,132.787,389.4556,66.7,79.0,13.9,219.8,1019.0,4.0,0.0,176.0,119.0,Unhealthy for Sensitive Groups
2018-10-13,34.38058,102.0517,345.1863,66.8,74.4,13.9,278.5,1018.2,4.7,0.0,205.8,98.0,Moderate
2018-10-14,50.72104,159.4698,444.5825,66.3,74.0,10.3,244.5,1017.1,4.7,0.0,202.9,138.0,Unhealthy for Sensitive Groups
2018-10-15,57.32479,142.8129,397.1498,64.8,76.4,12.8,219.6,1018.4,4.4,0.0,189.6,152.0,Unhealthy
2018-10-16,59.8058,132.1251,332.1801,65.1,77.9,13.9,222.0,1019.1,3.9,0.3048,166.1,153.0,Unhealthy
2018-10-17,68.85358,102.911,166.2292,65.6,75.9,9.2,231.8,1017.7,3.8,0.0,168.0,158.0,Unhealthy
2018-10-18,57.50095,115.4735,247.0437,64.8,78.3,10.3,267.0,1017.3,3.7,0.0,220.2,152.0,Unhealthy
2018-10-19,50.78144,102.4908,235.9721,64.4,74.5,11.4,276.8,1018.8,4.1,0.0,224.4,139.0,Unhealthy for Sensitive Groups
2018-10-20,51.90299,107.7707,238.0401,64.3,76.4,10.3,272.7,1020.4,4.0,0.0,227.5,141.0,Unhealthy for Sensitive Groups
2018-10-21,52.86124,105.8315,231.5813,64.4,77.3,9.2,214.5,1020.7,4.1,0.0,214.5,144.0,Unhealthy for Sensitive Groups
2018-10-22,50.20492,137.7693,352.5692,63.3,68.1,16.1,302.4,1019.3,4.4,0.0,219.7,137.0,Unhealthy for Sensitive Groups
2018-10-23,63.5545,158.6808,346.6635,60.9,67.0,6.9,5.6,1019.2,4.2,0.1016,207.0,155.0,Unhealthy
2018-10-24,68.31275,182.1389,457.7303,60.3,68.8,11.4,189.1,1019.3,4.4,0.0,221.4,158.0,Unhealthy
2018-10-25,75.82432,169.9796,419.484,59.7,73.2,10.3,289.5,1021.5,4.1,0.0,200.1,161.0,Unhealthy
2018-10-26,81.3745,223.5399,494.713,60.5,67.6,12.8,300.4,1023.2,4.2,0.0,210.7,164.0,Unhealthy
2018-10-27,75.8749,219.2021,471.1715,60.6,65.2,10.3,273.4,1023.8,4.8,0.0,214.6,162.0,Unhealthy
2018-10-28,64.06432,193.6786,454.7785,60.8,66.2,10.3,181.7,1023.2,4.9,0.0,208.5,155.0,Unhealthy
2018-10-29,64.58535,168.53,395.1707,61.7,69.6,10.3,177.2,1022.0,4.6,0.0,201.0,156.0,Unhealthy
2018-10-30,71.74286,211.1653,455.92,63.0,69.0,10.3,329.5,1022.7,4.3,26.0096,220.6,159.0,Unhealthy
2018-10-31,83.54139,274.8557,591.8806,63.3,66.5,11.4,307.0,1023.0,4.4,3.9878,219.3,165.0,Unhealthy
2018-11-01,76.79833,206.8698,513.2277,62.4,69.4,10.3,270.4,1022.0,4.7,0.0,214.6,162.0,Unhealthy
2018-11-02,66.4606,181.5885,460.8986,61.6,69.4,11.4,320.3,1020.8,4.8,0.9906,194.6,157.0,Unhealthy
2018-11-03,72.19011,173.7991,418.4224,60.3,69.7,9.2,267.9,1020.6,4.6,0.0,200.1,160.0,Unhealthy
2018-11-04,86.14446,226.3334,543.3161,59.8,68.1,15.0,322.9,1019.5,4.2,0.0,194.7,167.0,Unhealthy
2018-11-05,86.36945,245.1663,544.7559,58.8,66.1,11.4,298.6,1018.6,4.0,0.0,207.7,167.0,Unhealthy
2018-11-06,77.8015,200.4689,454.5857,57.4,68.1,9.2,236.1,1018.0,4.2,0.0,204.3,163.0,Unhealthy
2018-11-07,78.12527,158.04,370.5804,57.5,71.5,9.2,169.8,1020.5,4.0,0.0,203.0,163.0,Unhealthy
2018-11-08,73.87847,143.9106,300.2072,58.1,75.1,9.2,212.9,1020.5,3.6,0.0,197.5,160.0,Unhealthy
2018-11-09,68.17222,123.7019,268.7046,58.2,77.7,12.8,216.8,1018.7,3.7,0.0,157.4,158.0,Unhealthy
2018-11-10,55.78189,106.9289,240.3328,58.4,75.1,10.3,243.3,1019.9,4.1,0.0,122.6,151.0,Unhealthy
2018-11-11,59.6694,129.2523,280.4726,57.3,75.4,11.4,271.2,1020.7,4.1,0.0,143.4,153.0,Unhealthy
2018-11-12,69.4816,145.5394,325.9058,57.9,75.4,10.3,217.8,1018.4,4.1,0.0,140.9,158.0,Unhealthy
2018-11-13,77.90912,148.084,327.5583,58.5,77.2,8.1,235.9,1016.7,3.2,0.0,109.8,163.0,Unhealthy
2018-11-14,88.73667,173.806,361.8956,58.0,75.0,11.4,288.6,1017.3,3.3,0.0,174.2,168.0,Unhealthy
2018-11-15,94.41243,209.6353,444.9575,57.9,69.3,13.9,322.7,1018.4,3.8,0.0,180.4,171.0,Unhealthy
2018-11-16,92.54729,233.2841,505.5905,56.6,70.1,6.9,266.2,1016.7,3.3,0.0,170.9,170.0,Unhealthy
2018-11-17,86.65646,179.9188,417.3981,55.4,74.0,10.3,253.5,1015.7,3.3,0.0,177.9,167.0,Unhealthy
2018-11-18,91.19049,176.4553,382.8591,55.1,79.1,9.2,203.4,1018.9,3.2,0.0,144.8,169.0,Unhealthy
2018-11-19,108.951,190.2535,361.1731,54.9,80.7,8.1,196.4,1021.4,2.6,0.0,140.9,179.0,Unhealthy
2018-11-20,126.3503,213.7365,391.5624,54.6,82.2,9.2,214.7,1020.1,2.0,0.0,142.6,188.0,Unhealthy
2018-11-21,121.5381,207.5341,387.3137,55.9,82.0,8.1,182.0,1021.1,2.0,0.0,160.5,185.0,Unhealthy
2018-11-22,114.4485,234.6478,497.0145,57.6,76.4,10.3,199.8,1022.0,2.3,0.0,149.4,181.0,Unhealthy
2018-11-23,103.3058,199.1547,415.7641,56.7,75.2,11.4,238.9,1021.7,3.1,0.0,134.5,176.0,Unhealthy
2018-11-24,100.667,190.8979,388.4342,56.5,77.3,6.9,158.8,1020.9,3.1,0.0,161.5,174.0,Unhealthy
2018-11-25,111.0995,260.4305,532.2123,57.0,75.9,8.1,140.4,1021.9,3.1,0.0,178.3,180.0,Unhealthy
2018-11-26,91.26772,193.1837,423.0028,56.5,75.6,9.2,141.1,1021.0,3.4,0.0,154.5,169.0,Unhealthy
2018-11-27,94.95541,194.4693,423.4912,56.7,78.1,6.9,259.8,1023.6,3.4,0.0,179.7,171.0,Unhealthy
2018-11-28,98.21092,211.4397,437.6519,57.4,77.0,9.2,253.5,1023.3,3.6,0.0,162.6,173.0,Unhealthy
2018-11-29,94.81558,187.0584,401.3057,57.9,77.4,9.2,240.1,1022.8,3.5,0.0,152.3,171.0,Unhealthy
2018-11-30,78.43593,142.2139,269.0601,56.8,80.2,11.4,253.9,1021.9,3.3,0.0,85.1,163.0,Unhealthy
2018-12-01,75.04664,122.4974,192.7996,55.2,80.5,6.9,211.0,1019.4,3.1,0.0,111.7,161.0,Unhealthy
2018-12-02,71.89091,126.0745,200.4004,55.1,75.4,9.2,213.6,1018.5,3.0,0.0,90.2,159.0,Unhealthy
2018-12-03,85.60081,137.4626,206.5833,53.8,78.1,10.3,227.2,1019.4,2.7,0.0,105.2,167.0,Unhealthy
2018-12-04,87.78757,138.0224,197.3985,53.1,77.8,9.2,240.4,1021.3,2.8,0.0,124.8,168.0,Unhealthy
2018-12-05,97.84105,143.9106,187.8209,53.0,78.2,8.1,167.6,1018.7,2.7,0.0,129.3,173.0,Unhealthy
2018-12-06,78.67869,117.1744,159.45,52.7,77.9,10.3,191.5,1017.4,3.2,0.0,132.5,163.0,Unhealthy
2018-12-07,67.86073,101.4675,147.2279,52.3,78.4,10.3,198.2,1016.8,3.2,0.0,138.1,157.0,Unhealthy
2018-12-08,76.04045,107.1945,141.5745,51.6,76.3,8.1,245.8,1019.8,3.0,0.0,150.1,162.0,Unhealthy
2018-12-09,72.75816,105.2724,141.6886,51.8,74.8,6.9,196.0,1018.9,3.3,0.0,154.3,160.0,Unhealthy
2018-12-10,53.18145,75.80977,112.3677,51.6,72.7,8.1,161.2,1019.5,4.0,0.0,150.4,145.0,Unhealthy for Sensitive Groups
2018-12-11,55.07688,83.55761,127.3813,51.1,73.0,10.3,174.4,1019.7,3.8,0.0,151.7,149.0,Unhealthy for Sensitive Groups
2018-12-12,49.43085,70.44291,103.6233,51.8,68.8,9.2,186.0,1021.1,4.2,0.0,148.2,135.0,Unhealthy for Sensitive Groups
2018-12-13,68.25269,99.93176,150.365,52.1,70.4,8.1,154.6,1021.5,4.3,0.0,153.3,158.0,Unhealthy
2018-12-14,69.5486,98.57978,146.3542,52.9,70.4,3.8,12.3,1020.3,5.2,0.0,158.8,158.0,Unhealthy
2018-12-15,66.86208,89.20828,126.5253,52.0,64.0,8.1,137.1,1023.3,4.5,0.0,177.2,157.0,Unhealthy
2018-12-16,67.46029,92.1774,130.6035,50.5,68.0,5.8,108.6,1025.4,4.0,0.0,176.4,157.0,Unhealthy
2018-12-17,96.12037,122.9052,176.8413,49.2,69.1,6.9,77.0,1024.1,2.8,0.0,147.4,172.0,Unhealthy
2018-12-18,69.02425,95.34667,151.849,51.6,68.4,10.3,255.8,1020.5,3.1,0.0,63.3,158.0,Unhealthy
2018-12-19,72.07257,93.37063,146.4957,52.4,73.2,6.9,204.7,1019.9,2.7,0.0,158.4,160.0,Unhealthy
2018-12-20,70.28318,79.58851,106.479,50.1,81.2,9.2,215.4,1019.9,2.1,0.0,160.7,159.0,Unhealthy
2018-12-21,49.11824,56.53555,77.83058,51.5,75.7,8.1,206.3,1018.5,2.7,0.0,134.6,135.0,Unhealthy for Sensitive Groups
2018-12-22,68.64751,83.29784,128.4778,51.8,75.9,9.2,125.3,1020.5,2.9,0.0,116.0,158.0,Unhealthy
2018-12-23,72.89078,84.01076,108.7952,49.8,76.5,5.8,130.7,1021.1,2.9,0.0,149.1,160.0,Unhealthy
2018-12-24,66.88735,78.79307,99.94143,50.2,74.7,8.1,149.2,1019.1,2.9,0.0,168.1,157.0,Unhealthy
2018-12-25,52.84675,60.44187,81.41977,48.9,72.4,10.3,292.2,1017.4,3.3,0.0,159.9,144.0,Unhealthy for Sensitive Groups
2018-12-26,43.0912,52.20712,80.46392,47.4,76.5,9.2,176.6,1017.0,3.5,0.0,143.0,120.0,Unhealthy for Sensitive Groups
2018-12-27,37.51298,56.15694,126.2139,48.4,76.0,10.3,165.2,1016.0,3.4,0.0,152.9,106.0,Unhealthy for Sensitive Groups
2018-12-28,41.71995,51.80462,80.88939,46.6,72.4,6.9,203.4,1016.2,3.2,0.0,163.4,116.0,Unhealthy for Sensitive Groups
2018-12-29,83.18113,93.05858,123.1221,47.5,69.5,8.1,145.7,1020.6,2.9,0.0,174.4,165.0,Unhealthy
2018-12-30,97.26412,107.5242,145.0081,47.1,69.0,6.9,161.9,1023.3,2.8,0.0,176.1,173.0,Unhealthy
2018-12-31,86.95337,96.64533,135.04250000000002,47.8,67.3,9.2,147.5,1022.8,2.8,0.0,170.2,167.0,Unhealthy
2019-01-01,75.96276,90.99522,125.0769,47.7,68.0,6.9,148.5,1023.1,3.0,0.0,169.9,162.0,Unhealthy
2019-01-02,65.42153,80.12208,121.4495,47.7,67.1,9.2,120.1,1022.9,3.6,0.0,159.4,156.0,Unhealthy
2019-01-03,60.49214,84.16574,122.829,46.9,68.2,10.3,208.1,1021.8,3.7,0.0,142.4,154.0,Unhealthy
2019-01-04,55.66871,70.16807,99.06475,46.0,68.5,11.4,184.2,1022.4,3.3,0.0,148.5,151.0,Unhealthy
2019-01-05,53.47411,70.62092,97.44466,46.7,71.6,8.1,195.7,1023.0,2.9,0.0,150.6,145.0,Unhealthy for Sensitive Groups
2019-01-06,47.23922,68.88042,111.4679,49.2,67.7,6.9,76.1,1021.6,2.9,0.0,147.3,130.0,Unhealthy for Sensitive Groups
2019-01-07,87.71626,111.4265,159.717,49.8,68.4,10.3,113.3,1021.0,3.4,0.0,68.8,168.0,Unhealthy
2019-01-08,73.25228,93.81277,141.2182,49.3,64.7,10.3,220.7,1018.0,3.5,0.0,184.3,160.0,Unhealthy
2019-01-09,81.15338,113.9154,156.9195,50.0,70.2,9.2,206.7,1017.6,3.5,0.0,146.9,164.0,Unhealthy
2019-01-10,76.88662,87.75489,114.5806,48.9,76.6,9.2,168.0,1019.1,2.6,0.0,162.5,162.0,Unhealthy
2019-01-11,63.90839,74.20539,108.1596,49.9,78.4,9.2,268.4,1020.5,2.4,0.0,118.2,155.0,Unhealthy
2019-01-12,46.81794,54.6739,75.85507,49.8,76.2,8.1,154.3,1020.8,2.2,0.0,155.5,129.0,Unhealthy for Sensitive Groups
2019-01-13,41.50689,56.17749,89.37054,49.7,73.3,10.3,268.4,1021.3,2.5,0.0,168.3,116.0,Unhealthy for Sensitive Groups
2019-01-14,35.085,55.61469,102.6077,49.2,70.4,12.8,251.5,1018.1,3.1,0.0,179.6,99.0,Moderate
2019-01-15,73.78983,88.38872,125.838,48.8,71.5,9.2,205.2,1018.8,3.0,0.0,187.2,160.0,Unhealthy
2019-01-16,87.69553,99.13837,125.0184,49.5,74.8,8.1,139.8,1021.0,2.7,0.0,165.5,168.0,Unhealthy
2019-01-17,87.77257,101.5657,129.7599,49.8,74.6,8.1,287.3,1019.0,2.8,0.0,150.9,168.0,Unhealthy
2019-01-18,72.49081,84.59827,112.3334,50.2,74.5,10.3,236.0,1018.6,2.9,0.0,167.7,160.0,Unhealthy
2019-01-19,51.63531,59.87598,82.40649,50.4,73.3,9.2,248.9,1019.6,2.8,0.0,172.4,141.0,Unhealthy for Sensitive Groups
2019-01-20,40.26748,53.15528,77.45647,50.8,72.3,8.1,163.7,1020.0,2.8,0.0,185.0,113.0,Unhealthy for Sensitive Groups
2019-01-21,34.80891,49.12239,74.8092,52.2,70.1,10.3,187.4,1020.1,2.9,0.0,182.6,99.0,Moderate
2019-01-22,33.4567,57.6347,96.6132,53.7,69.1,11.4,310.5,1020.9,2.7,0.0,118.1,96.0,Moderate
2019-01-23,22.41654,24.29024,27.42183,49.0,91.5,11.4,92.2,1022.4,3.5,0.0,118.4,73.0,Moderate
2019-01-24,38.36459,58.49063,97.77282,50.5,77.0,10.3,39.2,1021.8,3.0,0.0,169.1,108.0,Unhealthy for Sensitive Groups
2019-01-25,32.69626,56.67304,99.5505,50.6,75.2,11.4,202.2,1022.8,3.3,0.0,126.9,94.0,Moderate
2019-01-26,19.95104,24.83606,35.52567,49.8,88.3,8.1,110.7,1023.7,3.5,3.8,132.3,68.0,Moderate
2019-01-27,41.50766,74.56455,132.5805,50.6,80.0,6.9,148.9,1022.6,2.9,0.0,166.0,116.0,Unhealthy for Sensitive Groups
2019-01-28,25.3735,46.88541,81.10978,49.5,76.8,12.8,208.7,1021.3,3.2,0.0,147.3,79.0,Moderate
2019-01-29,51.8591,81.72044,147.6435,48.1,75.5,12.8,246.4,1019.6,3.3,0.0,171.5,141.0,Unhealthy for Sensitive Groups
2019-01-30,70.19603,100.8602,157.7396,48.9,70.1,8.1,252.8,1020.9,3.5,0.0,206.3,159.0,Unhealthy
2019-01-31,75.80505,102.5461,154.3405,50.7,72.9,8.1,112.5,1022.5,2.8,0.0,115.4,161.0,Unhealthy
2019-02-01,83.58668,125.3578,192.4825,53.1,70.7,9.2,264.4,1021.4,2.9,0.0,142.0,166.0,Unhealthy
2019-02-02,72.01028,111.8172,184.5603,52.3,67.8,11.4,270.6,1019.0,3.3,0.0,195.9,160.0,Unhealthy
2019-02-03,68.07014,115.5902,191.2316,52.3,65.9,10.3,233.5,1020.8,3.8,0.0,213.9,157.0,Unhealthy
2019-02-04,51.31145,78.52327,143.9422,53.5,70.3,10.3,271.1,1021.8,3.4,0.0,215.6,140.0,Unhealthy for Sensitive Groups
2019-02-05,45.43047,70.33218,122.1838,53.3,73.6,10.3,227.2,1020.7,3.1,0.0,198.8,125.0,Unhealthy for Sensitive Groups
2019-02-06,35.01587,51.41448,88.88977,55.0,73.0,10.3,282.1,1017.9,3.1,0.0,193.7,99.0,Moderate
2019-02-07,10.16386,11.06561,11.56926,49.8,95.8,5.8,68.1,1020.9,2.3,0.0,62.2,42.0,Good
2019-02-08,20.59657,32.06727,68.75384,52.1,87.2,15.0,227.3,1020.6,3.3,0.0,118.9,69.0,Moderate
2019-02-09,12.21059,12.44177,12.5633,47.1,82.8,17.2,77.6,1019.2,4.7,0.0,153.0,51.0,Moderate
2019-02-10,25.392626666666665,39.886246666666665,75.82023333333333,48.9,73.4,9.2,261.4,1021.3,4.1,0.0,225.0,79.0,Moderate
2019-02-11,38.57466333333333,67.33072333333332,139.07716666666667,52.7,77.2,10.3,195.7,1022.5,3.6,0.0,182.7,109.0,Unhealthy for Sensitive Groups
2019-02-12,51.7567,94.7752,202.3341,53.7,76.6,10.3,229.6,1023.8,3.3,0.0,189.4,141.0,Unhealthy for Sensitive Groups
2019-02-13,55.10109,84.22089,143.1725,55.1,76.5,9.2,223.4,1023.8,3.2,0.0,198.7,149.0,Unhealthy for Sensitive Groups
2019-02-14,67.32793,94.85448,146.5245,55.5,80.5,8.1,202.3,1021.0,2.4,0.0,150.0,157.0,Unhealthy
2019-02-15,50.55987,77.24188,130.2679,56.4,76.8,12.8,292.2,1020.6,2.8,0.0,150.0,138.0,Unhealthy for Sensitive Groups
2019-02-16,30.36096,37.61238,57.08607,52.9,80.7,10.3,87.3,1018.6,3.4,5.1,153.3,89.0,Moderate
2019-02-17,24.98378,42.96799,90.40503,50.9,78.4,13.9,278.2,1014.1,3.5,1.0,189.1,78.0,Moderate
2019-02-18,31.99425,60.37941,125.872,52.9,76.4,13.9,198.6,1012.6,3.4,0.0,176.2,93.0,Moderate
2019-02-19,30.41749,43.92585,77.89819,53.6,77.1,10.3,302.6,1017.3,3.4,1.3,182.5,90.0,Moderate
2019-02-20,38.03523,65.86963,120.4109,54.8,72.0,11.4,310.8,1020.3,3.9,0.0,228.5,107.0,Unhealthy for Sensitive Groups
2019-02-21,44.24293,73.35346,122.9164,57.9,72.1,16.1,301.9,1021.5,3.8,0.0,226.9,123.0,Unhealthy for Sensitive Groups
2019-02-22,37.9443,66.50372,103.3417,60.3,65.4,17.2,319.1,1018.8,4.0,0.0,209.8,107.0,Unhealthy for Sensitive Groups
2019-02-23,33.43206,53.65791,80.53473,59.2,61.3,12.8,290.7,1015.1,4.2,0.0,234.8,96.0,Moderate
2019-02-24,34.42834,55.90438,87.56398,58.5,59.2,8.1,329.3,1014.7,3.7,0.0,151.2,98.0,Moderate
2019-02-25,21.78514,39.1684,65.18826,57.1,52.6,8.1,224.9,1015.0,4.6,0.0,178.7,71.0,Moderate
2019-02-26,28.64206,52.60775,85.92163,56.1,48.4,12.8,253.8,1015.3,5.1,0.0,219.4,86.0,Moderate
2019-02-27,20.17307,35.43435,63.73965,52.2,66.0,12.8,103.3,1014.6,4.4,2.3,76.8,68.0,Moderate
2019-02-28,14.45265,19.88337,43.17243,47.1,75.7,13.9,247.8,1015.2,4.4,26.9,156.6,56.0,Moderate
2019-03-01,29.13628,40.8523,68.58938,50.1,72.6,12.8,252.7,1016.7,4.4,0.0,250.0,87.0,Moderate
2019-03-02,38.11354,51.93743,78.97048,52.0,75.0,9.2,256.1,1018.3,3.9,0.0,220.5,107.0,Unhealthy for Sensitive Groups
2019-03-03,37.81708,46.84074,63.28373,54.3,79.1,8.1,227.6,1015.8,3.7,0.0,178.8,107.0,Unhealthy for Sensitive Groups
2019-03-04,42.77215,57.49388,82.38673,56.2,73.0,9.2,243.3,1012.1,3.9,0.0,221.7,119.0,Unhealthy for Sensitive Groups
2019-03-05,32.9966,48.6772,77.45953,55.8,70.2,16.1,238.9,1011.9,3.9,0.0,225.8,95.0,Moderate
2019-03-06,30.93085,49.73796,80.5552,55.4,67.0,13.9,195.1,1013.1,4.6,0.0,247.6,91.0,Moderate
2019-03-07,36.77039,56.46466,94.36535,56.1,70.2,15.0,222.0,1014.2,3.8,0.0,249.3,104.0,Unhealthy for Sensitive Groups
2019-03-08,39.28432,56.40148,87.14412,56.1,69.5,13.9,227.3,1015.6,3.8,0.0,230.2,110.0,Unhealthy for Sensitive Groups
2019-03-09,38.47787,52.41934,76.07606,57.3,68.2,9.2,211.6,1015.8,4.1,0.0,238.9,108.0,Unhealthy for Sensitive Groups
2019-03-10,38.13417,61.74318,95.79637,59.4,59.6,11.4,265.4,1017.8,4.3,0.0,245.5,107.0,Unhealthy for Sensitive Groups
2019-03-11,35.58868,58.75066,90.32184,60.0,60.0,11.4,264.5,1019.3,4.1,0.0,267.7,101.0,Unhealthy for Sensitive Groups
2019-03-12,42.65812,80.5418,130.3406,61.6,51.9,17.2,307.8,1019.0,4.5,0.0,270.5,119.0,Unhealthy for Sensitive Groups
2019-03-13,49.89682,91.22721,129.9989,63.3,47.9,15.0,310.4,1018.0,4.5,0.1016,278.9,136.0,Unhealthy for Sensitive Groups
2019-03-14,37.86544,67.81692,95.57528,65.1,46.2,11.4,303.2,1019.8,4.5,0.0,184.5,107.0,Unhealthy for Sensitive Groups
2019-03-15,40.10194,71.52461,102.0278,63.7,45.5,13.9,302.5,1020.9,4.9,0.0,231.4,112.0,Unhealthy for Sensitive Groups
2019-03-16,42.38421,70.11082,99.33906,62.3,52.1,11.4,232.6,1018.2,4.6,0.0,257.1,118.0,Unhealthy for Sensitive Groups
2019-03-17,46.21405,76.3802,110.0718,61.6,59.8,17.2,200.8,1018.7,3.9,0.0,239.3,127.0,Unhealthy for Sensitive Groups
2019-03-18,44.82338,79.71615,131.7545,59.7,65.0,16.1,206.7,1018.7,4.0,3.3,212.5,124.0,Unhealthy for Sensitive Groups
2019-03-19,41.30026,61.91215,103.0484,57.5,73.0,15.0,189.3,1015.5,3.5,0.5,221.7,115.0,Unhealthy for Sensitive Groups
2019-03-20,36.5945,66.12016,134.1117,59.1,70.7,16.1,197.8,1016.0,3.9,11.2,248.3,104.0,Unhealthy for Sensitive Groups
2019-03-21,35.95021,64.12838,98.97897,61.3,59.6,13.9,328.7,1017.8,4.6,0.5,263.3,102.0,Unhealthy for Sensitive Groups
2019-03-22,43.73703,79.94156,117.745,63.6,51.0,13.9,286.0,1016.9,4.6,0.0,259.4,121.0,Unhealthy for Sensitive Groups
2019-03-23,54.37518,90.24561,129.6616,63.3,52.9,13.9,219.3,1015.4,3.9,0.0,286.7,147.0,Unhealthy for Sensitive Groups
2019-03-24,60.6389,92.35364,131.6898,63.8,60.5,15.0,205.7,1016.0,3.0,0.0,266.6,154.0,Unhealthy
2019-03-25,41.25777,73.01793,117.2013,62.3,72.2,28.9,184.8,1017.6,2.5,0.0,208.5,115.0,Unhealthy for Sensitive Groups
2019-03-26,6.971779,12.60324,21.35443,57.0,81.2,12.8,128.7,1019.2,4.0,14.0,167.2,29.0,Good
2019-03-27,12.46203,26.44141,51.46672,59.6,73.4,10.3,295.1,1019.6,4.6,7.9,273.2,52.0,Moderate
2019-03-28,19.88052,47.58356,89.40727,63.3,69.5,12.8,195.6,1019.0,4.7,0.0,272.7,67.0,Moderate
2019-03-29,11.24831,27.92495,52.92594,65.9,71.1,15.0,212.7,1016.5,3.3,0.0,188.4,47.0,Good
2019-03-30,9.471533,13.87452,22.24422,64.1,81.2,11.4,258.9,1016.3,2.5,0.0,149.8,39.0,Good
2019-03-31,16.38571,39.30902,65.09758,65.4,74.2,19.7,322.8,1014.0,3.2,9.7,226.0,60.0,Moderate
2019-04-01,12.32195,37.95909,66.70949,64.9,61.3,12.8,243.4,1015.7,4.7,3.6,248.1,51.0,Moderate
2019-04-02,12.2542,46.60712,82.78534,65.1,53.9,10.3,251.4,1015.6,5.0,0.0,278.4,51.0,Moderate
2019-04-03,14.985585,45.27888,78.72544500000001,65.0,68.2,13.9,209.4,1016.4,4.0,0.0,239.9,57.0,Moderate
2019-04-04,17.71697,43.95064,74.66555,65.2,79.4,15.0,174.7,1017.5,3.2,0.3,209.3,63.0,Moderate
2019-04-05,9.6477525,23.2472165,39.1615865,64.7,85.3,10.3,279.1,1017.6,2.3,3.0,179.1,40.0,Good
2019-04-06,1.578535,2.543793,3.657623,59.9,92.8,6.9,91.5,1017.3,3.2,0.0,157.8,7.0,Good
2019-04-07,34.19151,89.03094,202.7916,62.3,80.9,10.3,94.5,1017.0,4.6,4.3,187.4,97.0,Moderate
2019-04-08,44.50512,91.88023,189.5178,64.6,75.0,9.2,232.9,1014.5,4.2,5.9944,244.4,123.0,Unhealthy for Sensitive Groups
2019-04-09,54.27618,103.836,194.899,63.6,79.1,13.9,130.2,1014.5,3.9,6.6,207.1,147.0,Unhealthy for Sensitive Groups
2019-04-10,45.30752,97.77605,190.2067,66.9,73.9,8.1,222.1,1016.7,4.1,0.0,252.5,125.0,Unhealthy for Sensitive Groups
2019-04-11,44.534,94.73742,199.4671,68.1,74.4,12.8,214.6,1016.2,4.1,0.0,231.2,123.0,Unhealthy for Sensitive Groups
2019-04-12,52.34261,101.2263,196.0284,69.5,75.3,9.2,230.4,1016.3,3.7,0.0,221.6,142.0,Unhealthy for Sensitive Groups
2019-04-13,47.40037,80.49952,129.1464,70.3,75.4,11.4,291.9,1016.3,3.7,0.2032,238.5,130.0,Unhealthy for Sensitive Groups
2019-04-14,51.26613,74.92903,97.75806,68.3,83.4,10.3,118.4,1016.2,3.6,3.0,246.4,140.0,Unhealthy for Sensitive Groups
2019-04-15,48.306466,75.59980399999999,113.168308,68.3,83.1,15.0,204.6,1015.5,3.6,0.0,243.7,133.0,Unhealthy for Sensitive Groups
2019-04-16,45.346802,76.270578,128.578556,69.7,77.8,16.1,293.3,1016.8,3.5,0.1016,249.3,125.0,Unhealthy for Sensitive Groups
2019-04-17,42.387138,76.941352,143.98880400000002,66.5,74.7,10.3,301.1,1018.8,4.9,6.6,167.0,118.0,Unhealthy for Sensitive Groups
2019-04-18,39.427474,77.612126,159.399052,67.2,63.4,11.4,274.4,1017.3,5.0,0.0,267.3,111.0,Unhealthy for Sensitive Groups
2019-04-19,36.46781,78.2829,174.8093,63.5,71.9,16.1,126.2,1015.9,4.3,25.9,257.4,103.0,Unhealthy for Sensitive Groups
2019-04-20,54.08985,126.7054,227.614,64.1,68.5,15.0,184.9,1014.8,4.4,0.0,261.3,147.0,Unhealthy for Sensitive Groups
2019-04-21,67.3083,113.8776,203.873,64.5,74.8,11.4,74.4,1013.9,3.6,0.0,230.3,157.0,Unhealthy
2019-04-22,66.11098,106.1847,171.7863,64.4,79.6,15.0,165.5,1015.0,3.3,6.1,239.8,156.0,Unhealthy
2019-04-23,70.87636,124.3336,210.43,66.5,77.1,10.3,150.8,1016.8,3.4,0.0,218.1,159.0,Unhealthy
2019-04-24,71.99305,134.5313,235.0499,70.4,72.8,9.2,185.3,1018.3,3.3,3.3,265.5,160.0,Unhealthy
2019-04-25,58.53045,101.6337,173.6123,69.4,78.6,11.4,146.7,1017.5,3.5,1.3,247.9,153.0,Unhealthy
2019-04-26,61.14175,96.01418,153.2152,67.7,86.2,9.2,305.7,1015.0,3.0,8.6,240.1,154.0,Unhealthy
2019-04-27,63.61803,102.814,168.5193,72.8,74.8,11.4,282.9,1013.5,3.0,0.3,262.2,155.0,Unhealthy
2019-04-28,58.49122,99.95783,161.9803,74.3,72.2,11.4,297.8,1012.5,3.6,0.0,293.0,153.0,Unhealthy
2019-04-29,72.13489,105.1152,139.0163,75.1,70.5,16.1,254.6,1012.9,3.3,0.0,272.3,160.0,Unhealthy
2019-04-30,69.44002499999999,106.540675,154.89555,74.8,67.2,12.8,300.7,1012.8,3.3,0.0,277.6,158.0,Unhealthy
2019-05-01,66.74516,107.96615,170.7748,74.9,59.4,18.3,317.8,1013.0,4.0,0.0,304.9,157.0,Unhealthy
2019-05-02,64.050295,109.391625,186.65405,74.9,56.4,15.0,259.5,1014.1,4.9,0.0,304.7,155.0,Unhealthy
2019-05-03,61.35543,110.8171,202.5333,67.9,81.2,20.8,83.7,1015.0,3.6,6.1,210.5,154.0,Unhealthy
2019-05-04,36.11361,60.53604,103.2563,69.5,71.9,13.9,288.1,1013.2,4.6,0.0,264.7,103.0,Unhealthy for Sensitive Groups
2019-05-05,43.52667,89.04618,147.4871,72.7,61.0,13.9,289.5,1013.9,4.6,0.0,288.6,121.0,Unhealthy for Sensitive Groups
2019-05-06,68.20153,153.5489,236.6922,71.4,56.3,12.8,284.5,1011.8,4.3,0.0,300.9,158.0,Unhealthy
2019-05-07,77.59604,160.7926,236.2697,72.9,58.2,12.8,209.2,1011.3,3.7,0.0,310.0,162.0,Unhealthy
2019-05-08,82.84937,156.7628,230.6889,73.9,59.7,13.9,304.8,1010.4,3.5,0.0,321.1,165.0,Unhealthy
2019-05-09,90.13139,158.8267,235.7001,74.7,61.9,12.8,298.9,1009.6,2.9,0.0,319.5,169.0,Unhealthy
2019-05-10,80.79465,156.0188,225.6661,75.6,58.3,11.4,293.3,1011.3,3.1,0.0,305.1,164.0,Unhealthy
2019-05-11,69.90105,126.4892,195.967,76.9,54.9,15.0,317.0,1013.5,3.5,0.0,286.6,158.0,Unhealthy
2019-05-12,49.95431,98.15083,154.4102,70.3,58.5,15.0,154.7,1014.4,4.2,0.3,282.5,137.0,Unhealthy for Sensitive Groups
2019-05-13,60.82521,97.00924,131.8485,66.6,72.6,8.1,70.2,1014.0,3.9,0.0,269.4,154.0,Unhealthy
2019-05-14,55.24312,93.53535,138.3717,70.0,66.1,16.1,273.2,1013.5,3.9,0.0,271.6,150.0,Unhealthy for Sensitive Groups
2019-05-15,38.46384,61.91457,83.46609,69.0,69.9,13.9,207.5,1014.6,4.1,1.0,242.5,108.0,Unhealthy for Sensitive Groups
2019-05-16,37.04186666666666,60.742475,85.93440833333332,70.3,76.1,11.4,285.9,1015.1,3.7,5.8,248.1,105.0,Unhealthy for Sensitive Groups
2019-05-17,35.61989333333333,59.57038,88.40272666666667,72.2,64.4,13.9,320.4,1013.9,4.6,0.8,294.7,101.0,Unhealthy for Sensitive Groups
2019-05-18,34.19792,58.398285,90.871045,73.6,57.8,18.3,307.9,1013.3,4.6,0.0,297.0,97.0,Moderate
2019-05-19,32.77594666666666,57.22619,93.33936333333332,72.9,60.7,12.8,194.8,1014.6,4.5,1.0,275.7,94.0,Moderate
2019-05-20,31.35397333333333,56.054095,95.80768166666668,74.7,63.1,11.4,283.0,1015.9,4.0,0.0,268.3,91.0,Moderate
2019-05-21,29.932,54.882,98.276,75.7,64.9,12.8,220.5,1015.1,3.7,0.0,262.3,89.0,Moderate
2019-05-22,30.84661,52.547223333333335,88.88566666666667,73.6,71.8,17.2,212.0,1014.2,3.7,0.0,271.1,90.0,Moderate
2019-05-23,31.76122,50.212446666666665,79.49533333333333,73.1,71.9,10.3,287.2,1013.3,4.0,3.6,240.1,92.0,Moderate
2019-05-24,32.67583,47.87767,70.105,73.4,76.3,15.0,296.9,1012.6,3.4,0.0,268.3,94.0,Moderate
2019-05-25,31.57847,48.85,65.54165,74.1,66.7,16.1,311.2,1010.4,4.7,2.0,253.4,92.0,Moderate
2019-05-26,24.19978,42.58689,57.38907,72.8,66.0,12.8,306.4,1010.8,4.8,1.0,267.8,76.0,Moderate
2019-05-27,28.42597,48.49021,60.62778,75.3,63.4,13.9,243.8,1011.7,4.1,0.0,285.1,85.0,Moderate
2019-05-28,23.6934,44.45653,56.97035,75.0,63.2,13.9,234.4,1011.9,4.1,0.0,284.4,75.0,Moderate
2019-05-29,21.68111,34.47083,43.75542,71.3,78.3,17.2,185.2,1011.8,3.6,13.0,258.1,71.0,Moderate
2019-05-30,21.00417,29.08194,35.03125,68.5,85.5,11.4,151.1,1011.8,3.4,10.9,248.9,70.0,Moderate
2019-05-31,16.80368,26.60449,34.56716,70.4,79.9,6.9,166.1,1012.0,3.7,65.8114,236.2,61.0,Moderate
2019-06-01,7.209444,9.823889,12.21917,71.6,80.9,13.9,189.3,1012.8,3.7,8.4,249.0,30.0,Good
2019-06-02,6.01912,8.559958,10.60907,70.6,80.2,16.1,97.2,1013.3,4.3,15.5,244.0,25.0,Good
2019-06-03,5.011552,6.641916,8.192476,71.2,77.6,9.2,272.6,1013.4,4.6,0.0,239.1,21.0,Good
2019-06-04,3.593889,4.859514,6.000833,73.1,73.8,8.1,235.6,1012.3,4.3,0.9906,254.1,15.0,Good
2019-06-05,1.192305,1.375336,1.565802,73.1,82.8,10.3,195.2,1011.6,4.2,0.3,170.2,5.0,Good
2019-06-06,0.361978,0.451996,0.57047,73.2,86.8,8.1,192.0,1013.5,4.2,4.6,118.0,2.0,Good
2019-06-07,0.26774,0.416572,0.543171,74.8,75.8,9.2,257.9,1014.4,5.0,17.0,211.0,1.0,Good
2019-06-08,0.304978,0.412553,0.502635,76.0,71.3,10.3,259.0,1012.8,4.8,0.0,225.1,1.0,Good
2019-06-09,0.229066,0.293158,0.33148,76.0,73.4,16.1,241.9,1010.8,4.3,0.0,241.0,1.0,Good
2019-06-10,0.240582,0.318197,0.40871,74.2,77.6,19.7,198.8,1009.4,4.0,4.3,260.1,1.0,Good
2019-06-11,0.205345,0.248809,0.285461,75.3,75.3,13.9,190.6,1009.2,4.0,2.0066,269.4,1.0,Good
2019-06-12,0.148387,0.169403,0.189509,76.7,72.8,12.8,121.2,1010.3,4.4,0.0,251.4,1.0,Good
2019-06-13,0.199519,0.231351,0.244391,77.0,73.9,10.3,110.5,1009.9,4.1,0.0,254.6,1.0,Good
2019-06-14,0.187117,0.225205,0.330004,78.7,72.7,11.4,270.8,1007.8,4.0,0.0,234.6,1.0,Good
2019-06-15,0.175035,0.183296,0.183885,78.4,71.6,12.8,302.7,1007.8,4.6,9.7,263.6,1.0,Good
2019-06-16,0.283592,0.349507,0.361544,79.4,65.8,10.3,269.7,1007.0,4.1,0.0,282.7,1.0,Good
2019-06-17,1.476927,2.41114225,3.3492205000000004,75.9,75.1,13.9,275.6,1007.6,3.9,5.0038,207.6,6.0,Good
2019-06-18,2.670262,4.4727775,6.336897000000001,74.9,76.1,15.0,305.8,1009.3,4.3,14.5,263.3,11.0,Good
2019-06-19,3.863597,6.53441275,9.3245735,75.5,76.3,13.9,294.3,1010.0,4.5,1.3,253.5,16.0,Good
2019-06-20,5.056932,8.596048,12.31225,76.0,74.6,10.3,225.2,1010.8,4.9,0.0,220.9,21.0,Good
2019-06-21,5.204198,7.370268,8.744572,76.3,77.4,12.8,215.9,1011.6,4.8,0.0,247.6,22.0,Good
2019-06-22,3.055894,3.469731,3.671201,71.1,93.9,8.1,20.7,1012.8,3.9,20.3,153.1,13.0,Good
2019-06-23,3.651509,4.667179,5.20688,75.5,86.7,8.1,203.0,1012.9,4.5,13.5,167.9,15.0,Good
2019-06-24,4.082946,5.437045,6.28729,78.0,80.7,11.4,228.0,1013.3,4.8,0.8,210.0,17.0,Good
2019-06-25,4.275603,5.517158,6.44083,79.0,76.6,10.3,280.6,1012.3,4.6,0.0,226.8,18.0,Good
2019-06-26,5.876106,7.648188,8.753035,76.7,81.8,12.8,139.7,1009.5,4.2,0.0,169.5,24.0,Good
2019-06-27,4.364094,5.581595,6.221702,76.0,81.4,10.3,262.7,1006.6,4.2,4.6,166.1,18.0,Good
2019-06-28,5.917751,7.61469,8.373016,76.5,80.2,10.3,254.6,1006.1,3.8,5.1,92.6,25.0,Good
2019-06-29,6.221373,8.053248,9.27042,76.3,78.0,11.4,274.4,1007.2,4.3,0.0,247.3,26.0,Good
2019-06-30,6.565378,8.308536,9.263645,76.7,79.4,11.4,205.7,1008.0,4.1,0.0,200.1,27.0,Good
2019-07-01,13.69623,17.09166,18.15614,77.2,79.2,12.8,177.0,1008.4,3.8,4.0894,241.9,54.0,Moderate
2019-07-02,3.672116,4.914761,5.674234,77.6,81.1,17.2,223.2,1008.5,4.3,1.5,192.6,15.0,Good
2019-07-03,2.694489,3.840082,4.498096,77.4,82.2,12.8,229.3,1008.8,5.1,0.0,171.0,11.0,Good
2019-07-04,3.372095,4.693408,5.500355,77.8,79.6,16.1,211.6,1007.5,4.5,0.0,125.4,14.0,Good
2019-07-05,6.996997,22.6359,37.0351,77.1,82.1,13.9,217.7,1005.7,4.6,0.3,175.2,29.0,Good
2019-07-06,1.874036,2.455853,2.754688,75.4,88.0,13.9,253.5,1004.5,4.7,10.9,129.4,8.0,Good
2019-07-07,2.026253,2.351434,2.531747,73.6,91.8,8.1,227.2,1004.3,4.6,65.8,107.5,8.0,Good
2019-07-08,2.392698,2.957466,3.337357,74.4,90.6,11.4,182.2,1005.4,4.3,2.3,69.1,10.0,Good
2019-07-09,1.797827,2.180936,2.423735,73.0,91.4,13.9,103.1,1005.6,4.3,3.3,67.3,7.0,Good
2019-07-10,2.214365,2.428119,2.551751,72.2,94.6,6.9,145.2,1005.0,4.1,18.8976,108.1,9.0,Good
2019-07-11,1.349271,1.737628,2.03651,71.8,93.1,18.3,101.0,1005.0,4.2,5.6,58.1,6.0,Good
2019-07-12,0.406897,0.440517,0.448276,67.4,99.2,18.3,95.9,1006.3,3.1,115.3,27.8,2.0,Good
2019-07-13,0.6180002,0.99797465,1.4122467,69.6,93.4,12.8,96.8,1007.3,4.3,39.9,40.8,3.0,Good
2019-07-14,0.8291034,1.5554323,2.3762174,70.5,95.1,9.2,134.1,1005.9,4.1,2.5,52.1,3.0,Good
2019-07-15,1.0402066,2.11288995,3.3401881,73.2,87.0,8.1,214.8,1006.0,3.7,27.4,134.9,4.0,Good
2019-07-16,1.2513098,2.6703476,4.3041588,72.6,86.4,10.3,243.3,1009.5,4.1,6.1,130.8,5.0,Good
2019-07-17,1.4624130000000002,3.22780525,5.2681295,75.3,83.2,10.3,259.9,1009.8,4.4,0.0,192.2,6.0,Good
2019-07-18,1.6735162,3.7852629,6.2321002,75.0,86.9,9.2,197.7,1010.2,4.3,52.6,224.0,7.0,Good
2019-07-19,1.8846194,4.34272055,7.1960709,75.4,88.7,10.3,104.7,1010.7,4.4,0.0,213.9,8.0,Good
2019-07-20,2.0957226,4.9001782,8.1600416,75.0,87.2,9.2,176.8,1012.3,4.1,0.0,200.5,9.0,Good
2019-07-21,2.3068258,5.45763585,9.1240123,76.0,80.6,9.2,228.9,1011.3,4.5,0.0,166.7,10.0,Good
2019-07-22,2.517929,6.0150935,10.087983,75.6,84.1,8.1,258.3,1010.3,4.2,0.5,173.2,10.0,Good
2019-07-23,2.7290322,6.57255115,11.0519537,74.7,88.4,10.3,226.1,1008.8,4.1,17.5,102.4,11.0,Good
2019-07-24,2.9401354,7.130008800000001,12.0159244,71.6,97.3,9.2,134.1,1008.7,3.9,1.1938,28.1,12.0,Good
2019-07-25,3.1512386,7.68746645,12.979895099999998,73.2,90.1,10.3,175.5,1009.2,4.6,0.8,133.7,13.0,Good
2019-07-26,3.3623418,8.2449241,13.9438658,73.4,90.3,8.1,183.2,1008.5,4.5,10.4,143.7,14.0,Good
2019-07-27,3.573445,8.80238175,14.907836499999998,74.5,88.1,11.4,250.3,1008.8,4.2,3.8,143.5,15.0,Good
2019-07-28,3.7845482,9.3598394,15.8718072,76.3,85.3,12.8,208.5,1010.4,4.7,8.1,165.9,16.0,Good
2019-07-29,3.9956514,9.91729705,16.8357779,77.1,81.7,12.8,205.3,1010.7,4.8,0.0,168.2,17.0,Good
2019-07-30,4.2067546,10.4747547,17.7997486,75.3,80.4,12.8,168.2,1010.6,4.6,0.0,128.8,18.0,Good
2019-07-31,4.4178578,11.03221235,18.7637193,75.4,81.3,12.8,193.8,1009.3,4.7,0.0,203.6,18.0,Good
2019-08-01,4.628961,11.58967,19.72769,75.0,83.1,12.8,198.5,1009.1,4.6,0.0,146.5,19.0,Good
2019-08-02,3.117156,3.867916,4.438373,75.6,83.7,13.9,197.9,1008.3,4.6,0.2032,100.3,13.0,Good
2019-08-03,2.747062,3.259731,3.518028,75.5,84.4,12.8,206.8,1008.3,4.4,3.8,113.9,11.0,Good
2019-08-04,2.583913,3.272511,3.711853,75.3,86.1,6.9,239.7,1006.9,4.4,0.0,189.2,11.0,Good
2019-08-05,2.186548,2.912099,3.336754,74.2,92.4,13.9,135.2,1005.3,4.2,20.8,149.2,9.0,Good
2019-08-06,2.212675,3.256258,3.918287,75.9,85.7,15.0,230.6,1006.1,4.6,1.0,202.8,9.0,Good
2019-08-07,2.118007,2.681734,2.926715,75.4,86.5,10.3,248.2,1005.5,5.1,23.9,167.5,9.0,Good
2019-08-08,1.870461,2.618944,3.131608,76.5,83.8,15.0,174.3,1005.1,5.0,2.8,137.8,8.0,Good
2019-08-09,2.496929,4.175942,5.841652,75.3,83.2,12.8,198.8,1009.6,5.1,0.5,151.9,10.0,Good
2019-08-10,2.620588,3.434042,3.974625,76.8,80.9,11.4,221.8,1009.1,4.6,0.0,220.8,11.0,Good
2019-08-11,2.459489,3.243699,3.66279,76.5,84.8,6.9,102.7,1009.3,4.8,20.1,136.8,10.0,Good
2019-08-12,2.986933,3.951057,4.507709,77.1,84.3,13.9,177.6,1008.8,4.7,0.5,235.8,12.0,Good
2019-08-13,2.415435,3.051998,3.455123,74.5,88.0,11.4,240.2,1010.4,4.6,16.3,177.6,10.0,Good
2019-08-14,2.519202,3.291435,3.76823,76.5,83.9,13.9,182.6,1011.3,5.0,0.8,181.8,10.0,Good
2019-08-15,2.440307,3.143004,3.556305,74.6,86.6,12.8,201.1,1012.6,4.8,0.4064,118.9,10.0,Good
2019-08-16,3.091142,4.989261,6.42792,74.1,89.8,10.3,272.5,1011.3,4.2,27.4,144.7,13.0,Good
2019-08-17,2.178301,2.581715,2.744935,74.1,89.6,6.9,187.7,1011.9,4.6,14.2,101.2,9.0,Good
2019-08-18,2.743474,3.224381,3.463854,73.8,91.7,11.4,184.9,1013.1,4.2,7.9,147.2,11.0,Good
2019-08-19,2.577215,3.119456,3.454892,75.7,84.5,12.8,212.8,1013.1,4.5,1.5,169.0,11.0,Good
2019-08-20,2.992715,3.517802,3.792189,74.9,84.6,6.9,204.4,1011.8,4.3,3.3,221.0,12.0,Good
2019-08-21,3.866893,4.807734,5.305817,76.2,83.4,12.8,208.9,1011.5,4.3,1.3,201.5,16.0,Good
2019-08-22,3.102717,3.858667,4.264905,76.0,83.6,10.3,294.2,1011.7,4.5,6.1,239.9,13.0,Good
2019-08-23,5.534786,6.708776,7.223345,75.7,85.1,11.4,209.1,1011.2,4.1,0.0,211.5,23.0,Good
2019-08-24,1.900842,2.320391,2.658741,73.9,87.7,11.4,176.9,1012.9,4.3,24.6,118.9,8.0,Good
2019-08-25,2.403417,2.932663,3.325174,72.8,89.3,9.2,259.2,1012.9,4.6,8.9,184.8,10.0,Good
2019-08-26,3.425835,4.021535,4.32524,75.3,85.2,11.4,153.6,1012.7,4.8,4.3,234.7,14.0,Good
2019-08-27,3.130602,3.727702,4.02653,76.7,82.3,9.2,69.2,1011.9,4.8,4.3,231.8,13.0,Good
2019-08-28,3.301615,3.894326,4.168336,77.3,80.6,12.8,200.0,1013.1,4.5,0.0,245.6,14.0,Good
2019-08-29,3.051735,3.524864,3.816261,75.9,85.3,8.1,304.0,1014.4,4.3,0.0,134.5,13.0,Good
2019-08-30,2.872212,3.571795,3.993696,77.2,80.6,9.2,261.2,1011.0,4.9,0.0,227.3,12.0,Good
2019-08-31,2.11296,2.33564,2.463779,74.3,89.3,6.9,209.0,1009.6,4.2,36.8,168.4,9.0,Good
2019-09-01,2.364316,2.659526,2.803023,74.1,88.6,9.2,61.6,1012.1,4.5,18.0,120.1,10.0,Good
2019-09-02,3.08274,3.659778,4.035569,75.6,82.4,6.9,273.2,1011.0,4.9,12.2,248.6,13.0,Good
2019-09-03,2.733546,3.319095,3.561825,74.5,89.2,10.3,131.3,1011.0,4.2,0.0,185.4,11.0,Good
2019-09-04,2.124617,2.570561,2.830814,74.0,87.9,8.1,234.1,1010.6,4.9,23.4,130.9,9.0,Good
2019-09-05,2.373133,2.870264,3.163056,74.1,88.4,8.1,246.5,1010.4,4.6,43.9,132.2,10.0,Good
2019-09-06,2.085646,2.430256,2.59845,73.9,88.6,11.4,264.3,1009.5,4.2,21.8,105.7,9.0,Good
2019-09-07,1.926967,2.304585,2.516753,74.7,86.8,9.2,210.7,1010.2,4.5,8.4,136.8,8.0,Good
2019-09-08,2.285133,2.769987,3.01689,74.3,90.1,11.4,197.4,1011.0,4.5,2.3876,179.1,10.0,Good
2019-09-09,2.562504,3.197899,3.616057,75.4,86.4,10.3,211.1,1009.8,4.8,7.4,170.6,11.0,Good
2019-09-10,2.49898,2.940785,3.139116,74.3,89.1,6.9,176.7,1009.8,4.2,32.0,156.2,10.0,Good
2019-09-11,3.702509,4.301015,4.618659,74.9,87.2,10.3,176.4,1011.7,4.1,0.0,146.6,15.0,Good
2019-09-12,2.749455,3.290708,3.554702,75.1,88.6,12.8,179.1,1013.1,4.2,1.5,86.2,11.0,Good
2019-09-13,1.912224,2.239259,2.399643,73.1,90.3,13.9,116.3,1014.3,4.4,4.6,93.1,8.0,Good
2019-09-14,2.569284,2.897145,3.046169,71.1,96.4,6.9,134.5,1015.0,4.0,5.1,133.5,11.0,Good
2019-09-15,2.916948,3.221566,3.347112,72.3,91.7,8.1,300.7,1014.0,4.1,1.0,190.5,12.0,Good
2019-09-16,3.485564,4.023589,4.297264,72.4,90.5,10.3,255.9,1012.3,3.8,3.8,163.7,15.0,Good
2019-09-17,3.108431,3.200261,3.21998,68.9,97.8,5.8,148.7,1014.5,3.6,25.4,60.0,13.0,Good
2019-09-18,2.140594,2.194363,2.200373,66.6,97.5,9.2,87.2,1018.5,3.9,1.2192,27.6,9.0,Good
2019-09-19,3.26931,3.646944,3.854228,67.9,89.9,4.7,27.3,1019.7,4.1,2.0,86.5,14.0,Good
2019-09-20,4.362859,5.546566,6.177641,70.9,81.1,10.3,286.6,1017.2,4.4,0.0,229.4,18.0,Good
2019-09-21,3.221154,4.00765,4.368046,71.7,77.6,9.2,244.9,1015.7,5.1,0.0,193.5,13.0,Good
2019-09-22,3.262651,3.784309,3.994302,70.5,87.2,8.1,123.1,1018.4,4.5,0.0,168.4,14.0,Good
2019-09-23,3.167015,3.768431,4.053107,71.3,86.2,9.2,174.1,1018.8,4.2,0.0,131.3,13.0,Good
2019-09-24,4.372289,5.096029,5.594045,71.7,88.6,11.4,228.4,1019.7,3.9,6.9,107.2,18.0,Good
2019-09-25,2.401905,2.824803,3.047392,69.0,94.5,9.2,144.2,1022.0,3.6,47.5,100.1,10.0,Good
2019-09-26,2.165773,2.734717,3.173156,68.8,92.4,10.3,181.5,1022.9,4.6,8.9,75.1,9.0,Good
2019-09-27,2.391397,2.963859,3.384173,68.6,91.9,11.4,194.7,1021.1,4.5,3.8,63.6,10.0,Good
2019-09-28,1.848175,2.146315,2.302439,68.7,85.3,10.3,118.6,1019.1,4.9,0.8,60.1,8.0,Good
2019-09-29,2.136995,2.750733,3.077615,67.7,86.1,12.8,112.2,1018.7,5.2,0.0,48.2,9.0,Good
2019-09-30,3.252779,4.130523,4.531005,68.5,87.2,11.4,200.3,1016.2,4.6,0.5,142.6,14.0,Good
2019-10-01,1.838774,2.347161,2.712096,69.6,84.8,10.3,285.9,1015.9,5.1,3.0,181.0,8.0,Good
2019-10-02,3.233112,4.051478,4.47992,69.9,83.6,9.2,260.5,1016.7,4.9,0.0,152.3,13.0,Good
2019-10-03,4.073158,4.951447,5.494678,70.7,83.4,12.8,197.5,1017.0,4.3,0.0,139.0,17.0,Good
2019-10-04,4.113382,4.952721,5.422461,70.5,83.5,10.3,270.1,1017.0,4.5,0.0,161.5,17.0,Good
2019-10-05,3.628023,4.421128,5.333987,71.3,84.1,10.3,267.0,1017.0,4.4,0.0,184.8,15.0,Good
2019-10-06,4.662372,5.207333,5.535253,70.8,81.1,10.3,272.1,1018.1,4.5,0.0,181.3,19.0,Good
2019-10-07,5.627091,6.183148,6.461969,71.1,78.0,11.4,242.7,1018.5,4.3,0.0,189.0,23.0,Good
2019-10-08,5.362906,5.792869,6.042671,69.5,83.9,12.8,207.7,1018.7,4.2,0.0,172.9,22.0,Good
2019-10-09,3.276849,3.513122,3.568152,67.7,82.0,11.4,274.2,1018.8,5.1,1.3,185.6,14.0,Good
2019-10-10,3.763071,4.154173,4.30689,68.2,79.4,11.4,264.8,1017.5,4.8,0.0,197.9,16.0,Good
2019-10-11,5.017911,5.549689,5.811003,67.1,79.3,10.3,251.0,1017.5,4.6,0.0,204.6,21.0,Good
2019-10-12,6.165523,6.817564,7.125693,67.1,77.5,12.8,203.5,1018.3,4.4,0.0,212.1,26.0,Good
2019-10-13,7.134072,7.810905,8.052163,67.3,77.6,8.1,186.8,1019.0,4.3,0.0,195.1,30.0,Good
2019-10-14,9.150078,10.19541,10.65098,68.1,77.0,13.9,192.0,1020.3,4.2,0.0,197.2,38.0,Good
2019-10-15,8.520185,9.59159,10.1442,67.8,78.7,11.4,233.8,1021.3,4.0,0.0,186.8,36.0,Good
2019-10-16,7.039094,7.934436,8.306133,68.7,77.1,11.4,186.5,1021.6,4.2,0.0,171.5,29.0,Good
2019-10-17,6.718767,7.661225,7.986878,68.1,79.8,9.2,217.2,1021.5,4.2,1.5,174.2,28.0,Good
2019-10-18,17.2894325,35.653704166666664,76.84063166666667,68.0,80.8,8.1,210.0,1021.6,4.0,0.0,172.0,62.0,Moderate
2019-10-19,27.860098,63.646183333333326,145.69438533333332,68.7,76.7,11.4,250.9,1022.0,4.2,0.0,177.6,84.0,Moderate
2019-10-20,38.4307635,91.6386625,214.548139,66.3,83.8,6.9,222.7,1021.0,3.6,0.0,133.4,108.0,Unhealthy for Sensitive Groups
2019-10-21,49.001429,119.63114166666664,283.40189266666664,66.6,79.5,10.3,282.1,1018.0,3.6,0.0,184.0,134.0,Unhealthy for Sensitive Groups
2019-10-22,59.5720945,147.62362083333332,352.25564633333335,64.7,77.3,11.4,252.6,1015.8,3.9,0.0,216.2,153.0,Unhealthy
2019-10-23,70.14276,175.6161,421.1094,62.5,82.4,8.1,182.9,1016.5,3.5,0.0,131.4,159.0,Unhealthy
2019-10-24,60.76708,124.8051,300.5625,63.0,77.4,11.4,203.3,1018.0,3.8,0.0,202.7,154.0,Unhealthy
2019-10-25,72.97544,141.4147,304.2095,61.6,84.0,4.7,219.4,1018.2,3.2,0.0,112.0,160.0,Unhealthy
2019-10-26,56.43471,104.1831,233.0057,63.6,79.8,11.4,273.1,1018.5,3.8,0.0,187.7,151.0,Unhealthy
2019-10-27,53.06312,94.65951,206.0127,63.0,75.5,10.3,242.3,1018.1,4.2,0.0,200.3,144.0,Unhealthy for Sensitive Groups
2019-10-28,49.04139,86.10717,175.1909,63.4,78.5,6.9,149.2,1020.0,4.1,0.0,103.0,134.0,Unhealthy for Sensitive Groups
2019-10-29,45.65837,79.7776,162.5809,63.3,77.0,11.4,194.7,1020.4,4.1,0.0,140.7,126.0,Unhealthy for Sensitive Groups
2019-10-30,43.98356,81.45322,181.4954,63.4,78.6,10.3,268.6,1018.9,4.2,0.0,142.1,122.0,Unhealthy for Sensitive Groups
2019-10-31,43.98502,83.36842,179.402,63.9,76.5,9.2,210.2,1018.2,4.4,0.0,181.0,122.0,Unhealthy for Sensitive Groups
2019-11-01,58.03766,100.6141,207.3977,63.2,78.9,10.3,230.7,1018.8,4.0,0.0,157.3,152.0,Unhealthy
2019-11-02,60.44642,100.2054,199.8273,63.6,80.6,9.2,191.4,1020.1,3.6,0.0,173.9,154.0,Unhealthy
2019-11-03,59.01357,105.9107,233.6422,64.6,79.6,9.2,179.1,1019.8,3.7,0.0,172.1,153.0,Unhealthy
2019-11-04,48.9728,89.53701,209.8854,63.6,79.9,9.2,233.5,1019.0,4.0,0.0,163.8,134.0,Unhealthy for Sensitive Groups
2019-11-05,50.27204,88.24993,193.0157,63.5,77.8,12.8,201.4,1016.3,3.8,0.0,135.8,137.0,Unhealthy for Sensitive Groups
2019-11-06,70.63659,120.6807,243.8835,62.2,79.6,9.2,179.6,1015.8,3.2,0.0,149.3,159.0,Unhealthy
2019-11-07,67.24419,122.4486,271.5673,64.4,78.7,9.2,222.1,1017.0,3.5,0.0,157.7,157.0,Unhealthy
2019-11-08,71.27513,128.5141,252.6854,63.5,80.9,5.8,142.0,1019.2,3.5,0.0,138.4,159.0,Unhealthy
2019-11-09,65.86279,117.6214,245.0577,63.2,80.9,9.2,238.8,1019.3,3.9,0.0,162.4,156.0,Unhealthy
2019-11-10,49.44594,96.44348,225.862,62.8,81.0,10.3,264.2,1018.5,4.1,0.0,175.6,135.0,Unhealthy for Sensitive Groups
2019-11-11,51.59877,99.63274,235.0019,62.2,79.9,9.2,260.5,1017.0,4.2,0.0,178.9,141.0,Unhealthy for Sensitive Groups
2019-11-12,65.64451,114.4025,212.9341,61.7,82.2,8.1,201.0,1018.7,3.8,0.0,170.2,156.0,Unhealthy
2019-11-13,64.37751,111.9437,218.1368,63.0,81.0,8.1,165.7,1021.6,3.6,0.0,163.5,156.0,Unhealthy
2019-11-14,65.30368,119.2952,231.4537,63.4,77.0,10.3,166.6,1023.1,4.0,0.0,135.4,156.0,Unhealthy
2019-11-15,66.18626,128.8331,281.7014,63.4,75.5,10.3,239.3,1021.1,4.3,0.0,180.7,157.0,Unhealthy
2019-11-16,60.68623,109.9728,238.8911,61.8,82.9,11.4,276.5,1019.7,4.1,0.0,158.7,154.0,Unhealthy
2019-11-17,58.41474,105.7931,218.1177,63.3,82.3,9.2,248.2,1018.3,4.0,0.0,163.5,153.0,Unhealthy
2019-11-18,67.12714,118.3901,239.6137,62.8,78.2,8.1,192.0,1018.8,3.8,0.0,147.2,157.0,Unhealthy
2019-11-19,86.85524,145.3361,258.6405,61.4,79.6,9.2,181.3,1018.2,3.0,0.2032,158.6,167.0,Unhealthy
2019-11-20,84.96813,136.6794,242.6847,61.2,79.1,8.1,208.5,1019.6,2.9,0.0,118.4,166.0,Unhealthy
2019-11-21,84.67921,139.226,249.5371,61.4,77.0,9.2,227.3,1021.1,3.1,0.0,129.4,166.0,Unhealthy
2019-11-22,79.59781,134.8447,270.149,59.9,79.3,9.2,238.0,1021.0,3.0,0.0,134.5,163.0,Unhealthy
2019-11-23,85.33072,147.2368,260.9027,59.2,79.7,8.1,222.1,1019.8,3.2,0.0,108.3,166.0,Unhealthy
2019-11-24,89.46936,148.6815,257.4252,59.1,85.0,8.1,247.6,1018.9,3.0,0.0,153.3,169.0,Unhealthy
2019-11-25,77.14873,129.1139,225.0858,59.9,82.2,9.2,228.0,1020.8,3.0,0.0,106.9,162.0,Unhealthy
2019-11-26,89.77693,144.6286,247.3951,61.0,78.1,9.2,238.4,1021.0,2.6,0.0,166.2,169.0,Unhealthy
2019-11-27,97.84074,161.213,295.1053,58.5,79.2,8.1,232.7,1021.7,2.9,0.0,152.2,173.0,Unhealthy
2019-11-28,80.54972,145.4218,282.0512,57.8,71.6,9.2,255.4,1021.9,3.6,0.0,159.6,164.0,Unhealthy
2019-11-29,89.62521,186.6047,321.9979,56.8,66.5,8.1,46.5,1020.6,3.9,0.0,157.0,169.0,Unhealthy
2019-11-30,74.78498,139.9157,296.8152,55.8,71.3,11.4,307.8,1019.4,4.1,0.0,182.5,161.0,Unhealthy
2019-12-01,70.03913,124.9733,239.733,54.3,70.4,10.3,249.0,1019.3,4.2,0.1016,178.2,159.0,Unhealthy
2019-12-02,66.90573,104.9943,168.0819,53.1,79.7,9.2,228.9,1019.8,3.7,0.3048,158.0,157.0,Unhealthy
2019-12-03,72.02865,110.0076,174.5324,54.3,78.1,8.1,226.6,1019.5,3.7,0.1016,163.8,160.0,Unhealthy
2019-12-04,82.76439,119.9974,196.152,53.7,78.6,10.3,171.0,1022.8,3.4,0.0,173.9,165.0,Unhealthy
2019-12-05,97.50592,146.8011,222.3506,53.8,77.0,6.9,207.9,1025.5,2.8,0.0,167.5,173.0,Unhealthy
2019-12-06,97.89364,147.3031,225.2226,52.9,70.9,8.1,173.1,1025.0,3.6,0.0,167.2,173.0,Unhealthy
2019-12-07,84.33663,134.6319,218.4657,53.1,70.1,8.1,183.2,1023.3,3.8,0.0,166.2,166.0,Unhealthy
2019-12-08,86.36007,163.0282,320.1328,52.1,71.7,8.1,186.3,1022.2,4.1,0.0,169.0,167.0,Unhealthy
2019-12-09,75.0024,130.24,243.1778,52.0,76.4,11.4,199.2,1021.3,3.7,0.0,172.0,161.0,Unhealthy
2019-12-10,70.74201,108.0963,176.0681,52.6,78.7,8.1,215.0,1018.5,3.6,0.0,122.1,159.0,Unhealthy
2019-12-11,60.56964,88.27911,161.2621,53.4,78.7,9.2,238.2,1017.3,3.7,0.0,85.6,154.0,Unhealthy
2019-12-12,80.0806,101.816,141.3022,53.1,83.7,5.8,172.5,1020.0,3.2,0.0,69.7,164.0,Unhealthy
2019-12-13,68.65964,75.58095,78.1871,50.3,93.4,10.3,88.8,1021.8,2.9,0.0,32.1,158.0,Unhealthy
2019-12-14,31.94374,42.17307,72.64913,51.6,88.6,10.3,182.3,1022.5,4.1,33.3,122.0,93.0,Moderate
2019-12-15,59.02693,77.61254,113.8807,50.9,83.9,8.1,226.9,1020.7,3.9,0.0,110.6,153.0,Unhealthy
2019-12-16,58.8047,80.25435,128.6105,50.8,82.7,9.2,247.8,1020.3,3.6,0.0,156.8,153.0,Unhealthy
2019-12-17,61.50036,82.22517,122.8893,49.6,81.2,8.1,255.2,1020.3,3.7,0.0,169.6,154.0,Unhealthy
2019-12-18,65.83894,87.05571,132.6619,48.9,77.8,11.4,191.0,1020.1,4.2,0.0,153.0,156.0,Unhealthy
2019-12-19,65.97871,83.71536,114.6251,49.5,78.5,10.3,243.0,1019.3,3.6,0.1016,148.0,156.0,Unhealthy
2019-12-20,88.42539,134.7989,226.2064,50.4,77.0,8.1,212.4,1017.2,3.5,0.0,155.4,168.0,Unhealthy
2019-12-21,103.502,136.1353,196.807,51.2,79.5,9.2,263.0,1018.0,3.1,0.0,143.9,176.0,Unhealthy
2019-12-22,83.03039,118.7387,234.1227,51.1,72.2,11.4,273.0,1017.8,3.8,0.0,158.3,165.0,Unhealthy
2019-12-23,80.80534,114.0852,191.9783,49.4,74.5,8.1,253.7,1018.6,4.3,0.0,152.0,164.0,Unhealthy
2019-12-24,73.58855,107.9545,187.0592,48.8,77.0,9.2,240.5,1019.8,3.5,0.0,170.4,160.0,Unhealthy
2019-12-25,82.46411,118.7994,209.1052,47.1,74.7,8.1,180.7,1018.4,3.5,0.0,172.5,165.0,Unhealthy
2019-12-26,82.9093,120.6315,198.8308,45.1,73.9,9.2,153.8,1017.4,3.6,0.0,165.5,165.0,Unhealthy
2019-12-27,80.16911,111.7883,213.4818,45.3,72.3,9.2,203.5,1018.1,3.4,0.0,159.0,164.0,Unhealthy
2019-12-28,104.82,134.7128,203.1288,46.4,68.9,6.9,134.6,1020.4,3.1,0.4064,174.2,176.0,Unhealthy
2019-12-29,117.0423,151.3344,225.2334,47.5,69.0,8.1,145.6,1020.6,3.1,0.0,172.0,183.0,Unhealthy
2019-12-30,116.0365,158.866,255.4157,47.6,68.0,8.1,145.2,1021.5,3.5,0.0,172.1,182.0,Unhealthy
2019-12-31,139.5653,196.9312,241.8994,47.8,66.1,8.1,138.1,1023.2,3.2,0.0,170.0,194.0,Unhealthy
2020-01-01,137.2214,178.6197,228.3831,48.6,70.7,5.8,131.3,1025.3,2.9,0.0,145.7,193.0,Unhealthy
2020-01-02,133.6891,160.4747,190.4052,50.3,73.7,6.9,59.6,1025.6,2.9,0.0,110.0,191.0,Unhealthy
2020-01-03,117.3546,125.154,127.2202,46.0,91.2,8.1,104.7,1021.7,2.3,0.0,26.5,183.0,Unhealthy
2020-01-04,66.22839,71.84955,85.9844,47.1,93.4,8.1,202.7,1018.5,2.7,0.0,109.9,157.0,Unhealthy
2020-01-05,52.30509,68.0739,112.7043,47.1,80.3,9.2,287.6,1017.3,4.4,0.0,129.7,142.0,Unhealthy for Sensitive Groups
2020-01-06,75.45167,94.20998,134.3484,46.3,79.7,9.2,185.7,1019.7,3.6,0.0,165.5,161.0,Unhealthy
2020-01-07,81.27001,94.36108,126.225,49.0,81.7,8.1,291.5,1019.3,2.9,0.0,128.7,164.0,Unhealthy
2020-01-08,98.97469,103.6597,111.6383,48.3,89.7,4.7,141.2,1019.0,2.1,0.6096,84.3,173.0,Unhealthy
2020-01-09,67.8364,72.31882,76.66586,47.9,92.7,4.7,76.1,1018.9,2.3,1.5,79.9,157.0,Unhealthy
2020-01-10,66.57103,81.47934,125.0448,48.9,84.8,8.1,250.8,1019.2,2.8,0.0,136.2,157.0,Unhealthy
2020-01-11,79.40425,97.32533,146.6619,49.2,81.0,6.9,186.2,1020.1,2.9,0.0,161.8,163.0,Unhealthy
2020-01-12,89.27517,111.0058,175.7241,49.5,78.4,8.1,207.8,1018.2,2.8,0.0,177.6,168.0,Unhealthy
2020-01-13,94.75287,116.1454,166.2091,51.0,77.4,9.2,215.9,1016.6,2.9,0.0,175.6,171.0,Unhealthy
2020-01-14,98.46233,127.4733,207.0436,52.4,75.5,9.2,277.2,1016.8,3.4,0.0,178.9,173.0,Unhealthy
2020-01-15,85.04601,101.8726,134.9947,53.1,74.5,11.4,285.5,1018.8,3.6,0.0,189.6,166.0,Unhealthy
2020-01-16,84.15689,101.3273,127.9974,49.8,85.8,5.8,24.3,1020.1,2.4,0.0,44.8,166.0,Unhealthy
2020-01-17,47.55358,48.33337,49.10722,47.8,98.0,10.3,89.6,1021.2,2.2,0.0,39.5,131.0,Unhealthy for Sensitive Groups
2020-01-18,85.25247,119.2243,206.6357,49.6,84.9,9.2,231.5,1020.9,2.4,0.0,171.0,166.0,Unhealthy
2020-01-19,80.05741,113.0657,229.2507,47.9,74.3,12.8,87.5,1018.9,3.4,0.0,151.8,164.0,Unhealthy
2020-01-20,83.94928,123.2228,217.4166,47.0,70.7,9.2,304.4,1018.7,3.7,0.0,186.2,166.0,Unhealthy
2020-01-21,137.484,194.2185,281.3361,46.9,75.9,5.8,102.0,1021.0,2.6,0.0,137.9,193.0,Unhealthy
2020-01-22,110.6249,161.5139,247.0368,48.5,67.9,11.4,317.7,1021.0,3.6,0.0,200.4,179.0,Unhealthy
2020-01-23,79.76374,116.0683,177.0421,48.1,71.3,62.2,235.6,1016.8,4.0,0.0,156.8,164.0,Unhealthy
2020-01-24,78.19467,110.619,203.7791,46.4,79.6,13.9,155.2,1016.3,3.4,0.0,170.3,163.0,Unhealthy
2020-01-25,96.17504,124.4999,199.4057,48.2,77.2,9.2,233.5,1017.6,2.7,3.9878,147.5,172.0,Unhealthy
2020-01-26,96.12997,120.4747,180.5904,48.2,80.6,8.1,247.5,1016.0,2.6,0.0,126.9,172.0,Unhealthy
2020-01-27,98.35847,134.3763,219.7666,48.4,79.7,11.4,200.8,1015.0,2.8,0.0,107.7,173.0,Unhealthy
2020-01-28,113.553,155.5553,252.4788,50.4,73.9,10.3,291.5,1016.3,3.1,0.7111999999999999,194.9,181.0,Unhealthy
2020-01-29,80.33364,109.5357,195.7287,53.7,72.2,9.2,260.2,1019.2,3.7,0.0,157.7,164.0,Unhealthy
2020-01-30,82.37316,118.659,210.2277,50.3,74.1,11.4,221.7,1017.3,3.5,0.0,172.0,165.0,Unhealthy
2020-01-31,75.70938,106.6049,181.397,50.7,77.1,10.3,235.6,1016.3,3.4,0.0,172.3,161.0,Unhealthy
2020-02-01,70.9367,124.2059,281.2823,51.1,76.3,13.9,193.1,1018.0,3.3,0.0,107.1,159.0,Unhealthy
2020-02-02,68.91687,102.4727,194.6208,50.0,73.6,8.1,232.3,1019.1,3.7,0.0,169.5,158.0,Unhealthy
2020-02-03,85.28758,118.506,196.9593,48.6,77.5,10.3,210.6,1020.5,3.3,0.0,170.0,166.0,Unhealthy
2020-02-04,84.28388,116.1141,216.2955,49.7,76.0,10.3,243.2,1019.2,2.9,0.0,167.4,166.0,Unhealthy
2020-02-05,84.58427,122.9353,251.0806,49.7,76.3,10.3,235.6,1016.7,3.1,0.0,177.9,166.0,Unhealthy
2020-02-06,84.05397,137.5798,314.1439,49.4,75.7,11.4,191.5,1018.3,3.1,0.0,163.0,166.0,Unhealthy
2020-02-07,80.92965,125.6309,277.3268,50.8,74.1,13.9,198.7,1020.3,3.2,0.0,190.0,164.0,Unhealthy
2020-02-08,74.4595,148.5369,388.5389,50.2,68.6,10.3,177.4,1021.7,3.4,0.0,161.8,161.0,Unhealthy
2020-02-09,79.8831,135.756,277.2183,49.2,68.5,9.2,323.1,1023.1,3.2,11.2014,176.5,164.0,Unhealthy
2020-02-10,77.20728,107.9383,223.0832,50.2,67.9,10.3,218.6,1021.3,3.4,28.194000000000003,201.6,162.0,Unhealthy
2020-02-11,85.18531,110.3593,224.9001,51.3,69.9,11.4,238.0,1021.5,3.4,0.0,199.0,166.0,Unhealthy
2020-02-12,83.64704,112.4854,231.7366,52.9,71.5,11.4,193.9,1020.6,3.5,0.0,213.3,166.0,Unhealthy
2020-02-13,84.56376,119.3592,233.9861,54.3,71.9,13.9,189.8,1017.3,3.3,0.0,212.8,166.0,Unhealthy
2020-02-14,82.94429,107.7009,208.6938,55.3,73.7,11.4,222.0,1013.5,3.2,0.0,158.9,165.0,Unhealthy
2020-02-15,88.95834,111.3894,200.0509,56.0,76.8,11.4,180.8,1016.0,2.7,0.0,87.0,168.0,Unhealthy
2020-02-16,104.0931,128.7336,220.2423,57.5,76.6,9.2,210.6,1019.5,2.2,0.0,116.1,176.0,Unhealthy
2020-02-17,102.9535,128.9711,234.7935,58.2,78.3,10.3,246.7,1020.1,2.2,0.0,131.1,176.0,Unhealthy
2020-02-18,94.07912,121.9897,243.3347,57.3,79.0,9.2,202.3,1017.8,2.3,0.889,186.6,171.0,Unhealthy
2020-02-19,88.28112,113.8975,211.6399,58.5,78.9,8.1,214.7,1020.0,2.5,0.0,134.2,168.0,Unhealthy
2020-02-20,94.97252,119.6095,219.9774,57.7,80.5,10.3,227.0,1021.3,2.0,0.0,160.6,171.0,Unhealthy
2020-02-21,88.32046,97.23692,134.2861,55.2,87.3,8.1,239.4,1025.4,1.8,0.0,87.7,168.0,Unhealthy
2020-02-22,48.2191,66.78693,153.265,57.5,77.8,5.8,259.0,1025.2,3.6,6.4,203.6,132.0,Unhealthy for Sensitive Groups
2020-02-23,61.68678,112.9176,304.8487,56.1,72.1,10.3,154.6,1023.1,3.5,0.0,197.7,154.0,Unhealthy
2020-02-24,44.48763,91.04041,246.1793,54.6,70.6,11.4,151.3,1019.9,3.7,0.0,181.9,123.0,Unhealthy for Sensitive Groups
2020-02-25,34.37078,69.96737,197.1332,53.9,75.6,11.4,111.2,1017.8,3.9,0.0,137.9,98.0,Moderate
2020-02-26,19.66966,32.0027,76.62313,50.9,88.8,9.2,109.3,1018.2,4.3,0.6096,109.9,67.0,Moderate
2020-02-27,29.0442,58.96433,160.1588,54.7,76.8,10.3,235.1,1019.2,4.3,0.0,197.2,87.0,Moderate
2020-02-28,37.93062,77.68022,192.6514,56.7,76.4,10.3,233.3,1019.1,3.9,0.0,178.8,107.0,Unhealthy for Sensitive Groups
2020-02-29,40.54257,72.41721,163.9278,58.1,74.3,9.2,204.9,1018.2,4.1,0.0,182.4,113.0,Unhealthy for Sensitive Groups
2020-03-01,39.13406,36.14983,235.5546,58.4,75.0,10.3,292.1,1018.3,4.2,0.0,189.5,110.0,Unhealthy for Sensitive Groups
2020-03-02,40.71115,39.42162666666667,205.3269,56.1,74.3,12.8,217.0,1017.2,4.2,0.0,194.5,114.0,Unhealthy for Sensitive Groups
2020-03-03,33.9678,42.693423333333335,191.7967,57.5,70.9,10.3,217.5,1015.8,4.1,0.0,217.7,97.0,Moderate
2020-03-04,35.38186,45.96522,161.8298,58.2,69.4,15.0,182.1,1016.5,4.2,0.0,185.6,100.0,Moderate
2020-03-05,40.44466,49.23701666666667,208.5455,57.3,70.0,13.9,168.3,1017.2,4.1,0.0,209.1,113.0,Unhealthy for Sensitive Groups
2020-03-06,35.66541,52.508813333333336,219.3315,58.5,63.0,9.2,111.8,1018.0,4.3,0.5,180.8,101.0,Unhealthy for Sensitive Groups
2020-03-07,29.15717,55.78061,113.4749,52.7,84.5,9.2,82.6,1019.8,4.1,8.1,122.8,87.0,Moderate
2020-03-08,28.59333,59.05240666666667,152.1388,54.8,73.2,15.0,293.4,1017.2,4.2,0.0,261.0,86.0,Moderate
2020-03-09,31.13153,62.32420333333333,118.5083,57.8,74.6,15.0,210.2,1015.3,4.6,0.0,250.9,91.0,Moderate
2020-03-10,33.27005,65.596,162.9951,61.2,71.9,15.0,246.3,1016.3,4.3,0.0,213.6,96.0,Moderate
2020-03-11,37.81845,68.86779666666666,171.1984,61.9,66.8,13.9,295.6,1017.0,4.2,0.0,240.5,107.0,Unhealthy for Sensitive Groups
2020-03-12,35.72331,72.13959333333332,234.4022,62.7,55.4,10.3,269.2,1019.9,4.6,0.0,252.3,102.0,Unhealthy for Sensitive Groups
2020-03-13,41.15294,75.41139,192.8354,56.1,68.4,11.4,103.1,1021.9,4.0,0.0,128.1,115.0,Unhealthy for Sensitive Groups
2020-03-14,27.53958,47.08789,118.7559,57.9,76.8,10.3,161.7,1019.6,4.5,0.0,193.7,83.0,Moderate
2020-03-15,29.52633,91.37177,302.1441,58.5,65.9,12.8,166.8,1019.7,4.7,0.0,225.4,88.0,Moderate
2020-03-16,31.34536,67.93475,180.9621,58.2,61.8,13.9,209.6,1019.4,5.1,0.0,246.6,91.0,Moderate
2020-03-17,38.03766,85.55189,205.3551,60.3,69.5,15.0,204.6,1019.7,4.5,0.0,263.3,107.0,Unhealthy for Sensitive Groups
2020-03-18,36.39312833333334,82.09765142857142,195.8159,60.6,67.5,16.1,215.5,1018.0,4.1,0.0,249.2,103.0,Unhealthy for Sensitive Groups
2020-03-19,34.74859666666667,78.64341285714286,186.2767,60.4,66.8,16.1,205.2,1016.3,4.1,0.6096,207.9,99.0,Moderate
2020-03-20,33.104065000000006,75.18917428571429,176.73749999999998,61.0,62.9,10.3,244.3,1017.0,3.9,10.3886,236.6,95.0,Moderate
2020-03-21,31.459533333333336,71.73493571428571,167.1983,58.1,67.7,16.1,153.9,1017.5,3.8,0.6096,226.2,92.0,Moderate
2020-03-22,29.815001666666667,68.28069714285715,157.6591,58.4,73.5,15.0,188.5,1018.2,3.9,0.0,182.0,88.0,Moderate
2020-03-23,28.17047,64.82645857142857,148.1199,57.5,83.4,15.0,131.9,1017.7,4.3,13.5,229.7,85.0,Moderate
2020-03-24,26.525938333333336,61.37222,138.58069999999998,60.5,78.1,12.8,203.2,1016.8,4.6,0.0,229.5,81.0,Moderate
2020-03-25,24.88140666666667,57.91798142857143,129.04149999999998,64.1,75.8,17.2,227.7,1015.5,4.2,0.0,223.5,78.0,Moderate
2020-03-26,23.236875,54.46374285714286,119.5023,66.9,72.2,11.4,196.8,1016.3,4.2,0.0,258.0,74.0,Moderate
2020-03-27,21.592343333333336,51.009504285714286,109.9631,68.4,70.9,15.0,302.1,1018.1,4.1,0.0,256.9,71.0,Moderate
2020-03-28,19.94781166666667,47.55526571428572,100.4239,68.8,56.6,16.1,311.5,1015.9,5.1,3.3,289.7,68.0,Moderate
2020-03-29,18.30328,44.10102714285714,90.8847,66.5,53.4,12.8,271.2,1013.9,4.9,0.0,293.2,64.0,Moderate
2020-03-30,27.034,40.64678857142857,81.3455,66.0,56.8,10.3,286.3,1015.2,5.3,0.0,302.3,82.0,Moderate
2020-03-31,33.64566,37.19255,71.8063,66.1,61.1,17.2,200.5,1016.3,4.9,25.4,254.0,96.0,Moderate
2020-04-01,32.26859,39.01197,80.04696,63.7,68.7,25.3,267.1,1016.2,4.6,0.8,249.4,93.0,Moderate
2020-04-02,22.14651,27.5442,54.13519,64.7,56.8,12.8,299.3,1015.4,5.1,0.8,271.4,72.0,Moderate
2020-04-03,30.15352,36.95864,63.72464,65.1,51.5,12.8,184.5,1015.9,5.0,0.0,280.7,89.0,Moderate
2020-04-04,37.42298,41.51527,57.09408,64.9,52.9,15.0,207.5,1017.0,4.6,0.0,274.4,106.0,Unhealthy for Sensitive Groups
2020-04-05,47.59879,53.52052,80.38436,64.8,53.0,13.9,234.4,1018.2,4.1,0.0,267.9,131.0,Unhealthy for Sensitive Groups
2020-04-06,54.33964,60.96831,93.22112,65.8,54.0,15.0,184.9,1015.9,4.1,0.0,288.9,147.0,Unhealthy for Sensitive Groups
2020-04-07,47.29448,57.38969,97.59687,67.0,53.4,12.8,224.2,1014.4,4.0,0.0,294.5,130.0,Unhealthy for Sensitive Groups
2020-04-08,50.98586,62.778,101.3632,67.2,56.1,21.9,196.9,1015.7,3.7,0.0,231.4,139.0,Unhealthy for Sensitive Groups
2020-04-09,37.51783,50.60566,106.7408,66.0,47.8,13.9,282.6,1016.7,4.3,0.0,257.3,106.0,Unhealthy for Sensitive Groups
2020-04-10,47.63451,54.40954,75.71375,66.9,46.2,13.9,203.9,1019.1,3.9,0.0,299.7,131.0,Unhealthy for Sensitive Groups
2020-04-11,75.2878,80.8916,105.7014,64.5,63.0,16.1,193.3,1019.9,2.9,1.0,247.6,161.0,Unhealthy
2020-04-12,63.74528,67.39158,91.09253,66.9,68.4,11.4,212.4,1018.1,3.2,0.3,297.4,155.0,Unhealthy
2020-04-13,56.5796,60.26368,81.63095,70.4,69.4,15.0,215.3,1016.8,3.4,0.0,253.1,152.0,Unhealthy
2020-04-14,38.31603,41.18198,53.5048,69.8,67.6,10.3,235.2,1019.2,4.2,2.0,244.6,108.0,Unhealthy for Sensitive Groups
2020-04-15,21.95072,23.96041,33.72046,69.4,64.5,15.0,227.7,1018.2,5.1,1.3,258.0,72.0,Moderate
2020-04-16,31.72342,34.98528,57.11439,68.5,72.5,8.1,84.8,1015.4,4.3,8.991599999999998,182.2,92.0,Moderate
2020-04-17,34.04761,35.93354,45.19681,68.5,80.2,17.2,216.7,1014.5,3.6,2.0,197.3,97.0,Moderate
2020-04-18,20.00018,22.5932,38.99861,67.5,72.2,15.0,281.2,1016.2,4.4,3.8,260.9,68.0,Moderate
2020-04-19,19.198,22.34503,35.53658,65.7,67.2,12.8,225.8,1016.3,4.9,0.0,266.5,66.0,Moderate
2020-04-20,18.55693,21.17258,32.998,65.6,65.5,11.4,177.6,1016.8,4.8,1.5,266.2,65.0,Moderate
2020-04-21,9.659475,10.37066,16.84163,60.7,77.2,11.4,69.5,1017.4,4.7,17.0,177.2,40.0,Good
2020-04-22,13.85106,14.38051,15.43266,60.2,79.5,9.2,160.0,1016.0,4.6,9.4,253.2,55.0,Moderate
2020-04-23,24.18947,24.96809,29.7358,60.9,84.0,8.1,297.4,1015.5,4.1,4.1,205.4,76.0,Moderate
2020-04-24,28.48257,29.32965,32.05808,61.4,83.4,20.8,140.5,1014.0,4.0,3.4036,241.5,85.0,Moderate
2020-04-25,25.412,25.77926,26.93347,63.2,86.4,11.4,152.8,1015.0,3.8,1.2954,216.3,79.0,Moderate
2020-04-26,28.97069,29.52201,31.7833,63.4,87.3,9.2,155.1,1018.2,3.6,8.6106,157.0,86.0,Moderate
2020-04-27,21.89253,22.36229,23.13604,63.4,85.3,9.2,126.6,1020.6,4.1,4.6,207.2,72.0,Moderate
2020-04-28,19.87513,20.38563,21.99084,63.8,80.3,15.0,233.5,1018.3,4.6,0.0,233.1,67.0,Moderate
2020-04-29,19.60391,20.01567,22.24589,63.7,84.7,16.1,155.7,1017.2,4.7,3.8,240.9,67.0,Moderate
2020-04-30,19.03461,19.54717,23.07041,65.4,84.2,10.3,219.1,1017.8,4.6,0.3,244.6,66.0,Moderate
2020-05-01,20.72341,21.17423,22.08522,64.9,85.4,6.9,124.7,1016.4,4.7,4.3,150.5,69.0,Moderate
2020-05-02,19.97618,20.48415,22.53115,67.4,80.0,9.2,217.6,1015.8,5.0,0.3,229.3,68.0,Moderate
2020-05-03,23.55346,24.45068,27.09266,68.4,78.1,11.4,268.2,1016.3,4.5,0.0,256.6,75.0,Moderate
2020-05-04,15.33579,15.8992,16.78505,64.8,85.6,6.9,50.1,1017.7,4.8,8.1,164.6,58.0,Moderate
2020-05-05,14.86821,15.90637,18.97757,64.4,84.5,13.9,118.4,1016.2,4.6,0.0,223.3,57.0,Moderate
2020-05-06,9.663459,10.3877,14.81725,65.1,78.7,9.2,248.5,1015.4,5.1,0.0,248.6,40.0,Good
2020-05-07,14.40192,14.99817,15.54814,60.3,83.7,15.0,82.8,1016.5,5.1,9.7,263.6,56.0,Moderate
2020-05-08,17.12354,18.03121,23.49766,64.6,72.1,12.8,222.6,1014.3,5.4,0.0,257.1,62.0,Moderate
2020-05-09,18.87685,20.05822,23.65287,68.8,74.0,9.2,260.3,1016.6,5.1,0.0,276.9,65.0,Moderate
2020-05-10,22.75632,24.89477,34.07584,66.8,79.5,12.8,140.3,1017.8,4.5,0.3,217.0,73.0,Moderate
2020-05-11,31.84663,34.35665,46.11684,65.1,76.5,8.1,17.4,1018.2,4.5,0.0,241.8,93.0,Moderate
2020-05-12,23.34893,24.68101,31.00799,68.9,72.6,10.3,252.8,1016.3,4.5,0.0,232.0,75.0,Moderate
2020-05-13,19.82399,22.24156,33.87506,71.6,67.6,11.4,284.2,1014.8,5.0,0.0,260.8,67.0,Moderate
2020-05-14,24.98642,26.87785,35.89697,74.0,67.0,15.0,247.1,1014.3,5.0,0.1016,278.7,78.0,Moderate
2020-05-15,25.22014,25.90282,31.82186,72.9,77.2,9.2,284.9,1012.4,4.2,0.3,237.2,79.0,Moderate
2020-05-16,26.83702,28.34125,36.50246,74.2,71.5,13.9,233.0,1011.7,4.1,0.0,283.4,82.0,Moderate
2020-05-17,20.99861,24.09268,43.63931,74.6,65.5,15.0,206.3,1011.9,5.0,0.0,284.4,70.0,Moderate
2020-05-18,21.57585,24.09728,35.5904,73.8,71.4,12.8,215.2,1010.6,4.5,0.0,227.4,71.0,Moderate
2020-05-19,18.09914,19.26693,26.64534,73.3,63.9,10.3,161.2,1010.8,4.9,0.3,261.5,64.0,Moderate
2020-05-20,18.72136,20.38817,26.97154,71.3,70.0,13.9,232.8,1009.1,4.6,0.0,170.7,65.0,Moderate
2020-05-21,15.85918,16.35379,20.43271,73.2,78.8,12.8,272.5,1008.6,4.8,0.0,85.4,59.0,Moderate
2020-05-22,17.3156,18.11927,21.71314,74.9,78.4,9.2,258.5,1010.7,4.3,0.0,176.5,62.0,Moderate
2020-05-23,13.3923,14.38405,18.09813,74.9,81.1,12.8,227.3,1011.9,4.6,0.0,62.4,54.0,Moderate
2020-05-24,14.98512,17.16719,29.74324,76.0,71.0,10.3,266.4,1011.3,4.8,0.0,164.8,57.0,Moderate
2020-05-25,17.3127,21.54254,42.86643,74.3,71.9,13.9,326.7,1011.6,4.4,1.0,255.1,62.0,Moderate
2020-05-26,18.4713,20.27618,35.93512,68.8,83.1,15.0,85.7,1012.2,4.0,28.7,261.3,64.0,Moderate
2020-05-27,21.1058,26.16666,39.37233,66.9,86.5,15.0,88.0,1011.2,4.1,19.8,248.4,70.0,Moderate
2020-05-28,17.51751,21.81097,35.26707,69.3,79.8,9.2,126.6,1012.2,5.2,0.0,229.6,62.0,Moderate
2020-05-29,11.00244,14.18647,22.35322,69.1,75.6,10.3,207.8,1014.3,5.2,13.0048,251.8,46.0,Good
2020-05-30,16.00674,19.48265,32.15512,70.0,78.4,10.3,348.6,1015.3,4.8,10.9982,242.2,59.0,Moderate
2020-05-31,17.39376,21.48282,29.81,70.1,83.0,8.1,241.9,1016.0,4.7,0.0,126.3,62.0,Moderate
2020-06-01,16.17385,20.52806,31.25722,71.0,77.0,12.8,271.3,1015.3,4.9,0.0,277.6,60.0,Moderate
2020-06-02,14.64929,21.26434,49.54976,72.5,68.9,12.8,297.5,1013.5,5.3,24.9936,250.9,56.0,Moderate
2020-06-03,18.94118,25.1252,46.52693,71.2,77.3,11.4,166.0,1013.0,5.0,0.0,215.5,65.0,Moderate
2020-06-04,26.72777,31.87396,45.80261,69.3,85.1,6.9,221.5,1012.8,4.3,0.0,108.4,82.0,Moderate
2020-06-05,13.58063,14.14076,15.41507,66.3,94.2,9.2,82.0,1011.8,4.6,0.2032,41.5,54.0,Moderate
2020-06-06,8.347654,9.817395,15.43872,68.6,91.8,11.4,195.0,1010.7,4.7,0.0,61.0,35.0,Good
2020-06-07,9.243173,13.18368,22.97817,73.2,83.7,10.3,251.2,1010.1,5.1,21.9964,214.0,39.0,Good
2020-06-08,12.02386,16.61372,35.73433,73.2,82.5,10.3,267.6,1010.8,5.4,0.0,259.8,,Hazardous
2020-06-09,19.31655,26.97794,48.72383,76.1,77.4,10.3,250.9,1011.5,5.0,0.0,255.8,66.0,Moderate
2020-06-10,18.84783,26.39997,48.3838,75.0,80.5,6.9,103.4,1011.9,4.7,3.9878,243.9,65.0,Moderate
2020-06-11,17.61394,23.6883,41.13678,76.4,78.0,10.3,250.7,1010.4,4.5,0.0,255.0,63.0,Moderate
2020-06-12,11.91699,16.86507,36.72784,77.0,77.3,12.8,223.9,1009.3,4.7,0.0,221.4,50.0,Good
2020-06-13,9.575957,12.69438,23.20125,75.4,85.6,10.3,212.1,1009.8,4.6,0.0,214.6,40.0,Good
2020-06-14,6.275631,9.075815,18.3963,75.5,83.7,8.1,220.4,1010.7,5.5,0.2032,99.5,26.0,Good
2020-06-15,8.183179,10.12611,14.33798,73.5,91.5,10.3,193.3,1009.6,4.8,10.0076,112.5,34.0,Good
2020-06-16,5.88078,8.163831,18.65864,73.1,90.8,9.2,119.9,1007.8,4.9,0.0,42.8,25.0,Good
2020-06-17,7.956863,11.69362,24.28432,74.7,87.4,12.8,206.8,1006.8,4.7,0.0,217.2,33.0,Good
2020-06-18,7.240655,9.751724,19.80885,73.8,92.7,8.1,196.2,1007.5,4.6,15.011399999999998,84.2,30.0,Good
2020-06-19,11.00087,13.67928,17.9817,73.1,93.7,6.9,211.0,1009.5,4.2,0.9906,91.7,46.0,Good
2020-06-20,16.65977,19.79593,26.51289,72.8,92.2,6.9,191.2,1010.6,4.2,0.889,89.6,61.0,Moderate
2020-06-21,16.54731,21.5058,30.37118,72.6,91.4,5.8,188.7,1009.7,4.1,0.0,174.0,60.0,Moderate
2020-06-22,8.619591,10.57775,15.1806,72.3,95.2,11.4,232.9,1009.8,3.8,20.193,94.8,36.0,Good
2020-06-23,13.7614,22.64285,59.09264,74.6,87.9,9.2,179.3,1012.8,4.8,13.8176,111.8,54.0,Moderate
2020-06-24,12.89105,19.48005,47.0665,75.1,86.4,8.1,155.3,1012.8,4.5,0.7111999999999999,185.1,53.0,Moderate
2020-06-25,14.44771,18.02588,22.20771,73.3,93.8,5.8,214.6,1010.5,4.4,0.0,100.0,56.0,Moderate
2020-06-26,7.893257,11.40295,26.20291,73.4,89.6,8.1,230.7,1008.0,4.9,0.0,72.0,33.0,Good
2020-06-27,10.92556,15.87233,35.05072,75.3,85.0,15.0,223.6,1007.7,5.0,5.0038,160.3,46.0,Good
2020-06-28,11.84247,15.28094,21.38202,72.9,92.9,10.3,107.8,1009.1,4.2,5.0038,105.6,49.0,Good
2020-06-29,11.30245,18.02957,42.30435,73.2,89.9,8.1,197.3,1010.8,4.5,5.9944,64.4,47.0,Good
2020-06-30,18.02207,26.34789,57.22458,74.4,86.6,13.9,193.2,1011.2,4.6,0.0,173.7,63.0,Moderate
2020-07-01,19.48183,28.51758,57.08512,76.5,82.5,6.9,249.2,1009.8,4.3,0.0,206.4,67.0,Moderate
2020-07-02,17.66793,27.25626,61.35816,76.8,80.4,13.9,221.8,1007.9,4.2,28.9814,169.6,63.0,Moderate
2020-07-03,15.91625,21.43113,36.66316,75.3,84.0,10.3,176.7,1009.5,4.2,0.508,139.3,59.0,Moderate
2020-07-04,14.41573,18.48015,23.81818,72.0,93.6,8.1,153.2,1009.7,3.9,3.6067999999999993,76.3,56.0,Moderate
2020-07-05,10.78637,17.19212,40.45086,75.3,84.6,9.2,204.8,1008.4,4.7,0.2032,205.1,45.0,Good
2020-07-06,6.68109,9.545991,22.21833,73.8,92.7,13.9,214.5,1008.1,4.6,2.4892,132.1,28.0,Good
2020-07-07,8.584123,12.13112,26.34722,75.5,88.1,8.1,222.6,1011.5,4.8,75.00619999999999,119.9,36.0,Good
2020-07-08,6.749465,10.42235,24.57187,77.0,84.6,113.0,220.5,1011.3,4.9,2.2097999999999995,118.6,28.0,Good
2020-07-09,9.991151,11.59081,16.22519,74.1,94.4,8.1,55.0,1008.1,4.1,3.4036,99.6,42.0,Good
2020-07-10,8.340984,10.57571,14.38729,73.1,95.2,8.1,218.1,1006.8,4.2,22.8092,85.2,35.0,Good
2020-07-11,7.218529,10.09622,18.36109,73.8,91.4,8.1,197.4,1006.1,4.3,5.0038,64.4,30.0,Good
2020-07-12,12.47597,16.31267,23.09922,73.1,92.6,10.3,202.8,1007.2,4.0,115.189,68.9,52.0,Moderate
2020-07-13,9.853923,14.1045,30.353,73.5,90.0,8.1,194.3,1007.9,4.0,40.5892,74.3,41.0,Good
2020-07-14,10.22458,16.12998,33.07876,74.0,90.1,6.9,203.6,1010.5,4.6,2.4892,127.0,43.0,Good
2020-07-15,11.95862,21.31236,55.3807,75.8,84.9,13.9,209.4,1010.6,4.5,27.813,194.5,50.0,Good
2020-07-16,9.405402,16.01633,41.16779,75.9,86.1,12.8,209.8,1010.2,4.8,6.7056,190.3,39.0,Good
2020-07-17,8.979005,15.43761,44.17401,75.5,84.3,10.3,187.5,1010.8,4.7,0.0,105.3,37.0,Good
2020-07-18,9.484535,11.15595,15.05057,71.8,96.0,8.1,4.8,1012.0,3.8,52.9844,83.7,40.0,Good
2020-07-19,8.616349,9.378824,10.14788,70.7,98.3,5.8,92.9,1009.5,3.5,41.0972,55.0,36.0,Good
2020-07-20,9.858085,10.2234,10.2556,69.8,99.5,8.1,95.4,1008.2,3.5,5.8928,46.6,41.0,Good
2020-07-21,10.70497,13.29076,20.06629,70.6,94.3,8.1,144.9,1010.0,4.0,8.001,76.9,45.0,Good
2020-07-22,8.426484,12.63943,28.62448,73.2,88.6,9.2,199.0,1009.3,4.8,0.508,165.0,35.0,Good
2020-07-23,9.477531,12.08256,20.16389,71.7,96.7,12.8,186.4,1011.2,4.1,17.2974,115.9,39.0,Good
2020-07-24,9.388458,13.85408,36.82622,72.6,92.9,10.3,215.2,1014.3,4.1,12.5984,146.2,39.0,Good
2020-07-25,10.01967,16.54719,51.74946,73.9,89.9,10.3,225.2,1015.4,4.4,0.7111999999999999,158.7,42.0,Good
2020-07-26,15.1666,23.3175,52.05765,75.9,86.5,8.1,255.3,1014.3,4.5,10.3124,187.8,57.0,Moderate
2020-07-27,13.57986,21.84281,56.78819,75.9,85.9,12.8,263.3,1011.5,4.8,3.7084,120.1,54.0,Moderate
2020-07-28,11.60907,16.46355,28.50546,73.5,90.3,11.4,146.1,1011.1,4.3,8.001,31.8,48.0,Good
2020-07-29,11.94435,19.74961,47.9779,73.4,90.2,10.3,197.3,1012.3,4.6,0.9144,122.4,50.0,Good
2020-07-30,11.5532,18.20554,35.80003,73.8,88.8,10.3,207.2,1012.6,4.6,1.016,147.9,48.0,Good
2020-07-31,10.59894,17.96807,43.62524,74.4,87.7,9.2,240.2,1011.3,4.3,0.1016,148.6,44.0,Good
2020-08-01,9.205313,13.56164,31.86684,74.6,88.5,9.2,262.3,1010.6,4.3,0.3048,81.9,38.0,Good
2020-08-02,10.3049,17.09272,47.36263,77.4,83.7,12.8,230.5,1008.1,5.2,3.2004,158.1,43.0,Good
2020-08-03,11.15436,15.74872,29.32668,76.2,87.7,9.2,235.4,1005.3,4.5,3.9878,161.2,46.0,Good
2020-08-04,10.83007,19.73128,62.61606,78.7,78.7,13.9,166.7,1003.8,5.0,0.4064,232.3,45.0,Good
2020-08-05,6.10353,10.7547,32.02575,75.9,87.9,9.2,235.7,1006.2,4.7,10.0076,223.2,25.0,Good
2020-08-06,5.374397,8.855447,35.79647,77.1,84.8,13.9,184.6,1010.5,5.7,11.9888,140.5,22.0,Good
2020-08-07,7.763193,12.07101,29.17865,77.4,85.6,9.2,199.0,1010.8,5.0,24.003,158.5,32.0,Good
2020-08-08,8.298801,10.15397,17.12317,75.1,91.2,9.2,188.0,1008.9,4.2,2.9972,157.6,35.0,Good
2020-08-09,8.147045,11.05381,22.78334,74.4,93.4,13.9,129.6,1009.4,4.0,0.508,125.0,34.0,Good
2020-08-10,10.50907,15.44267,32.25605,74.4,90.6,6.9,199.8,1010.1,4.6,1.4986,117.4,44.0,Good
2020-08-11,6.197622,8.57943,17.98151,73.9,92.6,11.4,186.3,1008.9,3.9,19.9898,134.2,26.0,Good
2020-08-12,7.67531,12.98508,37.02368,74.6,88.3,9.2,152.6,1008.8,4.7,0.508,78.1,32.0,Good
2020-08-13,9.460509,13.99855,30.18283,75.9,87.1,11.4,202.0,1008.5,4.3,16.509999999999998,86.2,39.0,Good
2020-08-14,7.640657,9.77715,22.65925,75.6,89.1,11.4,199.4,1007.8,4.9,0.7874,156.4,32.0,Good
2020-08-15,8.79114,11.98929,28.95853,73.8,90.0,8.1,188.2,1007.9,4.8,0.6096,134.4,37.0,Good
2020-08-16,7.492453,11.17771,26.33261,75.4,85.6,10.3,255.5,1008.0,4.9,28.0162,176.6,31.0,Good
2020-08-17,6.866911,7.075336,7.075336,76.2,88.2,9.2,227.8,1008.0,4.6,14.1986,167.9,29.0,Good
2020-08-18,7.557059152,8.199605312,9.061120512,72.6,97.8,6.9,105.0,1008.9,3.5,8.001,196.8,31.0,Good
2020-08-19,8.247207304,9.323874624,11.046905024,74.0,91.4,11.4,218.9,1009.2,4.1,1.397,197.8,34.0,Good
2020-08-20,8.937355455999999,10.448143936,13.032689536,73.8,90.6,16.1,214.9,1010.8,4.7,3.2004,214.8,37.0,Good
2020-08-21,9.627503608,11.572413248,15.018474048,74.9,84.9,10.3,204.3,1013.1,5.4,1.1938,183.9,40.0,Good
2020-08-22,10.31765176,12.69668256,17.00425856,73.2,87.5,11.4,197.8,1013.0,4.8,4.8006,148.3,43.0,Good
2020-08-23,11.007799912,13.820951872,18.990043072,75.0,83.4,10.3,199.0,1012.0,5.0,0.0,149.7,46.0,Good
2020-08-24,11.697948063999998,14.945221184,20.975827584,75.2,87.3,9.2,224.6,1011.8,5.0,24.9936,140.8,49.0,Good
2020-08-25,12.388096216,16.069490496,22.961612096,75.2,90.7,9.2,176.0,1012.6,4.6,8.991599999999998,171.4,52.0,Moderate
2020-08-26,13.078244368,17.193759808000003,24.947396608,74.9,91.2,11.4,213.3,1013.0,4.2,4.3942,161.2,53.0,Moderate
2020-08-27,13.76839252,18.31802912,26.93318112,73.7,92.6,10.3,245.5,1012.6,4.1,4.2926,207.8,55.0,Moderate
2020-08-28,14.458540672,19.442298432,28.918965632,74.7,86.3,12.8,204.3,1010.9,5.1,0.0,184.7,56.0,Moderate
2020-08-29,15.148688824,20.566567744,30.904750144,74.7,83.6,10.3,185.3,1011.9,5.0,2.6924,185.7,57.0,Moderate
2020-08-30,15.838836976,21.690837056,32.890534656,75.0,85.0,10.3,260.6,1012.5,5.1,0.6096,190.7,59.0,Moderate
2020-08-31,16.528985128,22.815106368,34.876319168,76.8,80.8,11.4,276.2,1012.1,5.0,36.8046,195.1,60.0,Moderate
2020-09-01,17.219133279999998,23.93937568,36.86210368,75.3,91.5,12.8,179.9,1014.0,4.5,18.1102,127.4,62.0,Moderate
2020-09-02,17.909281432,25.063644992,38.847888192,75.6,88.3,12.8,199.9,1016.8,4.6,12.0904,169.6,63.0,Moderate
2020-09-03,18.599429584,26.187914304000003,40.833672704,75.1,85.9,11.4,244.5,1017.7,4.9,0.0,148.4,65.0,Moderate
2020-09-04,19.289577736,27.312183616,42.819457216,76.1,82.7,9.2,253.4,1015.7,4.9,1.016,192.5,66.0,Moderate
2020-09-05,19.979725888,28.436452928,44.805241728,75.7,82.5,10.3,273.4,1013.5,5.1,43.9928,217.5,68.0,Moderate
2020-12-20,93.13543,147.609,255.2984,51.1,74.0,8.1,201.2,1020.8,2.8,0.0,145.3,170.0,Unhealthy
2020-12-21,104.0632,154.2989,241.5392,51.1,71.1,8.1,231.1,1019.8,2.8,0.0,165.1,176.0,Unhealthy
2020-12-22,90.92822,151.7836,249.3437,51.3,67.7,11.4,239.1,1019.1,3.3,0.0,162.1,169.0,Unhealthy
2020-12-23,105.2378,180.6469,286.7129,50.0,71.2,6.9,231.9,1018.2,3.4,0.0,163.6,177.0,Unhealthy
2020-12-24,108.0169,181.3098,304.7368,49.7,74.0,10.3,248.9,1017.9,3.0,0.0,159.9,178.0,Unhealthy
2020-12-25,108.0606,167.0514,267.3784,49.2,63.1,12.8,353.3,1017.6,3.6,0.0,173.2,178.0,Unhealthy
2020-12-26,100.8836,146.1724,221.6572,48.4,68.5,8.1,201.9,1018.3,3.5,0.0,171.3,174.0,Unhealthy
2020-12-27,104.4739,153.2559,256.0477,48.9,75.8,9.2,235.0,1017.2,3.0,0.0,161.3,176.0,Unhealthy
2020-12-28,92.4216,133.046,215.3997,48.3,75.8,8.1,173.8,1017.5,3.2,0.0,165.0,170.0,Unhealthy
2020-12-29,96.24055,145.6364,249.4246,47.6,72.4,8.1,259.5,1018.0,3.2,0.0,176.3,172.0,Unhealthy
2020-12-30,108.909,160.2203,255.68306666666663,47.5,72.3,6.9,131.5,1019.8,2.7,0.0,165.5,179.0,Unhealthy
2020-12-31,114.154153804458,168.11015,261.9415333333333,47.9,69.6,9.2,201.7,1019.6,2.9,0.0,179.1,181.0,Unhealthy
2021-01-01,119.399307608916,176.0,268.2,47.9,72.1,9.2,229.2,1020.4,3.1,0.0,180.0,184.0,Unhealthy
2021-01-02,127.075724135043,186.8,277.6,48.6,67.8,5.8,168.9,1020.1,2.9,0.7111999999999999,178.4,188.0,Unhealthy
2021-01-03,124.49171839956,201.9,318.9,52.2,62.6,6.9,221.1,1018.9,2.9,0.0,174.4,187.0,Unhealthy
2021-01-04,206.031379168893,286.7,371.0,55.8,70.4,6.9,182.8,1020.6,1.6,0.0,74.5,256.0,Very Unhealthy
2021-01-05,172.485627579628,250.7,345.0,55.5,72.9,8.1,7.2,1021.3,1.7,0.0,59.9,223.0,Very Unhealthy
2021-01-06,138.939875990363,214.7,319.0,57.3,66.4,11.4,332.5,1018.4,3.6,0.0,181.8,194.0,Unhealthy
2021-01-07,95.8394748837682,199.1,352.5,55.8,61.6,15.0,318.1,1016.6,4.0,0.0,179.6,172.0,Unhealthy
2021-01-08,93.6489414088778,192.8,344.1,53.0,63.9,11.4,231.9,1016.8,4.0,0.0,176.7,171.0,Unhealthy
2021-01-09,112.925580368635,189.1,289.9,54.5,65.4,11.4,354.0,1016.3,3.6,1.6001999999999998,178.5,181.0,Unhealthy
2021-01-10,106.61199116249,182.0,290.4,55.1,58.4,13.9,353.2,1015.5,3.6,0.0,175.4,177.0,Unhealthy
2021-01-11,99.509510991158,158.7,260.9,53.1,67.7,8.1,165.4,1016.2,3.2,0.0,160.5,174.0,Unhealthy
2021-01-12,96.4406415154639,139.5,229.5,51.8,78.7,11.4,190.9,1016.5,2.5,0.0,111.8,172.0,Unhealthy
2021-01-13,95.0839768436107,128.2,199.5,51.5,78.5,13.9,203.3,1016.2,2.2,0.0,116.9,171.0,Unhealthy
2021-01-14,83.9642905928514,111.4,176.5,52.2,78.1,10.3,228.5,1017.1,2.2,0.0,154.8,166.0,Unhealthy
2021-01-15,93.4695371432669,130.2,244.4,51.9,81.1,12.8,238.9,1015.9,2.2,0.0,182.0,171.0,Unhealthy
2021-01-16,72.6329304630945,97.8,172.4,52.5,74.7,10.3,233.3,1014.4,2.7,0.0,131.6,160.0,Unhealthy
2021-01-17,68.5928833199209,100.4,172.7,54.6,71.8,8.1,210.9,1019.2,3.1,0.0,126.2,158.0,Unhealthy
2021-01-18,73.5982753074313,105.4,189.3,54.1,71.8,9.2,247.6,1019.5,3.1,0.0,162.6,160.0,Unhealthy
2021-01-19,60.327972739412,92.8,201.2,53.7,70.4,12.8,292.6,1015.5,3.7,0.0,148.7,153.0,Unhealthy
2021-01-20,64.9410005346742,93.6,180.0,51.1,73.3,11.4,211.0,1014.5,3.1,0.0,103.9,156.0,Unhealthy
2021-01-21,66.3666235672712,112.8,254.4,49.8,70.7,11.4,191.3,1014.0,2.8,0.0,160.8,157.0,Unhealthy
2021-01-22,98.6115343551035,149.7,257.5,50.0,72.5,11.4,235.5,1017.5,2.8,0.0,172.4,173.0,Unhealthy
2021-01-23,97.8578899587143,125.7,202.0,51.1,76.6,9.2,229.1,1016.7,2.7,0.0,190.6,173.0,Unhealthy
2021-01-24,85.8039980492226,115.1,209.7,51.4,75.2,11.4,254.4,1017.3,3.0,0.0,186.4,167.0,Unhealthy
2021-01-25,79.4651226615349,108.4,196.0,50.2,73.1,10.3,206.3,1018.6,3.0,0.0,172.3,163.0,Unhealthy
2021-01-26,84.3527658415053,115.0,200.2,49.9,70.0,5.8,330.9,1018.1,3.2,0.0,180.7,166.0,Unhealthy
2021-01-27,94.27775246124,136.0,260.6,49.8,67.5,9.2,195.5,1018.3,3.5,0.0,178.5,171.0,Unhealthy
2021-01-28,87.3384997809321,132.8,263.7,49.4,67.1,12.8,153.2,1020.0,3.4,0.0,197.2,167.0,Unhealthy
2021-01-29,78.3328744018087,116.7,245.2,50.1,65.3,12.8,189.1,1018.7,3.4,0.0,202.7,163.0,Unhealthy
2021-01-30,71.0468735374472,110.9,219.4,48.9,64.3,11.4,190.2,1016.8,3.8,0.0,193.4,159.0,Unhealthy
2021-01-31,76.8865729455005,135.0,277.5,48.6,64.1,12.8,198.0,1019.0,3.8,0.0,179.6,162.0,Unhealthy
2021-02-01,85.7516219889804,138.6,267.6,48.9,66.9,9.2,189.5,1021.0,3.4,0.0,165.4,167.0,Unhealthy
2021-02-02,84.7159191075171,140.3,266.9,50.5,64.9,11.4,192.4,1021.2,3.4,0.0,204.7,166.0,Unhealthy
2021-02-03,87.3753629757677,133.8,252.8,52.2,63.5,9.2,228.2,1021.0,3.5,0.0,209.2,167.0,Unhealthy
2021-02-04,79.0623293845428,114.5,220.9,52.8,63.6,9.2,93.4,1021.2,3.9,0.0,215.7,163.0,Unhealthy
2021-02-05,85.9732306552902,150.6,331.9,50.7,68.0,15.0,324.2,1020.5,3.5,0.0,150.3,167.0,Unhealthy
2021-02-06,62.7126173896626,90.2,176.9,49.5,74.1,13.9,108.0,1019.0,3.8,1.3,159.8,155.0,Unhealthy
2021-02-07,57.5886880275722,94.3,198.0,48.3,69.0,9.2,110.4,1020.0,4.4,0.0,217.2,152.0,Unhealthy
2021-02-08,88.9456218250711,155.9,288.7,52.8,61.8,6.9,105.1,1020.3,3.6,0.0,221.9,168.0,Unhealthy
2021-02-09,81.000754888276,130.6,242.4,54.5,65.3,11.4,188.8,1017.9,3.9,0.0,211.0,164.0,Unhealthy
2021-02-10,85.7941367933792,121.6,220.6,54.0,75.6,10.3,242.2,1016.1,3.1,0.0,160.3,167.0,Unhealthy
2021-02-11,76.9769361717478,104.0,196.2,55.2,76.0,9.2,222.4,1015.0,2.9,0.0,207.7,162.0,Unhealthy
2021-02-12,75.4502083913236,101.0,181.3,56.3,75.2,9.2,246.8,1016.1,2.8,0.0,162.3,161.0,Unhealthy
2021-02-13,63.2306669162736,94.9,196.8,56.6,75.4,8.1,224.5,1017.3,2.8,0.0,145.9,155.0,Unhealthy
2021-02-14,53.0953209854402,83.6,185.7,57.7,74.5,12.8,210.7,1018.3,2.7,0.0,165.7,144.0,Unhealthy for Sensitive Groups
2021-02-15,44.4265118593376,75.3,212.4,57.3,73.9,10.3,239.8,1016.8,2.4,0.0,197.5,123.0,Unhealthy for Sensitive Groups
2021-02-16,63.4872806331511,123.6,367.8,56.4,70.9,10.3,207.5,1017.1,3.1,0.0,184.9,155.0,Unhealthy
2021-02-17,50.9141235399212,85.7,211.5,55.7,66.3,15.0,244.8,1018.8,3.5,0.0,203.0,139.0,Unhealthy for Sensitive Groups
2021-02-18,41.2508468823486,68.2,184.8,54.6,61.5,10.3,127.8,1021.8,3.9,0.0,180.5,115.0,Unhealthy for Sensitive Groups
2021-02-19,36.7567258392145,63.4,154.3,54.9,61.5,11.4,113.7,1022.4,3.9,0.0,222.5,104.0,Unhealthy for Sensitive Groups
2021-02-20,37.6236489829581,64.4,156.5,56.6,59.5,11.4,341.0,1019.8,4.1,0.0,226.6,106.0,Unhealthy for Sensitive Groups
2021-02-21,42.6369122042394,77.4,182.4,58.0,61.4,9.2,263.1,1018.0,3.8,0.0,241.4,119.0,Unhealthy for Sensitive Groups
2021-02-22,45.8799886020476,76.0,167.2,58.8,66.0,10.3,223.5,1019.5,3.1,6.400799999999999,246.2,127.0,Unhealthy for Sensitive Groups
2021-02-23,68.1242621089132,97.3,199.7,60.5,68.6,10.3,227.3,1017.9,2.9,0.0,225.7,158.0,Unhealthy
2021-02-24,80.8099803318076,106.1,211.1,60.7,69.5,11.4,245.3,1015.4,2.9,0.0,177.8,164.0,Unhealthy
2021-02-25,86.7091683765552,103.6,176.4,60.9,75.6,10.3,199.9,1013.1,2.2,0.0,177.0,167.0,Unhealthy
2021-02-26,82.4107354377888,97.5,209.2,61.5,76.6,13.9,204.4,1011.8,2.2,8.001,173.7,165.0,Unhealthy
2021-02-27,69.7553789929021,87.0,188.7,63.6,72.4,13.9,286.3,1011.8,2.4,0.0,179.9,158.0,Unhealthy
2021-02-28,60.5464323038368,82.0,191.5,64.8,65.7,13.9,252.5,1013.3,3.1,0.0,198.8,154.0,Unhealthy
2021-03-01,53.9842444391374,104.8,296.2,63.3,61.5,15.0,215.0,1015.5,3.6,0.0,240.7,147.0,Unhealthy for Sensitive Groups
2021-03-02,51.7757692096858,156.0,473.0,59.7,49.7,16.1,180.8,1016.5,4.5,0.0,244.1,141.0,Unhealthy for Sensitive Groups
2021-03-03,66.3469556032803,134.1,362.0,58.8,50.7,15.0,204.4,1017.2,3.8,0.0,254.1,157.0,Unhealthy
2021-03-04,63.1469975377004,103.0,240.9,59.3,55.8,13.9,195.5,1016.8,3.7,0.0,169.6,155.0,Unhealthy
2021-03-05,51.868279473832,82.1,194.8,59.1,69.1,12.8,204.9,1015.3,3.4,0.0,224.2,141.0,Unhealthy for Sensitive Groups
2021-03-06,39.4288252343204,55.7,151.4,58.1,74.4,12.8,193.5,1016.2,3.5,6.1,210.3,111.0,Unhealthy for Sensitive Groups
2021-03-07,44.5892601137938,60.1,121.1,58.5,79.8,9.2,126.0,1018.0,3.0,0.0,162.0,123.0,Unhealthy for Sensitive Groups
2021-03-08,33.364784690329,52.9,135.8,62.3,71.1,16.1,305.4,1019.3,3.0,0.0,227.6,96.0,Moderate
2021-03-09,28.9244984610593,59.1,152.9,63.3,60.8,16.1,291.8,1018.5,4.2,0.0,228.5,86.0,Moderate
2021-03-10,26.7132882762858,46.2,106.1,62.9,65.3,13.9,298.4,1019.0,4.0,0.0,225.9,82.0,Moderate
2021-03-11,27.0299798107132,45.4,114.3,63.0,61.7,13.9,289.0,1020.3,4.1,0.5,248.6,82.0,Moderate
2021-03-12,28.3779427938027,46.5,117.9,64.8,63.0,12.8,242.6,1022.3,3.5,0.0,252.9,85.0,Moderate
2021-03-13,21.7643592068761,37.2,98.0,62.1,65.2,10.3,210.6,1021.1,3.8,0.0,171.0,71.0,Moderate
2021-03-14,36.5497753788103,105.7,297.0,61.5,70.9,13.9,217.4,1017.1,3.7,0.0,209.3,104.0,Unhealthy for Sensitive Groups
2021-03-15,39.8346162269259,105.0,282.8,63.0,66.6,12.8,213.6,1016.5,3.3,0.0,243.9,112.0,Unhealthy for Sensitive Groups
2021-03-16,42.950286093903,89.5,249.3,64.0,63.6,15.0,211.3,1016.8,3.3,0.0,203.2,119.0,Unhealthy for Sensitive Groups
2021-03-17,50.5269074855873,125.5,304.8,64.5,59.8,13.9,203.2,1016.2,3.1,0.0,246.1,138.0,Unhealthy for Sensitive Groups
2021-03-18,63.2106168597446,117.0,210.6,64.8,57.8,15.0,212.6,1017.2,2.8,0.0,243.9,155.0,Unhealthy
2021-03-19,59.2190884673508,134.0,278.8,65.6,58.4,10.3,255.3,1016.7,2.8,0.0,246.7,153.0,Unhealthy
2021-03-20,55.0446694312767,140.1,269.7,65.6,51.0,12.8,292.9,1014.8,3.3,0.0,243.8,149.0,Unhealthy for Sensitive Groups
2021-03-21,51.4716730756455,111.3,237.8,65.9,47.5,36.9,302.6,1015.8,3.6,0.0,256.8,140.0,Unhealthy for Sensitive Groups
2021-03-22,55.68010497187093,114.8,239.76666666666668,66.0,49.0,12.8,234.8,1018.6,2.8,0.0,263.2,151.0,Unhealthy
2021-03-23,59.88853686809637,118.3,241.7333333333333,67.1,49.8,15.0,246.6,1019.8,2.5,0.0,259.2,153.0,Unhealthy
2021-03-24,64.0969687643218,121.8,243.7,67.8,47.0,12.8,295.7,1018.0,3.1,0.0,248.8,155.0,Unhealthy
2021-03-25,78.4717246515032,153.1,295.5,65.7,40.5,11.4,265.4,1016.1,3.5,0.0,282.5,163.0,Unhealthy
2021-03-26,121.662977347217,188.0,335.7,63.4,45.1,13.9,207.6,1016.2,2.2,0.0,298.5,185.0,Unhealthy
2021-03-27,119.137361128209,159.8,265.9,63.6,53.9,11.4,232.0,1016.7,1.4,0.0,298.5,184.0,Unhealthy
2021-03-28,80.7962910140479,124.6,242.5,63.2,56.2,11.4,266.3,1015.5,1.4,0.0,281.5,164.0,Unhealthy
2021-03-29,113.446454278618,200.1,362.1,63.9,58.4,10.3,252.7,1013.5,1.4,0.0,245.8,181.0,Unhealthy
2021-03-30,161.199891185019,250.0,478.8,66.5,57.7,9.2,165.4,1008.1,1.9,0.0,224.0,212.0,Very Unhealthy
2021-03-31,128.764949893384,197.8,387.7,64.5,70.6,9.2,321.1,1005.5,2.0,0.0,207.2,189.0,Unhealthy
2021-04-01,104.2589020998596,182.1,399.3,64.1,69.3,18.3,182.6,1007.5,3.3,9.9,252.9,176.0,Unhealthy
2021-04-02,79.7528543063352,166.4,410.9,63.9,49.9,13.9,187.3,1012.3,3.9,0.0,291.4,164.0,Unhealthy
2021-04-03,111.304209729846,210.3,436.6,64.5,38.2,12.8,201.6,1015.5,3.8,0.0,287.1,180.0,Unhealthy
2021-04-04,158.033378044852,263.5,488.6,63.5,37.2,11.4,160.9,1016.0,2.4,0.0,300.2,208.0,Very Unhealthy
2021-04-05,193.069170750325,299.5,521.9,63.3,46.1,12.8,178.2,1018.0,1.7,0.0,309.8,243.0,Very Unhealthy
2021-04-06,192.130102322316,295.2,509.3,64.4,51.2,9.2,307.3,1017.3,1.5,0.0,297.0,242.0,Very Unhealthy
2021-04-07,160.086814903487,252.2,443.2,66.8,56.8,8.1,206.8,1017.7,1.8,0.0,280.7,211.0,Very Unhealthy
2021-04-08,100.587396429878,170.0,374.5,68.8,54.5,16.1,282.8,1015.4,2.8,0.0,295.5,174.0,Unhealthy
2021-04-09,59.0498013789777,122.8,315.9,66.5,54.9,18.3,274.2,1016.9,3.9,0.0,301.4,153.0,Unhealthy
2021-04-10,57.7828267853564,116.9,254.0,67.1,48.5,11.4,291.0,1018.3,4.8,1.0,314.4,152.0,Unhealthy
2021-04-11,92.217569769471,183.9,383.0,68.9,38.6,8.1,248.2,1018.6,3.9,0.0,316.7,170.0,Unhealthy
2021-04-12,131.366796436339,239.6,456.8,68.0,38.5,15.0,218.5,1019.3,2.6,0.9906,275.2,190.0,Unhealthy
2021-04-13,123.479068309171,236.2,495.2,67.0,43.5,9.2,129.9,1018.1,2.7,0.0,275.9,186.0,Unhealthy
2021-04-14,118.612465968724,211.0,434.5,69.3,48.5,10.3,238.6,1017.0,2.9,0.0,297.6,184.0,Unhealthy
2021-04-15,96.0215760431566,200.7,435.1,69.6,51.6,30.0,289.4,1016.0,3.1,0.0,276.2,172.0,Unhealthy
2021-04-16,58.4864396430939,103.9,261.1,62.6,71.2,10.3,118.7,1017.1,3.8,11.9,267.9,153.0,Unhealthy
2021-04-17,54.991892652929,90.8,219.2,64.7,72.3,15.0,296.1,1017.6,3.5,1.3,245.3,149.0,Unhealthy for Sensitive Groups
2021-04-18,39.1667608948918,71.9,162.1,64.4,64.6,20.8,288.3,1017.3,4.7,0.3,279.9,110.0,Unhealthy for Sensitive Groups
2021-04-19,47.2679643240354,101.7,265.8,65.6,62.4,10.3,244.5,1013.2,4.9,7.4,276.7,130.0,Unhealthy for Sensitive Groups
2021-04-20,70.5216423318109,153.0,369.2,69.2,56.4,15.0,216.6,1014.0,4.3,0.0,305.4,159.0,Unhealthy
2021-04-21,82.9447373008825,148.7,311.0,65.4,65.4,10.3,89.2,1017.9,3.3,0.0,179.8,165.0,Unhealthy
2021-04-22,33.5745628438374,61.2,150.6,64.7,61.9,12.8,246.3,1018.8,4.9,6.6,230.9,96.0,Moderate
2021-04-23,35.4049203663342,95.6,267.6,67.7,47.0,12.8,291.9,1016.1,5.7,0.0,329.3,,Hazardous
2021-04-24,49.4489786506667,122.1,307.4,71.0,43.4,15.0,302.0,1016.5,5.1,0.0,295.8,135.0,Unhealthy for Sensitive Groups
2021-04-25,56.0954690817159,137.6,331.5,71.9,42.9,13.9,231.2,1016.6,4.9,0.0,318.2,151.0,Unhealthy
2021-04-26,60.9189814399106,152.9,393.8,72.5,44.7,12.8,186.7,1015.9,4.3,0.0,333.9,154.0,Unhealthy
2021-04-27,75.1552696038218,197.4,482.5,72.3,44.4,16.1,187.2,1016.6,3.7,0.0,309.5,161.0,Unhealthy
2021-04-28,83.6451007066676,201.1,420.6,72.7,46.3,13.9,201.7,1017.7,3.6,0.0,277.4,166.0,Unhealthy
2021-04-29,63.9866876895866,116.3,222.3,66.6,68.4,13.9,109.0,1019.2,3.7,5.3,264.1,155.0,Unhealthy
2021-04-30,43.908502590453,64.8,141.7,65.7,70.9,11.4,148.8,1017.9,4.0,1.0,187.3,122.0,Unhealthy for Sensitive Groups
2021-05-01,46.8754252426726,64.4,109.9,66.6,73.5,15.7,164.0,1017.6,3.8,0.3,203.5,129.0,Unhealthy for Sensitive Groups
2021-05-02,53.9477561870086,69.9,93.0,63.4,88.1,6.9,106.4,1017.5,3.5,4.2926,206.2,146.0,Unhealthy for Sensitive Groups
2021-05-03,55.6089183638395,77.0,121.9,67.0,81.0,19.7,281.4,1015.2,3.5,0.0,213.0,151.0,Unhealthy
2021-05-04,49.9430194714084,66.3,88.4,65.3,86.2,15.0,155.8,1015.3,3.4,0.0,211.6,137.0,Unhealthy for Sensitive Groups
2021-05-05,29.4475670859225,39.4,65.0,65.8,82.3,12.8,148.9,1015.6,4.3,1.5,92.1,87.0,Moderate
2021-05-06,35.7559914072044,51.0,83.0,67.0,76.1,6.9,109.1,1017.3,3.9,0.8,211.6,102.0,Unhealthy for Sensitive Groups
2021-05-07,45.7500850875407,61.4,85.6,68.0,77.6,9.2,121.3,1017.7,4.1,0.0,166.4,126.0,Unhealthy for Sensitive Groups
2021-05-08,34.8831058787641,54.1,105.6,68.6,65.9,12.8,257.6,1017.1,4.3,0.1016,258.9,99.0,Moderate
2021-05-09,32.3695033514957,59.6,139.0,68.4,61.2,18.3,217.2,1015.2,5.2,0.0,257.3,94.0,Moderate
2021-05-10,51.0654165695398,72.9,120.1,66.0,79.9,8.1,100.8,1014.0,4.0,1.3,245.8,139.0,Unhealthy for Sensitive Groups
2021-05-11,53.2362952144728,75.1,135.2,65.1,84.5,11.4,240.0,1013.0,3.9,7.9,232.1,145.0,Unhealthy for Sensitive Groups
2021-05-12,50.0745716043873,63.7,90.3,64.7,87.0,11.4,123.6,1011.4,4.1,7.1,118.4,137.0,Unhealthy for Sensitive Groups
2021-05-13,42.0921147050966,53.9,78.9,63.9,85.6,5.8,96.4,1012.2,4.1,5.1,197.4,117.0,Unhealthy for Sensitive Groups
2021-05-14,44.266072072677,63.2,113.6,68.6,71.2,12.8,299.2,1010.6,5.0,0.0,252.1,123.0,Unhealthy for Sensitive Groups
2021-05-15,41.6429952916309,63.1,124.5,70.5,66.2,13.9,295.9,1012.9,5.4,0.0,287.1,116.0,Unhealthy for Sensitive Groups
2021-05-16,43.1405171486861,75.9,142.0,74.0,56.5,15.0,274.1,1014.7,5.1,0.0,297.4,120.0,Unhealthy for Sensitive Groups
2021-05-17,48.491872298844,83.4,167.3,73.5,61.1,10.3,325.9,1015.2,4.9,0.0,256.7,133.0,Unhealthy for Sensitive Groups
2021-05-18,58.1854389773471,89.3,172.9,73.4,68.2,10.3,282.9,1013.8,4.2,0.0,164.3,152.0,Unhealthy
2021-05-19,65.4909203690562,81.9,107.9,69.4,84.3,4.7,51.1,1013.6,3.3,0.0,71.9,156.0,Unhealthy
2021-05-20,28.0646310967817,33.2,39.9,67.5,94.4,6.9,101.5,1013.4,3.7,8.6,85.5,85.0,Moderate
2021-05-21,18.0776990098662,32.2,107.8,71.9,80.9,16.1,211.2,1012.6,4.7,3.0,250.3,64.0,Moderate
2021-05-22,15.6741497163918,28.8,83.7,75.5,72.5,39.1,229.2,1011.6,5.1,0.0,263.8,59.0,Moderate
2021-05-23,18.8796220190307,38.0,107.0,77.1,69.9,10.3,227.6,1012.2,5.4,0.0,256.0,65.0,Moderate
2021-05-24,21.8188769103469,43.4,130.6,76.4,68.8,13.9,195.4,1012.0,4.7,0.3,244.8,71.0,Moderate
2021-05-25,23.6881258165222,36.5,69.8,71.9,80.4,16.1,179.5,1010.7,4.2,3.8,205.8,75.0,Moderate
2021-05-26,7.65808374406642,9.1,10.3,68.1,96.8,5.8,255.6,1009.5,4.1,5.1,48.2,32.0,Good
2021-05-27,9.92781441875284,12.2,14.1,68.2,98.5,5.8,301.9,1009.8,3.8,31.2,59.3,41.0,Good
2021-05-28,20.3115450458966,22.8,23.4,66.4,97.5,11.4,76.5,1012.1,4.0,19.685,32.8,68.0,Moderate
2021-05-29,29.7649436751845,36.4,57.6,70.7,85.1,11.4,104.4,1013.9,4.5,0.1016,154.9,88.0,Moderate
2021-05-30,37.463274672852,48.9,79.9,72.0,82.2,9.2,120.6,1012.3,4.5,0.0,234.8,106.0,Unhealthy for Sensitive Groups
2021-05-31,29.4190239902499,38.2,59.0,73.9,80.7,12.8,244.9,1009.8,4.1,17.5,239.8,87.0,Moderate
2021-06-01,28.9626219983874,40.5,76.1,73.3,78.7,11.4,240.5,1011.6,4.5,0.0,213.2,86.0,Moderate
2021-06-02,33.4647039617732,48.0,89.7,74.0,74.1,15.0,231.9,1012.7,5.1,0.0,254.3,96.0,Moderate
2021-06-03,31.4874683180954,45.2,78.0,75.0,73.4,11.4,233.9,1013.9,5.0,0.0,259.3,92.0,Moderate
2021-06-04,32.5059172739865,53.7,116.0,75.3,74.8,12.8,259.8,1014.1,5.0,0.0,250.8,94.0,Moderate
2021-06-05,34.3874592399464,57.7,112.3,76.0,71.1,12.8,296.8,1012.8,4.7,0.0,241.8,98.0,Moderate
2021-06-06,29.9553783510544,47.8,104.7,76.2,71.0,13.9,288.9,1011.8,4.5,0.0,251.2,89.0,Moderate
2021-06-07,36.6444541489648,56.5,102.3,78.7,66.0,12.8,304.6,1009.8,4.9,0.0,277.5,104.0,Unhealthy for Sensitive Groups
2021-06-08,39.0307788928705,63.8,124.3,76.3,74.6,12.8,155.7,1008.4,4.4,0.0,254.5,110.0,Unhealthy for Sensitive Groups
2021-06-09,33.9370268532665,52.8,100.4,74.8,80.6,13.9,194.3,1008.7,4.4,5.8,209.2,97.0,Moderate
2021-06-10,32.1111331957226,41.3,61.3,72.9,87.5,11.4,134.5,1008.5,3.9,36.6,168.7,93.0,Moderate
2021-06-11,32.2580403311285,43.5,63.0,72.9,86.6,10.3,310.6,1007.8,4.3,24.4,192.4,93.0,Moderate
2021-06-12,27.3926602279211,31.4,41.9,70.9,90.9,4.7,240.2,1009.2,4.6,30.7,95.9,83.0,Moderate
2021-06-13,30.5499779445354,36.6,47.6,71.3,94.2,4.7,286.8,1008.8,4.7,0.0,84.0,90.0,Moderate
2021-06-14,12.5544190154304,17.3,27.4,72.6,94.7,6.9,237.4,1006.6,4.3,18.8,208.6,52.0,Moderate
2021-06-15,12.2376913775567,14.7,16.5,71.6,95.3,10.3,108.5,1004.5,4.0,15.0,71.9,51.0,Moderate
2021-06-16,9.72338896425638,11.7,13.9,70.8,96.3,10.3,276.9,1007.2,4.2,4.8,96.5,41.0,Good
2021-06-17,12.7211433608139,19.6,36.6,72.7,90.3,9.2,253.9,1008.3,4.6,8.7884,196.4,52.0,Moderate
2021-06-18,12.1573381890411,21.3,45.0,74.4,86.7,6.9,224.0,1009.0,4.8,0.3,151.2,51.0,Moderate
2021-06-19,8.88004828037414,15.9,36.2,73.2,84.9,10.3,153.4,1008.8,5.2,0.3,153.7,37.0,Good
2021-06-20,12.6173793287098,21.3,42.3,72.0,90.1,8.1,170.8,1009.4,4.8,2.8,78.0,52.0,Moderate
2021-06-21,11.0532552602409,22.3,75.2,74.4,82.8,12.8,178.5,1009.6,5.3,0.0,194.6,46.0,Good
2021-06-22,14.415293263911,32.2,94.8,76.1,80.3,16.1,195.2,1010.2,5.3,0.0,181.3,56.0,Moderate
2021-06-23,13.781521257722,23.1,58.9,74.6,88.3,9.2,173.1,1011.8,4.5,1.3,164.8,55.0,Moderate
2021-06-24,14.7398756567028,26.6,66.0,75.9,82.4,10.3,235.4,1010.8,4.6,7.4,155.9,57.0,Moderate
2021-06-25,17.1841935264866,28.5,59.8,72.6,91.2,11.4,218.0,1009.8,4.2,2.8,121.5,62.0,Moderate
2021-06-26,14.5121094283464,19.9,27.4,70.9,93.7,6.9,138.0,1012.3,4.1,34.8,41.7,56.0,Moderate
2021-06-27,18.0859632720257,28.2,55.4,74.9,85.5,8.1,166.9,1011.8,4.6,4.3,186.1,64.0,Moderate
2021-06-28,16.7800871727195,29.9,76.6,74.7,84.7,8.1,262.7,1010.1,4.7,0.0,188.8,61.0,Moderate
2021-06-29,17.1491564171026,29.3,63.5,75.3,85.4,8.1,235.3,1009.2,4.4,0.0,143.7,62.0,Moderate
2021-06-30,27.5653018526679,40.0,61.2,73.6,93.6,9.2,182.8,1006.9,3.6,2.5,53.4,84.0,Moderate
2021-07-01,31.8023034396198,39.5,45.1,70.6,96.2,6.9,95.0,1006.8,3.2,53.1,54.7,92.0,Moderate
2021-07-02,19.0551830993091,22.0,23.9,69.8,97.6,4.7,96.2,1007.8,3.3,46.0,46.2,66.0,Moderate
2021-07-03,14.4756537742584,19.8,34.9,72.6,90.2,10.3,196.0,1010.0,3.9,6.1,66.5,56.0,Moderate
2021-07-04,18.5884591859203,31.4,69.8,74.5,85.4,9.2,214.9,1011.8,4.3,0.3,201.5,65.0,Moderate
2021-07-05,18.0898899091974,29.0,71.2,74.5,90.5,11.4,184.8,1011.8,4.2,10.4,216.0,64.0,Moderate
2021-07-06,18.7500299011766,31.4,71.2,75.8,87.0,12.8,231.2,1009.8,4.3,0.0,190.4,65.0,Moderate
2021-07-07,21.8860148590302,36.8,74.8,75.7,85.6,12.8,196.1,1009.3,4.3,0.0,145.5,72.0,Moderate
2021-07-08,15.7117906352717,20.9,31.4,72.3,95.5,8.1,136.8,1011.6,4.2,20.6,95.9,59.0,Moderate
2021-07-09,13.4580848333404,23.9,67.9,73.6,91.0,11.4,207.5,1011.2,4.3,20.3,135.6,54.0,Moderate
2021-07-10,13.5018265200035,20.5,47.6,74.1,90.9,11.4,183.9,1010.5,4.1,69.3,134.9,54.0,Moderate
2021-07-11,13.6250801617397,21.4,51.6,72.2,94.6,6.9,131.4,1014.2,3.9,0.0,100.8,54.0,Moderate
2021-07-12,15.0803482194347,26.8,69.3,73.5,91.8,8.1,158.0,1013.9,4.7,14.5,184.9,57.0,Moderate
2021-07-13,12.1401865057216,23.3,66.7,74.5,88.1,11.4,46.0,1013.5,4.5,28.4,173.7,51.0,Moderate
2021-07-14,13.4889720575159,19.2,36.4,74.1,90.5,9.2,254.3,1012.9,4.1,0.2032,130.5,54.0,Moderate
2021-07-15,14.0242718330452,20.3,36.2,73.0,89.0,5.8,102.8,1013.8,4.2,1.3,70.9,55.0,Moderate
2021-07-16,22.6880433841184,33.0,50.0,71.7,95.0,8.1,341.0,1014.8,4.1,1.5,84.8,73.0,Moderate
2021-07-17,19.7987761980853,26.6,45.1,72.3,94.1,8.1,111.6,1012.3,3.7,8.9,122.8,67.0,Moderate
2021-07-18,15.3042332871942,30.0,102.3,74.4,88.7,11.4,209.1,1010.5,4.2,2.5,53.3,58.0,Moderate
2021-07-19,16.9464447216418,28.2,79.1,74.6,88.9,6.9,203.8,1009.0,4.3,1.0,150.1,61.0,Moderate
2021-07-20,19.7361514802966,27.7,50.5,72.6,96.2,6.9,177.6,1008.6,4.1,0.0,84.3,67.0,Moderate
2021-07-21,13.7485346866879,22.9,58.6,72.9,94.4,11.4,169.5,1007.7,4.1,3.3,139.1,54.0,Moderate
2021-07-22,15.9040906830239,24.3,53.9,75.1,88.6,9.2,180.9,1006.9,4.5,7.9,113.0,59.0,Moderate
2021-07-23,11.854913995183,25.3,78.1,76.2,86.8,11.4,229.4,1007.5,4.6,0.0,198.4,49.0,Good
2021-07-24,11.1873515641319,28.9,126.8,77.1,86.3,11.4,164.7,1008.4,4.6,42.9,185.7,47.0,Good
2021-07-25,10.8858211579334,20.2,67.7,75.4,88.5,13.9,211.0,1008.7,4.2,10.9,144.2,45.0,Good
2021-07-26,10.628770053416728,20.3,66.64,73.1,93.6,3.4,221.5,1007.3,4.0,26.9,63.9,44.0,Good
2021-07-27,10.371718948900057,20.4,65.58,74.1,91.1,12.8,182.1,1005.4,4.3,0.0,100.9,43.0,Good
2021-07-28,10.114667844383384,20.5,64.52,74.3,88.3,9.2,17.9,1006.2,4.4,17.5,159.5,42.0,Good
2021-07-29,9.857616739866712,20.6,63.46,75.3,84.8,12.8,245.0,1006.7,4.9,18.5,191.8,41.0,Good
2021-07-30,9.60056563535004,20.7,62.4,74.7,89.5,8.1,224.6,1008.0,4.6,9.9,140.1,40.0,Good
2021-07-31,9.34482405059726,22.1,85.0,76.8,83.6,11.4,147.9,1008.4,5.0,9.1,164.6,39.0,Good
2021-08-01,11.8757046420197,32.5,111.4,75.3,86.5,15.0,203.7,1007.8,5.1,0.3,131.0,49.0,Good
2021-08-02,10.3437477076643,24.7,93.1,74.5,88.6,11.4,194.4,1008.8,4.8,2.3114,111.4,43.0,Good
2021-08-03,11.0215408959781,25.2,88.9,74.9,89.2,10.3,185.3,1010.2,4.2,0.0,181.2,46.0,Good
2021-08-04,14.6349005328875,21.8,37.3,72.3,94.7,6.9,186.2,1011.3,4.1,4.3,128.6,56.0,Moderate
2021-08-05,19.7387262591358,43.5,130.8,74.0,83.4,11.4,153.6,1010.0,5.0,0.8,114.7,67.0,Moderate
2021-08-06,22.1652746449971,49.6,143.9,76.3,84.1,9.2,285.7,1009.8,4.9,10.7,160.3,72.0,Moderate
2021-08-07,18.7857492763164,35.7,90.2,75.0,86.7,11.4,199.1,1011.2,4.8,7.4,189.1,65.0,Moderate
2021-08-08,14.481392091997,28.2,104.2,73.9,91.1,17.2,171.9,1012.7,4.2,14.0,66.2,56.0,Moderate
2021-08-09,12.2281946918343,28.5,98.9,74.9,89.3,10.3,198.0,1012.3,4.5,18.0,156.0,51.0,Moderate
2021-08-10,16.0773430054777,37.9,104.8,75.4,87.5,12.8,194.3,1009.7,4.7,0.5,129.6,59.0,Moderate
2021-08-11,21.0738731102428,59.3,147.0,76.0,86.5,12.8,194.4,1010.1,4.6,0.8,126.6,70.0,Moderate
2021-08-12,17.3855712256504,31.0,78.3,74.4,93.3,9.2,165.4,1011.8,4.1,10.4,90.1,62.0,Moderate
2021-08-13,16.7539598529753,38.3,148.0,74.8,90.9,11.4,198.5,1010.3,4.0,3.3,44.3,61.0,Moderate
2021-08-14,13.0463966169041,22.9,53.8,74.7,90.1,9.2,138.6,1007.9,4.5,4.6,28.8,53.0,Moderate
2021-08-15,10.2860586693643,19.3,43.6,73.9,90.8,9.2,152.4,1010.0,4.4,5.6,67.4,43.0,Good
2021-08-16,16.3808290072822,34.2,91.1,75.4,83.9,10.3,214.0,1012.8,5.0,0.0,180.7,60.0,Moderate
2021-08-17,30.1673067550262,53.3,127.5,74.3,88.9,6.9,180.3,1013.4,4.0,18.8,196.7,89.0,Moderate
2021-08-18,16.5222371797739,28.0,65.9,74.1,90.2,8.1,210.6,1011.9,3.9,4.8,162.7,60.0,Moderate
2021-08-19,11.6125156196797,28.3,80.4,73.6,89.0,10.3,197.4,1011.5,4.5,18.3,96.9,48.0,Good
2021-08-20,13.6757349196838,32.0,99.0,73.4,89.3,12.8,183.9,1014.3,4.8,0.0,138.6,54.0,Moderate
2021-08-21,14.0607473959286,35.7,88.1,73.6,89.0,10.3,219.6,1016.3,4.5,0.0,105.5,55.0,Moderate
2021-08-22,11.6900289316461,21.1,53.2,73.8,88.9,9.2,265.2,1013.8,4.1,0.0,120.6,49.0,Good
2021-08-23,16.6362394423036,21.5,30.2,71.3,96.6,8.1,217.5,1012.2,3.5,24.9,110.4,61.0,Moderate
2021-08-24,18.4362811427588,27.1,45.2,72.7,91.9,8.1,240.6,1010.4,4.1,5.6,100.1,64.0,Moderate
2021-08-25,14.2842608783912,24.5,52.3,73.5,91.7,8.1,245.6,1008.0,4.3,1.5,66.2,56.0,Moderate
2021-08-26,11.629174686102,25.6,66.5,73.2,92.7,9.2,131.2,1007.7,4.3,1.3,44.2,48.0,Good
2021-08-27,20.9549669363508,28.4,42.2,70.2,94.2,4.7,139.6,1011.7,3.6,41.4,39.4,70.0,Moderate
2021-08-28,17.4331405240197,23.2,37.9,70.6,96.1,12.8,215.1,1011.3,4.0,13.7,109.3,62.0,Moderate
2021-08-29,10.9700857459967,11.4,11.5,68.6,98.6,8.1,94.1,1013.0,4.0,25.1,32.1,46.0,Good
2021-08-30,14.8564500499999,20.5,36.0,71.5,92.9,5.8,212.2,1015.8,4.3,7.9,99.4,57.0,Moderate
2021-08-31,11.63619888081,20.1,50.2,73.2,88.5,8.1,150.5,1017.1,4.6,23.9,136.9,48.0,Good
2021-09-01,10.0309926585081,19.6,54.1,74.5,86.1,11.4,254.0,1015.6,4.5,0.1016,203.1,42.0,Good
2021-09-02,14.1040951932703,24.7,57.2,74.0,86.8,10.3,232.3,1014.1,4.3,3.8,178.4,55.0,Moderate
2021-09-03,16.5006091189594,24.1,49.6,72.6,89.9,9.2,249.4,1013.2,4.5,5.6,101.4,60.0,Moderate
2021-09-04,14.7677550839155,27.8,80.3,75.0,82.3,10.3,266.9,1011.6,4.9,0.0,191.0,57.0,Moderate
2021-09-05,16.6759503228452,33.1,91.9,76.5,82.9,10.3,254.2,1012.2,4.4,11.7,197.6,61.0,Moderate
2021-09-06,11.8116351419131,20.5,50.2,72.6,90.9,11.4,199.5,1015.4,3.9,121.7,154.3,49.0,Good
2021-09-07,12.7033945292123,21.9,57.8,73.4,91.0,10.3,45.3,1016.5,4.4,12.2,100.1,52.0,Moderate
2021-09-08,15.0556830643702,30.7,92.0,72.7,89.2,8.1,171.8,1015.4,4.5,35.1,126.0,57.0,Moderate
2021-09-09,16.3474653444495,23.7,39.6,71.1,93.8,4.7,115.5,1014.5,4.3,0.0,121.9,60.0,Moderate
2021-09-10,19.248840976584,37.6,103.3,73.1,88.1,11.4,148.2,1014.8,4.6,0.0,193.7,66.0,Moderate
2021-09-11,16.034350153868,32.1,85.4,75.0,84.0,11.4,188.1,1014.3,4.8,0.0,198.5,59.0,Moderate
2021-09-12,17.3939564882546,40.0,105.5,75.6,82.2,12.8,209.7,1011.3,4.9,0.5,206.7,62.0,Moderate
2021-09-13,18.8780657385023,39.2,108.7,73.5,87.2,11.4,72.8,1012.0,4.6,13.2,178.5,65.0,Moderate
2021-09-14,20.323509384382,47.8,135.6,74.4,83.7,10.3,124.6,1013.7,4.7,0.0,189.1,68.0,Moderate
2021-09-15,16.977719037171,33.7,82.4,71.7,90.8,10.3,115.5,1015.9,4.5,0.0,35.6,61.0,Moderate
2021-09-16,22.6338995562383,40.5,87.7,71.9,90.3,4.7,130.2,1014.2,4.2,0.1016,45.6,73.0,Moderate
2021-09-17,21.5751513670546,27.6,39.5,69.9,95.2,5.8,168.5,1013.5,4.3,0.6096,87.6,71.0,Moderate
2021-09-18,18.5023551278951,35.1,94.7,72.5,86.9,9.2,232.5,1014.3,4.3,0.3,175.1,64.0,Moderate
2021-09-19,18.0310410650897,39.0,106.6,74.6,84.0,11.4,255.4,1016.0,5.0,0.0,210.4,63.0,Moderate
2021-09-20,16.4025103663465,29.8,70.7,72.8,89.9,11.4,192.8,1015.5,4.1,0.5,136.7,60.0,Moderate
2021-09-21,11.9181019600222,23.2,64.7,73.1,85.0,10.3,213.5,1014.7,5.2,25.4,195.6,50.0,Good
2021-09-22,15.672440211654,26.6,74.3,71.1,90.1,9.2,182.9,1014.5,4.4,19.6,143.6,59.0,Moderate
2021-09-23,16.3956452269991,28.7,81.5,72.4,86.8,10.3,170.5,1016.0,4.8,2.3,186.3,60.0,Moderate
2021-09-24,15.5163899885195,33.5,93.7,73.8,82.7,10.3,218.9,1016.2,4.3,0.0,215.2,58.0,Moderate
2021-09-25,17.8594731387399,33.2,86.1,72.9,85.4,12.8,31.7,1015.6,4.4,0.0,157.6,63.0,Moderate
2021-09-26,26.2763091753497,43.7,95.1,71.6,86.7,5.8,88.6,1015.0,4.2,21.1,169.3,81.0,Moderate
2021-09-27,21.1241727075239,45.9,123.0,71.5,89.2,13.9,182.6,1016.4,4.4,0.0,206.9,70.0,Moderate
2021-09-28,20.2980941440614,31.6,68.3,70.0,90.8,6.9,132.7,1017.6,4.7,15.5,137.0,68.0,Moderate
2021-09-29,18.391076640192,31.0,73.0,71.5,86.0,10.3,192.6,1017.7,4.5,0.3,161.6,64.0,Moderate
2021-09-30,18.9129431860652,34.6,80.2,72.8,85.5,10.3,193.0,1018.2,4.4,0.0,136.3,65.0,Moderate
2021-10-01,20.3283037206857,37.9,87.4,72.3,85.8,11.4,185.8,1017.4,4.4,0.0,123.3,68.0,Moderate
2021-10-02,14.1468028785296,30.5,86.0,71.2,84.6,12.8,137.3,1015.2,4.8,0.1016,92.2,55.0,Moderate
2021-10-03,16.16810619817515,31.55,82.4,71.0,87.1,13.9,216.5,1013.1,4.7,3.8,137.6,60.0,Moderate
2021-10-04,18.1894095178207,32.6,78.8,72.0,85.4,9.2,150.9,1014.1,4.4,2.8,170.7,64.0,Moderate
2021-10-05,19.131950734653465,34.50638297872341,82.35531914893616,72.0,85.3,10.3,267.4,1016.5,3.9,38.6,173.6,66.0,Moderate
2021-10-06,20.074491951486227,36.41276595744681,85.91063829787234,72.6,84.6,10.3,220.2,1015.8,4.5,0.0,141.7,68.0,Moderate
2021-10-07,21.017033168318992,38.319148936170215,89.4659574468085,72.8,83.2,9.2,290.5,1014.3,4.6,0.0,177.6,70.0,Moderate
2021-10-08,21.95957438515176,40.225531914893615,93.02127659574468,72.5,82.1,11.4,261.5,1013.3,4.7,0.0,161.4,72.0,Moderate
2021-10-09,22.90211560198452,42.13191489361702,96.57659574468084,73.3,81.0,11.4,218.9,1013.7,3.8,0.0,209.6,74.0,Moderate
2021-10-10,23.844656818817285,44.03829787234042,100.13191489361702,73.7,82.7,9.2,234.4,1014.4,3.8,0.0,189.3,76.0,Moderate
2021-10-11,24.787198035650047,45.94468085106383,103.6872340425532,73.5,80.9,9.2,250.7,1014.4,4.2,0.0,206.2,78.0,Moderate
2021-10-12,25.72973925248281,47.85106382978724,107.24255319148936,74.1,77.5,10.3,211.4,1014.3,4.5,0.0,215.9,80.0,Moderate
2021-10-13,26.672280469315574,49.75744680851064,110.79787234042551,73.9,74.6,9.2,189.3,1014.7,4.7,0.0,214.4,82.0,Moderate
2021-10-14,27.61482168614834,51.66382978723404,114.3531914893617,73.9,74.7,11.4,302.9,1014.8,4.6,0.0,209.5,84.0,Moderate
2021-10-15,28.557362902981104,53.57021276595745,117.90851063829788,73.9,76.3,10.3,269.2,1013.3,4.9,0.0,220.0,86.0,Moderate
2021-10-16,29.499904119813863,55.47659574468085,121.46382978723403,74.3,79.7,9.2,222.8,1015.4,5.0,0.0,218.9,88.0,Moderate
2021-10-17,30.442445336646628,57.38297872340425,125.0191489361702,71.4,84.2,8.1,140.7,1017.3,5.0,9.4,121.1,90.0,Moderate
2021-10-18,31.3849865534794,59.28936170212766,128.5744680851064,69.8,94.4,5.8,183.4,1016.0,4.6,3.8,42.0,92.0,Moderate
2021-10-19,32.32752777031216,61.19574468085106,132.12978723404257,67.9,93.8,10.3,95.6,1015.3,4.4,0.0,25.7,94.0,Moderate
2021-10-20,33.270068987144924,63.102127659574464,135.68510638297872,68.7,91.2,6.9,194.7,1016.9,4.3,5.3,19.9,96.0,Moderate
2021-10-21,34.21261020397768,65.00851063829786,139.2404255319149,68.4,81.2,11.4,257.8,1015.6,5.2,0.0,107.3,98.0,Moderate
2021-10-22,35.15515142081045,66.91489361702128,142.79574468085107,66.7,84.7,8.1,232.4,1017.3,4.5,0.0,142.9,99.0,Moderate
2021-10-23,36.09769263764321,68.82127659574468,146.35106382978725,67.8,84.2,13.9,206.3,1020.1,3.9,0.0,109.6,102.0,Unhealthy for Sensitive Groups
2021-11-20,62.4888467089606,122.2,245.9,57.7,78.4,12.8,242.5,1016.3,3.7,0.0,138.3,155.0,Unhealthy
2021-11-21,54.201669933761,104.6,228.8,60.3,77.8,12.8,256.0,1016.4,4.3,0.0,170.5,147.0,Unhealthy for Sensitive Groups
2021-11-22,46.3806497858364,84.0,179.9,60.3,74.3,8.1,218.5,1015.8,3.9,0.0,159.3,128.0,Unhealthy for Sensitive Groups
2021-11-23,66.2319121090416,101.2,175.9,57.5,79.7,6.9,198.3,1016.8,2.9,0.0,142.0,157.0,Unhealthy
2021-11-24,77.3473884458744,109.9,194.1,58.3,77.5,11.4,192.4,1018.8,2.7,0.0,86.3,162.0,Unhealthy
2021-11-25,71.2344563588598,97.1,172.4,57.1,82.4,8.1,261.6,1018.8,2.3,0.0,120.2,159.0,Unhealthy
2021-11-26,67.0846161577774,91.5,152.3,55.8,83.0,5.8,217.1,1019.6,2.8,0.0,86.0,157.0,Unhealthy
2021-11-27,69.3291949411507,100.3,189.9,56.0,79.6,6.9,189.3,1021.0,2.6,0.0,123.6,158.0,Unhealthy
2021-11-28,58.2664426004694,87.1,175.2,55.8,79.5,9.2,310.9,1021.8,2.9,0.0,155.5,152.0,Unhealthy
2021-11-29,56.9442524794811,93.9,175.4,55.7,73.3,10.3,269.3,1020.5,3.4,0.0,179.4,152.0,Unhealthy
2021-11-30,50.0707233680526,82.8,169.1,55.6,77.0,9.2,154.7,1021.8,3.8,0.0,158.8,137.0,Unhealthy for Sensitive Groups
2021-12-01,69.1431177966371,118.3,222.7,56.7,70.1,10.3,161.8,1021.8,4.0,0.0,145.6,158.0,Unhealthy
2021-12-02,71.8967851260429,129.8,240.4,57.9,69.3,10.3,243.8,1021.0,4.0,0.0,145.3,159.0,Unhealthy
2021-12-03,57.0626774858946,85.1,145.8,58.9,75.4,9.2,274.2,1022.0,3.9,0.0,93.4,152.0,Unhealthy
2021-12-04,55.3260908222716,77.8,144.5,57.8,85.3,10.3,202.3,1021.2,3.2,0.0,171.6,150.0,Unhealthy for Sensitive Groups
2021-12-05,39.3929004101071,70.3,144.4,60.3,79.2,8.1,243.9,1021.8,4.3,0.0,156.8,111.0,Unhealthy for Sensitive Groups
2021-12-06,47.9503488485054,74.7,136.3,60.0,79.8,4.5,230.2,1017.4,4.0,0.0,151.5,132.0,Unhealthy for Sensitive Groups
2021-12-07,47.5420599583641,79.1,169.6,57.6,72.9,11.4,292.2,1019.3,5.1,0.0,165.8,131.0,Unhealthy for Sensitive Groups
2021-12-08,48.0808750416857,81.4,169.8,55.2,71.8,9.2,260.1,1022.2,4.4,0.0,176.5,132.0,Unhealthy for Sensitive Groups
2021-12-09,44.3457785624185,78.8,173.9,55.2,73.3,9.2,180.5,1023.8,3.9,0.0,177.2,123.0,Unhealthy for Sensitive Groups
2021-12-10,52.961044522234,95.6,191.3,54.3,75.4,10.3,278.8,1022.4,4.2,0.0,173.7,144.0,Unhealthy for Sensitive Groups
2021-12-11,60.2977091660054,100.7,204.3,53.1,73.3,8.1,179.3,1021.5,3.7,0.0,176.7,153.0,Unhealthy
2021-12-12,66.7803280629541,105.4,197.2,52.0,72.6,5.8,228.8,1023.1,3.8,0.0,146.6,157.0,Unhealthy
2021-12-13,83.6571105460375,118.5,206.0,51.5,67.8,9.2,236.6,1022.0,4.0,0.0,155.6,166.0,Unhealthy
2021-12-14,93.2743843470379,119.2,192.0,51.9,70.2,9.2,213.7,1020.8,4.0,0.0,170.1,171.0,Unhealthy
2021-12-15,116.930974602475,155.8,244.5,50.4,74.6,9.2,161.5,1020.0,3.8,0.0,170.9,183.0,Unhealthy
2021-12-16,84.07157615938596,115.1,202.1,50.0,68.5,8.1,234.5,1020.6,3.8,0.0,174.4,166.0,Unhealthy
2021-12-17,51.2121777162969,74.4,159.7,49.9,64.5,12.8,281.9,1020.4,3.9,0.0,171.3,140.0,Unhealthy for Sensitive Groups
2021-12-18,43.8510606831843,60.1,113.4,49.4,67.8,5.8,120.6,1019.8,3.5,0.0,155.5,122.0,Unhealthy for Sensitive Groups
2021-12-19,29.741861638136,43.8,86.7,49.0,73.5,9.2,189.6,1019.9,3.7,0.0,159.7,88.0,Moderate
2021-12-20,35.3321436415394,46.7,88.0,48.6,73.4,9.2,281.5,1020.6,3.4,0.0,164.8,100.0,Moderate
2021-12-21,57.8834331835909,88.1,172.0,49.4,70.3,10.3,177.6,1019.8,3.7,0.0,161.9,152.0,Unhealthy
2021-12-22,54.7823747017245,83.5,144.8,48.9,71.3,9.2,118.6,1017.9,3.9,0.0,173.3,148.0,Unhealthy for Sensitive Groups
2021-12-23,56.8836252777176,85.7,156.5,49.1,70.0,8.1,272.7,1017.7,3.9,0.0,177.5,152.0,Unhealthy
2021-12-24,56.4477417440382,71.4,100.0,49.6,75.9,10.3,193.8,1018.0,3.7,0.0,158.2,151.0,Unhealthy
2021-12-25,49.2076243801419,60.4,89.0,49.4,79.6,8.1,283.8,1019.0,3.2,0.0,138.2,135.0,Unhealthy for Sensitive Groups
2021-12-26,46.5536063647292,60.9,89.1,49.4,77.4,8.1,192.4,1021.5,3.1,0.0,116.1,128.0,Unhealthy for Sensitive Groups
2021-12-27,44.4476228275499,69.1,132.7,49.9,77.7,8.1,263.1,1022.3,2.7,0.0,134.1,123.0,Unhealthy for Sensitive Groups
2021-12-28,36.3309726197743,48.9,80.89999999999999,48.9,78.8,5.8,88.5,1021.9,2.2,0.0,96.3,103.0,Unhealthy for Sensitive Groups
2021-12-29,28.2143224119987,28.7,29.1,46.0,98.6,8.1,136.1,1021.7,2.5,0.0,28.8,85.0,Moderate
2021-12-30,53.0404146837352,63.5,88.1,47.6,90.8,3.4,174.9,1024.7,3.0,8.4,140.3,144.0,Unhealthy for Sensitive Groups
2021-12-31,58.5437081929031,71.3,111.0,47.1,84.9,8.1,264.4,1024.2,2.4,0.0,153.4,153.0,Unhealthy
2022-01-01,52.1479636843694,61.07165880158,81.9788959423197,48.9,80.3,8.1,267.7,1023.8,3.2,0.0,163.7,142.0,Unhealthy for Sensitive Groups
2022-01-02,42.362751750294,57.8949373701763,89.7850301016429,50.4,77.8,6.9,157.4,1022.3,3.4,0.0,159.9,118.0,Unhealthy for Sensitive Groups
2022-01-03,41.8433115109885,60.2557098366574,95.9758806002246,50.7,76.1,8.1,230.9,1020.6,3.5,0.0,154.8,117.0,Unhealthy for Sensitive Groups
2022-01-04,42.5192409923374,59.6870878269033,88.5323640450119,50.6,76.0,9.2,211.4,1020.6,3.3,0.0,152.7,118.0,Unhealthy for Sensitive Groups
2022-01-05,35.8786734645117,50.2663987690022,81.0171407860895,51.6,82.0,9.2,219.0,1020.6,3.0,0.0,127.0,102.0,Unhealthy for Sensitive Groups
2022-01-06,22.7095669270485,36.1970031184858,74.2072515937025,54.4,78.2,11.4,291.0,1020.3,3.5,0.0,140.2,73.0,Moderate
2022-01-07,20.937337504616,35.6057055653752,62.558061234516,55.2,79.4,10.3,164.1,1021.3,3.3,0.0,113.6,70.0,Moderate
2022-01-08,12.9376900142909,25.8779407534398,54.1738147968948,54.6,78.5,9.2,260.3,1021.4,3.3,0.0,101.1,53.0,Moderate
2022-01-09,22.904681042379,39.2237278910749,74.9764713783821,54.6,76.9,9.2,269.0,1019.0,3.5,0.0,147.0,74.0,Moderate
2022-01-10,15.459303069195,27.6317800784324,62.7237506031906,55.4,77.5,10.3,253.8,1019.5,3.7,0.0,138.1,58.0,Moderate
2022-01-11,12.4774102348272,22.1269148223682,46.7125067881795,53.7,78.6,6.9,173.1,1019.8,3.5,0.0,158.2,52.0,Moderate
2022-01-12,10.6199026138663,17.3037451880165,37.8884555988019,51.7,77.8,10.3,202.3,1018.7,3.4,0.0,132.4,44.0,Good
2022-01-13,7.18523450839069,11.2022357836093,26.7537866019151,50.4,80.1,8.1,264.5,1018.5,4.2,3.0,145.0,30.0,Good
2022-01-14,9.00564536939891,16.1789785489567,28.7528901474633,49.4,83.0,8.1,213.7,1019.4,3.2,0.0,153.1,38.0,Good
2022-01-15,10.9750276270341,17.598964538666,26.0168482890678,50.0,82.8,10.3,213.7,1019.6,3.4,0.0,171.4,46.0,Good
2022-01-16,11.7215312323711,19.8753567023715,37.9184860676565,50.1,78.6,9.2,249.6,1021.1,3.2,0.0,173.8,49.0,Good
2022-01-17,11.731431627950595,19.59689298155268,37.064023378519394,51.2,77.3,8.1,162.4,1022.4,3.2,0.0,176.6,49.0,Good
2022-01-18,11.741332023530092,19.31842926073386,36.20956068938229,51.5,71.2,10.3,186.9,1019.8,3.7,0.0,149.3,49.0,Good
2022-01-19,11.751232419109586,19.03996553991504,35.355098000245185,51.9,69.3,11.4,246.0,1017.1,3.9,0.0,191.2,49.0,Good
2022-01-20,11.76113281468908,18.76150181909622,34.500635311108084,48.9,82.9,5.8,93.2,1014.6,3.1,0.3,137.4,49.0,Good
2022-01-21,11.771033210268577,18.4830380982774,33.646172621970976,49.2,83.3,11.4,96.1,1014.5,3.7,1.8,147.9,49.0,Good
2022-01-22,11.78093360584807,18.20457437745858,32.791709932833875,48.0,85.1,6.9,294.9,1013.8,3.1,0.0,143.7,49.0,Good
2022-01-23,11.790834001427566,17.92611065663976,31.937247243696767,48.9,83.3,9.2,110.2,1014.7,2.8,0.0,138.8,49.0,Good
2022-01-24,11.80073439700706,17.64764693582094,31.082784554559662,50.0,80.8,8.1,292.9,1015.4,2.5,0.0,121.9,49.0,Good
2022-01-25,11.810634792586557,17.36918321500212,30.22832186542256,49.5,77.8,10.3,213.9,1015.4,3.5,0.0,152.0,49.0,Good
2022-01-26,11.820535188166051,17.0907194941833,29.37385917628545,48.2,77.2,13.9,220.2,1015.6,3.2,0.0,75.4,49.0,Good
2022-01-27,11.830435583745546,16.81225577336448,28.51939648714835,47.7,74.5,12.8,218.6,1014.9,3.2,0.0,169.6,49.0,Good
2022-01-28,11.84033597932504,16.53379205254566,27.66493379801124,47.3,73.3,12.8,208.8,1016.0,3.3,0.0,159.8,49.0,Good
2022-01-29,11.850236374904537,16.25532833172684,26.81047110887414,47.1,73.6,10.3,234.0,1016.7,3.2,0.0,171.0,49.0,Good
2022-01-30,11.86013677048403,15.97686461090802,25.95600841973703,47.5,79.2,15.0,183.4,1013.0,3.3,0.0,108.3,49.0,Good
2022-01-31,11.870037166063524,15.6984008900892,25.101545730599927,49.5,71.2,12.8,196.9,1014.1,3.4,0.0,130.8,49.0,Good
2022-02-01,11.87993756164302,15.41993716927038,24.247083041462822,47.7,77.6,11.4,236.7,1011.4,3.0,0.0,127.2,49.0,Good
2022-02-02,11.889837957222516,15.14147344845156,23.392620352325714,46.9,82.3,10.3,186.8,1014.6,2.4,0.0,99.0,50.0,Good
2022-02-03,11.899738352802007,14.86300972763274,22.53815766318861,49.6,78.9,5.8,157.3,1016.0,2.3,0.0,163.7,50.0,Good
2022-02-04,11.909638748381504,14.58454600681392,21.683694974051505,44.0,93.3,15.0,87.9,1013.3,3.6,41.9,57.5,50.0,Good
2022-02-05,11.919539143961,14.3060822859951,20.8292322849144,45.5,86.5,9.2,245.2,1012.8,4.0,8.4,146.7,50.0,Good
2022-02-06,15.5328768489524,22.2785121033291,34.9086269078111,47.8,80.7,6.9,232.1,1016.9,4.0,0.0,190.2,58.0,Moderate
2022-02-07,15.5471276619876,21.6546010990833,34.1207583199844,49.5,81.5,10.3,233.4,1016.8,4.0,1.0921999999999998,153.7,58.0,Moderate
2022-02-08,12.5264756737084,17.8712396682696,37.3799256295176,51.3,76.9,10.3,243.1,1016.0,3.9,0.0,107.6,52.0,Moderate
2022-02-09,12.3566285207822,20.566360718465,40.8303991950405,52.2,69.8,10.3,265.0,1018.2,3.8,0.0,191.2,52.0,Moderate
2022-02-10,9.73278251712496,15.3891384965233,36.8348265946803,52.8,69.4,12.8,277.2,1017.2,4.4,0.0,203.4,41.0,Good
2022-02-11,9.19330046504411,14.9906947018953,36.9507765537449,50.4,72.9,15.0,216.9,1015.5,4.1,0.0,178.8,38.0,Good
2022-02-12,9.10389190965361,16.8892010379968,36.5776567643846,51.4,73.7,4.7,212.4,1015.7,4.2,0.0,212.0,38.0,Good
2022-02-13,9.57837580236185,16.2420937400853,38.5465805365308,52.2,76.2,9.2,198.6,1016.2,3.8,0.0,123.8,40.0,Good
2022-02-14,10.10598623310516,17.27927599388589,40.74772520612396,52.9,77.4,12.8,202.3,1016.4,2.9,0.0,199.7,42.0,Good
2022-02-15,10.633596663848472,18.31645824768648,42.94886987571713,54.6,73.4,9.2,205.2,1015.9,3.6,0.0,189.9,44.0,Good
2022-02-16,11.161207094591784,19.353640501487067,45.15001454531029,53.4,72.7,11.4,257.7,1013.3,3.5,0.0,204.0,47.0,Good
2022-02-17,11.688817525335091,20.39082275528765,47.351159214903454,53.3,68.3,9.2,254.2,1013.1,3.8,0.0,192.9,49.0,Good
2022-02-18,12.216427956078403,21.428005009088245,49.552303884496624,53.8,72.3,8.1,214.4,1014.9,3.5,0.0,195.7,51.0,Moderate
2022-02-19,12.744038386821716,22.46518726288884,51.753448554089786,54.6,69.3,12.8,257.2,1014.4,3.5,0.0,202.1,52.0,Moderate
2022-02-20,13.271648817565026,23.502369516689427,53.95459322368295,51.0,69.7,19.7,194.4,1009.7,3.8,0.0,158.5,53.0,Moderate
2022-02-21,13.799259248308338,24.53955177049001,56.15573789327611,49.9,72.0,15.0,208.9,1011.4,4.0,1.8,200.5,55.0,Moderate
2022-02-22,14.32686967905165,25.576734024290605,58.35688256286928,51.8,73.3,12.8,205.3,1017.9,3.6,0.0,186.7,56.0,Moderate
2022-02-23,14.85448010979496,26.6139162780912,60.55802723246244,55.2,71.3,11.4,274.7,1021.1,3.2,0.0,222.0,57.0,Moderate
2022-02-24,15.382090540538272,27.651098531891783,62.75917190205561,57.0,68.2,9.2,220.5,1020.2,3.7,0.0,222.3,58.0,Moderate
2022-02-25,15.909700971281584,28.688280785692378,64.96031657164878,55.4,68.9,13.9,259.8,1021.0,3.5,0.0,181.4,59.0,Moderate
2022-02-26,16.437311402024896,29.725463039492965,67.16146124124194,56.5,61.1,11.4,297.7,1022.0,4.4,0.0,227.4,60.0,Moderate
2022-02-27,16.964921832768205,30.762645293293552,69.3626059108351,57.0,61.7,15.0,301.5,1020.5,4.4,0.0,226.5,61.0,Moderate
2022-02-28,17.492532263511517,31.799827547094143,71.56375058042826,57.0,64.3,36.9,15.9,1018.7,4.2,0.0,247.4,62.0,Moderate
2022-03-01,18.020142694254822,32.837009800894734,73.76489525002142,58.2,69.7,10.3,219.3,1020.4,3.9,0.0,233.6,63.0,Moderate
2022-03-02,18.54775312499813,33.87419205469532,75.96603991961459,58.5,68.5,15.0,287.2,1020.3,3.9,0.0,233.6,65.0,Moderate
2022-03-03,19.07536355574145,34.91137430849591,78.16718458920776,59.0,68.2,17.2,217.7,1019.5,4.2,0.0,246.8,66.0,Moderate
2022-03-04,19.60297398648476,35.9485565622965,80.36832925880093,60.3,60.2,11.4,271.7,1018.1,4.4,0.0,253.8,67.0,Moderate
2022-04-22,45.455885092907,86.7704869985254,188.224418068866,70.9,68.4,16.1,283.4,1015.2,4.0,0.0,227.7,126.0,Unhealthy for Sensitive Groups
2022-04-23,50.5914730151555,111.273374147601,217.420640733724,71.6,54.3,13.9,297.2,1014.5,4.6,1.0,304.1,138.0,Unhealthy for Sensitive Groups
2022-04-24,84.4802431858189,184.288939251628,337.064064657804,73.5,45.5,15.0,291.2,1012.2,3.8,0.0,307.0,166.0,Unhealthy
2022-04-25,95.7604942009092,208.236749921998,384.031524214867,73.7,44.5,10.3,259.8,1012.3,3.3,0.0,318.7,172.0,Unhealthy
2022-04-26,98.2089645585122,211.304911846964,378.781874085162,74.3,48.8,15.0,273.5,1012.7,3.4,0.0,289.5,173.0,Unhealthy
2022-04-27,71.5214226493363,152.103777949477,314.865979950762,74.0,50.2,13.9,274.1,1013.3,3.7,0.0,320.7,159.0,Unhealthy
2022-04-28,81.017738432687,147.85459575439,260.647245551431,74.5,62.1,11.4,265.7,1015.1,3.4,0.0,302.6,164.0,Unhealthy
2022-04-29,70.4830328675307,114.615499276955,196.236700930226,69.9,70.6,12.8,164.9,1014.2,3.6,1.5,248.7,159.0,Unhealthy
2022-04-30,51.4049381205046,70.2965817977766,101.373723959763,65.3,83.3,16.1,57.9,1013.1,3.8,3.0,228.2,140.0,Unhealthy for Sensitive Groups
2022-05-01,44.5638051805321,76.1842755995579,148.373900650339,70.1,72.0,9.2,243.5,1012.5,4.1,0.5,230.1,123.0,Unhealthy for Sensitive Groups
2022-05-02,50.0697411115268,65.1838302735993,97.3280526307364,66.3,85.8,13.9,100.4,1013.2,3.2,0.2032,174.3,137.0,Unhealthy for Sensitive Groups
2022-05-03,39.2409726934625,63.4586279091444,117.359940541934,68.4,77.4,12.8,208.7,1013.5,4.7,5.1,251.2,110.0,Unhealthy for Sensitive Groups
2022-05-04,36.2689346626138,57.5061676382103,99.7948886342579,69.9,77.9,10.3,252.0,1015.3,4.3,0.0,202.4,103.0,Unhealthy for Sensitive Groups
2022-05-05,21.2599376176224,41.2655833653971,90.2268800348722,69.5,75.7,10.3,247.0,1014.3,5.2,25.9,165.8,70.0,Moderate
2022-05-06,30.5375954842748,55.8185633681013,111.017738481346,68.8,79.5,11.4,115.8,1014.9,4.7,0.8,126.3,90.0,Moderate
2022-05-07,32.3321355815179,58.4189674375673,125.559019521565,69.0,79.5,15.0,196.1,1015.3,4.4,0.7111999999999999,265.2,94.0,Moderate
2022-05-08,27.0792413103017,47.5001989579507,97.9892976315347,69.3,81.5,16.1,168.7,1014.8,4.4,1.3,236.0,83.0,Moderate
2022-05-09,36.7943170864859,65.8403682001656,114.63160949924,70.9,73.5,9.2,169.7,1014.5,4.2,0.0,280.7,104.0,Unhealthy for Sensitive Groups
2022-05-10,40.8904910877432,70.3766799974358,127.319632481883,72.9,72.7,9.2,260.1,1013.9,4.0,23.4,253.5,114.0,Unhealthy for Sensitive Groups
2022-05-11,27.4100812837224,45.8452969235659,88.7973885146171,70.5,83.2,12.8,84.0,1012.5,4.5,8.9,252.4,83.0,Moderate
2022-05-12,37.3849955381841,57.3235086420172,97.3978217687997,72.6,77.6,10.3,146.0,1011.4,4.6,0.3,209.5,106.0,Unhealthy for Sensitive Groups
2022-05-13,32.5312518730411,47.3140727097279,75.7988760186833,74.4,75.4,9.2,263.6,1007.5,4.5,1.5,252.0,94.0,Moderate
2022-05-14,43.4691784799587,62.0954834727051,93.1015733011307,73.6,79.0,15.0,166.6,1008.4,3.9,5.206999999999999,248.7,121.0,Unhealthy for Sensitive Groups
2022-05-15,63.1765358481318,86.2541581548592,106.006174744681,72.6,88.4,8.1,176.3,1010.9,3.0,0.0,206.7,155.0,Unhealthy
2022-05-16,44.8201507467643,63.6757313435763,88.178816877186,72.6,84.1,10.3,280.1,1010.8,3.7,0.0,253.2,124.0,Unhealthy for Sensitive Groups
2022-05-17,45.8023092734176,96.6196509678726,178.931003199103,74.7,66.1,12.8,308.2,1010.3,4.6,4.3,302.2,126.0,Unhealthy for Sensitive Groups
2022-05-18,41.0052007688878,88.7809820609584,182.066441828392,75.3,55.9,15.0,327.5,1011.8,4.7,0.0,288.5,115.0,Unhealthy for Sensitive Groups
2022-05-19,47.6929122849864,86.6677377426183,156.971572963223,74.1,64.5,15.0,284.9,1011.5,4.2,0.0,272.0,131.0,Unhealthy for Sensitive Groups
2022-05-20,32.8701141421281,56.7999788155422,107.62847176826,71.2,75.6,21.9,117.0,1010.7,4.4,6.6,250.6,95.0,Moderate
2022-05-21,39.2061157046321,72.8483379714381,150.703173411366,71.3,73.4,11.4,261.2,1006.5,4.9,8.4,222.8,110.0,Unhealthy for Sensitive Groups
2022-05-22,29.6937788605104,55.6661208087378,106.889836011662,68.3,78.2,10.3,85.7,1006.7,4.8,7.6,243.4,88.0,Moderate
2022-05-23,32.686198568748,56.7321782901087,112.521398670268,68.4,77.8,11.4,81.0,1009.1,4.9,16.5,248.7,94.0,Moderate
2022-05-24,42.218656028172,77.3900733115606,145.651299502872,70.5,73.7,8.1,140.7,1012.3,4.6,0.0,278.8,118.0,Unhealthy for Sensitive Groups
2022-05-25,42.6092480973499,69.7660431132384,119.551176998028,67.3,85.2,13.9,297.1,1013.5,3.9,49.8,196.2,119.0,Unhealthy for Sensitive Groups
2022-05-26,32.2234490810803,55.3641266452131,105.002070040338,67.6,80.8,10.3,209.9,1011.2,4.3,41.9,274.1,93.0,Moderate
2022-05-27,38.3144151469786,66.9006259162865,121.315521491633,68.6,80.7,12.8,186.6,1009.5,4.5,1.5,263.1,108.0,Unhealthy for Sensitive Groups
2022-05-28,45.6053431670594,66.2885238950983,97.9524536311128,69.0,87.8,5.8,346.0,1009.2,3.7,3.6,211.2,126.0,Unhealthy for Sensitive Groups
2022-05-29,50.4720583110865,83.6977448184057,146.916278184078,71.0,85.2,12.8,181.6,1008.8,3.6,13.6,191.9,138.0,Unhealthy for Sensitive Groups
2022-05-30,48.3946339170583,76.4578198929727,127.060689397426,73.2,83.6,36.9,136.4,1009.9,3.7,1.5,192.9,133.0,Unhealthy for Sensitive Groups
2022-05-31,47.1643548965007,73.9475138022366,120.545556014382,72.1,86.8,10.3,112.8,1010.0,3.8,6.9,226.5,130.0,Unhealthy for Sensitive Groups
2022-06-01,51.7094376799604,88.3685560419785,154.879159142853,73.2,82.3,8.1,256.6,1010.0,3.9,0.0,204.2,141.0,Unhealthy for Sensitive Groups
2022-06-02,45.013964435843,78.0377706166909,133.152330975262,74.6,79.6,12.8,192.1,1009.8,3.5,0.0,187.1,124.0,Unhealthy for Sensitive Groups
2022-06-03,41.6474518167768,71.8846402681318,131.628136306197,74.6,80.2,12.8,283.2,1009.1,4.1,8.9,220.6,116.0,Unhealthy for Sensitive Groups
2022-06-04,51.5025084226501,78.7961895923453,119.213506298113,73.5,83.4,9.2,81.0,1009.8,3.6,1.0,266.1,140.0,Unhealthy for Sensitive Groups
2022-06-05,56.4204929190342,78.176863819296,105.767276002755,71.8,94.1,13.9,67.3,1010.4,3.1,17.0,225.4,151.0,Unhealthy
2022-06-06,62.6704490926794,95.4474091653765,148.88453772695,74.3,88.2,8.1,237.1,1009.7,3.0,0.0,200.8,155.0,Unhealthy
2022-06-07,53.3875141305571,81.662298131593,123.676529035175,74.6,85.3,8.1,351.5,1009.3,3.5,0.5,190.1,145.0,Unhealthy for Sensitive Groups
2022-06-08,46.3453233646812,68.5913311966514,105.979608791172,73.0,90.4,10.3,234.5,1008.8,3.3,32.5,181.4,128.0,Unhealthy for Sensitive Groups
2022-06-09,43.3438563363025,61.5873308471614,82.3935040260674,72.3,92.7,6.9,160.3,1008.1,3.2,8.4,152.5,120.0,Unhealthy for Sensitive Groups
2022-06-10,50.9908466822156,87.1281398249473,135.784678869369,75.7,79.9,10.3,272.8,1008.2,3.5,1.0,216.4,139.0,Unhealthy for Sensitive Groups
2022-06-11,46.3237180811484,77.6080678135357,123.697480742927,76.4,78.6,8.1,258.9,1008.7,3.7,0.0,217.5,128.0,Unhealthy for Sensitive Groups
2022-06-12,41.8257558372893,78.3960127535582,137.046093415025,75.3,79.3,9.2,98.8,1009.8,4.1,0.0,197.9,117.0,Unhealthy for Sensitive Groups
2022-06-13,46.0679117070294,75.6047393370011,123.6434744237,74.0,85.2,9.2,88.3,1011.2,4.1,5.1,217.3,127.0,Unhealthy for Sensitive Groups
2022-06-14,43.2929174758715,70.5377666134335,111.424158924422,74.5,89.3,9.2,182.0,1009.6,3.2,51.6,215.5,120.0,Unhealthy for Sensitive Groups
2022-06-15,47.999716249755,74.4190449876269,110.18944613835,73.2,90.7,5.8,242.1,1009.0,3.4,54.9,126.0,132.0,Unhealthy for Sensitive Groups
2022-06-16,44.2324774084791,74.8705295630556,135.978898591934,75.6,83.4,13.9,232.1,1009.6,3.9,12.7,100.5,123.0,Unhealthy for Sensitive Groups
2022-06-17,25.6363630890939,46.2880175900222,90.0600168208831,74.9,76.4,11.4,268.1,1009.3,5.1,6.4,159.2,79.0,Moderate
2022-06-18,26.3857127884948,42.6829335861756,78.2194826040182,74.1,78.9,11.4,245.3,1009.6,4.3,14.5,122.3,81.0,Moderate
2022-06-19,22.3603818161318,40.8199246586256,85.938402603622,74.6,76.5,9.2,261.1,1009.2,4.8,26.2,220.0,73.0,Moderate
2022-06-20,28.8293687540535,51.6466677610825,100.195616894043,73.5,74.9,9.2,239.9,1007.8,4.3,0.0,202.7,86.0,Moderate
2022-06-21,28.28720423849964,50.90177233976947,99.4789496124215,72.3,82.7,12.8,157.1,1011.9,4.1,25.4,221.1,85.0,Moderate
2022-06-22,27.745039722945773,50.15687691845644,98.7622823308,74.6,82.5,10.3,179.6,1011.9,4.5,7.6,210.8,84.0,Moderate
2022-06-23,27.20287520739191,49.411981497143415,98.0456150491785,75.9,79.1,9.2,251.9,1012.5,4.6,6.3,195.4,83.0,Moderate
2022-06-24,26.660710691838045,48.66708607583039,97.328947767557,74.5,85.2,11.4,216.6,1010.9,3.5,19.1,204.0,82.0,Moderate
2022-06-25,26.118546176284184,47.922190654517365,96.6122804859355,74.7,81.0,11.4,213.9,1010.1,4.0,3.8,106.0,80.0,Moderate
2022-06-26,25.57638166073032,47.17729523320433,95.895613204314,74.6,84.9,9.2,191.2,1012.1,3.9,24.1,156.4,79.0,Moderate
2022-06-27,25.034217145176456,46.43239981189131,95.1789459226925,73.9,85.1,9.2,248.0,1012.3,4.1,13.7,99.5,78.0,Moderate
2022-06-28,24.49205262962259,45.68750439057828,94.462278641071,73.3,87.8,10.3,234.5,1009.8,3.9,4.1,106.8,77.0,Moderate
2022-06-29,23.949888114068727,44.94260896926525,93.7456113594495,70.4,95.0,6.9,124.6,1008.7,3.9,89.9,39.9,76.0,Moderate
2022-06-30,23.407723598514863,44.19771354795223,93.028944077828,74.4,80.5,12.8,197.2,1009.6,4.9,2.4,99.9,75.0,Moderate
2022-07-01,22.865559082961,43.4528181266392,92.3122767962065,77.0,75.5,9.2,255.2,1008.6,4.8,10.5,218.9,74.0,Moderate
2022-07-02,19.3902044445829,32.6890474304883,70.2905117591603,74.6,85.2,11.4,212.7,1008.3,4.6,25.2,118.9,66.0,Moderate
2022-07-03,21.0712474506756,39.8793995003677,79.4527695287456,74.9,84.1,8.1,197.9,1009.1,4.5,32.2,154.8,70.0,Moderate
2022-07-04,21.5621989979728,39.1519554764819,79.1904180136133,75.9,84.3,9.2,225.9,1009.0,4.4,0.5,197.6,71.0,Moderate
2022-07-05,20.3560643061065,34.8110860559333,76.797879743751,76.3,83.4,15.0,199.8,1009.8,4.7,0.3,212.5,68.0,Moderate
2022-07-06,27.3755963674521,42.8229799771402,72.1774190237785,75.6,87.9,12.8,173.1,1013.1,4.1,13.0,179.9,83.0,Moderate
2022-07-07,18.6192405711083,29.8831988236122,58.3873930339742,76.9,83.3,12.8,225.5,1013.3,4.4,11.4,218.8,65.0,Moderate
2022-07-08,21.2162367324385,30.6290597495613,46.9892222044034,74.3,87.9,10.3,113.4,1011.5,3.9,48.3,171.2,70.0,Moderate
2022-07-09,16.2849367606746,23.8213338591541,39.1098564600354,73.2,86.9,10.3,269.5,1010.5,4.3,8.4,99.7,60.0,Moderate
2022-07-10,13.7604342681906,27.6687794769209,70.7057171992143,75.2,80.4,11.4,255.0,1010.3,5.0,13.2,225.4,54.0,Moderate
2022-07-11,21.1906601715337,34.5127412652078,65.3811263719897,75.9,81.1,12.8,183.9,1010.7,4.6,2.3,197.5,70.0,Moderate
2022-07-12,15.8599265101153,26.0242844269307,54.5279372710927,75.9,80.4,11.4,231.0,1010.2,4.5,1.5,229.5,59.0,Moderate
2022-07-13,17.1286268992373,30.0871221205914,61.5537522420414,75.7,83.5,11.4,241.3,1009.0,4.8,4.1,215.6,62.0,Moderate
2022-07-14,20.0265562381932,35.4791643440466,74.995139339096,76.5,80.7,13.9,132.4,1009.4,4.4,0.8,213.1,68.0,Moderate
2022-07-15,18.6756800331168,39.0453811073622,99.1647411630901,78.2,74.3,9.2,91.5,1011.3,5.1,5.2,238.3,65.0,Moderate
2022-07-16,16.798660901201,33.150169947737,77.1470115866775,78.2,77.0,12.8,220.9,1011.6,4.9,10.2,238.8,61.0,Moderate
2022-07-17,16.6927589656617,33.4186528138404,78.6724600794871,78.0,76.0,13.9,176.7,1013.2,5.3,6.1,242.0,61.0,Moderate
2022-07-18,16.604742447189,26.8934391048549,54.0018627950953,75.6,82.3,11.4,196.1,1011.4,4.5,3.8,186.4,60.0,Moderate
2022-07-19,13.639648698753,24.0200098578541,48.4347470666012,74.3,82.8,8.1,38.3,1010.0,4.3,3.3,73.5,54.0,Moderate
2022-07-20,18.1327425790086,25.6549794191609,36.3243666995897,74.2,86.2,10.3,201.3,1010.1,4.2,3.0,113.2,64.0,Moderate
2022-07-21,19.7516404847374,28.002717363503,45.4385572539715,72.9,91.3,10.3,183.2,1011.9,3.9,45.5,97.6,67.0,Moderate
2022-07-22,17.2824813518453,25.0286795415722,38.7180763184871,72.8,90.3,9.2,179.3,1013.5,4.1,14.7,105.8,62.0,Moderate
2022-07-23,9.64258038031433,17.7886448522773,42.0020487057001,73.6,85.6,12.8,110.4,1013.7,4.9,25.4,98.4,40.0,Good
2022-07-24,11.0167216745498,20.0417706529386,48.3739853384326,73.4,86.6,10.3,179.7,1013.6,4.9,25.1,115.8,46.0,Good
2022-07-25,10.9288039423586,21.2042741380009,53.6042618299546,73.6,84.6,17.2,203.8,1015.2,4.9,6.9,160.7,46.0,Good
2022-07-26,11.9148852322305,18.9540139287161,36.0054488355609,72.3,89.0,6.9,124.6,1015.8,4.4,20.6,106.5,50.0,Good
2022-07-27,15.3017958874588,22.5707227826115,39.1631923084966,72.9,87.7,8.1,174.5,1015.1,4.1,43.4,168.8,58.0,Moderate
2022-07-28,11.7102205325605,20.2866879973499,46.5251890646485,73.4,84.7,9.2,217.0,1015.7,4.1,11.7,152.6,49.0,Good
2022-07-29,16.7451682193662,27.3268404886444,48.003838866606,73.8,85.9,11.4,141.8,1014.3,4.5,22.5,174.0,61.0,Moderate
2022-07-30,15.4674892541267,24.1354466836998,41.332591101351,73.8,85.3,12.8,180.3,1012.2,4.3,7.4,153.1,58.0,Moderate
2022-07-31,14.3540065743185,18.1953796041324,21.1086747665091,71.7,94.5,8.1,87.5,1009.2,3.9,37.1,59.8,56.0,Moderate
2022-08-01,12.5587701356329,15.5562274303919,19.0888653253333,72.3,91.5,6.9,240.3,1009.3,3.8,24.1,127.3,52.0,Moderate
2022-08-02,14.8939706397752,22.0950127652354,34.6320570849404,72.9,89.9,6.9,159.0,1009.9,4.6,9.4,64.0,57.0,Moderate
2022-08-03,14.3718991659756,21.0237191512135,34.0174458591193,73.7,87.8,9.2,199.5,1012.5,4.3,5.1,184.0,56.0,Moderate
2022-08-04,21.8584316086382,31.5357224505813,45.446404449628,73.2,88.3,10.3,210.0,1013.4,4.0,3.3,73.1,72.0,Moderate
2022-08-05,20.9551097756441,35.8783825924846,74.2128728978752,75.7,83.4,13.9,245.7,1011.2,4.4,0.0,216.0,70.0,Moderate
2022-08-06,16.987592204893,25.1630425135017,42.4292703165898,74.0,85.8,9.2,201.4,1009.1,4.3,38.1,197.1,61.0,Moderate
2022-08-07,17.0964128298064,27.4182131010531,52.2973529050822,76.0,83.5,12.8,232.7,1009.7,4.7,1.3,176.7,62.0,Moderate
2022-08-08,13.9736899830738,24.3944399460269,50.9320988349913,76.3,82.6,12.8,197.9,1008.6,4.7,2.8,199.2,55.0,Moderate
2022-08-09,12.2304228406,24.668350547407,59.411552513787,76.9,81.3,12.8,221.9,1008.9,4.7,5.3,200.1,51.0,Moderate
2022-08-10,13.3258429086023,23.5294297607123,50.9369324935722,75.4,86.5,15.0,213.7,1007.7,5.0,76.2,146.0,54.0,Moderate
2022-08-11,14.3268319815897,28.9238345526322,74.104042126015,76.6,80.7,13.9,219.3,1010.0,4.8,0.5,205.3,56.0,Moderate
2022-08-12,15.9077777610884,31.098611100182,65.9287501285533,76.8,77.6,12.8,205.6,1010.0,5.1,0.0,219.7,59.0,Moderate
2022-08-13,17.8725968807045,28.8400154763659,58.8014501515409,76.7,81.7,15.0,211.6,1009.5,4.5,4.1,189.7,63.0,Moderate
2022-08-14,15.9344205354689,25.8196152225386,49.2947927727168,74.3,86.9,6.9,58.2,1011.9,4.3,32.0,105.7,59.0,Moderate
2022-08-15,15.2167361141909,31.239791664481,76.8261112593997,76.0,75.2,12.8,129.2,1013.1,5.8,1.0,203.4,58.0,Moderate
2022-08-16,17.8705555319794,32.3913194345106,65.4998610860767,76.2,77.2,10.3,218.3,1013.5,5.3,0.0,194.5,63.0,Moderate
2022-08-17,19.6384969565267,35.2255956023524,75.7938241311739,76.4,78.4,12.8,265.0,1012.2,4.7,0.0,210.0,67.0,Moderate
2022-08-18,17.9850056973878,32.0379856976747,70.1387568191574,77.6,79.3,12.8,244.0,1009.6,4.8,1.5,244.4,63.0,Moderate
2022-08-19,10.1661805601583,17.1691666837365,36.8207637780205,74.6,83.3,13.9,146.8,1011.1,4.9,24.9,103.3,42.0,Good
2022-08-20,11.8158333281683,19.7545833458488,41.2889583163812,74.0,84.2,10.3,226.5,1011.5,4.8,37.1,194.0,49.0,Good
2022-08-21,12.6238194459018,23.8135416520967,55.1337499962911,76.5,76.8,13.9,195.4,1010.2,5.4,0.0,225.4,52.0,Moderate
2022-08-22,19.7531944400728,34.5795833349226,74.9289582954488,76.3,75.0,15.0,202.2,1009.9,5.6,0.0,210.5,67.0,Moderate
2022-08-23,18.2282638900808,29.1225000109945,53.7958332988981,75.1,82.8,9.2,233.7,1012.0,4.3,29.2,181.9,64.0,Moderate
2022-08-24,13.5872222234816,24.8851388653136,61.9773612767524,75.6,82.0,16.1,225.7,1015.3,4.9,3.3,188.4,54.0,Moderate
2022-08-25,12.9182638830618,24.5874999688724,56.2693749725835,76.6,78.1,12.8,231.0,1013.1,5.4,0.0,210.9,53.0,Moderate
2022-08-26,16.8242509186801,27.6841746345696,53.4698531238,75.4,80.8,9.2,256.2,1011.5,4.9,0.3,190.1,61.0,Moderate
2022-08-27,18.6142349550159,28.7079143239728,51.1330626710266,75.7,80.4,15.0,262.1,1010.9,4.3,0.0,129.9,65.0,Moderate
2022-08-28,13.4211640698394,19.5335993264183,31.2177142223986,72.9,87.0,6.9,131.1,1012.2,4.2,30.5,82.4,54.0,Moderate
2022-08-29,13.7490516784957,26.1128688555163,61.6086645937748,75.0,78.1,9.2,222.9,1016.0,5.0,3.6,91.1,54.0,Moderate
2022-08-30,13.2114583449248,22.1744444608677,46.8746527817532,75.9,79.8,9.2,239.2,1015.5,5.2,0.0,154.5,53.0,Moderate
2022-08-31,19.1487818747545,28.7259016333913,44.1313012954907,73.6,85.0,9.2,271.4,1014.3,4.3,1.8,137.3,66.0,Moderate
2022-09-01,24.9591666453406,36.5397916886528,53.5900694131833,73.5,84.2,8.1,261.8,1015.0,4.3,0.0,35.7,78.0,Moderate
2022-09-02,20.2375956224491,32.022333756931,58.3654405488318,73.1,82.5,10.3,276.5,1015.3,4.7,1.0,71.3,68.0,Moderate
2022-09-03,22.7920833647241,35.1143055710526,61.0976389030598,74.5,80.3,9.2,251.3,1011.2,4.7,0.5,168.5,73.0,Moderate
2022-09-04,19.2948834779457,30.0334957648682,56.7725023181959,74.2,81.5,12.8,208.0,1011.1,4.1,16.5,152.2,66.0,Moderate
2022-09-05,25.2461111035608,39.5683333297556,69.2911805762217,75.0,80.1,11.4,223.5,1012.8,4.3,0.3,184.5,79.0,Moderate
2022-09-06,22.4248611370708,35.5411805517142,65.0126388781557,75.0,79.9,11.4,216.4,1014.3,4.5,3.0,194.7,73.0,Moderate
2022-09-07,21.4620139029275,29.5238888611386,43.1875693907308,72.2,89.6,9.2,91.7,1016.4,4.0,40.4,142.7,71.0,Moderate
2022-09-08,30.428333335834,40.8827518646203,47.1058992444686,71.4,89.7,8.1,52.1,1017.8,3.7,1.5,152.4,90.0,Moderate
2022-09-09,24.8151388976299,34.626666645872,46.8220832698882,71.5,88.9,8.1,107.6,1018.1,3.8,9.9,138.8,78.0,Moderate
2022-09-10,22.4007838892728,31.2688253326704,45.1259840311188,71.9,84.8,8.1,57.8,1017.1,4.7,14.5,169.4,73.0,Moderate
2022-09-11,26.9733333547906,39.9748611225022,62.5932638857123,71.6,88.7,11.4,81.1,1014.3,4.2,5.3,198.8,82.0,Moderate
2022-09-12,20.4109369215096,34.9902177038446,75.1734133858142,73.2,82.0,11.4,201.4,1012.4,4.3,0.3,137.9,68.0,Moderate
2022-09-13,14.3814266099435,23.307195769764,41.9461750446209,72.0,83.7,9.2,156.9,1013.9,4.4,5.1,100.9,56.0,Moderate
2022-09-14,13.0114583265452,22.5279166658716,47.0078472480167,71.1,86.8,17.9,187.2,1015.1,4.8,9.4,114.6,53.0,Moderate
2022-09-15,17.2009722154992,25.9375694514981,41.0736805139326,71.0,89.5,6.9,150.4,1013.2,4.5,20.1,93.8,62.0,Moderate
2022-09-16,18.6135416653411,29.1297916783235,50.2481249868876,71.1,89.5,11.4,171.5,1010.2,4.7,3.3,84.0,65.0,Moderate
2022-09-17,24.2605555633703,34.2201389034578,47.1375695553117,70.9,90.5,11.2,153.9,1011.4,4.3,7.6,69.5,77.0,Moderate
2022-09-18,22.99895511420245,34.44010524835615,56.80542970002845,73.6,84.4,13.4,230.5,1013.3,4.6,0.0,134.9,74.0,Moderate
2022-09-19,21.7373546650346,34.6600715932545,66.4732898447452,73.2,84.9,13.4,190.1,1014.8,4.4,0.3,190.9,71.0,Moderate
2022-09-20,24.4658377406722,42.4667066964262,79.3713956817877,72.8,85.9,11.4,212.0,1014.0,4.3,0.3,193.7,77.0,Moderate
2022-09-21,24.26282959467,43.5907454591903,90.7249428060233,74.0,83.7,13.9,201.9,1014.5,4.5,0.3,177.8,77.0,Moderate
2022-09-22,19.4817239529957,33.9940169174828,69.0043398154256,73.7,81.4,12.8,184.4,1014.5,5.0,6.6,205.5,67.0,Moderate
2022-09-23,20.8636108827179,35.1125914152885,65.4584542524569,73.7,83.6,11.4,183.1,1013.7,4.3,16.3,153.1,69.0,Moderate
2022-09-24,20.7401909755108,33.8988677217404,59.5689200691644,73.1,80.4,12.8,197.3,1013.6,4.2,6.8,144.7,69.0,Moderate
2022-09-25,21.3377174620093,33.3535543238308,56.7146088392079,72.0,83.5,15.0,270.4,1014.7,4.5,20.8,166.3,70.0,Moderate
2022-09-26,23.5003786771257,38.125771713416,64.2151289319819,72.0,81.3,10.3,253.6,1015.9,4.3,5.8,126.9,75.0,Moderate
2022-09-27,21.9032070495534,39.4790996725278,78.2650473829172,72.1,79.4,12.8,214.9,1013.9,4.3,0.0,201.1,72.0,Moderate
2022-09-28,24.2313382957022,41.1947895459874,74.7644096720679,72.1,81.6,10.3,257.6,1013.3,4.8,1.4,175.1,77.0,Moderate
2022-09-29,25.1947979283714,44.5425170828754,82.6730796916739,72.8,78.3,12.8,198.7,1013.6,4.8,0.7,200.9,79.0,Moderate
2022-09-30,28.0367308374432,44.5184134378307,74.4443279806593,72.4,80.7,11.4,203.0,1014.0,4.4,12.6,214.7,85.0,Moderate
2022-10-01,31.314788627471,46.7967551214325,69.1769231119553,72.7,79.9,8.9,123.4,1013.3,4.3,0.0,203.4,91.0,Moderate
2022-10-02,25.3500511800232,41.3783988444214,74.0739514720336,73.8,74.3,12.8,175.2,1013.3,4.9,0.0,224.5,79.0,Moderate
2022-10-03,18.3284114926863,28.5643621907724,52.1837953527735,72.6,79.2,13.9,213.2,1014.8,4.5,34.0,201.3,64.0,Moderate
2022-10-04,15.1616624562932,18.8766311749664,21.849226627624,69.3,90.6,8.1,129.9,1016.8,4.2,16.8,64.2,57.0,Moderate
2022-10-05,7.40579852078722,9.30007191947329,11.3823846134921,68.2,90.0,10.3,99.9,1018.2,4.2,53.2,47.3,31.0,Good
2022-10-06,9.48282813939472,10.2253790329001,10.3268825759313,65.3,97.2,8.1,71.7,1019.0,3.7,47.8,40.9,40.0,Good
2022-10-07,17.441268757965,20.4646308670416,27.3697821764628,67.5,91.7,9.2,214.9,1019.0,4.5,9.4,138.6,62.0,Moderate
2022-10-08,13.3894160620224,19.5498370421313,34.7428642253126,70.1,82.7,12.8,278.8,1018.5,4.8,1.3,131.6,54.0,Moderate
2022-10-09,14.1630354861929,22.4363782209432,39.9065826701658,70.2,81.5,10.3,288.5,1018.8,5.2,0.0,202.2,55.0,Moderate
2022-10-10,15.084736214006831,23.7134007338435,41.43157608487123,70.4,82.1,11.4,263.7,1019.8,4.6,0.0,157.9,57.0,Moderate
2022-10-11,16.006436941820766,24.9904232467438,42.956569499576666,67.9,83.5,9.2,236.0,1017.3,4.4,0.3,185.4,59.0,Moderate
2022-10-12,16.9281376696347,26.2674457596441,44.4815629142821,69.1,82.3,10.3,247.2,1016.8,5.2,6.0,117.8,61.0,Moderate
2022-10-13,16.5604205238187,26.1308629223807,46.5120503332684,69.6,78.0,10.3,211.0,1017.9,4.9,0.5,155.6,60.0,Moderate
2022-10-14,17.06378706751,26.7894921668768,46.7597634436322,68.5,76.8,10.3,195.2,1018.1,5.2,0.5,197.1,61.0,Moderate
2022-10-15,22.8223811566316,34.3936900588078,56.5022070272421,68.7,78.1,8.1,231.8,1017.7,5.3,0.0,184.8,74.0,Moderate
2022-10-16,27.1851090589378,42.7547522136376,72.9019574301764,68.6,69.2,11.4,171.7,1020.2,5.1,0.0,193.1,83.0,Moderate
2022-10-17,26.689587249575,50.457980959332,94.356616436806,66.6,58.9,8.1,124.3,1020.2,5.4,0.0,225.3,82.0,Moderate
2022-10-18,31.1680246649139,50.5502366484606,86.7262500267661,64.5,69.5,8.1,170.8,1018.6,5.2,0.0,219.7,91.0,Moderate
2022-10-19,33.8623732326345,50.948326994424,80.9238517217904,63.9,73.3,10.3,180.1,1018.5,4.3,0.0,179.0,97.0,Moderate
2022-10-20,34.69989885530138,51.94727740455191,81.64560811924672,64.2,71.1,10.3,230.7,1021.0,4.7,0.0,187.6,99.0,Moderate
2022-10-21,35.537424477968244,52.946227814679816,82.36736451670303,64.8,71.8,9.2,260.9,1022.2,4.5,0.0,217.1,101.0,Unhealthy for Sensitive Groups
2022-10-22,36.37495010063512,53.94517822480772,83.08912091415935,64.9,65.2,13.9,146.9,1023.1,4.9,0.0,204.5,103.0,Unhealthy for Sensitive Groups
2022-10-23,37.21247572330199,54.94412863493562,83.81087731161567,65.4,60.0,9.2,90.8,1022.0,5.2,0.0,212.7,105.0,Unhealthy for Sensitive Groups
2022-10-24,38.05000134596886,55.94307904506353,84.53263370907199,65.2,64.3,10.3,267.2,1015.9,5.2,0.0,217.9,107.0,Unhealthy for Sensitive Groups
2022-10-25,38.887526968635726,56.94202945519144,85.2543901065283,64.8,66.4,13.9,288.1,1014.1,5.2,0.0,222.5,109.0,Unhealthy for Sensitive Groups
2022-10-26,39.7250525913026,57.94097986531934,85.97614650398462,64.0,65.7,9.2,211.3,1019.2,5.2,0.0,171.4,111.0,Unhealthy for Sensitive Groups
2022-10-27,40.562578213969466,58.939930275447246,86.69790290144094,63.5,79.0,12.8,220.9,1019.3,4.4,0.0,146.0,113.0,Unhealthy for Sensitive Groups
2022-10-28,41.40010383663634,59.93888068557516,87.41965929889726,63.4,77.1,9.2,249.3,1019.4,4.1,0.0,157.7,116.0,Unhealthy for Sensitive Groups
2022-10-29,42.23762945930321,60.93783109570306,88.14141569635358,63.8,74.0,9.2,248.6,1020.1,4.5,0.0,167.5,118.0,Unhealthy for Sensitive Groups
2022-10-30,43.07515508197008,61.936781505830965,88.8631720938099,63.9,70.6,10.3,244.3,1020.6,5.0,0.0,186.0,120.0,Unhealthy for Sensitive Groups
2022-10-31,43.91268070463695,62.93573191595887,89.58492849126621,63.4,72.0,9.2,230.7,1020.4,4.3,0.0,207.7,122.0,Unhealthy for Sensitive Groups
2022-11-01,44.75020632730382,63.93468232608678,90.30668488872251,63.2,72.5,9.2,251.8,1020.6,4.5,0.0,206.4,124.0,Unhealthy for Sensitive Groups
2022-11-02,45.58773194997069,64.93363273621469,91.02844128617885,62.4,72.3,9.2,251.5,1018.8,4.8,0.0,208.3,126.0,Unhealthy for Sensitive Groups
2022-11-03,46.42525757263756,65.9325831463426,91.75019768363516,61.9,66.7,9.2,204.9,1018.3,5.1,0.0,187.8,128.0,Unhealthy for Sensitive Groups
2022-11-04,47.26278319530443,66.9315335564705,92.47195408109148,62.3,71.8,8.9,155.2,1020.3,4.3,0.0,192.6,130.0,Unhealthy for Sensitive Groups
2022-11-05,48.1003088179713,67.9304839665984,93.1937104785478,62.8,71.7,9.2,258.4,1022.5,4.4,0.0,200.3,132.0,Unhealthy for Sensitive Groups
2022-11-06,45.0847831637109,62.0103703530512,95.7590775141255,62.2,75.2,9.2,257.0,1022.7,4.3,0.0,162.4,125.0,Unhealthy for Sensitive Groups
2022-11-07,41.3565833344725,52.3892323502952,71.6247813872486,61.9,79.0,10.3,266.9,1021.4,4.5,0.0,175.4,115.0,Unhealthy for Sensitive Groups
2022-11-08,47.3159937539175,60.2393975330016,82.562921803484,61.8,75.3,8.1,233.3,1021.5,4.1,0.0,145.0,130.0,Unhealthy for Sensitive Groups
2022-11-09,44.2841695223518,57.449981180318,79.6597601732579,63.0,70.3,9.2,220.0,1021.5,4.1,0.0,136.2,123.0,Unhealthy for Sensitive Groups
2022-11-10,43.1374659735689,56.1015608978766,85.1906982529817,62.1,72.3,10.3,254.8,1021.4,4.1,0.0,129.3,120.0,Unhealthy for Sensitive Groups
2022-11-11,46.261632487454,58.6507137036539,82.4114033195459,61.2,73.5,9.2,219.4,1020.5,4.1,0.0,167.8,127.0,Unhealthy for Sensitive Groups
2022-11-12,47.5580748142696,59.3417154079756,81.3989617291992,59.5,72.7,10.3,273.6,1019.9,4.3,0.0,182.5,131.0,Unhealthy for Sensitive Groups
2022-11-13,49.0259583905551,61.9736866721805,83.3568834598454,57.7,73.0,9.2,195.7,1019.3,4.4,0.0,174.2,134.0,Unhealthy for Sensitive Groups
2022-11-14,59.0981110880331,70.7899999618595,88.7996794305361,58.3,75.5,10.3,241.1,1020.4,3.6,0.0,173.3,153.0,Unhealthy
2022-11-15,58.1605075561864,67.5821366133299,84.2015630168459,58.8,75.3,9.2,238.3,1019.2,3.4,0.0,172.1,152.0,Unhealthy
2022-11-16,55.1443392407721,63.0141478439897,76.3784421305312,59.1,76.8,6.9,203.5,1017.9,3.7,0.0,143.5,149.0,Unhealthy for Sensitive Groups
2022-11-17,53.2540869759508,61.3353301794385,71.7681625540784,57.8,77.0,6.9,209.4,1017.1,3.6,0.0,151.0,145.0,Unhealthy for Sensitive Groups
2022-11-18,61.9540300226397,69.4194911858207,81.1927789720675,58.7,76.7,9.2,182.7,1019.9,3.3,0.0,170.3,154.0,Unhealthy
2022-11-19,59.2870655180585,65.9706962717907,77.7738838473285,59.1,72.9,8.1,231.6,1020.6,3.5,0.0,176.8,153.0,Unhealthy
2022-11-20,47.4708457433264,52.1808184943968,62.8834043412241,59.0,73.9,9.2,254.0,1019.1,3.9,0.0,186.5,130.0,Unhealthy for Sensitive Groups
2022-11-21,45.7264082692144,51.7319592017076,66.4525159486232,58.1,73.0,11.4,272.1,1017.1,4.5,0.0,187.2,126.0,Unhealthy for Sensitive Groups
2022-11-22,48.5391746182906,56.1347210216372,72.6740926861313,57.4,72.3,9.2,224.4,1017.2,4.5,0.0,179.4,133.0,Unhealthy for Sensitive Groups
2022-11-23,55.248101136485,61.9820856081771,77.7129371947963,56.9,75.2,8.1,198.3,1017.6,4.1,0.0,173.4,150.0,Unhealthy for Sensitive Groups
2022-11-24,46.0497616655019,51.3839169732542,63.7194209807538,57.8,75.0,8.1,144.0,1018.4,4.2,0.0,168.3,127.0,Unhealthy for Sensitive Groups
2022-11-25,50.7483959072271,57.6242486223065,72.8738900010514,59.1,69.5,9.2,193.7,1020.6,4.2,0.0,184.0,139.0,Unhealthy for Sensitive Groups
2022-11-26,47.4870139258377,52.5130134018508,67.7510473319022,59.0,71.1,9.2,259.8,1017.7,4.7,0.0,184.5,131.0,Unhealthy for Sensitive Groups
2022-11-27,43.1159961324142,47.102828994832,57.1387511776332,58.4,72.3,8.1,237.5,1015.9,4.8,0.0,147.3,120.0,Unhealthy for Sensitive Groups
2022-11-28,46.3244168016343,49.8666878073818,58.6564061466406,57.2,76.7,8.1,232.9,1017.6,3.8,0.0,152.0,128.0,Unhealthy for Sensitive Groups
2022-11-29,51.5726388772323,55.4088194012635,65.1713888896825,57.9,74.7,9.2,231.5,1019.5,3.7,0.0,173.0,141.0,Unhealthy for Sensitive Groups
2022-11-30,54.478808548226,60.3310818531363,77.6178508866602,57.1,75.5,8.1,233.7,1020.4,4.0,0.0,170.5,148.0,Unhealthy for Sensitive Groups
2022-12-01,49.173958337308,53.9180555780724,67.5240278270509,56.6,72.2,8.1,174.7,1019.0,4.6,0.0,170.1,135.0,Unhealthy for Sensitive Groups
2022-12-02,46.3882638355078,50.4021527581718,61.8168750630489,56.5,71.9,8.1,165.2,1019.0,4.6,0.0,160.2,128.0,Unhealthy for Sensitive Groups
2022-12-03,47.5661788870703,51.2568538011995,60.9046697926598,56.2,72.6,8.1,196.0,1019.3,4.3,0.0,170.5,131.0,Unhealthy for Sensitive Groups
2022-12-04,50.2718749946994,55.0976388639865,67.9855555693301,55.8,74.3,8.1,214.1,1019.4,4.1,0.0,174.4,137.0,Unhealthy for Sensitive Groups
2022-12-05,45.4370582895198,49.5724203263691,60.4001002121298,56.1,74.0,9.2,199.3,1020.3,4.8,0.0,144.7,125.0,Unhealthy for Sensitive Groups
2022-12-06,45.0467494891956,49.1894354820673,59.4404234041862,55.3,72.1,6.9,173.1,1018.6,4.2,0.0,149.4,125.0,Unhealthy for Sensitive Groups
2022-12-07,48.4364151096085,51.8904941001005,61.0265220852703,54.9,73.9,13.9,175.3,1017.7,4.3,0.0,155.5,133.0,Unhealthy for Sensitive Groups
2022-12-08,49.6221428264196,53.1404780425522,62.6880205958519,55.3,71.6,8.1,198.8,1019.2,4.6,0.0,154.0,136.0,Unhealthy for Sensitive Groups
2022-12-09,49.6898781983361,56.023563364687,75.5144637124393,55.2,72.5,9.2,204.3,1018.6,4.4,0.0,158.1,136.0,Unhealthy for Sensitive Groups
2022-12-10,53.9688194327885,58.0124305420447,68.4079861124354,54.6,73.6,6.9,192.7,1018.7,4.0,0.0,169.0,146.0,Unhealthy for Sensitive Groups
2022-12-11,55.5309507168787,62.0604141931408,78.4515132774725,54.9,69.6,10.3,230.3,1017.8,4.1,0.0,171.5,151.0,Unhealthy
2022-12-12,61.219163219221,67.5208241649972,78.5262659534074,54.6,70.1,6.9,161.5,1016.9,3.9,0.0,174.4,154.0,Unhealthy
2022-12-13,74.5144492329286,85.3652513688513,130.347225803605,54.2,72.1,10.3,258.9,1017.5,3.9,0.0,172.8,161.0,Unhealthy
2022-12-14,66.8292101129749,72.4247063870043,87.4167270103461,53.5,76.1,10.3,204.6,1017.5,3.3,0.0,150.7,157.0,Unhealthy
2022-12-15,66.6291352136262,72.4822913840775,86.5992741372748,54.8,73.9,9.2,244.8,1016.5,3.4,0.0,112.5,157.0,Unhealthy
2022-12-16,66.8087682439558,71.9394262766797,85.7451356153919,55.8,77.2,10.3,185.9,1016.3,3.3,0.0,127.8,157.0,Unhealthy
2022-12-17,68.7597939599403,72.7985917877861,85.2888046839227,55.2,76.1,8.1,192.7,1018.7,2.8,0.8,96.3,158.0,Unhealthy
2022-12-18,69.8644400777381,75.119523875373,96.8348908074601,55.5,75.2,10.3,263.5,1019.5,3.3,0.0,96.0,158.0,Unhealthy
2022-12-19,57.4139309642972,62.5768681553974,79.7292337537395,54.5,74.8,10.3,248.2,1017.8,3.9,0.0,96.7,152.0,Unhealthy
2022-12-20,52.0654166115649,55.6479166176587,70.4907639622754,53.9,74.2,9.2,174.3,1016.4,4.0,0.0,118.8,142.0,Unhealthy for Sensitive Groups
2022-12-21,58.0160416695794,61.081458312935,72.064513889951,54.3,77.0,9.2,228.9,1017.2,3.9,0.0,137.5,152.0,Unhealthy
2022-12-22,57.4725694802078,60.2988194240459,70.4622916248114,52.5,80.5,9.2,190.8,1016.4,3.3,0.0,164.8,152.0,Unhealthy
2022-12-23,54.5272221710949,59.4352777176433,72.9279166645493,52.3,72.7,6.9,241.6,1016.8,3.9,0.0,162.3,148.0,Unhealthy for Sensitive Groups
2022-12-24,65.2560416499754,69.4148610830292,79.1901388088824,52.4,68.2,6.9,172.3,1017.8,3.7,0.0,145.0,156.0,Unhealthy
2022-12-25,61.2268125933185,68.001481786597,88.4808414892075,51.8,64.6,9.2,264.1,1018.3,4.0,0.0,175.6,154.0,Unhealthy
2022-12-26,53.9755305691731,60.2309471813936,80.1736349393134,51.8,66.9,8.1,220.2,1020.0,4.3,0.0,163.4,146.0,Unhealthy for Sensitive Groups
2022-12-27,55.4250717304097,62.6855772082721,90.6583344263352,51.0,63.9,11.4,267.4,1017.2,4.3,0.0,171.8,,Hazardous
2022-12-28,56.2442360613079,61.4504861182631,77.2953472150655,49.2,68.5,11.4,178.2,1017.3,3.6,0.0,140.5,151.0,Unhealthy
2022-12-29,73.6792349556529,78.0609004744191,91.3026104380303,48.8,73.7,6.9,193.4,1020.3,2.7,0.0,90.6,160.0,Unhealthy
2022-12-30,75.6041301879075,79.6577925827138,94.6793978097711,49.2,75.2,9.2,238.4,1022.2,2.6,0.0,113.5,161.0,Unhealthy
2022-12-31,68.3301648356781,72.7802182091606,87.4280402729598,48.8,75.1,10.3,254.0,1020.9,2.7,0.0,100.3,158.0,Unhealthy
2023-01-01,63.165943223785405,67.58264547277373,81.25529072832273,49.4,76.4,8.1,219.4,1022.3,2.9,0.0,76.6,155.0,Unhealthy
2023-01-02,58.0017216118927,62.38507273638686,75.08254118368568,50.6,76.5,9.2,223.8,1022.9,2.9,0.0,125.9,152.0,Unhealthy
2023-01-03,52.8375,57.1875,68.9097916390486,49.8,75.0,9.2,221.0,1023.1,2.7,0.0,151.7,144.0,Unhealthy for Sensitive Groups
2023-01-04,46.225,51.2583333333333,66.1470833279444,49.6,72.4,10.3,206.2,1022.5,3.4,0.0,140.2,127.0,Unhealthy for Sensitive Groups
2023-01-05,42.4583333333333,48.6708333333333,67.1617360654722,49.4,66.8,9.2,162.8,1024.2,3.9,0.0,160.3,118.0,Unhealthy for Sensitive Groups
2023-01-06,66.65,80.3208333333333,110.733938280798,50.7,62.1,9.2,120.2,1025.1,3.7,0.0,176.5,157.0,Unhealthy
2023-01-07,67.3041666666667,85.9583333333333,154.753679423632,51.6,56.0,12.8,265.9,1023.4,4.4,0.0,188.0,157.0,Unhealthy
2023-01-08,53.3875,64.2333333333333,91.4936041180905,51.7,52.6,8.1,106.8,1022.2,4.4,0.0,188.3,145.0,Unhealthy for Sensitive Groups
2023-01-09,47.8375,61.7791666666667,92.1162687314836,52.2,53.6,8.1,159.8,1022.9,4.6,0.0,187.8,131.0,Unhealthy for Sensitive Groups
2023-01-10,59.9708333333333,84.775,143.819904847614,52.5,58.1,8.1,143.3,1020.3,4.3,0.0,183.7,153.0,Unhealthy
2023-01-11,58.0083333333333,79.7375,131.259423293744,51.4,62.1,13.9,180.6,1017.9,4.4,0.0,185.6,152.0,Unhealthy
2023-01-12,52.3625,69.7041666666667,106.233911216968,51.6,64.2,11.4,188.6,1016.0,4.3,0.0,183.2,143.0,Unhealthy for Sensitive Groups
2023-01-13,44.9,58.85,92.4298611608819,51.7,68.8,11.4,283.7,1016.9,4.5,0.0,181.7,124.0,Unhealthy for Sensitive Groups
2023-01-14,40.9291666666667,59.1791666666667,101.532218658512,51.3,63.0,13.9,288.1,1016.3,4.7,0.0,182.7,114.0,Unhealthy for Sensitive Groups
2023-01-15,47.9583333333333,59.8208333333333,91.3575002756528,49.7,69.5,10.3,244.5,1014.8,3.8,0.0,161.0,132.0,Unhealthy for Sensitive Groups
2023-01-16,64.2375,68.2291666666667,81.8942166890616,48.9,75.2,9.2,223.9,1016.5,2.9,0.0,149.2,156.0,Unhealthy
2023-01-17,61.95,67.0083333333333,82.6574305582569,49.1,73.3,8.1,244.3,1016.9,2.8,0.0,153.2,154.0,Unhealthy
2023-01-18,58.3916666666667,66.0666666666667,87.8943147231919,48.6,69.0,8.1,245.3,1019.1,3.1,0.0,169.1,152.0,Unhealthy
2023-01-19,59.9791666666667,66.3666666666667,84.2098901574413,47.7,72.3,11.4,257.0,1020.6,2.5,0.0,138.9,153.0,Unhealthy
2023-01-20,73.0416666666667,79.9708333333333,103.453194424507,50.0,72.4,11.4,251.9,1020.0,2.4,0.0,182.1,160.0,Unhealthy
2023-01-21,58.6708333333333,70.9958333333333,111.280501517998,51.8,61.2,17.2,306.8,1018.8,3.8,0.0,199.0,153.0,Unhealthy
2023-01-22,54.3291666666667,78.2166666666667,134.749305476215,51.8,50.9,16.1,295.9,1019.2,4.5,0.0,200.4,147.0,Unhealthy for Sensitive Groups
2023-01-23,46.3041666666667,62.3666666666667,101.769589057598,53.4,51.0,12.8,292.3,1018.5,4.5,0.0,201.5,128.0,Unhealthy for Sensitive Groups
2023-01-24,38.85,49.5458333333333,73.1484289158703,54.3,58.2,18.3,286.7,1019.6,4.1,0.0,195.6,109.0,Unhealthy for Sensitive Groups
2023-01-25,41.8083333333333,53.4416666666667,80.7300000776875,56.1,64.3,15.0,298.0,1019.5,3.4,0.0,193.3,117.0,Unhealthy for Sensitive Groups
2023-01-26,50.3041666666667,59.5666666666667,82.4372234780873,57.3,62.2,12.8,287.7,1019.1,3.9,0.0,192.9,137.0,Unhealthy for Sensitive Groups
2023-01-27,40.7583333333333,61.4916666666667,105.979429569623,56.1,59.8,11.4,309.6,1018.6,4.3,0.0,207.8,114.0,Unhealthy for Sensitive Groups
2023-01-28,35.9916666666667,49.7791666666667,76.6879861134514,54.6,55.4,10.3,223.6,1017.2,4.6,0.0,203.0,102.0,Unhealthy for Sensitive Groups
2023-01-29,41.0375,51.3583333333333,75.255244869003,55.1,60.7,8.1,129.9,1019.4,3.9,0.0,196.9,115.0,Unhealthy for Sensitive Groups
2023-01-30,66.0375,79.8916666666667,108.429776172918,56.1,67.6,5.8,138.8,1021.9,2.6,0.0,182.4,156.0,Unhealthy
2023-01-31,90.3875,140.666666666667,278.394971949346,59.1,59.9,11.4,281.5,1018.8,3.4,0.0,198.3,169.0,Unhealthy
2023-02-01,59.6,81.625,137.70012884771,56.9,55.9,11.4,293.8,1017.0,4.2,0.0,208.8,153.0,Unhealthy
2023-02-02,62.4416666666667,80.0166666666667,120.020245869344,56.4,59.3,10.3,188.1,1018.0,4.0,0.0,207.8,155.0,Unhealthy
2023-02-03,59.9291666666667,75.0458333333333,111.493864051971,55.8,63.1,10.3,189.4,1018.5,3.7,0.0,196.3,153.0,Unhealthy
2023-02-04,65.775,78.9166666666667,116.452513717299,56.1,65.2,9.2,184.8,1015.9,3.7,0.0,189.9,156.0,Unhealthy
2023-02-05,60.55,78.4125,118.899097238896,55.5,65.8,12.8,179.8,1015.4,3.7,0.0,114.0,154.0,Unhealthy
2023-02-06,66.7208333333333,82.6,126.779216650612,55.8,68.6,10.3,212.1,1015.4,3.2,0.0,132.6,157.0,Unhealthy
2023-02-07,56.2875,72.3041666666667,111.476736193646,55.4,64.4,10.3,244.7,1013.5,3.4,0.0,162.8,151.0,Unhealthy
2023-02-08,53.4625,72.9541666666667,125.449305397111,54.6,64.5,9.2,233.8,1015.6,3.6,0.0,188.0,145.0,Unhealthy for Sensitive Groups
2023-02-09,58.7708333333333,69.0541666666667,97.8338059431773,54.9,71.5,10.3,216.2,1016.5,3.1,0.0,142.1,153.0,Unhealthy
2023-02-10,58.6916666666667,75.65,136.179207440214,55.8,70.4,13.9,283.2,1016.8,3.1,0.0,203.2,153.0,Unhealthy
2023-02-11,52.3125,71.65,132.565902892751,57.4,63.2,12.8,311.2,1016.8,3.9,0.0,223.2,142.0,Unhealthy for Sensitive Groups
2023-02-12,41.525,83.3541666666667,195.859223534799,56.1,55.1,12.8,291.7,1015.6,4.5,0.0,208.1,116.0,Unhealthy for Sensitive Groups
2023-02-13,44.4791666666667,78.55,154.151356950464,53.7,61.9,16.1,195.3,1014.3,3.6,0.0,229.5,123.0,Unhealthy for Sensitive Groups
2023-02-14,43.3125,77.7333333333333,148.417572919224,54.6,61.8,11.4,218.8,1017.6,3.7,0.0,207.6,120.0,Unhealthy for Sensitive Groups
2023-02-15,34.2916666666667,83.725,165.009791788049,58.2,54.4,13.9,216.2,1016.9,4.3,0.0,205.7,98.0,Moderate
2023-02-16,34.8416666666667,70.4208333333333,142.944266404278,61.9,53.0,10.3,227.6,1019.5,4.0,0.0,215.9,99.0,Moderate
2023-02-17,40.10243055555558,75.99618055555553,145.170084481248,60.3,59.2,98.0,279.7,1021.2,3.9,0.0,233.2,112.0,Unhealthy for Sensitive Groups
2023-02-18,45.36319444444446,81.57152777777776,147.395902558218,60.4,59.5,10.3,253.9,1020.7,3.7,0.0,235.8,125.0,Unhealthy for Sensitive Groups
2023-02-19,50.62395833333335,87.14687499999998,149.621720635188,61.9,59.2,98.0,275.9,1019.6,3.6,0.0,229.9,138.0,Unhealthy for Sensitive Groups
2023-02-20,55.88472222222223,92.7222222222222,151.847538712158,60.5,64.8,12.8,191.0,1018.0,3.6,0.0,174.5,151.0,Unhealthy
2023-02-21,61.14548611111111,98.29756944444442,154.073356789128,61.0,70.8,11.4,221.3,1018.0,2.7,0.0,149.1,154.0,Unhealthy
2023-02-22,66.40625,103.87291666666664,156.299174866098,61.8,61.7,12.8,289.7,1016.4,3.4,0.0,213.5,157.0,Unhealthy
2023-02-23,71.66701388888887,109.44826388888887,158.524992943068,61.4,65.6,13.9,206.8,1015.8,3.5,0.0,232.2,159.0,Unhealthy
2023-02-24,76.92777777777776,115.0236111111111,160.750811020038,60.0,66.7,15.7,202.9,1018.4,3.6,0.0,232.2,162.0,Unhealthy
2023-02-25,82.18854166666665,120.59895833333331,162.976629097008,60.0,70.8,15.0,206.8,1021.7,3.3,0.0,195.9,165.0,Unhealthy
2023-02-26,87.44930555555553,126.17430555555556,165.202447173978,57.3,76.4,16.1,193.3,1023.7,3.1,1.0,174.3,167.0,Unhealthy
2023-02-27,92.7100694444444,131.74965277777778,167.428265250948,56.4,73.1,11.4,224.1,1022.6,3.6,2.5,187.0,170.0,Unhealthy
2023-02-28,97.9708333333333,137.325,169.654083327918,59.3,71.8,12.8,218.4,1022.3,3.0,0.0,236.9,173.0,Unhealthy
2023-03-01,107.320833333333,147.0875,180.037029674534,60.9,72.0,10.3,247.9,1023.5,2.7,0.0,223.2,178.0,Unhealthy
2023-03-02,96.3083333333333,133.958333333333,165.868249012584,62.0,69.9,10.3,213.3,1022.9,2.6,0.8,220.8,172.0,Unhealthy
2023-03-03,94.8666666666667,131.666666666667,162.563958311236,63.0,70.7,12.8,195.6,1022.8,2.7,0.0,235.5,171.0,Unhealthy
2023-03-04,99.7916666666667,137.479166666667,168.387094703462,63.9,73.6,15.0,202.2,1023.2,2.7,0.3,207.4,174.0,Unhealthy
2023-03-05,95.1458333333333,131.520833333333,162.333178582242,64.0,68.0,12.8,249.4,1022.0,3.0,2.3,215.8,171.0,Unhealthy
2023-03-06,89.5958333333333,119.55,147.122500186931,63.4,68.0,13.9,215.5,1019.4,3.2,0.0,230.3,169.0,Unhealthy
2023-03-07,79.2708333333333,110.629166666667,148.273353697358,63.3,57.5,12.7,204.7,1020.5,4.0,0.0,256.1,163.0,Unhealthy
2023-03-08,112.475,151.375,176.632395209454,58.3,71.8,9.2,92.2,1023.3,3.1,0.8,128.4,180.0,Unhealthy
2023-03-09,74.7291666666667,104.308333333333,139.299314682733,60.1,60.5,11.4,288.8,1021.5,4.1,0.0,227.7,161.0,Unhealthy
2023-03-10,73.4,106.079166666667,148.292810870488,62.4,52.9,15.0,181.6,1020.8,4.3,0.0,251.2,160.0,Unhealthy
2023-03-11,78.8625,113.65,145.673958245722,60.4,61.6,10.3,142.8,1021.5,3.9,0.0,239.3,163.0,Unhealthy
2023-03-12,88.9458333333333,125.4,156.211036463966,61.7,63.9,49.4,152.3,1021.5,3.4,0.0,256.5,168.0,Unhealthy
2023-03-13,99.95,128.070833333333,147.422026432404,63.5,65.4,13.9,217.5,1019.7,2.8,0.0,205.6,174.0,Unhealthy
2023-03-14,90.4,122.5875,148.063857993512,63.5,63.7,17.2,277.5,1017.0,3.0,0.8,205.0,169.0,Unhealthy
2023-03-15,91.10416666666669,121.35972222222232,144.11525964224933,62.6,51.8,11.4,170.0,1016.2,4.9,2.9,244.3,169.0,Unhealthy
2023-03-16,91.80833333333334,120.13194444444468,140.16666129098667,62.2,62.5,13.9,219.7,1018.1,3.5,0.0,234.7,170.0,Unhealthy
2023-03-17,92.5125,118.904166666667,136.218062939724,60.5,71.2,12.8,238.5,1019.3,2.8,6.6,209.3,170.0,Unhealthy
2023-03-18,63.2875,87.2166666666667,105.22827813445,58.7,76.2,13.9,177.1,1017.8,3.4,3.0,188.2,155.0,Unhealthy
2023-03-19,39.0541666666667,54.0416666666667,67.1310722033987,59.7,73.6,11.4,185.8,1015.1,4.3,0.0,156.2,110.0,Unhealthy for Sensitive Groups
2023-03-20,25.5916666666667,32.3,38.791199976011,57.3,82.5,9.2,209.5,1013.7,4.1,17.0,114.2,79.0,Moderate
2023-03-21,18.8833333333333,23.6583333333333,33.6280307973473,57.7,79.5,8.1,155.9,1014.0,5.3,8.9,153.8,65.0,Moderate
2023-03-22,20.7125,28.3416666666667,42.3031906582435,61.3,64.7,20.1,279.6,1013.4,5.5,0.5,247.0,69.0,Moderate
2023-03-23,43.2375,62.25,82.953723995708,60.9,67.4,17.2,216.3,1012.8,4.7,0.0,237.7,120.0,Unhealthy for Sensitive Groups
2023-03-24,50.6583333333333,71.6125,89.9973448576112,63.3,63.8,20.1,216.8,1015.4,4.0,0.0,216.1,138.0,Unhealthy for Sensitive Groups
2023-03-25,60.0666666666667,85.4208333333333,107.628778361648,63.2,60.4,17.2,305.3,1017.8,4.7,0.0,248.8,153.0,Unhealthy
2023-03-26,54.4791666666667,76.9083333333333,101.76607595151,64.7,49.5,12.8,254.5,1015.7,4.6,0.0,273.0,148.0,Unhealthy for Sensitive Groups
2023-03-27,49.4875,71.4291666666667,95.8786918779669,64.5,48.9,16.1,206.0,1014.0,4.4,0.0,258.7,135.0,Unhealthy for Sensitive Groups
2023-03-28,63.0916666666667,91.3666666666667,124.260537138724,64.5,47.0,15.0,194.3,1015.0,4.3,0.0,275.6,155.0,Unhealthy
2023-03-29,83.7791666666667,121.395833333333,153.16338267414,64.3,50.7,17.2,209.5,1016.8,3.8,0.0,272.8,166.0,Unhealthy
2023-03-30,91.55,131.4125,165.772596735572,64.8,53.3,15.0,207.7,1015.1,4.0,0.0,277.6,170.0,Unhealthy
2023-03-31,90.0541666666667,121.941666666667,141.479794577534,58.6,76.0,15.0,154.2,1016.1,3.0,7.6,135.3,169.0,Unhealthy
2023-04-01,37.4416666666667,47.6291666666667,56.4871527753333,56.7,80.4,17.2,147.4,1015.1,4.5,5.3,182.6,106.0,Unhealthy for Sensitive Groups
2023-04-02,31.4833333333333,41.95,52.4408652209405,57.6,75.4,15.0,230.4,1012.5,5.1,0.0,230.8,92.0,Moderate
2023-04-03,36.0291666666667,48.0708333333333,66.5041760707894,61.8,71.2,10.3,221.0,1012.2,4.9,0.3,239.8,102.0,Unhealthy for Sensitive Groups
2023-04-04,44.4625,62.1416666666667,81.3261640258465,63.4,65.2,18.3,349.4,1014.3,4.6,1.0,251.6,123.0,Unhealthy for Sensitive Groups
2023-04-05,46.9166666666667,66.9875,93.3384721707708,64.4,59.1,13.9,233.3,1014.0,4.9,0.5,290.1,129.0,Unhealthy for Sensitive Groups
2023-04-06,62.0333333333333,90.1166666666667,122.479305571076,66.0,52.3,12.8,224.9,1016.6,4.3,0.0,295.5,154.0,Unhealthy
2023-04-07,86.7083333333333,124.7375,159.1080556195,66.4,52.9,15.0,210.8,1019.0,3.8,0.0,309.4,167.0,Unhealthy
2023-04-08,94.8208333333333,133.870833333333,167.45749994034,67.5,52.8,13.9,206.0,1021.0,3.2,0.0,294.1,171.0,Unhealthy
2023-04-09,88.725,122.95,158.431041650778,68.7,45.4,13.9,286.2,1020.5,3.5,0.0,285.4,168.0,Unhealthy
2023-04-10,75.3875,109.85,145.86687502525,68.6,40.0,10.3,240.6,1018.3,4.2,0.0,304.1,161.0,Unhealthy
2023-04-11,102.5125,147.329166666667,180.819378438656,68.7,45.7,15.0,191.5,1017.7,2.8,0.0,299.4,175.0,Unhealthy
2023-04-12,113.4625,162.2875,198.678749902354,69.4,45.9,11.4,242.6,1017.3,3.2,0.0,311.4,181.0,Unhealthy
2023-04-13,98.0041666666667,139.533333333333,185.640989265255,71.0,43.8,15.0,292.9,1016.3,2.9,0.0,296.3,173.0,Unhealthy
2023-04-14,83.1041666666667,120.591666666667,155.822361189472,71.0,46.4,11.4,250.2,1016.8,3.3,0.0,286.0,165.0,Unhealthy
2023-04-15,107.308333333333,149.370833333333,179.286458173292,72.0,53.5,11.4,272.4,1017.7,2.7,0.0,226.7,178.0,Unhealthy
2023-04-16,97.8625,135.0375,175.347916719549,73.1,46.1,12.8,277.6,1015.5,2.7,0.0,279.8,173.0,Unhealthy
2023-04-17,92.6041666666667,134.025,190.270624906882,72.9,39.1,11.4,313.8,1015.8,3.3,0.0,300.3,170.0,Unhealthy
2023-04-18,104.595833333333,150.1625,213.167270012474,74.6,39.0,13.9,302.1,1017.0,3.2,0.0,290.0,176.0,Unhealthy
2023-04-19,96.25,139.083333333333,198.127676576937,74.7,40.0,12.8,274.4,1012.7,3.7,0.0,279.7,172.0,Unhealthy
2023-04-20,80.5583333333333,115.958333333333,163.068333560028,75.3,38.6,15.0,268.8,1010.0,3.4,0.2,282.2,164.0,Unhealthy
2023-04-21,68.3708333333333,97.1958333333333,147.704359338636,69.7,47.2,30.0,313.5,1011.6,3.7,0.3,197.9,158.0,Unhealthy
2023-04-22,67.25,97.15,135.138333096174,68.9,46.2,12.8,216.1,1011.9,4.7,0.0,247.4,157.0,Unhealthy
2023-04-23,80.4208333333333,112.5125,149.909166783785,66.4,53.0,18.3,153.8,1014.5,3.8,0.0,268.6,164.0,Unhealthy
2023-04-24,57.5041666666667,73.7041666666667,87.9970139015278,58.6,78.0,10.3,94.5,1019.5,4.1,5.4,224.3,152.0,Unhealthy
2023-04-25,58.3,81.0666666666667,104.457291729438,61.3,71.0,12.8,131.7,1019.1,4.7,0.5,263.3,152.0,Unhealthy
2023-04-26,58.7958333333333,83.9083333333333,110.278402754694,65.3,63.1,16.1,201.2,1016.9,4.2,0.0,274.1,153.0,Unhealthy
2023-04-27,81.4875,114.95,142.88592430162,67.5,60.9,12.8,217.1,1016.5,3.5,0.0,213.9,164.0,Unhealthy
2023-04-28,86.5666666666667,118.920833333333,148.250138864931,69.1,58.2,12.8,263.3,1016.5,3.8,0.0,282.9,167.0,Unhealthy
2023-04-29,73.425,96.0,110.849863368331,66.7,68.1,11.4,47.7,1016.3,3.7,31.5,224.8,160.0,Unhealthy
2023-04-30,80.0166666666667,97.8041666666667,108.240277821931,61.5,86.0,12.8,107.3,1016.0,2.8,17.0,117.6,164.0,Unhealthy
2023-05-01,66.28750000000002,81.79305555555557,91.0708371631148,60.9,85.7,5.8,127.6,1016.2,3.2,5.8,196.0,157.0,Unhealthy
2023-05-02,52.558333333333366,65.78194444444443,73.9013965042986,60.6,84.0,5.8,145.7,1017.1,3.9,6.7,154.0,143.0,Unhealthy for Sensitive Groups
2023-05-03,38.8291666666667,49.7708333333333,56.7319558454824,62.3,80.5,10.3,190.5,1018.2,3.9,3.4,204.0,109.0,Unhealthy for Sensitive Groups
2023-05-04,39.4208333333333,49.05,57.0685417044028,60.4,89.3,6.9,86.1,1017.2,3.4,10.4,166.1,111.0,Unhealthy for Sensitive Groups
2023-05-05,37.2541666666667,48.6416666666667,64.4074305359792,65.7,71.7,12.8,267.4,1014.0,4.4,0.0,280.0,105.0,Unhealthy for Sensitive Groups
2023-05-06,35.5,49.2791666666667,64.6784027242917,70.5,62.8,9.2,253.6,1012.3,5.0,0.0,289.0,101.0,Unhealthy for Sensitive Groups
2023-05-07,40.3791666666667,56.7333333333333,74.7663888827639,71.7,57.1,15.0,250.4,1012.8,4.9,2.1,252.0,113.0,Unhealthy for Sensitive Groups
2023-05-08,44.0166666666667,61.3416666666667,87.148402778257,72.6,48.7,13.9,262.3,1013.2,5.1,0.0,276.8,122.0,Unhealthy for Sensitive Groups
2023-05-09,41.9458333333333,57.5833333333333,88.9072916712847,72.6,43.1,13.9,313.1,1013.3,4.9,0.0,324.7,117.0,Unhealthy for Sensitive Groups
2023-05-10,37.4333333333333,50.4416666666667,82.8243704087326,72.5,39.5,19.7,183.9,1013.0,5.1,0.0,283.9,106.0,Unhealthy for Sensitive Groups
2023-05-11,45.2208333333333,60.9,101.99520838291,71.3,34.9,11.4,181.1,1015.8,5.0,0.0,315.4,125.0,Unhealthy for Sensitive Groups
2023-05-12,64.3375,92.8833333333333,130.387500000368,71.8,44.3,12.8,192.1,1016.4,4.1,0.0,331.3,156.0,Unhealthy
2023-05-13,68.5375,97.0833333333333,125.198023665579,73.2,58.0,11.4,219.5,1015.6,4.2,0.0,317.3,158.0,Unhealthy
2023-05-14,53.9208333333333,73.1666666666667,92.0426673659868,72.8,65.4,13.9,232.4,1012.0,3.4,0.0,287.0,146.0,Unhealthy for Sensitive Groups
2023-05-15,36.4916666666667,50.7333333333333,72.9737723245672,69.2,67.1,11.4,266.1,1011.3,4.6,19.8,238.0,103.0,Unhealthy for Sensitive Groups
2023-05-16,47.4125,66.975,90.8454860372639,69.5,69.4,9.2,9.6,1012.8,4.4,0.5,259.5,130.0,Unhealthy for Sensitive Groups
2023-05-17,52.9416666666667,67.775,83.13868054675,68.6,78.0,16.1,125.9,1015.5,3.4,26.9,261.4,144.0,Unhealthy for Sensitive Groups
2023-05-18,45.55,57.6958333333333,73.9579827302305,67.6,78.5,10.3,245.7,1016.2,3.5,14.2,244.9,126.0,Unhealthy for Sensitive Groups
2023-05-19,37.6833333333333,47.5916666666667,62.3736679975243,70.2,72.8,18.3,296.6,1014.3,4.5,7.9,250.8,106.0,Unhealthy for Sensitive Groups
2023-05-20,30.5333333333333,42.3291666666667,57.6873610390069,68.1,67.2,12.8,253.1,1014.0,4.5,3.9,259.0,90.0,Moderate
2023-05-21,43.2541666666667,61.5416666666667,81.1257639131042,70.1,68.2,13.9,198.7,1015.3,4.5,3.0,276.8,120.0,Unhealthy for Sensitive Groups
2023-05-22,55.3666666666667,76.4541666666667,93.6830555940139,73.6,69.3,10.3,240.7,1016.0,4.0,0.0,275.1,150.0,Unhealthy for Sensitive Groups
2023-05-23,49.1791666666667,66.2916666666667,80.4950000473264,72.3,74.4,12.8,140.7,1015.3,4.4,1.5,257.1,135.0,Unhealthy for Sensitive Groups
2023-05-24,33.2333333333333,45.125,54.8173314807174,72.2,70.9,13.9,289.6,1014.8,4.7,0.0,274.0,95.0,Moderate
2023-05-25,27.1333333333333,36.3666666666667,42.2184028533681,67.6,79.6,12.8,241.2,1013.3,5.2,6.6,173.9,83.0,Moderate
2023-05-26,20.5041666666667,26.6625,33.7070378231507,68.1,74.8,10.3,173.8,1013.9,5.3,0.0,224.7,69.0,Moderate
2023-05-27,17.4375,22.2833333333333,27.0113194591875,68.2,78.1,17.2,212.4,1013.7,4.7,17.8,240.0,62.0,Moderate
2023-05-28,28.0458333333333,37.625,44.8946298198981,68.8,74.2,9.2,239.5,1015.5,4.8,9.9,239.8,85.0,Moderate
2023-05-29,33.7583333333333,46.1208333333333,55.9365278111806,72.8,70.5,9.2,266.0,1017.4,4.9,0.0,248.7,97.0,Moderate
2023-05-30,33.7375,45.9583333333333,57.1700588603954,75.9,65.5,9.2,250.7,1016.9,5.0,0.0,292.8,97.0,Moderate
2023-05-31,31.0666666666667,42.775,56.101757948798,77.4,56.8,12.8,288.3,1015.0,5.1,0.0,298.8,91.0,Moderate
2023-06-01,28.9666666666667,39.4625,55.1973367249641,77.3,54.3,13.9,210.8,1012.6,5.3,0.0,277.6,86.0,Moderate
2023-06-02,25.4041666666667,33.925,54.4866667112014,76.8,53.2,13.9,201.9,1012.1,5.1,0.0,296.0,79.0,Moderate
2023-06-03,26.5875,36.0375,55.8076389315,76.2,51.9,16.1,195.3,1013.6,5.2,0.0,269.3,81.0,Moderate
2023-06-04,28.9625,40.2875,58.5262499304514,76.3,51.9,13.9,185.5,1013.6,5.5,0.0,296.2,86.0,Moderate
2023-06-05,32.3625,45.5166666666667,59.7851946454594,76.0,55.4,12.8,285.7,1013.3,5.2,0.0,256.1,94.0,Moderate
2023-06-06,35.0083333333333,48.9583333333333,61.9764981009598,75.3,55.5,17.2,177.0,1012.7,4.9,0.0,288.4,99.0,Moderate
2023-06-07,35.1166666666667,48.875,60.6733333587361,76.4,55.7,16.1,202.6,1012.3,4.9,0.0,283.5,99.0,Moderate
2023-06-08,34.6416666666667,47.9958333333333,59.8550762103751,78.7,55.0,10.3,311.3,1011.7,4.6,0.3,284.8,98.0,Moderate
2023-06-09,33.9291666666667,47.5333333333333,62.5589776873887,79.3,54.5,12.8,212.5,1009.2,5.0,0.0,260.8,97.0,Moderate
2023-06-10,33.5375,46.5333333333333,61.5748907749429,78.7,59.5,17.2,218.1,1008.2,4.6,0.0,281.6,96.0,Moderate
2023-06-11,33.4708333333333,46.2,58.5241688964299,78.5,64.3,12.8,242.5,1007.4,4.3,0.0,254.8,96.0,Moderate
2023-06-12,31.8875,42.1791666666667,53.5142394815468,75.2,77.6,12.8,216.4,1007.5,4.3,29.5,237.7,93.0,Moderate
2023-06-13,26.1333333333333,33.7,40.6221496824791,74.5,81.3,17.2,76.5,1006.8,4.3,15.0,218.9,81.0,Moderate
2023-06-14,20.2708333333333,25.8166666666667,31.2751124345073,72.4,84.8,10.3,238.2,1005.9,5.0,52.6,111.1,68.0,Moderate
2023-06-15,25.425,32.5541666666667,47.667032913712,75.3,77.0,11.4,337.0,1006.8,4.3,36.1,242.6,79.0,Moderate
2023-06-16,32.2041666666667,43.8875,68.9506049001458,77.3,69.6,11.4,294.7,1006.9,4.9,4.2,252.3,93.0,Moderate
2023-06-17,31.2125,42.7458333333333,63.9640972029028,79.4,66.4,13.9,281.9,1009.2,4.7,0.0,239.3,91.0,Moderate
2023-06-18,26.775,33.4541666666667,40.0911691337986,76.8,76.9,17.2,308.7,1010.4,5.1,9.4,246.2,82.0,Moderate
2023-06-19,18.1625,23.6125,28.9270207053913,76.5,78.0,15.0,288.9,1010.2,4.6,18.0,237.7,64.0,Moderate
2023-06-20,23.7,32.2333333333333,42.0586805375208,76.2,74.9,16.1,269.8,1010.4,4.8,10.9,197.2,75.0,Moderate
2023-06-21,25.9416666666667,35.8041666666667,43.1849176115054,78.3,69.2,11.4,255.5,1010.5,5.2,4.2,221.3,80.0,Moderate
2023-06-22,20.5,26.5041666666667,31.0223392013632,77.5,75.7,12.8,257.2,1011.0,4.7,3.3,225.1,69.0,Moderate
2023-06-23,16.6708333333333,21.425,26.2747916572354,77.8,77.6,13.9,222.5,1011.0,4.6,12.5,212.7,61.0,Moderate
2023-06-24,11.6333333333333,14.325,17.7618749988937,76.2,78.7,16.1,229.6,1011.2,5.1,15.0,118.8,48.0,Good
2023-06-25,14.0208333333333,19.3375,24.8702345237958,76.8,78.9,11.4,208.4,1011.5,5.3,17.8,191.1,55.0,Moderate
2023-06-26,17.3125,23.4958333333333,30.2605568601808,76.1,80.3,10.3,218.2,1011.3,4.8,0.3,179.0,62.0,Moderate
2023-06-27,12.4458333333333,16.0083333333333,18.998155534373,73.8,87.1,11.4,236.7,1010.7,4.4,15.5,201.9,52.0,Moderate
2023-06-28,11.075,15.1083333333333,19.5392872476808,75.2,82.8,15.0,176.6,1011.7,5.0,2.8,143.7,46.0,Good
2023-06-29,10.6041666666667,14.3,19.1556249936326,75.0,83.0,10.3,162.9,1011.2,4.9,2.3,125.3,44.0,Good
2023-06-30,10.0875,12.0541666666667,14.8975902039521,72.6,88.0,9.2,184.6,1010.9,4.9,8.1,90.7,42.0,Good
2023-07-01,13.0666666666667,16.35,19.5177686856367,73.3,87.5,9.2,122.9,1011.2,4.5,4.3,71.1,53.0,Moderate
2023-07-02,13.9833333333333,18.1875,22.4960416462326,75.1,83.3,10.3,213.2,1010.3,5.3,0.0,162.2,55.0,Moderate
2023-07-03,11.55,14.6625,18.012788064043,74.6,86.2,10.3,187.2,1010.6,4.2,10.4,96.2,48.0,Good
2023-07-04,14.2208333333333,16.0375,17.3447222246146,73.1,89.3,5.8,117.4,1010.4,3.9,38.9,125.2,55.0,Moderate
2023-07-05,15.375,18.1916666666667,21.8270833395944,73.5,86.6,10.3,98.1,1010.7,4.6,26.7,121.7,58.0,Moderate
2023-07-06,16.8208333333333,21.8833333333333,25.3600694476736,76.6,76.6,13.9,208.8,1011.5,5.0,0.0,184.9,61.0,Moderate
2023-07-07,12.5333333333333,16.3375,20.1088194450201,76.8,79.6,12.8,196.7,1012.4,4.9,3.3,153.5,52.0,Moderate
2023-07-08,11.4,15.4416666666667,18.825208328134,75.9,78.1,93.3,203.8,1013.8,5.4,0.5,126.1,48.0,Good
2023-07-09,13.0208333333333,17.1666666666667,20.7100387186919,76.8,79.7,10.3,211.6,1012.8,4.9,0.3,123.7,53.0,Moderate
2023-07-10,15.3875,19.3291666666667,22.5601388921306,76.8,80.2,11.4,189.8,1012.0,4.4,0.0,164.4,58.0,Moderate
2023-07-11,19.35,23.3208333333333,25.899236102791,76.5,82.0,8.1,95.6,1011.6,4.1,36.1,175.7,66.0,Moderate
2023-07-12,22.0375,25.7875,28.4727083417639,75.8,85.0,11.4,203.7,1011.4,4.1,1.8,119.1,72.0,Moderate
2023-07-13,14.6666666666667,16.1291666666667,16.8706249958937,73.7,89.5,10.3,275.0,1011.8,3.7,21.1,160.4,56.0,Moderate
2023-07-14,18.6916666666667,20.8833333333333,22.0859565696459,73.0,90.5,5.8,107.8,1012.1,3.7,9.3,143.3,65.0,Moderate
2023-07-15,12.6333333333333,14.9125,16.2698611143389,75.4,83.6,8.1,222.7,1011.8,4.4,31.5,155.2,52.0,Moderate
2023-07-16,15.1958333333333,17.4,18.9593749954,75.3,84.8,10.3,239.5,1010.9,4.3,1.0,194.7,58.0,Moderate
2023-07-17,10.3083333333333,11.925,13.1160416646451,73.6,90.0,10.3,167.5,1010.6,4.0,15.0,145.8,43.0,Good
2023-07-18,11.75,14.125,16.4356249974944,73.0,89.1,5.8,179.1,1011.5,4.3,66.3,119.1,49.0,Good
2023-07-19,11.3375,13.8541666666667,15.7444444532917,76.1,83.0,10.3,213.3,1010.8,4.7,2.8,192.3,47.0,Good
2023-07-20,20.0291666666667,24.3125,27.7468055535653,77.0,83.7,11.4,154.9,1010.3,4.8,2.8,239.2,68.0,Moderate
2023-07-21,16.8125,18.85,20.4924305445542,76.0,84.4,11.4,199.7,1013.0,4.3,9.7,232.7,61.0,Moderate
2023-07-22,12.0708333333333,13.3791666666667,14.5420138905076,75.9,83.3,13.9,176.7,1016.3,4.4,3.0,203.2,,Hazardous
2023-07-23,12.1083333333333,13.55,14.6342361158438,75.0,87.8,10.3,168.8,1015.7,4.4,2.5,201.8,51.0,Moderate
2023-07-24,14.6791666666667,16.3875,17.7233333339306,74.8,83.5,10.3,195.1,1013.1,4.4,2.3,179.3,56.0,Moderate
2023-07-25,11.2541666666667,12.5458333333333,13.4190277811208,72.6,89.0,8.1,80.3,1013.8,4.2,21.1,110.9,47.0,Good
2023-07-26,13.1875,15.6708333333333,17.65131944415,74.9,81.5,9.2,230.5,1013.9,4.7,6.6,168.2,53.0,Moderate
2023-07-27,14.2583333333333,15.9625,17.180069437975,74.7,83.9,9.2,265.7,1012.5,4.6,6.4,175.1,56.0,Moderate
2023-07-28,13.3458333333333,15.0333333333333,16.2468749900979,74.4,86.5,8.1,233.1,1009.7,4.3,11.2,174.1,54.0,Moderate
2023-07-29,11.1166666666667,11.7625,12.1254166679208,74.3,88.4,10.3,222.3,1009.1,4.4,14.5,94.5,46.0,Good
2023-07-30,14.7625,16.4583333333333,17.6222222109049,74.4,88.5,11.4,226.2,1008.3,4.5,11.9,174.6,57.0,Moderate
2023-07-31,12.4583333333333,14.0375,15.1324305521104,76.3,85.5,9.2,179.7,1007.3,4.9,0.0,229.3,52.0,Moderate
2023-08-01,9.03333333333333,10.6333333333333,11.8204861092986,76.3,86.3,15.0,188.4,1007.2,4.6,1.0,190.8,38.0,Good
2023-08-02,10.7541666666667,12.8416666666667,14.1600564755245,76.5,84.1,12.8,267.8,1007.4,5.0,17.8,166.8,45.0,Good
2023-08-03,11.0458333333333,13.7958333333333,15.5364583395708,76.5,84.8,12.8,214.1,1007.6,5.0,2.0,152.9,46.0,Good
2023-08-04,9.94166666666667,12.5041666666667,14.5742361141424,76.0,82.6,12.8,197.5,1010.0,5.4,0.0,52.1,41.0,Good
2023-08-05,11.275,13.075,14.2528472109118,74.9,83.8,12.8,205.7,1011.3,4.6,2.0,122.9,47.0,Good
2023-08-06,14.0625,14.95,15.2713888863799,72.3,93.1,8.1,356.8,1008.6,3.9,18.5,132.9,55.0,Moderate
2023-08-07,12.4333333333333,13.4541666666667,14.0768460989659,72.9,93.4,10.3,144.7,1005.3,3.6,14.2,96.1,52.0,Moderate
2023-08-08,12.0083333333333,13.3208333333333,14.09498226607,73.4,90.9,8.1,170.3,1007.3,4.1,64.0,34.2,,Hazardous
2023-08-09,17.775,19.8041666666667,21.0592646680968,74.7,88.7,8.1,240.2,1010.7,4.2,6.4,141.0,63.0,Moderate
2023-08-10,9.4875,11.625,13.3685207375475,75.8,83.6,13.9,203.5,1012.5,5.1,0.0,144.2,40.0,Good
2023-08-11,14.1916666666667,15.9166666666667,17.0423129615172,75.8,84.3,13.9,183.4,1012.0,4.4,2.3,159.4,55.0,Moderate
2023-08-12,10.5291666666667,10.8041666666667,10.913277210231,73.0,96.3,6.9,276.7,1009.8,3.7,49.8,81.4,44.0,Good
2023-08-13,10.7625,10.8083333333333,10.8080941262609,70.0,97.0,9.2,177.7,1010.4,3.4,38.6,32.6,45.0,Good
2023-08-14,19.5,21.7166666666667,23.2724681037653,71.2,87.5,5.8,284.0,1013.3,4.0,11.0,136.8,67.0,Moderate
2023-08-15,17.8791666666667,20.2708333333333,22.1093237744662,75.1,82.4,13.9,270.3,1012.6,4.3,0.0,189.6,63.0,Moderate
2023-08-16,14.7541666666667,16.8208333333333,18.2324305560569,75.9,82.8,8.1,243.1,1012.0,4.4,4.4,201.5,57.0,Moderate
2023-08-17,12.675,14.8958333333333,16.6786246164407,77.9,77.6,10.3,197.5,1012.5,5.1,0.0,224.8,52.0,Moderate
2023-08-18,11.4833333333333,13.3958333333333,14.7250694328326,76.1,83.3,8.1,193.6,1013.3,4.6,7.1,190.4,48.0,Good
2023-08-19,9.95833333333333,11.5458333333333,12.7336111263444,77.4,80.8,12.8,207.5,1013.7,4.6,0.3,187.6,41.0,Good
2023-08-20,8.77916666666667,9.7375,10.4639583408576,76.0,80.5,11.4,183.5,1014.3,4.6,1.5,144.5,37.0,Good
2023-08-21,10.6,10.6833333333333,10.6893169384232,70.8,96.1,6.9,161.1,1013.0,3.1,41.9,54.8,44.0,Good
2023-08-22,8.52916666666667,9.12083333333333,9.57409722177431,71.7,90.2,10.3,168.4,1012.3,4.1,7.1,103.5,36.0,Good
2023-08-23,8.39583333333333,8.41666666666667,8.42795551107076,70.1,97.3,5.8,291.0,1010.8,2.8,35.3,72.2,35.0,Good
2023-08-24,7.89166666666667,8.2875,8.55040598297708,72.7,91.2,9.2,209.2,1008.0,3.7,69.0,48.9,33.0,Good
2023-08-25,4.77272727272727,5.05,5.31333334065909,71.3,96.2,9.2,106.0,1008.0,3.7,19.1,75.9,20.0,Good
2023-08-26,5.88333333333333,6.19166666666667,6.37937500460208,72.6,90.0,12.8,259.4,1008.1,4.2,13.7,58.3,25.0,Good
2023-08-27,9.42916666666667,10.475,11.3382638794215,74.7,82.6,11.4,245.2,1007.3,4.9,0.5,199.0,39.0,Good
2023-08-28,12.1833333333333,14.2083333333333,15.6441407681255,75.4,75.8,12.8,225.1,1008.5,4.5,0.0,204.7,51.0,Moderate
2023-08-29,12.2791666666667,13.6,14.510138879216,74.9,76.8,11.4,259.6,1011.4,5.0,1.5,206.7,51.0,Moderate
2023-08-30,15.6875,17.5875,19.0008003000596,76.2,77.9,9.2,238.1,1013.6,4.2,1.0,223.4,59.0,Moderate
2023-08-31,12.5583333333333,13.7916666666667,14.5843750065979,75.7,80.4,8.1,248.9,1014.7,4.2,0.0,192.0,52.0,Moderate
2023-09-01,11.5208333333333,12.4041666666667,13.0669444424875,76.5,80.1,12.8,239.8,1014.0,4.3,0.0,228.5,48.0,Good
2023-09-02,12.45,13.2583333333333,13.955138910066,77.4,80.1,12.8,209.4,1012.8,4.4,0.0,201.4,52.0,Moderate
2023-09-03,9.975,10.9333333333333,11.7636805620361,77.1,81.7,10.3,261.4,1012.5,4.3,3.6,207.1,42.0,Good
2023-09-04,6.54583333333333,7.5125,8.35173611060625,75.9,72.5,10.3,154.9,1012.8,5.5,0.0,198.1,27.0,Good
2023-09-05,13.4,14.7125,15.6516479687084,76.4,77.1,5.8,92.5,1013.4,4.8,0.0,166.4,54.0,Moderate
2023-09-06,12.4291666666667,13.425,14.2376765229866,77.0,73.8,9.2,231.6,1014.2,5.1,0.0,226.4,52.0,Moderate
2023-09-07,7.35,7.9125,8.35777778382986,74.9,79.8,8.1,262.6,1014.2,4.9,8.8,220.5,31.0,Good
2023-09-08,13.5416666666667,16.8041666666667,19.5005669361349,73.5,87.3,9.2,32.5,1014.1,4.8,63.2,158.9,54.0,Moderate
2023-09-09,10.4875,12.5291666666667,14.200069431459,73.5,86.9,10.3,138.2,1013.5,5.0,1.0,95.3,44.0,Good
2023-09-10,11.5916666666667,14.1041666666667,16.5616666704222,75.1,82.0,11.4,222.5,1012.0,4.8,1.8,176.5,48.0,Good
2023-09-11,14.1208333333333,16.5541666666667,18.7079610911193,75.6,81.9,9.2,228.4,1011.1,4.4,41.4,205.6,55.0,Moderate
2023-09-12,18.7166666666667,20.7916666666667,22.7272916615139,73.5,87.7,13.9,166.3,1011.7,3.6,12.0,168.9,65.0,Moderate
2023-09-13,13.8208333333333,16.3291666666667,18.8948611133812,75.6,82.4,12.8,199.1,1012.4,4.5,19.6,223.7,55.0,Moderate
2023-09-14,12.275,14.2125,15.8244690029167,76.0,82.5,10.3,282.2,1013.8,5.3,2.3,201.6,51.0,Moderate
2023-09-15,13.9833333333333,17.15,20.0468750043014,77.5,78.6,12.8,212.7,1014.7,4.8,0.0,205.2,55.0,Moderate
2023-09-16,13.3041666666667,16.1875,18.7176343386145,76.9,76.2,11.4,169.2,1015.2,4.9,1.2,204.5,54.0,Moderate
2023-09-17,12.8458333333333,15.325,17.3643499761501,75.9,78.2,10.3,215.6,1014.0,4.8,9.1,220.4,53.0,Moderate
2023-09-18,11.9333333333333,15.3291666666667,18.2132511010406,75.6,71.8,10.3,122.2,1014.0,5.2,0.0,223.4,50.0,Good
2023-09-19,15.975,19.675,22.7368324375067,73.7,79.9,13.9,94.8,1015.8,5.0,7.1,200.7,59.0,Moderate
2023-09-20,12.7291666666667,15.8666666666667,19.0772916714042,74.7,76.9,10.3,280.6,1015.7,5.2,0.3,186.0,52.0,Moderate
2023-09-21,10.725,13.2916666666667,15.8331944336444,74.4,79.4,15.0,233.1,1014.8,4.8,0.0,156.6,45.0,Good
2023-09-22,9.68333333333333,11.7375,13.734999998916,72.9,83.3,10.3,214.3,1014.7,4.8,1.5,80.1,40.0,Good
2023-09-23,10.8625,12.8,14.4746527711542,73.4,83.3,8.1,172.2,1014.4,4.9,0.7,87.9,45.0,Good
2023-09-24,7.225,8.99166666666667,10.6599305566639,71.4,85.7,9.2,230.1,1014.1,4.9,18.0,108.6,30.0,Good
2023-09-25,10.7708333333333,13.1458333333333,15.2542361029715,72.7,78.3,10.3,218.4,1015.0,5.3,0.0,119.3,45.0,Good
2023-09-26,13.6875,16.1125,18.3767201568069,74.5,78.5,10.3,209.8,1015.3,5.2,0.0,214.4,54.0,Moderate
2023-09-27,13.3291666666667,15.3708333333333,17.0066241628908,75.0,78.5,10.3,249.9,1015.5,4.9,0.0,207.5,54.0,Moderate
2023-09-28,16.3875,18.95,21.1304861213882,74.9,78.8,15.0,217.5,1015.1,5.2,1.0,210.4,60.0,Moderate
2023-09-29,19.3541666666667,22.5041666666667,25.0046528041056,75.0,78.2,10.3,161.4,1015.8,4.9,0.3,213.5,66.0,Moderate
2023-09-30,21.4375,24.05,25.8722222328535,72.6,81.0,10.3,190.8,1015.6,4.7,0.0,188.4,71.0,Moderate
2023-10-01,21.4041666666667,24.375,26.3815425987812,72.8,85.2,10.3,181.8,1014.3,4.5,11.9,136.4,71.0,Moderate
2023-10-02,13.7583333333333,14.5,14.9811805621986,70.2,91.9,6.9,257.7,1015.3,3.8,7.8,29.9,54.0,Moderate
2023-10-03,12.4291666666667,13.2708333333333,14.0292361085861,69.9,93.0,9.2,259.0,1015.3,4.0,21.6,94.7,52.0,Moderate
2023-10-04,7.69166666666667,7.73333333333333,7.73881944739792,68.7,97.0,6.9,328.3,1015.3,3.7,21.1,47.4,32.0,Good
2023-10-05,6.79166666666667,7.25416666666667,7.60868056181875,72.0,83.0,13.9,268.8,1014.2,5.1,3.0,161.2,28.0,Good
2023-10-06,8.5625,9.31666666666667,9.97833333197917,71.4,84.0,15.0,213.1,1014.1,4.9,0.0,185.6,36.0,Good
2023-10-07,9.40416666666667,10.0666666666667,10.6605555435521,72.0,80.6,10.3,239.7,1015.3,4.8,0.0,173.1,39.0,Good
2023-10-08,19.6666666666667,21.0125,22.2080680901111,71.7,78.0,12.8,242.2,1015.7,4.6,0.0,186.6,67.0,Moderate
2023-10-09,31.1833333333333,32.6416666666667,33.7879701756167,70.6,79.3,9.2,258.0,1016.8,3.9,0.0,171.6,91.0,Moderate
2023-10-10,37.2833333333333,38.6583333333333,39.8798656589871,71.5,79.4,74.9,219.8,1017.8,3.4,0.0,144.3,105.0,Unhealthy for Sensitive Groups
2023-10-11,36.3286458333333,38.46510416666664,40.20620189072223,70.9,75.7,10.3,240.5,1017.7,3.9,0.0,173.0,103.0,Unhealthy for Sensitive Groups
2023-10-12,35.373958333333306,38.27187499999998,40.53253812245735,69.7,76.7,10.3,165.8,1019.4,4.1,0.0,200.3,100.0,Moderate
2023-10-13,34.4192708333333,38.07864583333331,40.85887435419247,69.8,79.1,10.3,219.1,1020.3,4.2,0.0,211.4,98.0,Moderate
2023-10-14,33.4645833333333,37.88541666666665,41.1852105859276,69.6,75.0,10.3,245.7,1019.3,4.0,0.0,182.7,96.0,Moderate
2023-10-15,32.5098958333333,37.69218749999999,41.511546817662726,67.1,76.3,11.4,200.1,1017.8,4.5,0.0,160.9,94.0,Moderate
2023-10-16,31.5552083333333,37.49895833333332,41.83788304939785,67.6,76.5,10.3,208.2,1019.4,4.2,0.0,141.6,92.0,Moderate
2023-10-17,30.6005208333333,37.30572916666666,42.16421928113297,66.7,71.0,10.3,251.3,1020.8,5.3,3.5,173.5,90.0,Moderate
2023-10-18,29.6458333333333,37.1125,42.4905555128681,65.3,75.9,8.1,246.3,1020.5,4.8,0.0,190.7,88.0,Moderate
2023-10-19,32.05,38.3458333333333,42.8250694539722,64.9,75.2,9.2,226.0,1020.7,5.1,0.0,184.8,93.0,Moderate
2023-10-20,31.4083333333333,37.7958333333333,42.2878859687123,64.4,74.0,9.2,253.2,1021.5,5.2,0.0,199.5,92.0,Moderate
2023-10-21,31.6166666666667,37.9291666666667,42.2967736645927,65.1,70.3,12.8,190.5,1022.4,5.2,0.0,184.1,92.0,Moderate
2023-10-22,32.8166666666667,38.225,41.8277083144306,64.5,67.6,9.2,190.4,1022.6,5.0,0.0,185.9,95.0,Moderate
2023-10-23,29.3916666666667,33.3041666666667,35.9061805141583,64.5,69.3,11.4,198.7,1021.5,5.1,0.0,204.4,87.0,Moderate
2023-10-24,24.1625,27.0875,29.2769444398854,64.6,69.1,10.3,242.0,1020.5,5.2,0.0,202.7,76.0,Moderate
2023-10-25,17.1958333333333,19.1875,20.5790437041412,65.7,68.7,9.2,248.0,1020.5,5.7,0.0,202.2,62.0,Moderate
2023-10-26,14.8541666666667,15.9875,16.9920138877062,65.3,69.6,10.3,214.0,1020.4,5.4,0.0,260.3,57.0,Moderate
2023-10-27,12.2625,12.8958333333333,13.4749305642576,64.0,72.1,10.3,241.6,1020.0,5.6,0.0,172.7,51.0,Moderate
2023-10-28,11.4333333333333,11.8333333333333,12.1697916600417,63.8,71.9,34.4,275.6,1020.8,5.2,0.0,199.6,48.0,Good
2023-10-29,11.2875,11.8916666666667,12.4592361147326,64.0,70.4,10.3,286.8,1021.2,4.7,0.0,160.0,47.0,Good
2023-10-30,14.0075,15.3066666666667,12.99506272831627,65.1,70.8,10.3,241.6,1022.0,4.5,0.0,189.2,55.0,Moderate
2023-10-31,16.7275,18.7216666666667,13.53088934189994,65.6,70.6,11.4,249.2,1023.8,5.0,0.0,182.9,61.0,Moderate
2023-11-01,19.4475,22.1366666666667,14.066715955483613,63.6,74.6,5.8,103.5,1023.8,4.4,0.0,141.5,66.0,Moderate
2023-11-02,22.1675,25.55166666666669,14.602542569067284,63.3,73.6,10.3,269.3,1021.4,4.8,0.0,182.5,72.0,Moderate
2023-11-03,24.8875,28.966666666666697,15.138369182650957,63.4,74.5,9.2,225.8,1019.1,5.0,0.0,158.2,78.0,Moderate
2023-11-04,27.607499999999995,32.381666666666696,15.674195796234626,62.9,75.7,10.3,245.7,1018.6,4.9,0.0,179.9,84.0,Moderate
2023-11-05,30.3275,35.796666666666695,16.210022409818297,62.2,72.5,8.1,208.8,1020.7,4.3,0.0,196.2,89.0,Moderate
2023-11-06,33.04749999999999,39.2116666666667,16.745849023401966,62.1,76.6,10.3,247.3,1021.9,3.0,0.0,162.4,95.0,Moderate
2023-11-07,35.76749999999999,42.6266666666667,17.28167563698564,62.1,76.0,11.4,257.9,1020.8,3.4,0.0,170.8,102.0,Unhealthy for Sensitive Groups
2023-11-08,38.4875,46.0416666666667,17.81750225056931,61.4,68.6,11.4,274.2,1019.7,4.3,0.0,191.8,108.0,Unhealthy for Sensitive Groups
2023-11-09,40.2458333333333,48.8875,18.35332886415298,60.2,66.5,8.1,180.8,1020.2,4.6,0.0,175.2,113.0,Unhealthy for Sensitive Groups
2023-11-10,47.7041666666667,55.9375,18.88915547773665,60.3,72.9,10.3,216.3,1021.9,4.0,0.0,163.7,131.0,Unhealthy for Sensitive Groups
2023-11-11,53.6958333333333,63.2916666666667,19.424982091320324,59.1,79.2,12.8,304.8,1022.8,3.7,0.0,156.8,146.0,Unhealthy for Sensitive Groups
2023-11-12,43.9583333333333,49.2583333333333,19.960808704904,60.1,73.6,9.2,209.3,1022.9,3.6,0.0,198.1,122.0,Unhealthy for Sensitive Groups
2023-11-13,43.103523284313695,47.974999999999966,20.496635318487662,60.8,75.5,9.2,176.1,1022.9,4.8,0.0,187.1,120.0,Unhealthy for Sensitive Groups
2023-11-14,42.24871323529409,46.69166666666664,21.03246193207133,61.5,70.4,10.3,250.3,1023.3,4.2,0.0,144.9,118.0,Unhealthy for Sensitive Groups
2023-11-15,41.393903186274486,45.40833333333331,21.568288545655005,61.5,73.3,10.3,221.9,1022.9,4.6,0.0,173.6,116.0,Unhealthy for Sensitive Groups
2023-11-16,40.53909313725488,44.12499999999998,22.10411515923868,61.6,74.1,6.9,138.3,1024.4,4.5,0.0,169.9,113.0,Unhealthy for Sensitive Groups
2023-11-17,39.68428308823528,42.841666666666654,22.639941772822347,60.9,72.5,11.4,284.5,1023.9,4.7,0.0,173.0,111.0,Unhealthy for Sensitive Groups
2023-11-29,29.426562500000024,27.4416666666667,29.0698611358264,60.0,74.8,11.4,270.7,1021.3,4.3,0.5,156.3,87.0,Moderate
2023-11-30,30.01145833333335,41.8625,46.5248816182286,57.5,80.3,4.7,220.2,1022.4,3.7,0.0,145.6,89.0,Moderate
2023-12-01,30.596354166666675,33.2916666666667,36.3499305672757,59.3,72.8,11.4,247.3,1021.8,4.2,0.1,153.3,90.0,Moderate
2023-12-02,31.18125,31.4458333333333,33.6557639215342,58.9,68.2,8.1,262.7,1021.9,5.0,0.0,172.5,91.0,Moderate
2023-12-03,31.76614583333333,27.3416666666667,29.7921527962792,57.6,65.7,5.8,318.3,1022.3,4.9,0.0,183.4,92.0,Moderate
2023-12-04,32.35104166666665,44.1916666666667,49.7672339655609,56.2,67.2,4.7,24.4,1021.5,4.0,0.0,88.7,94.0,Moderate
2023-12-05,32.93593749999997,40.5,49.55888830820507,58.5,69.4,12.8,264.9,1019.6,4.2,0.0,147.8,95.0,Moderate
2023-12-06,33.5208333333333,35.1666666666667,49.35054265084925,56.7,75.7,5.8,199.8,1021.6,4.0,0.0,169.1,96.0,Moderate
2023-12-07,57.1166666666667,58.375,49.14219699349342,53.5,88.7,5.8,163.0,1020.3,2.6,0.0,61.3,152.0,Unhealthy
2023-12-08,41.6208333333333,42.4166666666667,48.93385133613759,55.2,79.0,9.2,263.9,1018.5,3.3,0.0,134.9,116.0,Unhealthy for Sensitive Groups
2023-12-09,27.975,28.8333333333333,48.72550567878177,55.1,75.6,11.4,241.2,1018.7,4.2,0.0,129.9,84.0,Moderate
2023-12-10,29.9333333333333,31.4,48.51716002142594,54.0,73.6,8.1,219.5,1017.2,4.3,0.0,151.5,89.0,Moderate
2023-12-11,34.2333333333333,35.4375,48.30881436407012,54.5,73.6,10.3,201.5,1019.3,4.0,0.0,113.5,98.0,Moderate
2023-12-12,31.0541666666667,31.925,48.10046870671429,54.5,72.0,9.2,184.9,1018.0,4.5,4.2,133.2,91.0,Moderate
2023-12-13,26.6166666666667,27.1166666666667,47.89212304935847,53.4,72.8,10.3,245.1,1018.2,4.2,0.4,158.5,82.0,Moderate
2023-12-14,31.0958333333333,31.5416666666667,47.68377739200264,52.5,76.6,10.3,202.5,1019.7,4.2,0.0,150.6,91.0,Moderate
2023-12-15,33.2833333333333,33.7291666666667,47.47543173464681,52.5,78.7,8.1,219.4,1021.5,3.6,0.0,169.1,96.0,Moderate
2023-12-16,38.3,38.6,47.26708607729099,53.7,74.2,6.9,232.3,1019.9,3.5,0.0,167.9,108.0,Unhealthy for Sensitive Groups
2023-12-17,54.2913043478261,85.9347826086957,47.05874041993516,55.6,71.9,9.2,174.3,1020.5,3.7,0.0,154.9,147.0,Unhealthy for Sensitive Groups
2023-12-18,71.6916666666667,122.683333333333,46.85039476257933,54.0,72.8,10.3,243.6,1021.2,4.2,0.0,171.5,159.0,Unhealthy
2023-12-19,71.31930199420438,121.98824830834648,46.64204910522351,52.0,72.4,8.1,199.1,1022.0,4.2,0.0,152.2,159.0,Unhealthy
2023-12-20,70.94693732174206,121.29316328336,46.433703447867686,51.8,73.7,6.9,260.5,1022.6,4.4,0.0,153.8,159.0,Unhealthy
2023-12-21,70.57457264927974,120.59807825837348,46.22535779051186,52.8,69.6,9.2,230.6,1021.1,3.8,0.0,173.3,159.0,Unhealthy
2023-12-22,70.20220797681742,119.90299323338698,46.01701213315603,53.0,69.2,8.1,223.7,1021.6,4.0,0.0,165.4,159.0,Unhealthy
2023-12-23,69.8298433043551,119.20790820840048,45.80866647580021,53.9,68.9,5.8,152.8,1024.3,3.7,0.0,141.9,158.0,Unhealthy
2024-05-22,13.6027777625444,14.2500694354381,14.3484722150705,72.7,75.3,18.3,179.9,1014.5,4.5,3.3,248.2,54.0,Moderate
2024-05-23,14.4037500003981,14.9479166699768,15.0891666710363,74.2,70.9,8.1,146.0,1013.6,4.6,0.5,238.7,56.0,Moderate
2024-05-24,16.1299305432378,16.7288194398083,17.0029861039585,76.1,68.8,16.1,135.6,1012.5,4.3,0.0,289.5,59.0,Moderate
2024-05-25,15.8104166746137,16.2936805526423,16.7184027645328,77.0,74.2,13.9,157.4,1010.8,4.8,5.6,268.7,59.0,Moderate
2024-05-26,15.9640972183817,16.3915277957926,16.6820833497585,76.5,76.4,8.1,65.7,1009.9,4.3,1.9,237.5,59.0,Moderate
2024-05-27,13.2751389020015,13.7787500033777,13.9851388841871,76.5,74.5,19.7,216.5,1006.7,4.6,0.0,235.8,53.0,Moderate
2024-05-28,10.7731250110597,11.0864583399564,11.1412500070202,74.6,82.3,8.1,229.5,1005.4,4.4,8.3,210.9,45.0,Good
2024-05-29,19.7646969946941,20.8895454551244,21.5478030370945,77.6,73.0,12.8,218.0,1007.0,4.0,0.0,254.2,67.0,Moderate
2024-05-30,17.5667361034303,18.68694442312,19.1931944317289,79.1,64.6,15.0,281.1,1009.8,4.3,0.0,297.7,62.0,Moderate
2024-05-31,14.1979166805743,15.4513889041206,16.1134722464615,76.9,67.1,16.1,239.8,1010.6,4.4,1.5,275.5,55.0,Moderate
2024-06-01,16.3143749992056,17.3147916509059,17.8103472040769,74.8,68.6,12.8,226.6,1012.6,4.4,1.5,241.8,60.0,Moderate
2024-06-02,17.8259027924806,18.7027778016183,19.3677778078442,75.5,68.9,13.9,249.4,1013.2,4.5,0.0,260.9,63.0,Moderate
2024-06-03,17.2852083338628,18.3098611123026,19.1651388764372,76.1,68.4,10.3,279.5,1012.2,4.4,0.0,255.8,62.0,Moderate
2024-06-04,17.3774705921969,18.3731626672615,19.3972493039367,73.6,68.6,11.4,119.8,1012.6,4.7,22.6,270.6,62.0,Moderate
2024-06-05,15.9585416793813,16.8473611255477,17.5697916891829,74.2,69.9,16.1,246.4,1013.4,4.7,1.0,252.2,59.0,Moderate
2024-06-06,11.1970138904131,11.9516666723632,12.5661805623122,74.8,71.7,12.8,251.8,1013.6,4.7,3.6,265.3,47.0,Good
2024-06-07,11.815486117867,12.6279166678587,13.6615972254009,75.7,71.4,13.9,237.5,1011.3,4.8,0.0,239.9,49.0,Good
2024-06-08,14.8174305419123,15.7038888831922,16.8034027675778,77.2,71.8,12.8,260.1,1010.1,4.6,2.3,245.2,57.0,Moderate
2024-06-09,18.9495833542607,20.2742361413099,21.8297222501703,79.1,69.2,12.8,259.4,1009.6,4.4,0.0,278.4,65.0,Moderate
2024-06-10,19.732430545489,21.1373611046201,22.8898610923013,80.6,63.8,13.9,255.2,1010.3,4.4,0.0,296.4,67.0,Moderate
2024-06-11,21.2008333444585,22.3152083648576,23.5150694608691,79.8,69.9,15.0,214.7,1010.3,4.0,0.0,263.5,70.0,Moderate
2024-06-12,21.7384722325533,22.7222222367923,24.4725000050338,80.0,66.8,10.3,234.2,1010.5,4.0,0.0,276.8,71.0,Moderate
2024-06-13,21.1495138982931,22.2063194202056,23.2822222007644,80.4,66.0,12.8,269.2,1008.9,4.6,0.0,261.2,70.0,Moderate
2024-06-14,23.7756944245764,24.8084722412947,25.9352083563803,80.7,69.5,11.4,259.9,1008.0,3.7,0.0,251.3,76.0,Moderate
2024-06-15,21.7381944417958,22.8609027637382,24.7016666544806,81.0,69.9,13.9,253.6,1008.0,3.6,0.0,245.2,71.0,Moderate
2024-06-16,16.9514583455183,17.9731944408688,18.7241666575276,78.8,75.1,13.9,234.2,1009.3,4.5,2.8,183.5,61.0,Moderate
2024-06-17,16.1060416526253,16.6756944504049,16.8043055574102,76.6,84.0,10.3,133.4,1009.5,4.3,13.2,134.1,59.0,Moderate
2024-06-18,17.3982638974985,17.8898611088597,18.1077777710228,75.9,91.0,13.9,117.0,1006.8,3.2,23.6,119.2,62.0,Moderate
2024-06-19,13.6797267789193,14.3401263661565,15.1358048814625,76.6,82.2,15.0,223.1,1005.3,4.0,4.8,98.0,54.0,Moderate
2024-06-20,8.0347916632889,8.5106250051004,9.21340279215013,75.5,80.7,13.9,231.4,1006.6,5.1,36.1,171.8,33.0,Good
2024-06-21,8.10589336843338,8.59690797068543,9.00764008463609,76.8,73.3,11.4,241.9,1009.3,5.7,0.0,142.7,34.0,Good
2024-06-22,10.2993055681401,10.7558333426715,11.1018055690664,77.6,76.5,11.4,210.7,1010.0,4.7,5.1,137.1,43.0,Good
2024-06-23,10.3447222388465,10.7451388981607,11.2575694488148,78.5,75.7,11.4,211.6,1010.5,4.7,0.3,237.6,43.0,Good
2024-06-24,9.25937500463681,9.62506944735921,9.97777778175215,79.1,71.6,16.1,221.9,1009.7,5.2,0.8,180.9,39.0,Good
2024-06-25,12.7343749966877,13.115000008875,13.6549305697289,78.7,75.0,16.1,212.5,1007.8,4.2,0.0,183.9,52.0,Moderate
2024-06-26,10.7310758231229,11.062760121939,11.3039442047064,75.1,86.7,10.3,140.7,1010.5,4.3,50.3,68.1,45.0,Good
2024-06-27,10.1053472346731,10.4321527848647,11.1220833473742,76.8,82.7,6.9,178.8,1012.3,4.3,0.3,89.6,42.0,Good
2024-06-28,6.29076388511403,6.57076388878972,6.80020833296909,75.8,84.5,15.0,222.9,1009.9,4.7,19.6,149.9,26.0,Good
2024-06-29,5.02423611481995,5.15916666802435,5.17083333581688,76.1,83.5,10.3,254.4,1008.6,4.9,12.7,144.4,21.0,Good
2024-06-30,8.2863194535182,8.54868055946315,8.5845138960417,74.9,91.7,8.1,148.9,1008.1,4.3,56.6,128.5,35.0,Good
2024-07-01,8.226009709132377,8.485036379488026,8.520467379134944,75.3,89.2,12.8,255.6,1006.0,4.5,39.6,172.9,34.0,Good
2024-07-02,8.165699964746553,8.4213921995129,8.456420862228189,72.3,99.1,9.2,174.3,1005.5,3.9,32.8,157.0,34.0,Good
2024-07-03,8.10539022036073,8.357748019537775,8.392374345321432,74.6,91.9,11.4,251.1,1008.5,4.5,6.6,81.3,34.0,Good
2024-07-04,8.045080475974906,8.294103839562649,8.328327828414675,75.0,92.0,9.2,239.8,1010.0,4.4,21.1,149.4,34.0,Good
2024-07-05,7.984770731589083,8.230459659587524,8.26428131150792,74.4,89.9,13.9,191.9,1008.3,4.3,20.3,71.1,33.0,Good
2024-07-06,7.924460987203259,8.166815479612398,8.200234794601164,70.0,100.0,10.3,81.3,1008.5,3.3,48.4,39.3,33.0,Good
2024-07-07,7.864151242817436,8.103171299637273,8.136188277694407,72.4,96.2,8.1,113.0,1011.8,4.1,30.7,113.0,33.0,Good
2024-07-08,7.803841498431613,8.039527119662147,8.072141760787652,75.1,88.6,10.3,235.6,1012.0,4.3,2.0,156.9,33.0,Good
2024-07-09,7.743531754045789,7.975882939687022,8.008095243880895,76.0,86.0,12.8,202.5,1012.3,4.3,0.5,185.2,32.0,Good
2024-07-10,7.683222009659966,7.912238759711896,7.944048726974138,74.1,92.2,13.9,175.4,1012.3,3.6,18.0,71.1,32.0,Good
2024-07-11,7.622912265274143,7.848594579736771,7.880002210067382,72.7,96.0,6.9,111.9,1008.9,3.6,40.6,57.4,32.0,Good
2024-07-12,7.562602520888319,7.784950399761645,7.815955693160626,73.1,92.6,11.4,162.1,1007.2,4.1,29.7,82.1,32.0,Good
2024-07-13,7.502292776502497,7.72130621978652,7.75190917625387,75.9,82.8,11.4,231.3,1006.9,4.5,24.4,132.0,31.0,Good
2024-07-14,7.441983032116673,7.657662039811395,7.687862659347114,76.9,83.9,11.4,217.2,1007.4,4.7,1.0,187.8,31.0,Good
2024-07-15,7.38167328773085,7.59401785983627,7.623816142440358,78.4,79.1,12.8,178.3,1010.6,4.5,13.0,177.0,31.0,Good
2024-07-16,7.321363543345027,7.530373679861144,7.559769625533601,77.1,85.9,8.1,128.9,1011.8,5.0,0.0,150.7,31.0,Good
2024-07-17,7.261053798959203,7.466729499886019,7.495723108626845,75.7,92.0,15.0,101.3,1011.0,4.6,25.4,144.5,30.0,Good
2024-07-18,7.20074405457338,7.403085319910893,7.431676591720089,76.8,86.3,10.3,37.9,1009.8,4.6,9.8,156.6,30.0,Good
2024-07-19,7.1404343101875565,7.339441139935769,7.367630074813331,77.5,80.1,8.1,259.0,1008.9,5.2,25.7,131.8,30.0,Good
2024-09-01,4.48680555721133,4.53909722103025,4.54958333091606,71.2,99.3,8.1,74.6,1015.6,3.7,0.0,59.8,19.0,Good
2024-09-02,4.31027778188412,4.35916666686558,4.35979166693181,75.5,83.0,11.4,216.9,1015.9,4.5,0.0,185.6,18.0,Good
2024-09-03,3.40175773919117,3.44236110697464,3.52027777234985,74.1,88.1,9.2,67.8,1015.9,4.3,4.0894,211.4,14.0,Good
2024-09-04,4.03833333883004,4.08152778380443,4.08479167256087,74.4,86.6,13.9,235.8,1012.7,4.3,0.0,177.1,17.0,Good
2024-09-05,5.531705875289794,7.060005412361021,10.39079528091569,73.1,89.1,106.0,134.0,1011.1,3.9,17.4,125.9,23.0,Good
2024-09-06,7.025078411749548,10.038483040917612,16.69679888927051,73.9,87.2,13.9,170.2,1013.5,4.6,33.2,144.7,29.0,Good
2024-09-07,8.518450948209303,13.016960669474203,23.00280249762533,76.5,80.5,11.4,214.3,1013.7,5.3,5.0,187.8,35.0,Good
2024-09-08,10.011823484669057,15.995438298030797,29.30880610598016,77.0,77.3,15.0,207.2,1013.5,5.0,0.0,209.6,42.0,Good
2024-09-09,11.50519602112881,18.973915926587388,35.614809714334974,76.1,83.5,11.4,161.1,1012.0,4.5,0.0,165.6,48.0,Good
2024-09-10,12.998568557588564,21.952393555143978,41.92081332268979,77.1,82.1,12.8,164.4,1011.3,4.7,0.0,203.1,53.0,Moderate
2024-09-11,14.491941094048318,24.93087118370057,48.22681693104461,77.4,79.9,12.8,192.7,1011.9,5.2,0.0,200.6,56.0,Moderate
2024-09-12,15.98531363050807,27.90934881225716,54.53282053939943,75.5,82.1,9.2,105.4,1012.9,4.4,0.8,151.8,59.0,Moderate
2024-09-13,17.478686166967826,30.88782644081376,60.83882414775425,74.1,86.3,11.4,60.8,1011.5,4.6,6.2,181.2,62.0,Moderate
2024-09-14,18.97205870342757,33.86630406937035,67.14482775610908,71.8,90.1,15.0,195.1,1010.7,4.3,0.5,116.8,65.0,Moderate
2024-09-15,20.465431239887334,36.84478169792694,73.4508313644639,72.2,86.3,11.4,269.0,1011.1,4.3,1.0,125.6,69.0,Moderate
2024-09-16,21.95880377634709,39.82325932648353,79.75683497281871,73.0,84.9,6.9,288.1,1013.0,4.8,22.6,77.8,72.0,Moderate
2024-09-17,23.45217631280684,42.80173695504013,86.06283858117354,74.4,85.4,6.9,108.6,1015.0,4.4,0.0,128.4,75.0,Moderate
2024-09-18,24.9455488492666,45.78021458359672,92.36884218952837,76.5,80.1,10.3,192.7,1014.8,4.7,3.7,235.7,78.0,Moderate
2024-09-19,26.438921385726346,48.758692212153306,98.67484579788317,78.1,79.4,10.3,260.2,1014.4,4.7,0.0,227.5,81.0,Moderate
2024-09-20,27.9322939221861,51.7371698407099,104.980849406238,75.8,88.5,11.4,75.1,1014.5,4.2,1.3,177.3,84.0,Moderate
2024-09-21,25.1174305819803,53.6946527759219,117.388680409057,77.0,79.1,10.3,78.1,1015.6,4.8,12.8,156.6,78.0,Moderate
2024-09-22,29.8620377758378,75.5253915890978,172.600318700541,78.4,73.4,9.2,178.3,1015.0,4.7,0.0,247.6,88.0,Moderate
2024-09-23,30.9331944160989,66.4892361071395,144.365416622156,78.9,73.9,10.3,250.6,1015.2,4.9,2.9,231.7,91.0,Moderate
2024-09-24,29.5809722297718,51.4462500585465,100.090625076825,75.6,81.9,10.3,207.7,1015.1,4.1,0.0,177.5,88.0,Moderate
2024-09-25,19.5451942305046,39.1230320016478,83.8608392180648,73.9,83.4,8.1,235.3,1015.4,4.3,0.8,95.6,67.0,Moderate
2024-09-26,16.8259631169348,30.8223156089931,57.4315232339936,72.3,88.2,9.2,110.0,1014.7,4.4,0.0,49.9,61.0,Moderate
2024-09-27,17.77645694478415,27.083932423658,41.3545400232807,66.0,100.0,6.9,86.1,1015.9,3.0,97.0,13.5,63.0,Moderate
2024-09-28,18.7269507726335,23.3455492383229,25.2775568125678,64.2,99.9,5.8,71.9,1016.3,3.1,164.3,18.5,65.0,Moderate
2024-09-29,27.5694444371594,45.8220833188951,85.9173612170769,69.7,87.0,9.2,259.2,1017.0,4.3,0.0,196.8,84.0,Moderate
2024-09-30,20.7181438210713,40.3219620895809,93.8035299266843,72.4,87.3,10.3,272.7,1015.2,4.8,0.0,173.4,69.0,Moderate
2024-10-01,18.9190971920892,40.0220833639293,101.591250062648,75.3,84.3,11.4,261.5,1012.8,4.9,0.0,182.0,65.0,Moderate
2024-10-02,26.0545138789551,51.7120139082272,121.678611052029,75.7,84.1,15.0,222.0,1012.4,4.3,1.0,180.8,80.0,Moderate
2024-10-03,19.3995138857093,34.6460416429573,73.3058334112226,73.6,86.7,10.3,219.9,1013.0,4.2,4.6,88.3,66.0,Moderate
2024-10-04,15.7720833248574,32.5314582884315,84.7168055719825,73.4,84.2,10.3,249.7,1013.6,4.7,0.0,166.0,59.0,Moderate
2024-10-05,16.9736805657538,36.2818749762263,88.2994444416588,73.1,83.0,10.3,234.8,1015.7,4.6,0.0,179.6,61.0,Moderate
2024-10-06,19.1736805558202,43.3221527732083,106.54618053138,72.7,80.6,9.2,248.8,1019.0,4.5,0.0,177.2,66.0,Moderate
2024-10-07,21.8309027757917,43.8059722026198,107.212657791369,72.6,81.5,10.3,252.1,1021.3,4.6,0.0,167.8,71.0,Moderate
2024-10-08,22.1470833275051,49.0595833261806,135.516458597453,72.8,78.3,10.3,268.1,1020.6,5.2,0.0,201.1,72.0,Moderate
2024-10-09,24.9256249838403,51.7050694187472,124.35986112622,72.2,75.3,11.4,274.6,1017.9,5.0,0.0,211.5,78.0,Moderate
2024-10-10,30.0174305498612,56.4950694719958,116.437083331741,71.1,77.1,9.2,272.1,1016.7,4.7,0.0,201.8,89.0,Moderate
2024-10-11,34.933691957305,60.1242167136913,115.96231797081,71.4,72.6,12.8,267.2,1016.1,4.3,0.0,199.8,99.0,Moderate
2024-10-12,36.1261805388663,60.1218055645624,104.769097089761,70.1,74.8,10.3,256.5,1017.7,4.4,0.0,188.5,103.0,Unhealthy for Sensitive Groups
2024-10-13,32.0805338777912,53.7729951805517,98.1334834912231,68.5,79.9,10.3,231.2,1018.9,4.5,0.0,220.0,93.0,Moderate
2024-10-14,36.4549305770122,60.7006249427796,110.7317360719,69.6,77.3,10.3,231.0,1018.9,4.3,0.0,153.9,103.0,Unhealthy for Sensitive Groups
2024-10-15,45.9306739393031,73.074474016564,120.20539500005,68.3,81.5,8.1,254.0,1017.5,4.1,0.0,171.0,127.0,Unhealthy for Sensitive Groups
2024-10-16,51.8738194372914,81.984375063576,130.54965279102,68.4,78.6,9.2,230.2,1017.6,4.0,0.0,190.9,141.0,Unhealthy for Sensitive Groups
2024-10-17,62.3040972073874,96.6487499554926,143.107916776347,67.8,80.7,9.2,261.6,1018.3,3.5,0.0,174.3,155.0,Unhealthy
2024-10-18,62.1392360395856,97.2779166592486,154.341736316686,67.2,81.6,9.2,254.8,1017.8,4.0,0.0,173.2,154.0,Unhealthy
2024-10-19,55.6706943988796,88.6207639084953,136.004722237593,66.6,77.9,8.1,247.9,1018.6,3.6,0.0,175.0,151.0,Unhealthy
2024-10-20,54.2717565456367,90.1376161200114,164.346779396231,67.1,76.7,12.8,193.1,1020.5,3.8,0.0,179.8,147.0,Unhealthy for Sensitive Groups
2024-10-21,49.8705838963014,86.5591001006878,153.499206374267,65.9,77.9,10.3,140.2,1020.8,3.9,0.0,215.6,136.0,Unhealthy for Sensitive Groups
2024-10-22,44.3297041828721,88.363599278193,167.133343377379,68.1,70.8,11.4,226.5,1021.1,4.3,0.0,203.5,123.0,Unhealthy for Sensitive Groups
2024-10-23,37.0606944256354,81.7402778400327,169.050000233124,69.6,70.3,8.1,237.8,1020.1,4.9,0.0,200.8,105.0,Unhealthy for Sensitive Groups
2024-10-24,30.9418006384009,61.4586769431237,143.327312171879,69.0,73.5,11.4,249.8,1018.8,4.6,0.2,203.9,91.0,Moderate
2024-10-25,36.2985416352731,66.3025694290802,145.041944601795,67.5,81.0,11.4,210.4,1017.8,4.5,0.3,191.0,103.0,Unhealthy for Sensitive Groups
2024-10-26,34.5550694505356,63.8313889265049,132.049027726387,67.5,82.8,9.2,215.9,1018.3,4.5,0.0,213.8,98.0,Moderate
2024-10-27,33.9989866313073,64.8876411631936,150.258861886637,69.9,81.6,11.4,272.1,1017.6,4.6,0.3,204.2,97.0,Moderate
2024-10-28,30.6765846600942,58.7691735216405,143.792580675171,70.2,80.1,9.2,267.4,1016.4,5.0,0.0,219.7,90.0,Moderate
2024-10-29,29.2810009536156,59.9677275271237,146.788249636925,69.9,76.9,10.3,267.9,1016.9,4.9,0.0,209.1,87.0,Moderate
2024-10-30,38.1478678323747,67.706890731407,122.871212446265,69.2,75.0,9.2,253.3,1017.5,4.7,0.5,153.9,108.0,Unhealthy for Sensitive Groups
2024-10-31,54.6697058505633,86.0762794384276,124.495563962603,68.6,77.0,10.3,248.0,1018.1,4.2,0.0,117.7,148.0,Unhealthy for Sensitive Groups
2024-11-01,61.3454475763805,92.9479573516571,136.295345085157,68.4,80.1,12.8,207.9,1019.2,3.9,1.6,131.6,154.0,Unhealthy
2024-11-02,73.6670374737862,112.577852180848,156.345134108852,68.9,78.6,6.9,219.1,1020.7,3.4,0.6,144.1,160.0,Unhealthy
2024-11-03,57.9622111485944,81.9474737769987,108.791257412013,67.5,87.0,9.2,4.7,1021.4,3.2,6.7,165.0,152.0,Unhealthy
2024-11-04,32.3050694478898,47.5135416693158,69.0189725050619,63.9,87.3,11.4,65.4,1020.9,4.1,12.2,111.1,93.0,Moderate
2024-11-05,25.858999691842,48.1079844215618,98.1193306329009,64.9,75.5,11.4,154.7,1022.3,5.1,0.1,182.5,80.0,Moderate
2024-11-06,36.4415833417574,62.2349167156244,106.239166720705,64.3,75.0,11.4,297.9,1022.3,4.7,0.0,204.5,103.0,Unhealthy for Sensitive Groups
2024-11-07,39.6006953394536,66.2525300260444,110.694192531818,64.6,75.0,10.3,275.6,1021.4,4.9,0.0,205.0,111.0,Unhealthy for Sensitive Groups
2024-11-08,42.7598073371498,70.2701433364644,115.149218342931,64.7,79.3,9.2,238.2,1021.3,4.4,0.0,181.5,119.0,Unhealthy for Sensitive Groups
2024-11-09,47.550776428385205,80.21664232637019,140.6532260171135,65.1,77.5,9.2,239.7,1021.4,4.2,0.0,113.1,131.0,Unhealthy for Sensitive Groups
2024-11-10,52.3417455196206,90.163141316276,166.157233691296,65.2,75.3,9.2,250.2,1021.7,4.2,0.4,122.8,142.0,Unhealthy for Sensitive Groups
2024-11-11,54.6653456591778,87.9942883238274,132.978954740733,64.6,74.5,10.3,262.7,1020.8,4.7,0.0,154.6,148.0,Unhealthy for Sensitive Groups
2024-11-12,65.35649974597847,99.7474250834896,141.59510225104367,63.6,78.1,10.3,247.5,1019.9,4.0,0.0,151.5,156.0,Unhealthy
2024-11-13,76.04765383277913,111.5005618431518,150.21124976135434,62.5,70.9,8.1,215.3,1018.7,3.7,0.0,140.6,162.0,Unhealthy
2024-11-14,86.7388079195798,123.253698602814,158.827397271665,62.9,80.3,9.2,257.4,1020.0,3.5,0.0,153.1,167.0,Unhealthy
2024-11-15,78.09204125201617,113.47554512132066,153.51251885284802,62.1,80.0,9.2,224.9,1018.9,3.4,0.0,143.4,163.0,Unhealthy
2024-11-16,69.44527458445253,103.69739163982732,148.197640434031,61.9,80.6,8.1,222.5,1017.9,3.4,0.0,155.3,158.0,Unhealthy
2024-11-17,60.7985079168889,93.919238158334,142.882762015214,61.9,75.6,9.2,204.6,1018.4,3.7,0.0,182.7,154.0,Unhealthy
2024-11-18,56.79292061982306,90.36166141278024,142.458693219346,60.3,74.2,8.1,195.5,1020.2,3.8,0.0,151.3,152.0,Unhealthy
2024-11-19,52.78733332275724,86.80408466722646,142.03462442347802,59.6,74.6,8.1,192.9,1021.2,4.3,0.0,136.2,144.0,Unhealthy for Sensitive Groups
2024-11-20,48.7817460256914,83.2465079216727,141.61055562761,58.8,74.6,9.2,216.1,1020.3,4.6,1.3,125.3,134.0,Unhealthy for Sensitive Groups
2024-11-21,50.515903697690746,83.17697812727386,139.67249723738752,59.0,73.4,10.3,241.3,1019.3,4.8,1.0,130.9,138.0,Unhealthy for Sensitive Groups
2024-11-22,52.2500613696901,83.107448332875,137.734438847165,58.1,77.2,10.3,243.2,1019.5,4.1,0.0,117.6,142.0,Unhealthy for Sensitive Groups
2024-11-23,49.4752452098659,84.659119328318,157.361697488669,57.6,78.4,10.3,246.0,1020.0,4.6,0.0,105.0,135.0,Unhealthy for Sensitive Groups
2024-11-24,50.8792362173401,90.9243055635042,173.401597075987,56.8,78.0,12.8,260.3,1019.4,4.4,0.0,136.4,139.0,Unhealthy for Sensitive Groups
2024-11-25,58.7265874190345,101.672613611301,176.874500706245,57.3,73.4,11.4,214.7,1019.3,4.1,0.0,137.4,153.0,Unhealthy
2024-11-26,92.6330836306204,145.264465783152,214.568622568315,57.7,74.5,9.2,214.2,1019.1,3.3,0.0,106.5,170.0,Unhealthy
2024-11-27,96.3133788004202,145.796509165013,203.890126903482,56.8,71.9,9.2,221.7,1019.1,3.7,0.5,140.7,172.0,Unhealthy
2024-11-28,75.1502083632683,126.806736058653,202.950126134027,56.4,72.3,9.2,221.8,1021.0,3.7,0.2,152.5,161.0,Unhealthy
2024-11-29,64.0488372472464,114.317293516754,203.902477136581,56.1,74.9,10.3,279.9,1021.8,3.8,0.0,172.5,155.0,Unhealthy
2024-11-30,67.7369285749409,118.813439184957,194.152454913501,55.9,73.4,8.1,245.8,1019.5,4.2,0.0,176.5,157.0,Unhealthy
2024-12-01,73.5317368663924,120.96844413362,180.070327571661,55.8,74.6,9.2,256.4,1017.5,4.1,0.0,167.7,160.0,Unhealthy
2024-12-02,73.3388777600475,116.529452023428,169.750747877678,55.8,78.1,12.8,253.9,1017.8,3.9,0.0,163.2,160.0,Unhealthy
2024-12-03,70.2539380217471,114.003070857318,186.52268625499,55.2,76.9,10.3,272.7,1018.8,4.1,0.0,172.3,159.0,Unhealthy
2024-12-04,65.8908333102851,112.186944439676,180.181388876173,55.2,70.2,10.3,254.5,1017.2,4.2,0.0,166.0,156.0,Unhealthy
2024-12-05,72.6527778440083,112.664305596887,158.183611154557,54.1,75.6,6.9,197.8,1017.0,3.9,0.0,154.4,160.0,Unhealthy
2024-12-06,81.7104519558312,122.421557280439,175.277798399816,55.2,79.6,10.3,223.9,1015.9,3.3,0.0,141.4,165.0,Unhealthy
2024-12-07,91.6782195587206,128.902237117406,182.19304182273,55.8,78.8,9.2,210.5,1017.0,2.7,0.0,147.4,170.0,Unhealthy
2024-12-08,85.2565104343186,120.925446710307,171.196960023116,55.5,74.7,12.8,202.6,1018.0,2.9,0.0,163.0,166.0,Unhealthy
2024-12-09,88.3586111731046,130.470625061463,184.065277785708,53.2,78.1,10.3,248.7,1017.6,3.6,0.0,133.7,168.0,Unhealthy
2024-12-10,73.8181945019297,118.079097149106,190.944930911065,52.1,67.6,8.1,218.9,1017.3,3.7,0.0,161.8,160.0,Unhealthy
2024-12-11,81.7510415659976,139.507985986594,213.353333208293,50.9,68.8,10.3,218.1,1018.8,3.6,0.0,176.5,165.0,Unhealthy
2024-12-12,91.4615277475768,148.950277831822,233.944746743473,50.9,72.9,10.3,263.2,1018.0,3.6,0.0,176.2,170.0,Unhealthy
2024-12-13,81.7247222661999,139.879791532613,220.20706693898,50.9,63.5,10.3,273.4,1018.0,4.2,0.0,179.7,165.0,Unhealthy
2024-12-14,74.3558438183845,122.026507949722,171.541692620498,49.8,61.8,8.1,118.1,1020.1,4.2,0.0,163.5,161.0,Unhealthy
2024-12-15,90.7249017811351,144.967416101303,193.580466837258,51.4,75.6,5.8,88.3,1022.7,3.7,0.0,172.1,169.0,Unhealthy
2024-12-16,89.9772222571936,144.180277967465,207.017916599915,53.6,67.0,6.9,195.4,1021.5,3.8,0.0,173.8,169.0,Unhealthy
2024-12-17,81.7516467866414,126.043665667375,183.101443523836,53.3,66.9,9.2,241.4,1020.3,3.9,0.0,173.2,165.0,Unhealthy
2024-12-18,80.3774999340347,122.620694523392,195.881041497637,52.9,71.1,11.4,247.4,1019.2,4.1,0.0,175.8,164.0,Unhealthy
2024-12-19,68.7770832935965,101.599861121177,142.013402761348,51.9,73.3,9.2,163.0,1020.1,3.9,0.0,159.3,158.0,Unhealthy
2024-12-20,83.527426934912,121.439785885322,166.964406847463,52.4,74.8,5.8,165.4,1018.4,4.4,0.0,173.2,165.0,Unhealthy
2024-12-21,76.3107639153797,104.77274126539,151.781249716546,51.2,71.6,9.2,237.5,1018.5,4.0,0.0,158.8,162.0,Unhealthy
2024-12-22,78.522470366625,105.43613853069,152.817678685257,51.1,76.6,10.3,227.9,1019.6,4.0,0.0,164.2,163.0,Unhealthy
2024-12-23,87.7618750201318,115.394097206328,151.85867691265,51.3,73.7,6.9,122.2,1020.0,3.6,0.0,161.0,168.0,Unhealthy
2024-12-24,91.5209722095063,124.643055592647,171.017639085993,51.1,74.6,6.9,182.9,1020.3,3.4,0.0,155.1,170.0,Unhealthy
2024-12-25,86.2440971864576,119.947222248716,176.158680396603,54.2,68.9,10.3,317.1,1021.5,3.9,0.2,127.1,167.0,Unhealthy
2024-12-26,77.334727997621,109.378377615808,163.747977182875,52.1,67.2,9.2,268.3,1024.0,4.2,0.0,174.7,162.0,Unhealthy
2024-12-27,90.031286009018,122.154243282066,161.637470943238,52.5,69.4,4.7,160.8,1024.1,3.7,0.0,175.9,169.0,Unhealthy
2024-12-28,115.462084565534,150.554241786236,191.303695266043,51.5,76.6,4.7,131.1,1023.8,2.8,2.0,67.2,182.0,Unhealthy
2024-12-29,104.69131945239,139.022638803051,201.824027898583,54.8,68.3,11.4,257.4,1021.4,3.3,1.6,137.5,176.0,Unhealthy
2024-12-30,81.4182638936622,107.658472247921,139.620416688929,52.4,71.1,8.1,204.3,1020.5,4.1,0.0,150.8,164.0,Unhealthy
2024-12-31,84.0581250336435,107.694305602711,140.288749943836,52.6,74.8,10.3,272.5,1021.7,3.6,0.0,155.8,166.0,Unhealthy
